<org.simbrain.plot.rasterchart.RasterModel>
  <dataset serialization="custom">
    <org.jfree.data.general.AbstractDataset>
      <default>
        <group>
          <id>NOID</id>
        </group>
      </default>
    </org.jfree.data.general.AbstractDataset>
    <org.jfree.data.xy.XYSeriesCollection>
      <default>
        <data>
          <org.jfree.data.xy.XYSeries>
            <key class="int">1</key>
            <listeners serialization="custom">
              <javax.swing.event.EventListenerList>
                <default/>
                <string>org.jfree.data.general.SeriesChangeListener</string>
                <org.jfree.data.xy.XYSeriesCollection reference="../../../../../../.."/>
                <null/>
              </javax.swing.event.EventListenerList>
            </listeners>
            <propertyChangeSupport serialization="custom">
              <java.beans.PropertyChangeSupport>
                <default>
                  <source class="org.jfree.data.xy.XYSeries" reference="../../../.."/>
                  <propertyChangeSupportSerializedDataVersion>2</propertyChangeSupportSerializedDataVersion>
                </default>
                <null/>
              </java.beans.PropertyChangeSupport>
            </propertyChangeSupport>
            <vetoableChangeSupport serialization="custom">
              <java.beans.VetoableChangeSupport>
                <default>
                  <source class="org.jfree.data.xy.XYSeries" reference="../../../.."/>
                  <vetoableChangeSupportSerializedDataVersion>2</vetoableChangeSupportSerializedDataVersion>
                </default>
                <org.jfree.data.xy.XYSeriesCollection reference="../../../../../../.."/>
                <null/>
              </java.beans.VetoableChangeSupport>
            </vetoableChangeSupport>
            <notify>true</notify>
            <data>
              <org.jfree.data.xy.XYDataItem>
                <x class="double">3.0</x>
                <y class="double">0.0</y>
              </org.jfree.data.xy.XYDataItem>
              <org.jfree.data.xy.XYDataItem>
                <x class="double">3.0</x>
                <y class="double">1.0</y>
              </org.jfree.data.xy.XYDataItem>
              <org.jfree.data.xy.XYDataItem>
                <x class="double">3.0</x>
                <y class="double">2.0</y>
              </org.jfree.data.xy.XYDataItem>
              <org.jfree.data.xy.XYDataItem>
                <x class="double">3.0</x>
                <y class="double">3.0</y>
              </org.jfree.data.xy.XYDataItem>
              <org.jfree.data.xy.XYDataItem>
                <x class="double">3.0</x>
                <y class="double">4.0</y>
              </org.jfree.data.xy.XYDataItem>
              <org.jfree.data.xy.XYDataItem>
                <x class="double">3.0</x>
                <y class="double">5.0</y>
              </org.jfree.data.xy.XYDataItem>
              <org.jfree.data.xy.XYDataItem>
                <x class="double">3.0</x>
                <y class="double">6.0</y>
              </org.jfree.data.xy.XYDataItem>
              <org.jfree.data.xy.XYDataItem>
                <x class="double">3.0</x>
                <y class="double">7.0</y>
              </org.jfree.data.xy.XYDataItem>
              <org.jfree.data.xy.XYDataItem>
                <x class="double">3.0</x>
                <y class="double">8.0</y>
              </org.jfree.data.xy.XYDataItem>
              <org.jfree.data.xy.XYDataItem>
                <x class="double">3.0</x>
                <y class="double">9.0</y>
              </org.jfree.data.xy.XYDataItem>
              <org.jfree.data.xy.XYDataItem>
                <x class="double">3.0</x>
                <y class="double">10.0</y>
              </org.jfree.data.xy.XYDataItem>
              <org.jfree.data.xy.XYDataItem>
                <x class="double">3.0</x>
                <y class="double">11.0</y>
              </org.jfree.data.xy.XYDataItem>
              <org.jfree.data.xy.XYDataItem>
                <x class="double">3.0</x>
                <y class="double">12.0</y>
              </org.jfree.data.xy.XYDataItem>
              <org.jfree.data.xy.XYDataItem>
                <x class="double">3.0</x>
                <y class="double">13.0</y>
              </org.jfree.data.xy.XYDataItem>
              <org.jfree.data.xy.XYDataItem>
                <x class="double">3.0</x>
                <y class="double">14.0</y>
              </org.jfree.data.xy.XYDataItem>
              <org.jfree.data.xy.XYDataItem>
                <x class="double">3.0</x>
                <y class="double">15.0</y>
              </org.jfree.data.xy.XYDataItem>
              <org.jfree.data.xy.XYDataItem>
                <x class="double">3.0</x>
                <y class="double">16.0</y>
              </org.jfree.data.xy.XYDataItem>
              <org.jfree.data.xy.XYDataItem>
                <x class="double">3.0</x>
                <y class="double">17.0</y>
              </org.jfree.data.xy.XYDataItem>
              <org.jfree.data.xy.XYDataItem>
                <x class="double">3.0</x>
                <y class="double">18.0</y>
              </org.jfree.data.xy.XYDataItem>
              <org.jfree.data.xy.XYDataItem>
                <x class="double">3.0</x>
                <y class="double">19.0</y>
              </org.jfree.data.xy.XYDataItem>
              <org.jfree.data.xy.XYDataItem>
                <x class="double">3.0</x>
                <y class="double">20.0</y>
              </org.jfree.data.xy.XYDataItem>
              <org.jfree.data.xy.XYDataItem>
                <x class="double">3.0</x>
                <y class="double">21.0</y>
              </org.jfree.data.xy.XYDataItem>
              <org.jfree.data.xy.XYDataItem>
                <x class="double">3.0</x>
                <y class="double">22.0</y>
              </org.jfree.data.xy.XYDataItem>
              <org.jfree.data.xy.XYDataItem>
                <x class="double">3.0</x>
                <y class="double">23.0</y>
              </org.jfree.data.xy.XYDataItem>
              <org.jfree.data.xy.XYDataItem>
                <x class="double">3.0</x>
                <y class="double">24.0</y>
              </org.jfree.data.xy.XYDataItem>
              <org.jfree.data.xy.XYDataItem>
                <x class="double">33.0</x>
                <y class="double">0.0</y>
              </org.jfree.data.xy.XYDataItem>
              <org.jfree.data.xy.XYDataItem>
                <x class="double">33.0</x>
                <y class="double">1.0</y>
              </org.jfree.data.xy.XYDataItem>
              <org.jfree.data.xy.XYDataItem>
                <x class="double">33.0</x>
                <y class="double">2.0</y>
              </org.jfree.data.xy.XYDataItem>
              <org.jfree.data.xy.XYDataItem>
                <x class="double">33.0</x>
                <y class="double">3.0</y>
              </org.jfree.data.xy.XYDataItem>
              <org.jfree.data.xy.XYDataItem>
                <x class="double">33.0</x>
                <y class="double">4.0</y>
              </org.jfree.data.xy.XYDataItem>
              <org.jfree.data.xy.XYDataItem>
                <x class="double">33.0</x>
                <y class="double">5.0</y>
              </org.jfree.data.xy.XYDataItem>
              <org.jfree.data.xy.XYDataItem>
                <x class="double">33.0</x>
                <y class="double">6.0</y>
              </org.jfree.data.xy.XYDataItem>
              <org.jfree.data.xy.XYDataItem>
                <x class="double">33.0</x>
                <y class="double">7.0</y>
              </org.jfree.data.xy.XYDataItem>
              <org.jfree.data.xy.XYDataItem>
                <x class="double">33.0</x>
                <y class="double">8.0</y>
              </org.jfree.data.xy.XYDataItem>
              <org.jfree.data.xy.XYDataItem>
                <x class="double">33.0</x>
                <y class="double">9.0</y>
              </org.jfree.data.xy.XYDataItem>
              <org.jfree.data.xy.XYDataItem>
                <x class="double">33.0</x>
                <y class="double">10.0</y>
              </org.jfree.data.xy.XYDataItem>
              <org.jfree.data.xy.XYDataItem>
                <x class="double">33.0</x>
                <y class="double">11.0</y>
              </org.jfree.data.xy.XYDataItem>
              <org.jfree.data.xy.XYDataItem>
                <x class="double">33.0</x>
                <y class="double">12.0</y>
              </org.jfree.data.xy.XYDataItem>
              <org.jfree.data.xy.XYDataItem>
                <x class="double">33.0</x>
                <y class="double">13.0</y>
              </org.jfree.data.xy.XYDataItem>
              <org.jfree.data.xy.XYDataItem>
                <x class="double">33.0</x>
                <y class="double">14.0</y>
              </org.jfree.data.xy.XYDataItem>
              <org.jfree.data.xy.XYDataItem>
                <x class="double">33.0</x>
                <y class="double">15.0</y>
              </org.jfree.data.xy.XYDataItem>
              <org.jfree.data.xy.XYDataItem>
                <x class="double">33.0</x>
                <y class="double">16.0</y>
              </org.jfree.data.xy.XYDataItem>
              <org.jfree.data.xy.XYDataItem>
                <x class="double">33.0</x>
                <y class="double">17.0</y>
              </org.jfree.data.xy.XYDataItem>
              <org.jfree.data.xy.XYDataItem>
                <x class="double">33.0</x>
                <y class="double">18.0</y>
              </org.jfree.data.xy.XYDataItem>
              <org.jfree.data.xy.XYDataItem>
                <x class="double">33.0</x>
                <y class="double">19.0</y>
              </org.jfree.data.xy.XYDataItem>
              <org.jfree.data.xy.XYDataItem>
                <x class="double">33.0</x>
                <y class="double">20.0</y>
              </org.jfree.data.xy.XYDataItem>
              <org.jfree.data.xy.XYDataItem>
                <x class="double">33.0</x>
                <y class="double">21.0</y>
              </org.jfree.data.xy.XYDataItem>
              <org.jfree.data.xy.XYDataItem>
                <x class="double">33.0</x>
                <y class="double">22.0</y>
              </org.jfree.data.xy.XYDataItem>
              <org.jfree.data.xy.XYDataItem>
                <x class="double">33.0</x>
                <y class="double">23.0</y>
              </org.jfree.data.xy.XYDataItem>
              <org.jfree.data.xy.XYDataItem>
                <x class="double">33.0</x>
                <y class="double">24.0</y>
              </org.jfree.data.xy.XYDataItem>
              <org.jfree.data.xy.XYDataItem>
                <x class="double">115.0</x>
                <y class="double">1.0</y>
              </org.jfree.data.xy.XYDataItem>
              <org.jfree.data.xy.XYDataItem>
                <x class="double">115.0</x>
                <y class="double">3.0</y>
              </org.jfree.data.xy.XYDataItem>
              <org.jfree.data.xy.XYDataItem>
                <x class="double">115.0</x>
                <y class="double">4.0</y>
              </org.jfree.data.xy.XYDataItem>
              <org.jfree.data.xy.XYDataItem>
                <x class="double">115.0</x>
                <y class="double">7.0</y>
              </org.jfree.data.xy.XYDataItem>
              <org.jfree.data.xy.XYDataItem>
                <x class="double">115.0</x>
                <y class="double">8.0</y>
              </org.jfree.data.xy.XYDataItem>
              <org.jfree.data.xy.XYDataItem>
                <x class="double">115.0</x>
                <y class="double">9.0</y>
              </org.jfree.data.xy.XYDataItem>
              <org.jfree.data.xy.XYDataItem>
                <x class="double">115.0</x>
                <y class="double">10.0</y>
              </org.jfree.data.xy.XYDataItem>
              <org.jfree.data.xy.XYDataItem>
                <x class="double">115.0</x>
                <y class="double">15.0</y>
              </org.jfree.data.xy.XYDataItem>
              <org.jfree.data.xy.XYDataItem>
                <x class="double">115.0</x>
                <y class="double">16.0</y>
              </org.jfree.data.xy.XYDataItem>
              <org.jfree.data.xy.XYDataItem>
                <x class="double">115.0</x>
                <y class="double">17.0</y>
              </org.jfree.data.xy.XYDataItem>
              <org.jfree.data.xy.XYDataItem>
                <x class="double">115.0</x>
                <y class="double">18.0</y>
              </org.jfree.data.xy.XYDataItem>
              <org.jfree.data.xy.XYDataItem>
                <x class="double">115.0</x>
                <y class="double">21.0</y>
              </org.jfree.data.xy.XYDataItem>
              <org.jfree.data.xy.XYDataItem>
                <x class="double">115.0</x>
                <y class="double">22.0</y>
              </org.jfree.data.xy.XYDataItem>
              <org.jfree.data.xy.XYDataItem>
                <x class="double">116.0</x>
                <y class="double">14.0</y>
              </org.jfree.data.xy.XYDataItem>
              <org.jfree.data.xy.XYDataItem>
                <x class="double">116.0</x>
                <y class="double">19.0</y>
              </org.jfree.data.xy.XYDataItem>
              <org.jfree.data.xy.XYDataItem>
                <x class="double">117.0</x>
                <y class="double">11.0</y>
              </org.jfree.data.xy.XYDataItem>
              <org.jfree.data.xy.XYDataItem>
                <x class="double">117.0</x>
                <y class="double">12.0</y>
              </org.jfree.data.xy.XYDataItem>
              <org.jfree.data.xy.XYDataItem>
                <x class="double">118.0</x>
                <y class="double">23.0</y>
              </org.jfree.data.xy.XYDataItem>
              <org.jfree.data.xy.XYDataItem>
                <x class="double">121.0</x>
                <y class="double">0.0</y>
              </org.jfree.data.xy.XYDataItem>
              <org.jfree.data.xy.XYDataItem>
                <x class="double">121.0</x>
                <y class="double">13.0</y>
              </org.jfree.data.xy.XYDataItem>
              <org.jfree.data.xy.XYDataItem>
                <x class="double">123.0</x>
                <y class="double">5.0</y>
              </org.jfree.data.xy.XYDataItem>
              <org.jfree.data.xy.XYDataItem>
                <x class="double">129.0</x>
                <y class="double">6.0</y>
              </org.jfree.data.xy.XYDataItem>
              <org.jfree.data.xy.XYDataItem>
                <x class="double">131.0</x>
                <y class="double">20.0</y>
              </org.jfree.data.xy.XYDataItem>
              <org.jfree.data.xy.XYDataItem>
                <x class="double">136.0</x>
                <y class="double">24.0</y>
              </org.jfree.data.xy.XYDataItem>
              <org.jfree.data.xy.XYDataItem>
                <x class="double">155.0</x>
                <y class="double">2.0</y>
              </org.jfree.data.xy.XYDataItem>
              <org.jfree.data.xy.XYDataItem>
                <x class="double">230.0</x>
                <y class="double">0.0</y>
              </org.jfree.data.xy.XYDataItem>
              <org.jfree.data.xy.XYDataItem>
                <x class="double">230.0</x>
                <y class="double">1.0</y>
              </org.jfree.data.xy.XYDataItem>
              <org.jfree.data.xy.XYDataItem>
                <x class="double">230.0</x>
                <y class="double">3.0</y>
              </org.jfree.data.xy.XYDataItem>
              <org.jfree.data.xy.XYDataItem>
                <x class="double">230.0</x>
                <y class="double">7.0</y>
              </org.jfree.data.xy.XYDataItem>
              <org.jfree.data.xy.XYDataItem>
                <x class="double">230.0</x>
                <y class="double">8.0</y>
              </org.jfree.data.xy.XYDataItem>
              <org.jfree.data.xy.XYDataItem>
                <x class="double">230.0</x>
                <y class="double">10.0</y>
              </org.jfree.data.xy.XYDataItem>
              <org.jfree.data.xy.XYDataItem>
                <x class="double">230.0</x>
                <y class="double">13.0</y>
              </org.jfree.data.xy.XYDataItem>
              <org.jfree.data.xy.XYDataItem>
                <x class="double">230.0</x>
                <y class="double">17.0</y>
              </org.jfree.data.xy.XYDataItem>
              <org.jfree.data.xy.XYDataItem>
                <x class="double">230.0</x>
                <y class="double">18.0</y>
              </org.jfree.data.xy.XYDataItem>
              <org.jfree.data.xy.XYDataItem>
                <x class="double">230.0</x>
                <y class="double">20.0</y>
              </org.jfree.data.xy.XYDataItem>
              <org.jfree.data.xy.XYDataItem>
                <x class="double">230.0</x>
                <y class="double">22.0</y>
              </org.jfree.data.xy.XYDataItem>
              <org.jfree.data.xy.XYDataItem>
                <x class="double">230.0</x>
                <y class="double">24.0</y>
              </org.jfree.data.xy.XYDataItem>
              <org.jfree.data.xy.XYDataItem>
                <x class="double">231.0</x>
                <y class="double">4.0</y>
              </org.jfree.data.xy.XYDataItem>
              <org.jfree.data.xy.XYDataItem>
                <x class="double">231.0</x>
                <y class="double">15.0</y>
              </org.jfree.data.xy.XYDataItem>
              <org.jfree.data.xy.XYDataItem>
                <x class="double">233.0</x>
                <y class="double">5.0</y>
              </org.jfree.data.xy.XYDataItem>
              <org.jfree.data.xy.XYDataItem>
                <x class="double">235.0</x>
                <y class="double">21.0</y>
              </org.jfree.data.xy.XYDataItem>
              <org.jfree.data.xy.XYDataItem>
                <x class="double">237.0</x>
                <y class="double">6.0</y>
              </org.jfree.data.xy.XYDataItem>
              <org.jfree.data.xy.XYDataItem>
                <x class="double">247.0</x>
                <y class="double">2.0</y>
              </org.jfree.data.xy.XYDataItem>
              <org.jfree.data.xy.XYDataItem>
                <x class="double">251.0</x>
                <y class="double">16.0</y>
              </org.jfree.data.xy.XYDataItem>
              <org.jfree.data.xy.XYDataItem>
                <x class="double">285.0</x>
                <y class="double">14.0</y>
              </org.jfree.data.xy.XYDataItem>
              <org.jfree.data.xy.XYDataItem>
                <x class="double">304.0</x>
                <y class="double">0.0</y>
              </org.jfree.data.xy.XYDataItem>
              <org.jfree.data.xy.XYDataItem>
                <x class="double">309.0</x>
                <y class="double">0.0</y>
              </org.jfree.data.xy.XYDataItem>
              <org.jfree.data.xy.XYDataItem>
                <x class="double">313.0</x>
                <y class="double">0.0</y>
              </org.jfree.data.xy.XYDataItem>
              <org.jfree.data.xy.XYDataItem>
                <x class="double">318.0</x>
                <y class="double">0.0</y>
              </org.jfree.data.xy.XYDataItem>
              <org.jfree.data.xy.XYDataItem>
                <x class="double">320.0</x>
                <y class="double">0.0</y>
              </org.jfree.data.xy.XYDataItem>
              <org.jfree.data.xy.XYDataItem>
                <x class="double">326.0</x>
                <y class="double">1.0</y>
              </org.jfree.data.xy.XYDataItem>
              <org.jfree.data.xy.XYDataItem>
                <x class="double">335.0</x>
                <y class="double">1.0</y>
              </org.jfree.data.xy.XYDataItem>
              <org.jfree.data.xy.XYDataItem>
                <x class="double">336.0</x>
                <y class="double">0.0</y>
              </org.jfree.data.xy.XYDataItem>
              <org.jfree.data.xy.XYDataItem>
                <x class="double">338.0</x>
                <y class="double">1.0</y>
              </org.jfree.data.xy.XYDataItem>
              <org.jfree.data.xy.XYDataItem>
                <x class="double">342.0</x>
                <y class="double">1.0</y>
              </org.jfree.data.xy.XYDataItem>
              <org.jfree.data.xy.XYDataItem>
                <x class="double">342.0</x>
                <y class="double">2.0</y>
              </org.jfree.data.xy.XYDataItem>
              <org.jfree.data.xy.XYDataItem>
                <x class="double">344.0</x>
                <y class="double">1.0</y>
              </org.jfree.data.xy.XYDataItem>
              <org.jfree.data.xy.XYDataItem>
                <x class="double">344.0</x>
                <y class="double">2.0</y>
              </org.jfree.data.xy.XYDataItem>
              <org.jfree.data.xy.XYDataItem>
                <x class="double">346.0</x>
                <y class="double">2.0</y>
              </org.jfree.data.xy.XYDataItem>
              <org.jfree.data.xy.XYDataItem>
                <x class="double">348.0</x>
                <y class="double">2.0</y>
              </org.jfree.data.xy.XYDataItem>
              <org.jfree.data.xy.XYDataItem>
                <x class="double">350.0</x>
                <y class="double">2.0</y>
              </org.jfree.data.xy.XYDataItem>
              <org.jfree.data.xy.XYDataItem>
                <x class="double">354.0</x>
                <y class="double">1.0</y>
              </org.jfree.data.xy.XYDataItem>
              <org.jfree.data.xy.XYDataItem>
                <x class="double">358.0</x>
                <y class="double">0.0</y>
              </org.jfree.data.xy.XYDataItem>
              <org.jfree.data.xy.XYDataItem>
                <x class="double">364.0</x>
                <y class="double">0.0</y>
              </org.jfree.data.xy.XYDataItem>
              <org.jfree.data.xy.XYDataItem>
                <x class="double">365.0</x>
                <y class="double">1.0</y>
              </org.jfree.data.xy.XYDataItem>
              <org.jfree.data.xy.XYDataItem>
                <x class="double">371.0</x>
                <y class="double">2.0</y>
              </org.jfree.data.xy.XYDataItem>
              <org.jfree.data.xy.XYDataItem>
                <x class="double">374.0</x>
                <y class="double">1.0</y>
              </org.jfree.data.xy.XYDataItem>
              <org.jfree.data.xy.XYDataItem>
                <x class="double">382.0</x>
                <y class="double">1.0</y>
              </org.jfree.data.xy.XYDataItem>
              <org.jfree.data.xy.XYDataItem>
                <x class="double">385.0</x>
                <y class="double">5.0</y>
              </org.jfree.data.xy.XYDataItem>
              <org.jfree.data.xy.XYDataItem>
                <x class="double">386.0</x>
                <y class="double">0.0</y>
              </org.jfree.data.xy.XYDataItem>
              <org.jfree.data.xy.XYDataItem>
                <x class="double">395.0</x>
                <y class="double">0.0</y>
              </org.jfree.data.xy.XYDataItem>
              <org.jfree.data.xy.XYDataItem>
                <x class="double">397.0</x>
                <y class="double">5.0</y>
              </org.jfree.data.xy.XYDataItem>
              <org.jfree.data.xy.XYDataItem>
                <x class="double">399.0</x>
                <y class="double">5.0</y>
              </org.jfree.data.xy.XYDataItem>
              <org.jfree.data.xy.XYDataItem>
                <x class="double">399.0</x>
                <y class="double">10.0</y>
              </org.jfree.data.xy.XYDataItem>
              <org.jfree.data.xy.XYDataItem>
                <x class="double">401.0</x>
                <y class="double">10.0</y>
              </org.jfree.data.xy.XYDataItem>
              <org.jfree.data.xy.XYDataItem>
                <x class="double">407.0</x>
                <y class="double">10.0</y>
              </org.jfree.data.xy.XYDataItem>
              <org.jfree.data.xy.XYDataItem>
                <x class="double">408.0</x>
                <y class="double">15.0</y>
              </org.jfree.data.xy.XYDataItem>
              <org.jfree.data.xy.XYDataItem>
                <x class="double">409.0</x>
                <y class="double">16.0</y>
              </org.jfree.data.xy.XYDataItem>
              <org.jfree.data.xy.XYDataItem>
                <x class="double">411.0</x>
                <y class="double">22.0</y>
              </org.jfree.data.xy.XYDataItem>
              <org.jfree.data.xy.XYDataItem>
                <x class="double">412.0</x>
                <y class="double">18.0</y>
              </org.jfree.data.xy.XYDataItem>
              <org.jfree.data.xy.XYDataItem>
                <x class="double">413.0</x>
                <y class="double">17.0</y>
              </org.jfree.data.xy.XYDataItem>
              <org.jfree.data.xy.XYDataItem>
                <x class="double">415.0</x>
                <y class="double">17.0</y>
              </org.jfree.data.xy.XYDataItem>
              <org.jfree.data.xy.XYDataItem>
                <x class="double">415.0</x>
                <y class="double">18.0</y>
              </org.jfree.data.xy.XYDataItem>
              <org.jfree.data.xy.XYDataItem>
                <x class="double">417.0</x>
                <y class="double">12.0</y>
              </org.jfree.data.xy.XYDataItem>
              <org.jfree.data.xy.XYDataItem>
                <x class="double">417.0</x>
                <y class="double">16.0</y>
              </org.jfree.data.xy.XYDataItem>
              <org.jfree.data.xy.XYDataItem>
                <x class="double">419.0</x>
                <y class="double">16.0</y>
              </org.jfree.data.xy.XYDataItem>
              <org.jfree.data.xy.XYDataItem>
                <x class="double">419.0</x>
                <y class="double">17.0</y>
              </org.jfree.data.xy.XYDataItem>
              <org.jfree.data.xy.XYDataItem>
                <x class="double">421.0</x>
                <y class="double">16.0</y>
              </org.jfree.data.xy.XYDataItem>
              <org.jfree.data.xy.XYDataItem>
                <x class="double">421.0</x>
                <y class="double">21.0</y>
              </org.jfree.data.xy.XYDataItem>
              <org.jfree.data.xy.XYDataItem>
                <x class="double">421.0</x>
                <y class="double">22.0</y>
              </org.jfree.data.xy.XYDataItem>
              <org.jfree.data.xy.XYDataItem>
                <x class="double">423.0</x>
                <y class="double">22.0</y>
              </org.jfree.data.xy.XYDataItem>
              <org.jfree.data.xy.XYDataItem>
                <x class="double">426.0</x>
                <y class="double">17.0</y>
              </org.jfree.data.xy.XYDataItem>
              <org.jfree.data.xy.XYDataItem>
                <x class="double">426.0</x>
                <y class="double">18.0</y>
              </org.jfree.data.xy.XYDataItem>
              <org.jfree.data.xy.XYDataItem>
                <x class="double">429.0</x>
                <y class="double">12.0</y>
              </org.jfree.data.xy.XYDataItem>
              <org.jfree.data.xy.XYDataItem>
                <x class="double">429.0</x>
                <y class="double">17.0</y>
              </org.jfree.data.xy.XYDataItem>
              <org.jfree.data.xy.XYDataItem>
                <x class="double">431.0</x>
                <y class="double">16.0</y>
              </org.jfree.data.xy.XYDataItem>
              <org.jfree.data.xy.XYDataItem>
                <x class="double">432.0</x>
                <y class="double">21.0</y>
              </org.jfree.data.xy.XYDataItem>
              <org.jfree.data.xy.XYDataItem>
                <x class="double">433.0</x>
                <y class="double">22.0</y>
              </org.jfree.data.xy.XYDataItem>
              <org.jfree.data.xy.XYDataItem>
                <x class="double">434.0</x>
                <y class="double">21.0</y>
              </org.jfree.data.xy.XYDataItem>
              <org.jfree.data.xy.XYDataItem>
                <x class="double">436.0</x>
                <y class="double">17.0</y>
              </org.jfree.data.xy.XYDataItem>
              <org.jfree.data.xy.XYDataItem>
                <x class="double">436.0</x>
                <y class="double">22.0</y>
              </org.jfree.data.xy.XYDataItem>
              <org.jfree.data.xy.XYDataItem>
                <x class="double">438.0</x>
                <y class="double">16.0</y>
              </org.jfree.data.xy.XYDataItem>
              <org.jfree.data.xy.XYDataItem>
                <x class="double">440.0</x>
                <y class="double">20.0</y>
              </org.jfree.data.xy.XYDataItem>
              <org.jfree.data.xy.XYDataItem>
                <x class="double">441.0</x>
                <y class="double">16.0</y>
              </org.jfree.data.xy.XYDataItem>
              <org.jfree.data.xy.XYDataItem>
                <x class="double">442.0</x>
                <y class="double">20.0</y>
              </org.jfree.data.xy.XYDataItem>
              <org.jfree.data.xy.XYDataItem>
                <x class="double">445.0</x>
                <y class="double">20.0</y>
              </org.jfree.data.xy.XYDataItem>
              <org.jfree.data.xy.XYDataItem>
                <x class="double">449.0</x>
                <y class="double">20.0</y>
              </org.jfree.data.xy.XYDataItem>
              <org.jfree.data.xy.XYDataItem>
                <x class="double">450.0</x>
                <y class="double">21.0</y>
              </org.jfree.data.xy.XYDataItem>
              <org.jfree.data.xy.XYDataItem>
                <x class="double">451.0</x>
                <y class="double">22.0</y>
              </org.jfree.data.xy.XYDataItem>
              <org.jfree.data.xy.XYDataItem>
                <x class="double">452.0</x>
                <y class="double">23.0</y>
              </org.jfree.data.xy.XYDataItem>
              <org.jfree.data.xy.XYDataItem>
                <x class="double">454.0</x>
                <y class="double">24.0</y>
              </org.jfree.data.xy.XYDataItem>
              <org.jfree.data.xy.XYDataItem>
                <x class="double">456.0</x>
                <y class="double">24.0</y>
              </org.jfree.data.xy.XYDataItem>
              <org.jfree.data.xy.XYDataItem>
                <x class="double">458.0</x>
                <y class="double">24.0</y>
              </org.jfree.data.xy.XYDataItem>
              <org.jfree.data.xy.XYDataItem>
                <x class="double">461.0</x>
                <y class="double">24.0</y>
              </org.jfree.data.xy.XYDataItem>
              <org.jfree.data.xy.XYDataItem>
                <x class="double">462.0</x>
                <y class="double">14.0</y>
              </org.jfree.data.xy.XYDataItem>
              <org.jfree.data.xy.XYDataItem>
                <x class="double">462.0</x>
                <y class="double">19.0</y>
              </org.jfree.data.xy.XYDataItem>
              <org.jfree.data.xy.XYDataItem>
                <x class="double">464.0</x>
                <y class="double">9.0</y>
              </org.jfree.data.xy.XYDataItem>
              <org.jfree.data.xy.XYDataItem>
                <x class="double">468.0</x>
                <y class="double">4.0</y>
              </org.jfree.data.xy.XYDataItem>
              <org.jfree.data.xy.XYDataItem>
                <x class="double">468.0</x>
                <y class="double">9.0</y>
              </org.jfree.data.xy.XYDataItem>
              <org.jfree.data.xy.XYDataItem>
                <x class="double">473.0</x>
                <y class="double">4.0</y>
              </org.jfree.data.xy.XYDataItem>
              <org.jfree.data.xy.XYDataItem>
                <x class="double">474.0</x>
                <y class="double">9.0</y>
              </org.jfree.data.xy.XYDataItem>
              <org.jfree.data.xy.XYDataItem>
                <x class="double">475.0</x>
                <y class="double">4.0</y>
              </org.jfree.data.xy.XYDataItem>
              <org.jfree.data.xy.XYDataItem>
                <x class="double">477.0</x>
                <y class="double">9.0</y>
              </org.jfree.data.xy.XYDataItem>
              <org.jfree.data.xy.XYDataItem>
                <x class="double">477.0</x>
                <y class="double">14.0</y>
              </org.jfree.data.xy.XYDataItem>
              <org.jfree.data.xy.XYDataItem>
                <x class="double">479.0</x>
                <y class="double">14.0</y>
              </org.jfree.data.xy.XYDataItem>
              <org.jfree.data.xy.XYDataItem>
                <x class="double">481.0</x>
                <y class="double">9.0</y>
              </org.jfree.data.xy.XYDataItem>
              <org.jfree.data.xy.XYDataItem>
                <x class="double">483.0</x>
                <y class="double">9.0</y>
              </org.jfree.data.xy.XYDataItem>
              <org.jfree.data.xy.XYDataItem>
                <x class="double">485.0</x>
                <y class="double">4.0</y>
              </org.jfree.data.xy.XYDataItem>
              <org.jfree.data.xy.XYDataItem>
                <x class="double">487.0</x>
                <y class="double">3.0</y>
              </org.jfree.data.xy.XYDataItem>
              <org.jfree.data.xy.XYDataItem>
                <x class="double">488.0</x>
                <y class="double">4.0</y>
              </org.jfree.data.xy.XYDataItem>
              <org.jfree.data.xy.XYDataItem>
                <x class="double">489.0</x>
                <y class="double">3.0</y>
              </org.jfree.data.xy.XYDataItem>
              <org.jfree.data.xy.XYDataItem>
                <x class="double">491.0</x>
                <y class="double">0.0</y>
              </org.jfree.data.xy.XYDataItem>
              <org.jfree.data.xy.XYDataItem>
                <x class="double">491.0</x>
                <y class="double">5.0</y>
              </org.jfree.data.xy.XYDataItem>
              <org.jfree.data.xy.XYDataItem>
                <x class="double">497.0</x>
                <y class="double">5.0</y>
              </org.jfree.data.xy.XYDataItem>
              <org.jfree.data.xy.XYDataItem>
                <x class="double">497.0</x>
                <y class="double">10.0</y>
              </org.jfree.data.xy.XYDataItem>
              <org.jfree.data.xy.XYDataItem>
                <x class="double">499.0</x>
                <y class="double">10.0</y>
              </org.jfree.data.xy.XYDataItem>
              <org.jfree.data.xy.XYDataItem>
                <x class="double">499.0</x>
                <y class="double">11.0</y>
              </org.jfree.data.xy.XYDataItem>
              <org.jfree.data.xy.XYDataItem>
                <x class="double">500.0</x>
                <y class="double">15.0</y>
              </org.jfree.data.xy.XYDataItem>
              <org.jfree.data.xy.XYDataItem>
                <x class="double">502.0</x>
                <y class="double">20.0</y>
              </org.jfree.data.xy.XYDataItem>
              <org.jfree.data.xy.XYDataItem>
                <x class="double">503.0</x>
                <y class="double">15.0</y>
              </org.jfree.data.xy.XYDataItem>
              <org.jfree.data.xy.XYDataItem>
                <x class="double">505.0</x>
                <y class="double">10.0</y>
              </org.jfree.data.xy.XYDataItem>
              <org.jfree.data.xy.XYDataItem>
                <x class="double">510.0</x>
                <y class="double">5.0</y>
              </org.jfree.data.xy.XYDataItem>
              <org.jfree.data.xy.XYDataItem>
                <x class="double">510.0</x>
                <y class="double">6.0</y>
              </org.jfree.data.xy.XYDataItem>
              <org.jfree.data.xy.XYDataItem>
                <x class="double">512.0</x>
                <y class="double">5.0</y>
              </org.jfree.data.xy.XYDataItem>
              <org.jfree.data.xy.XYDataItem>
                <x class="double">512.0</x>
                <y class="double">6.0</y>
              </org.jfree.data.xy.XYDataItem>
              <org.jfree.data.xy.XYDataItem>
                <x class="double">514.0</x>
                <y class="double">6.0</y>
              </org.jfree.data.xy.XYDataItem>
              <org.jfree.data.xy.XYDataItem>
                <x class="double">514.0</x>
                <y class="double">11.0</y>
              </org.jfree.data.xy.XYDataItem>
              <org.jfree.data.xy.XYDataItem>
                <x class="double">516.0</x>
                <y class="double">10.0</y>
              </org.jfree.data.xy.XYDataItem>
              <org.jfree.data.xy.XYDataItem>
                <x class="double">516.0</x>
                <y class="double">11.0</y>
              </org.jfree.data.xy.XYDataItem>
              <org.jfree.data.xy.XYDataItem>
                <x class="double">519.0</x>
                <y class="double">10.0</y>
              </org.jfree.data.xy.XYDataItem>
              <org.jfree.data.xy.XYDataItem>
                <x class="double">527.0</x>
                <y class="double">0.0</y>
              </org.jfree.data.xy.XYDataItem>
              <org.jfree.data.xy.XYDataItem>
                <x class="double">532.0</x>
                <y class="double">0.0</y>
              </org.jfree.data.xy.XYDataItem>
              <org.jfree.data.xy.XYDataItem>
                <x class="double">539.0</x>
                <y class="double">0.0</y>
              </org.jfree.data.xy.XYDataItem>
              <org.jfree.data.xy.XYDataItem>
                <x class="double">547.0</x>
                <y class="double">0.0</y>
              </org.jfree.data.xy.XYDataItem>
              <org.jfree.data.xy.XYDataItem>
                <x class="double">555.0</x>
                <y class="double">1.0</y>
              </org.jfree.data.xy.XYDataItem>
              <org.jfree.data.xy.XYDataItem>
                <x class="double">557.0</x>
                <y class="double">0.0</y>
              </org.jfree.data.xy.XYDataItem>
              <org.jfree.data.xy.XYDataItem>
                <x class="double">559.0</x>
                <y class="double">5.0</y>
              </org.jfree.data.xy.XYDataItem>
              <org.jfree.data.xy.XYDataItem>
                <x class="double">565.0</x>
                <y class="double">15.0</y>
              </org.jfree.data.xy.XYDataItem>
              <org.jfree.data.xy.XYDataItem>
                <x class="double">568.0</x>
                <y class="double">15.0</y>
              </org.jfree.data.xy.XYDataItem>
              <org.jfree.data.xy.XYDataItem>
                <x class="double">570.0</x>
                <y class="double">20.0</y>
              </org.jfree.data.xy.XYDataItem>
              <org.jfree.data.xy.XYDataItem>
                <x class="double">573.0</x>
                <y class="double">20.0</y>
              </org.jfree.data.xy.XYDataItem>
              <org.jfree.data.xy.XYDataItem>
                <x class="double">574.0</x>
                <y class="double">21.0</y>
              </org.jfree.data.xy.XYDataItem>
              <org.jfree.data.xy.XYDataItem>
                <x class="double">575.0</x>
                <y class="double">22.0</y>
              </org.jfree.data.xy.XYDataItem>
              <org.jfree.data.xy.XYDataItem>
                <x class="double">579.0</x>
                <y class="double">22.0</y>
              </org.jfree.data.xy.XYDataItem>
              <org.jfree.data.xy.XYDataItem>
                <x class="double">579.0</x>
                <y class="double">23.0</y>
              </org.jfree.data.xy.XYDataItem>
              <org.jfree.data.xy.XYDataItem>
                <x class="double">586.0</x>
                <y class="double">23.0</y>
              </org.jfree.data.xy.XYDataItem>
              <org.jfree.data.xy.XYDataItem>
                <x class="double">595.0</x>
                <y class="double">22.0</y>
              </org.jfree.data.xy.XYDataItem>
              <org.jfree.data.xy.XYDataItem>
                <x class="double">597.0</x>
                <y class="double">12.0</y>
              </org.jfree.data.xy.XYDataItem>
              <org.jfree.data.xy.XYDataItem>
                <x class="double">597.0</x>
                <y class="double">17.0</y>
              </org.jfree.data.xy.XYDataItem>
              <org.jfree.data.xy.XYDataItem>
                <x class="double">597.0</x>
                <y class="double">18.0</y>
              </org.jfree.data.xy.XYDataItem>
              <org.jfree.data.xy.XYDataItem>
                <x class="double">599.0</x>
                <y class="double">8.0</y>
              </org.jfree.data.xy.XYDataItem>
              <org.jfree.data.xy.XYDataItem>
                <x class="double">599.0</x>
                <y class="double">13.0</y>
              </org.jfree.data.xy.XYDataItem>
              <org.jfree.data.xy.XYDataItem>
                <x class="double">601.0</x>
                <y class="double">8.0</y>
              </org.jfree.data.xy.XYDataItem>
              <org.jfree.data.xy.XYDataItem>
                <x class="double">603.0</x>
                <y class="double">8.0</y>
              </org.jfree.data.xy.XYDataItem>
              <org.jfree.data.xy.XYDataItem>
                <x class="double">603.0</x>
                <y class="double">12.0</y>
              </org.jfree.data.xy.XYDataItem>
              <org.jfree.data.xy.XYDataItem>
                <x class="double">603.0</x>
                <y class="double">13.0</y>
              </org.jfree.data.xy.XYDataItem>
              <org.jfree.data.xy.XYDataItem>
                <x class="double">606.0</x>
                <y class="double">12.0</y>
              </org.jfree.data.xy.XYDataItem>
              <org.jfree.data.xy.XYDataItem>
                <x class="double">608.0</x>
                <y class="double">11.0</y>
              </org.jfree.data.xy.XYDataItem>
              <org.jfree.data.xy.XYDataItem>
                <x class="double">610.0</x>
                <y class="double">11.0</y>
              </org.jfree.data.xy.XYDataItem>
              <org.jfree.data.xy.XYDataItem>
                <x class="double">610.0</x>
                <y class="double">16.0</y>
              </org.jfree.data.xy.XYDataItem>
              <org.jfree.data.xy.XYDataItem>
                <x class="double">612.0</x>
                <y class="double">16.0</y>
              </org.jfree.data.xy.XYDataItem>
              <org.jfree.data.xy.XYDataItem>
                <x class="double">612.0</x>
                <y class="double">17.0</y>
              </org.jfree.data.xy.XYDataItem>
              <org.jfree.data.xy.XYDataItem>
                <x class="double">614.0</x>
                <y class="double">17.0</y>
              </org.jfree.data.xy.XYDataItem>
              <org.jfree.data.xy.XYDataItem>
                <x class="double">616.0</x>
                <y class="double">18.0</y>
              </org.jfree.data.xy.XYDataItem>
              <org.jfree.data.xy.XYDataItem>
                <x class="double">618.0</x>
                <y class="double">18.0</y>
              </org.jfree.data.xy.XYDataItem>
              <org.jfree.data.xy.XYDataItem>
                <x class="double">620.0</x>
                <y class="double">18.0</y>
              </org.jfree.data.xy.XYDataItem>
              <org.jfree.data.xy.XYDataItem>
                <x class="double">620.0</x>
                <y class="double">23.0</y>
              </org.jfree.data.xy.XYDataItem>
              <org.jfree.data.xy.XYDataItem>
                <x class="double">622.0</x>
                <y class="double">23.0</y>
              </org.jfree.data.xy.XYDataItem>
              <org.jfree.data.xy.XYDataItem>
                <x class="double">624.0</x>
                <y class="double">21.0</y>
              </org.jfree.data.xy.XYDataItem>
              <org.jfree.data.xy.XYDataItem>
                <x class="double">624.0</x>
                <y class="double">22.0</y>
              </org.jfree.data.xy.XYDataItem>
              <org.jfree.data.xy.XYDataItem>
                <x class="double">626.0</x>
                <y class="double">21.0</y>
              </org.jfree.data.xy.XYDataItem>
              <org.jfree.data.xy.XYDataItem>
                <x class="double">627.0</x>
                <y class="double">16.0</y>
              </org.jfree.data.xy.XYDataItem>
              <org.jfree.data.xy.XYDataItem>
                <x class="double">628.0</x>
                <y class="double">11.0</y>
              </org.jfree.data.xy.XYDataItem>
              <org.jfree.data.xy.XYDataItem>
                <x class="double">629.0</x>
                <y class="double">10.0</y>
              </org.jfree.data.xy.XYDataItem>
              <org.jfree.data.xy.XYDataItem>
                <x class="double">630.0</x>
                <y class="double">11.0</y>
              </org.jfree.data.xy.XYDataItem>
              <org.jfree.data.xy.XYDataItem>
                <x class="double">634.0</x>
                <y class="double">6.0</y>
              </org.jfree.data.xy.XYDataItem>
              <org.jfree.data.xy.XYDataItem>
                <x class="double">636.0</x>
                <y class="double">1.0</y>
              </org.jfree.data.xy.XYDataItem>
              <org.jfree.data.xy.XYDataItem>
                <x class="double">643.0</x>
                <y class="double">7.0</y>
              </org.jfree.data.xy.XYDataItem>
              <org.jfree.data.xy.XYDataItem>
                <x class="double">646.0</x>
                <y class="double">1.0</y>
              </org.jfree.data.xy.XYDataItem>
              <org.jfree.data.xy.XYDataItem>
                <x class="double">648.0</x>
                <y class="double">2.0</y>
              </org.jfree.data.xy.XYDataItem>
              <org.jfree.data.xy.XYDataItem>
                <x class="double">648.0</x>
                <y class="double">3.0</y>
              </org.jfree.data.xy.XYDataItem>
              <org.jfree.data.xy.XYDataItem>
                <x class="double">650.0</x>
                <y class="double">2.0</y>
              </org.jfree.data.xy.XYDataItem>
              <org.jfree.data.xy.XYDataItem>
                <x class="double">650.0</x>
                <y class="double">3.0</y>
              </org.jfree.data.xy.XYDataItem>
              <org.jfree.data.xy.XYDataItem>
                <x class="double">650.0</x>
                <y class="double">8.0</y>
              </org.jfree.data.xy.XYDataItem>
              <org.jfree.data.xy.XYDataItem>
                <x class="double">652.0</x>
                <y class="double">8.0</y>
              </org.jfree.data.xy.XYDataItem>
              <org.jfree.data.xy.XYDataItem>
                <x class="double">652.0</x>
                <y class="double">13.0</y>
              </org.jfree.data.xy.XYDataItem>
              <org.jfree.data.xy.XYDataItem>
                <x class="double">654.0</x>
                <y class="double">13.0</y>
              </org.jfree.data.xy.XYDataItem>
              <org.jfree.data.xy.XYDataItem>
                <x class="double">654.0</x>
                <y class="double">18.0</y>
              </org.jfree.data.xy.XYDataItem>
              <org.jfree.data.xy.XYDataItem>
                <x class="double">656.0</x>
                <y class="double">18.0</y>
              </org.jfree.data.xy.XYDataItem>
              <org.jfree.data.xy.XYDataItem>
                <x class="double">658.0</x>
                <y class="double">23.0</y>
              </org.jfree.data.xy.XYDataItem>
              <org.jfree.data.xy.XYDataItem>
                <x class="double">659.0</x>
                <y class="double">18.0</y>
              </org.jfree.data.xy.XYDataItem>
              <org.jfree.data.xy.XYDataItem>
                <x class="double">661.0</x>
                <y class="double">21.0</y>
              </org.jfree.data.xy.XYDataItem>
              <org.jfree.data.xy.XYDataItem>
                <x class="double">663.0</x>
                <y class="double">21.0</y>
              </org.jfree.data.xy.XYDataItem>
              <org.jfree.data.xy.XYDataItem>
                <x class="double">666.0</x>
                <y class="double">21.0</y>
              </org.jfree.data.xy.XYDataItem>
              <org.jfree.data.xy.XYDataItem>
                <x class="double">668.0</x>
                <y class="double">22.0</y>
              </org.jfree.data.xy.XYDataItem>
              <org.jfree.data.xy.XYDataItem>
                <x class="double">670.0</x>
                <y class="double">23.0</y>
              </org.jfree.data.xy.XYDataItem>
              <org.jfree.data.xy.XYDataItem>
                <x class="double">670.0</x>
                <y class="double">24.0</y>
              </org.jfree.data.xy.XYDataItem>
              <org.jfree.data.xy.XYDataItem>
                <x class="double">672.0</x>
                <y class="double">24.0</y>
              </org.jfree.data.xy.XYDataItem>
              <org.jfree.data.xy.XYDataItem>
                <x class="double">674.0</x>
                <y class="double">19.0</y>
              </org.jfree.data.xy.XYDataItem>
              <org.jfree.data.xy.XYDataItem>
                <x class="double">676.0</x>
                <y class="double">14.0</y>
              </org.jfree.data.xy.XYDataItem>
              <org.jfree.data.xy.XYDataItem>
                <x class="double">678.0</x>
                <y class="double">9.0</y>
              </org.jfree.data.xy.XYDataItem>
              <org.jfree.data.xy.XYDataItem>
                <x class="double">678.0</x>
                <y class="double">14.0</y>
              </org.jfree.data.xy.XYDataItem>
              <org.jfree.data.xy.XYDataItem>
                <x class="double">680.0</x>
                <y class="double">4.0</y>
              </org.jfree.data.xy.XYDataItem>
              <org.jfree.data.xy.XYDataItem>
                <x class="double">680.0</x>
                <y class="double">9.0</y>
              </org.jfree.data.xy.XYDataItem>
              <org.jfree.data.xy.XYDataItem>
                <x class="double">682.0</x>
                <y class="double">3.0</y>
              </org.jfree.data.xy.XYDataItem>
              <org.jfree.data.xy.XYDataItem>
                <x class="double">682.0</x>
                <y class="double">4.0</y>
              </org.jfree.data.xy.XYDataItem>
              <org.jfree.data.xy.XYDataItem>
                <x class="double">684.0</x>
                <y class="double">2.0</y>
              </org.jfree.data.xy.XYDataItem>
              <org.jfree.data.xy.XYDataItem>
                <x class="double">684.0</x>
                <y class="double">3.0</y>
              </org.jfree.data.xy.XYDataItem>
              <org.jfree.data.xy.XYDataItem>
                <x class="double">684.0</x>
                <y class="double">4.0</y>
              </org.jfree.data.xy.XYDataItem>
              <org.jfree.data.xy.XYDataItem>
                <x class="double">686.0</x>
                <y class="double">2.0</y>
              </org.jfree.data.xy.XYDataItem>
              <org.jfree.data.xy.XYDataItem>
                <x class="double">689.0</x>
                <y class="double">1.0</y>
              </org.jfree.data.xy.XYDataItem>
              <org.jfree.data.xy.XYDataItem>
                <x class="double">689.0</x>
                <y class="double">5.0</y>
              </org.jfree.data.xy.XYDataItem>
              <org.jfree.data.xy.XYDataItem>
                <x class="double">689.0</x>
                <y class="double">6.0</y>
              </org.jfree.data.xy.XYDataItem>
              <org.jfree.data.xy.XYDataItem>
                <x class="double">691.0</x>
                <y class="double">5.0</y>
              </org.jfree.data.xy.XYDataItem>
              <org.jfree.data.xy.XYDataItem>
                <x class="double">691.0</x>
                <y class="double">10.0</y>
              </org.jfree.data.xy.XYDataItem>
              <org.jfree.data.xy.XYDataItem>
                <x class="double">693.0</x>
                <y class="double">10.0</y>
              </org.jfree.data.xy.XYDataItem>
              <org.jfree.data.xy.XYDataItem>
                <x class="double">695.0</x>
                <y class="double">15.0</y>
              </org.jfree.data.xy.XYDataItem>
              <org.jfree.data.xy.XYDataItem>
                <x class="double">696.0</x>
                <y class="double">10.0</y>
              </org.jfree.data.xy.XYDataItem>
              <org.jfree.data.xy.XYDataItem>
                <x class="double">697.0</x>
                <y class="double">16.0</y>
              </org.jfree.data.xy.XYDataItem>
              <org.jfree.data.xy.XYDataItem>
                <x class="double">698.0</x>
                <y class="double">15.0</y>
              </org.jfree.data.xy.XYDataItem>
              <org.jfree.data.xy.XYDataItem>
                <x class="double">699.0</x>
                <y class="double">20.0</y>
              </org.jfree.data.xy.XYDataItem>
              <org.jfree.data.xy.XYDataItem>
                <x class="double">700.0</x>
                <y class="double">16.0</y>
              </org.jfree.data.xy.XYDataItem>
              <org.jfree.data.xy.XYDataItem>
                <x class="double">702.0</x>
                <y class="double">21.0</y>
              </org.jfree.data.xy.XYDataItem>
              <org.jfree.data.xy.XYDataItem>
                <x class="double">704.0</x>
                <y class="double">23.0</y>
              </org.jfree.data.xy.XYDataItem>
              <org.jfree.data.xy.XYDataItem>
                <x class="double">705.0</x>
                <y class="double">22.0</y>
              </org.jfree.data.xy.XYDataItem>
              <org.jfree.data.xy.XYDataItem>
                <x class="double">706.0</x>
                <y class="double">23.0</y>
              </org.jfree.data.xy.XYDataItem>
              <org.jfree.data.xy.XYDataItem>
                <x class="double">709.0</x>
                <y class="double">18.0</y>
              </org.jfree.data.xy.XYDataItem>
              <org.jfree.data.xy.XYDataItem>
                <x class="double">711.0</x>
                <y class="double">13.0</y>
              </org.jfree.data.xy.XYDataItem>
              <org.jfree.data.xy.XYDataItem>
                <x class="double">713.0</x>
                <y class="double">8.0</y>
              </org.jfree.data.xy.XYDataItem>
              <org.jfree.data.xy.XYDataItem>
                <x class="double">715.0</x>
                <y class="double">8.0</y>
              </org.jfree.data.xy.XYDataItem>
              <org.jfree.data.xy.XYDataItem>
                <x class="double">717.0</x>
                <y class="double">3.0</y>
              </org.jfree.data.xy.XYDataItem>
              <org.jfree.data.xy.XYDataItem>
                <x class="double">719.0</x>
                <y class="double">2.0</y>
              </org.jfree.data.xy.XYDataItem>
              <org.jfree.data.xy.XYDataItem>
                <x class="double">721.0</x>
                <y class="double">3.0</y>
              </org.jfree.data.xy.XYDataItem>
              <org.jfree.data.xy.XYDataItem>
                <x class="double">724.0</x>
                <y class="double">2.0</y>
              </org.jfree.data.xy.XYDataItem>
            </data>
            <maximumItemCount>2147483647</maximumItemCount>
            <autoSort>true</autoSort>
            <allowDuplicateXValues>true</allowDuplicateXValues>
            <minX>3.0</minX>
            <maxX>724.0</maxX>
            <minY>0.0</minY>
            <maxY>24.0</maxY>
          </org.jfree.data.xy.XYSeries>
          <org.jfree.data.xy.XYSeries>
            <key class="int">2</key>
            <listeners serialization="custom">
              <javax.swing.event.EventListenerList>
                <default/>
                <string>org.jfree.data.general.SeriesChangeListener</string>
                <org.jfree.data.xy.XYSeriesCollection reference="../../../../../../.."/>
                <null/>
              </javax.swing.event.EventListenerList>
            </listeners>
            <propertyChangeSupport serialization="custom">
              <java.beans.PropertyChangeSupport>
                <default>
                  <source class="org.jfree.data.xy.XYSeries" reference="../../../.."/>
                  <propertyChangeSupportSerializedDataVersion>2</propertyChangeSupportSerializedDataVersion>
                </default>
                <null/>
              </java.beans.PropertyChangeSupport>
            </propertyChangeSupport>
            <vetoableChangeSupport serialization="custom">
              <java.beans.VetoableChangeSupport>
                <default>
                  <source class="org.jfree.data.xy.XYSeries" reference="../../../.."/>
                  <vetoableChangeSupportSerializedDataVersion>2</vetoableChangeSupportSerializedDataVersion>
                </default>
                <org.jfree.data.xy.XYSeriesCollection reference="../../../../../../.."/>
                <null/>
              </java.beans.VetoableChangeSupport>
            </vetoableChangeSupport>
            <notify>true</notify>
            <data/>
            <maximumItemCount>2147483647</maximumItemCount>
            <autoSort>true</autoSort>
            <allowDuplicateXValues>true</allowDuplicateXValues>
            <minX>NaN</minX>
            <maxX>NaN</maxX>
            <minY>NaN</minY>
            <maxY>NaN</maxY>
          </org.jfree.data.xy.XYSeries>
        </data>
        <intervalDelegate>
          <dataset class="org.jfree.data.xy.XYSeriesCollection" reference="../../../.."/>
          <autoWidth>false</autoWidth>
          <intervalPositionFactor>0.5</intervalPositionFactor>
          <fixedIntervalWidth>1.0</fixedIntervalWidth>
          <autoIntervalWidth>Infinity</autoIntervalWidth>
        </intervalDelegate>
      </default>
    </org.jfree.data.xy.XYSeriesCollection>
  </dataset>
  <autoRange>true</autoRange>
  <windowSize>100</windowSize>
  <rangeUpperBound>1.0</rangeUpperBound>
  <rangeLowerBound>0.0</rangeLowerBound>
  <fixedWidth>true</fixedWidth>
</org.simbrain.plot.rasterchart.RasterModel>