<html>
<body>
<h1>LMS Letter Net</h1>
<br>
LMS or Least Mean Squares
is a way of learning input to
output mappings.  It is a form of supervised 
learning.
<br><br>
This network was trained to distinguish the 26 letters
of the alphabet.
<br><br>
Double click on the 
top interaction box (the yellow box 
labelled "LMS Network")
and go to the validation tab. 
Click the "test row" button repeatedly.
In this way you go through the letter 
patterns the net was trained on. 
In each case confirm that the correct
letter node in layer 2 is activated.

<br><br>
 You can also  see how
the network does on other patterns, it
was not trained on, 
e.g. your own hand-written letters.
To try this, click in the network window,
select all neurons by pressin "N", and
clear them with "C", and then use the 
wand tool.  Or just click on neurons and
press the up and down keys.
</body>
</html>
