<org.simbrain.network.core.Network>
  <neuronList/>
  <synapseList class="linked-hash-set"/>
  <groupList>
    <org.simbrain.network.subnetworks.SimpleRecurrentNetwork>
      <parentNetwork reference="../../.."/>
      <id>Group_1</id>
      <label>SRN</label>
      <stateInfo></stateInfo>
      <markedForDeletion>false</markedForDeletion>
      <neuronGroupList class="java.util.concurrent.CopyOnWriteArrayList" serialization="custom">
        <java.util.concurrent.CopyOnWriteArrayList>
          <default/>
          <int>4</int>
          <org.simbrain.network.groups.NeuronGroup>
            <parentNetwork reference="../../../../../.."/>
            <label>Input layer</label>
            <stateInfo></stateInfo>
            <markedForDeletion>false</markedForDeletion>
            <parentGroup class="org.simbrain.network.subnetworks.SimpleRecurrentNetwork" reference="../../../.."/>
            <isSpikingNeuronGroup>false</isSpikingNeuronGroup>
            <neuronList class="java.util.concurrent.CopyOnWriteArrayList" serialization="custom">
              <java.util.concurrent.CopyOnWriteArrayList>
                <default/>
                <int>1</int>
                <org.simbrain.network.core.Neuron>
                  <updateRule class="org.simbrain.network.neuron_update_rules.LinearRule">
                    <inputType>WEIGHTED</inputType>
                    <increment>1.0</increment>
                    <slope>1.0</slope>
                    <bias>0.0</bias>
                    <noiseGenerator>
                      <pdf>UNIFORM</pdf>
                      <param1>0.0</param1>
                      <param2>1.0</param2>
                      <upperBound>1.0</upperBound>
                      <lowerBound>0.0</lowerBound>
                      <clipping>false</clipping>
                    </noiseGenerator>
                    <addNoise>false</addNoise>
                    <clipping>true</clipping>
                    <upperBound>1.0</upperBound>
                    <lowerBound>0.0</lowerBound>
                  </updateRule>
                  <id>Neuron_1</id>
                  <label></label>
                  <activation>0.0</activation>
                  <spike>false</spike>
                  <buffer>0.0</buffer>
                  <spkBuffer>false</spkBuffer>
                  <inputValue>0.0</inputValue>
                  <parent reference="../../../../../../../../.."/>
                  <generator>false</generator>
                  <x>91.25812195335058</x>
                  <y>343.7902843233521</y>
                  <z>0.0</z>
                  <clamped>true</clamped>
                  <targetValue>0.0</targetValue>
                  <parentGroup class="org.simbrain.network.groups.NeuronGroup" reference="../../../.."/>
                  <updatePriority>0</updatePriority>
                  <auxValue>0.0</auxValue>
                </org.simbrain.network.core.Neuron>
              </java.util.concurrent.CopyOnWriteArrayList>
            </neuronList>
            <layout class="org.simbrain.network.layouts.LineLayout">
              <orientation>HORIZONTAL</orientation>
              <spacing>50.0</spacing>
              <initialX>0.0</initialX>
              <initialY>0.0</initialY>
            </layout>
            <incomingSgs/>
            <outgoingSgs>
              <org.simbrain.network.groups.SynapseGroup>
                <parentNetwork reference="../../../../../../../.."/>
                <label>Input to Hidden</label>
                <stateInfo></stateInfo>
                <markedForDeletion>false</markedForDeletion>
                <parentGroup class="org.simbrain.network.subnetworks.SimpleRecurrentNetwork" reference="../../../../../.."/>
                <sourceNeuronGroup reference="../../.."/>
                <targetNeuronGroup>
                  <parentNetwork reference="../../../../../../../../.."/>
                  <label>Hidden layer</label>
                  <stateInfo></stateInfo>
                  <markedForDeletion>false</markedForDeletion>
                  <parentGroup class="org.simbrain.network.subnetworks.SimpleRecurrentNetwork" reference="../../../../../../.."/>
                  <isSpikingNeuronGroup>false</isSpikingNeuronGroup>
                  <neuronList class="java.util.concurrent.CopyOnWriteArrayList" serialization="custom">
                    <java.util.concurrent.CopyOnWriteArrayList>
                      <default/>
                      <int>4</int>
                      <org.simbrain.network.core.Neuron>
                        <updateRule class="org.simbrain.network.neuron_update_rules.SigmoidalRule">
                          <inputType>WEIGHTED</inputType>
                          <increment>0.1</increment>
                          <sFunction>LOGISTIC</sFunction>
                          <bias>-0.2912606823614168</bias>
                          <slope>1.0</slope>
                          <noiseGenerator>
                            <pdf>UNIFORM</pdf>
                            <param1>0.0</param1>
                            <param2>1.0</param2>
                            <upperBound>1.0</upperBound>
                            <lowerBound>0.0</lowerBound>
                            <clipping>false</clipping>
                          </noiseGenerator>
                          <addNoise>false</addNoise>
                          <upperBound>1.0</upperBound>
                          <lowerBound>-1.0</lowerBound>
                        </updateRule>
                        <id>Neuron_2</id>
                        <label></label>
                        <activation>0.0</activation>
                        <spike>false</spike>
                        <buffer>-0.13129486494308418</buffer>
                        <spkBuffer>false</spkBuffer>
                        <inputValue>0.0</inputValue>
                        <parent reference="../../../../../../../../../../../.."/>
                        <generator>false</generator>
                        <x>-128.49185562506514</x>
                        <y>-8.130295950914117</y>
                        <z>0.0</z>
                        <clamped>false</clamped>
                        <targetValue>0.0</targetValue>
                        <parentGroup class="org.simbrain.network.groups.NeuronGroup" reference="../../../.."/>
                        <updatePriority>0</updatePriority>
                        <auxValue>0.0</auxValue>
                      </org.simbrain.network.core.Neuron>
                      <org.simbrain.network.core.Neuron>
                        <updateRule class="org.simbrain.network.neuron_update_rules.SigmoidalRule" reference="../../org.simbrain.network.core.Neuron/updateRule"/>
                        <id>Neuron_3</id>
                        <label></label>
                        <activation>0.0</activation>
                        <spike>false</spike>
                        <buffer>-0.23798946464685156</buffer>
                        <spkBuffer>false</spkBuffer>
                        <inputValue>0.0</inputValue>
                        <parent reference="../../../../../../../../../../../.."/>
                        <generator>false</generator>
                        <x>-78.49185562506514</x>
                        <y>-8.130295950914117</y>
                        <z>0.0</z>
                        <clamped>false</clamped>
                        <targetValue>0.0</targetValue>
                        <parentGroup class="org.simbrain.network.groups.NeuronGroup" reference="../../../.."/>
                        <updatePriority>0</updatePriority>
                        <auxValue>0.0</auxValue>
                      </org.simbrain.network.core.Neuron>
                      <org.simbrain.network.core.Neuron>
                        <updateRule class="org.simbrain.network.neuron_update_rules.SigmoidalRule" reference="../../org.simbrain.network.core.Neuron/updateRule"/>
                        <id>Neuron_4</id>
                        <label></label>
                        <activation>0.0</activation>
                        <spike>false</spike>
                        <buffer>-0.04298647365930597</buffer>
                        <spkBuffer>false</spkBuffer>
                        <inputValue>0.0</inputValue>
                        <parent reference="../../../../../../../../../../../.."/>
                        <generator>false</generator>
                        <x>-28.49185562506515</x>
                        <y>-8.130295950914117</y>
                        <z>0.0</z>
                        <clamped>false</clamped>
                        <targetValue>0.0</targetValue>
                        <parentGroup class="org.simbrain.network.groups.NeuronGroup" reference="../../../.."/>
                        <updatePriority>0</updatePriority>
                        <auxValue>0.0</auxValue>
                      </org.simbrain.network.core.Neuron>
                      <org.simbrain.network.core.Neuron>
                        <updateRule class="org.simbrain.network.neuron_update_rules.SigmoidalRule" reference="../../org.simbrain.network.core.Neuron/updateRule"/>
                        <id>Neuron_5</id>
                        <label></label>
                        <activation>0.0</activation>
                        <spike>false</spike>
                        <buffer>-0.49429621083170483</buffer>
                        <spkBuffer>false</spkBuffer>
                        <inputValue>0.0</inputValue>
                        <parent reference="../../../../../../../../../../../.."/>
                        <generator>false</generator>
                        <x>21.508144374934858</x>
                        <y>-8.130295950914117</y>
                        <z>0.0</z>
                        <clamped>false</clamped>
                        <targetValue>0.0</targetValue>
                        <parentGroup class="org.simbrain.network.groups.NeuronGroup" reference="../../../.."/>
                        <updatePriority>0</updatePriority>
                        <auxValue>0.0</auxValue>
                      </org.simbrain.network.core.Neuron>
                    </java.util.concurrent.CopyOnWriteArrayList>
                  </neuronList>
                  <layout class="org.simbrain.network.layouts.LineLayout">
                    <orientation>HORIZONTAL</orientation>
                    <spacing>50.0</spacing>
                    <initialX>0.0</initialX>
                    <initialY>0.0</initialY>
                  </layout>
                  <incomingSgs>
                    <org.simbrain.network.groups.SynapseGroup>
                      <parentNetwork reference="../../../../../../../../../../.."/>
                      <label>Context Weights</label>
                      <stateInfo></stateInfo>
                      <markedForDeletion>false</markedForDeletion>
                      <parentGroup class="org.simbrain.network.subnetworks.SimpleRecurrentNetwork" reference="../../../../../../../../.."/>
                      <sourceNeuronGroup>
                        <parentNetwork reference="../../../../../../../../../../../.."/>
                        <label>Context Layer</label>
                        <stateInfo></stateInfo>
                        <markedForDeletion>false</markedForDeletion>
                        <parentGroup class="org.simbrain.network.subnetworks.SimpleRecurrentNetwork" reference="../../../../../../../../../.."/>
                        <isSpikingNeuronGroup>false</isSpikingNeuronGroup>
                        <neuronList class="java.util.concurrent.CopyOnWriteArrayList" serialization="custom">
                          <java.util.concurrent.CopyOnWriteArrayList>
                            <default/>
                            <int>4</int>
                            <org.simbrain.network.core.Neuron>
                              <updateRule class="org.simbrain.network.neuron_update_rules.LinearRule">
                                <inputType>WEIGHTED</inputType>
                                <increment>0.1</increment>
                                <slope>1.0</slope>
                                <bias>0.0</bias>
                                <noiseGenerator>
                                  <pdf>UNIFORM</pdf>
                                  <param1>0.0</param1>
                                  <param2>1.0</param2>
                                  <upperBound>1.0</upperBound>
                                  <lowerBound>0.0</lowerBound>
                                  <clipping>false</clipping>
                                </noiseGenerator>
                                <addNoise>false</addNoise>
                                <clipping>true</clipping>
                                <upperBound>1.0</upperBound>
                                <lowerBound>-1.0</lowerBound>
                              </updateRule>
                              <id>Neuron_6</id>
                              <label></label>
                              <activation>0.0</activation>
                              <spike>false</spike>
                              <buffer>0.0</buffer>
                              <spkBuffer>false</spkBuffer>
                              <inputValue>0.0</inputValue>
                              <parent reference="../../../../../../../../../../../../../../.."/>
                              <generator>false</generator>
                              <x>338.4527374194315</x>
                              <y>347.87648946367676</y>
                              <z>0.0</z>
                              <clamped>false</clamped>
                              <targetValue>0.0</targetValue>
                              <parentGroup class="org.simbrain.network.groups.NeuronGroup" reference="../../../.."/>
                              <updatePriority>0</updatePriority>
                              <auxValue>0.0</auxValue>
                            </org.simbrain.network.core.Neuron>
                            <org.simbrain.network.core.Neuron>
                              <updateRule class="org.simbrain.network.neuron_update_rules.LinearRule" reference="../../org.simbrain.network.core.Neuron/updateRule"/>
                              <id>Neuron_7</id>
                              <label></label>
                              <activation>0.0</activation>
                              <spike>false</spike>
                              <buffer>0.0</buffer>
                              <spkBuffer>false</spkBuffer>
                              <inputValue>0.0</inputValue>
                              <parent reference="../../../../../../../../../../../../../../.."/>
                              <generator>false</generator>
                              <x>388.4527374194313</x>
                              <y>347.87648946367676</y>
                              <z>0.0</z>
                              <clamped>false</clamped>
                              <targetValue>0.0</targetValue>
                              <parentGroup class="org.simbrain.network.groups.NeuronGroup" reference="../../../.."/>
                              <updatePriority>0</updatePriority>
                              <auxValue>0.0</auxValue>
                            </org.simbrain.network.core.Neuron>
                            <org.simbrain.network.core.Neuron>
                              <updateRule class="org.simbrain.network.neuron_update_rules.LinearRule" reference="../../org.simbrain.network.core.Neuron/updateRule"/>
                              <id>Neuron_8</id>
                              <label></label>
                              <activation>0.0</activation>
                              <spike>false</spike>
                              <buffer>0.0</buffer>
                              <spkBuffer>false</spkBuffer>
                              <inputValue>0.0</inputValue>
                              <parent reference="../../../../../../../../../../../../../../.."/>
                              <generator>false</generator>
                              <x>438.45273741943134</x>
                              <y>347.87648946367676</y>
                              <z>0.0</z>
                              <clamped>false</clamped>
                              <targetValue>0.0</targetValue>
                              <parentGroup class="org.simbrain.network.groups.NeuronGroup" reference="../../../.."/>
                              <updatePriority>0</updatePriority>
                              <auxValue>0.0</auxValue>
                            </org.simbrain.network.core.Neuron>
                            <org.simbrain.network.core.Neuron>
                              <updateRule class="org.simbrain.network.neuron_update_rules.LinearRule" reference="../../org.simbrain.network.core.Neuron/updateRule"/>
                              <id>Neuron_9</id>
                              <label></label>
                              <activation>0.0</activation>
                              <spike>false</spike>
                              <buffer>0.0</buffer>
                              <spkBuffer>false</spkBuffer>
                              <inputValue>0.0</inputValue>
                              <parent reference="../../../../../../../../../../../../../../.."/>
                              <generator>false</generator>
                              <x>488.45273741943134</x>
                              <y>347.87648946367676</y>
                              <z>0.0</z>
                              <clamped>false</clamped>
                              <targetValue>0.0</targetValue>
                              <parentGroup class="org.simbrain.network.groups.NeuronGroup" reference="../../../.."/>
                              <updatePriority>0</updatePriority>
                              <auxValue>0.0</auxValue>
                            </org.simbrain.network.core.Neuron>
                          </java.util.concurrent.CopyOnWriteArrayList>
                        </neuronList>
                        <layout class="org.simbrain.network.layouts.LineLayout">
                          <orientation>HORIZONTAL</orientation>
                          <spacing>50.0</spacing>
                          <initialX>0.0</initialX>
                          <initialY>0.0</initialY>
                        </layout>
                        <incomingSgs/>
                        <outgoingSgs>
                          <org.simbrain.network.groups.SynapseGroup reference="../../.."/>
                        </outgoingSgs>
                        <gridThreshold>10</gridThreshold>
                        <betweenNeuronInterval>50</betweenNeuronInterval>
                        <recording>false</recording>
                        <fileNum>0</fileNum>
                      </sourceNeuronGroup>
                      <targetNeuronGroup reference="../../.."/>
                      <connectionManager class="org.simbrain.network.connections.AllToAll">
                        <selfConnectionAllowed>false</selfConnectionAllowed>
                      </connectionManager>
                      <excitatoryRatio>0.625</excitatoryRatio>
                      <excitatoryPrototype>
                        <learningRule class="org.simbrain.network.synapse_update_rules.StaticSynapseRule">
                          <clipped>false</clipped>
                        </learningRule>
                        <spikeResponder class="org.simbrain.network.synapse_update_rules.spikeresponders.JumpAndDecay">
                          <value>0.0</value>
                          <jumpHeight>1.0</jumpHeight>
                          <baseLine>0.0</baseLine>
                          <timeConstant>3.0</timeConstant>
                        </spikeResponder>
                        <id></id>
                        <strength>0.0</strength>
                        <psr>0.0</psr>
                        <increment>1.0</increment>
                        <upperBound>10.0</upperBound>
                        <lowerBound>-10.0</lowerBound>
                        <delay>0</delay>
                        <enabled>true</enabled>
                        <frozen>false</frozen>
                      </excitatoryPrototype>
                      <inhibitoryPrototype>
                        <learningRule class="org.simbrain.network.synapse_update_rules.StaticSynapseRule">
                          <clipped>false</clipped>
                        </learningRule>
                        <spikeResponder class="org.simbrain.network.synapse_update_rules.spikeresponders.JumpAndDecay" reference="../../excitatoryPrototype/spikeResponder"/>
                        <id></id>
                        <strength>0.0</strength>
                        <psr>0.0</psr>
                        <increment>1.0</increment>
                        <upperBound>10.0</upperBound>
                        <lowerBound>-10.0</lowerBound>
                        <delay>0</delay>
                        <enabled>true</enabled>
                        <frozen>false</frozen>
                      </inhibitoryPrototype>
                      <exciteRand>
                        <pdf>UNIFORM</pdf>
                        <param1>0.0</param1>
                        <param2>1.0</param2>
                        <upperBound>1.0</upperBound>
                        <lowerBound>0.0</lowerBound>
                        <clipping>false</clipping>
                        <polarity>EXCITATORY</polarity>
                      </exciteRand>
                      <inhibRand>
                        <pdf>UNIFORM</pdf>
                        <param1>0.0</param1>
                        <param2>1.0</param2>
                        <upperBound>1.0</upperBound>
                        <lowerBound>0.0</lowerBound>
                        <clipping>false</clipping>
                        <polarity>INHIBITORY</polarity>
                      </inhibRand>
                      <displaySynapses>false</displaySynapses>
                      <recurrent>false</recurrent>
                      <inStatic>true</inStatic>
                      <exStatic>false</exStatic>
                      <useGroupLevelSettings>true</useGroupLevelSettings>
                      <compressedMatrixRep>AAAAEAABAgP/////AAECA/////8AAQID/////wABAgPAEcz/QLE4EcEpDedAtPfdQUvvGEDxPZVB
BBTVQMBot0Ai7hfANVCJQMfFZ0Bzd/HBHA3iv2XtMMCyTmxBJVGx</compressedMatrixRep>
                    </org.simbrain.network.groups.SynapseGroup>
                    <org.simbrain.network.groups.SynapseGroup reference="../../.."/>
                  </incomingSgs>
                  <outgoingSgs>
                    <org.simbrain.network.groups.SynapseGroup>
                      <parentNetwork reference="../../../../../../../../../../.."/>
                      <label>Hidden to Output</label>
                      <stateInfo></stateInfo>
                      <markedForDeletion>false</markedForDeletion>
                      <parentGroup class="org.simbrain.network.subnetworks.SimpleRecurrentNetwork" reference="../../../../../../../../.."/>
                      <sourceNeuronGroup reference="../../.."/>
                      <targetNeuronGroup>
                        <parentNetwork reference="../../../../../../../../../../../.."/>
                        <label>Output layer</label>
                        <stateInfo></stateInfo>
                        <markedForDeletion>false</markedForDeletion>
                        <parentGroup class="org.simbrain.network.subnetworks.SimpleRecurrentNetwork" reference="../../../../../../../../../.."/>
                        <isSpikingNeuronGroup>false</isSpikingNeuronGroup>
                        <neuronList class="java.util.concurrent.CopyOnWriteArrayList" serialization="custom">
                          <java.util.concurrent.CopyOnWriteArrayList>
                            <default/>
                            <int>1</int>
                            <org.simbrain.network.core.Neuron>
                              <updateRule class="org.simbrain.network.neuron_update_rules.SigmoidalRule">
                                <inputType>WEIGHTED</inputType>
                                <increment>0.1</increment>
                                <sFunction>LOGISTIC</sFunction>
                                <bias>-5.696463255170472</bias>
                                <slope>1.0</slope>
                                <noiseGenerator>
                                  <pdf>UNIFORM</pdf>
                                  <param1>0.0</param1>
                                  <param2>1.0</param2>
                                  <upperBound>1.0</upperBound>
                                  <lowerBound>0.0</lowerBound>
                                  <clipping>false</clipping>
                                </noiseGenerator>
                                <addNoise>false</addNoise>
                                <upperBound>1.0</upperBound>
                                <lowerBound>0.0</lowerBound>
                              </updateRule>
                              <id>Neuron_10</id>
                              <label></label>
                              <activation>0.0</activation>
                              <spike>false</spike>
                              <buffer>0.09594739717513003</buffer>
                              <spkBuffer>false</spkBuffer>
                              <inputValue>0.0</inputValue>
                              <parent reference="../../../../../../../../../../../../../../.."/>
                              <generator>false</generator>
                              <x>187.43000091295542</x>
                              <y>-271.01597924026464</y>
                              <z>0.0</z>
                              <clamped>false</clamped>
                              <targetValue>0.0</targetValue>
                              <parentGroup class="org.simbrain.network.groups.NeuronGroup" reference="../../../.."/>
                              <updatePriority>0</updatePriority>
                              <auxValue>0.0</auxValue>
                            </org.simbrain.network.core.Neuron>
                          </java.util.concurrent.CopyOnWriteArrayList>
                        </neuronList>
                        <layout class="org.simbrain.network.layouts.LineLayout">
                          <orientation>HORIZONTAL</orientation>
                          <spacing>50.0</spacing>
                          <initialX>0.0</initialX>
                          <initialY>0.0</initialY>
                        </layout>
                        <incomingSgs>
                          <org.simbrain.network.groups.SynapseGroup reference="../../.."/>
                        </incomingSgs>
                        <outgoingSgs/>
                        <gridThreshold>10</gridThreshold>
                        <betweenNeuronInterval>50</betweenNeuronInterval>
                        <recording>false</recording>
                        <fileNum>0</fileNum>
                      </targetNeuronGroup>
                      <connectionManager class="org.simbrain.network.connections.AllToAll">
                        <selfConnectionAllowed>false</selfConnectionAllowed>
                      </connectionManager>
                      <excitatoryRatio>0.25</excitatoryRatio>
                      <excitatoryPrototype>
                        <learningRule class="org.simbrain.network.synapse_update_rules.StaticSynapseRule">
                          <clipped>false</clipped>
                        </learningRule>
                        <spikeResponder class="org.simbrain.network.synapse_update_rules.spikeresponders.JumpAndDecay" reference="../../../../incomingSgs/org.simbrain.network.groups.SynapseGroup/excitatoryPrototype/spikeResponder"/>
                        <id></id>
                        <strength>0.0</strength>
                        <psr>0.0</psr>
                        <increment>1.0</increment>
                        <upperBound>10.0</upperBound>
                        <lowerBound>-10.0</lowerBound>
                        <delay>0</delay>
                        <enabled>true</enabled>
                        <frozen>false</frozen>
                      </excitatoryPrototype>
                      <inhibitoryPrototype>
                        <learningRule class="org.simbrain.network.synapse_update_rules.StaticSynapseRule">
                          <clipped>false</clipped>
                        </learningRule>
                        <spikeResponder class="org.simbrain.network.synapse_update_rules.spikeresponders.JumpAndDecay" reference="../../../../incomingSgs/org.simbrain.network.groups.SynapseGroup/excitatoryPrototype/spikeResponder"/>
                        <id></id>
                        <strength>0.0</strength>
                        <psr>0.0</psr>
                        <increment>1.0</increment>
                        <upperBound>10.0</upperBound>
                        <lowerBound>-10.0</lowerBound>
                        <delay>0</delay>
                        <enabled>true</enabled>
                        <frozen>false</frozen>
                      </inhibitoryPrototype>
                      <exciteRand reference="../../../incomingSgs/org.simbrain.network.groups.SynapseGroup/exciteRand"/>
                      <inhibRand reference="../../../incomingSgs/org.simbrain.network.groups.SynapseGroup/inhibRand"/>
                      <displaySynapses>false</displaySynapses>
                      <recurrent>false</recurrent>
                      <inStatic>true</inStatic>
                      <exStatic>false</exStatic>
                      <useGroupLevelSettings>true</useGroupLevelSettings>
                      <compressedMatrixRep>AAAABAD/////AP////8A/////wBBJnPRvkbrhsFNRgzBCKXu</compressedMatrixRep>
                    </org.simbrain.network.groups.SynapseGroup>
                  </outgoingSgs>
                  <gridThreshold>10</gridThreshold>
                  <betweenNeuronInterval>50</betweenNeuronInterval>
                  <recording>false</recording>
                  <fileNum>0</fileNum>
                </targetNeuronGroup>
                <connectionManager class="org.simbrain.network.connections.AllToAll">
                  <selfConnectionAllowed>false</selfConnectionAllowed>
                </connectionManager>
                <excitatoryRatio>0.5</excitatoryRatio>
                <excitatoryPrototype>
                  <learningRule class="org.simbrain.network.synapse_update_rules.StaticSynapseRule">
                    <clipped>false</clipped>
                  </learningRule>
                  <spikeResponder class="org.simbrain.network.synapse_update_rules.spikeresponders.JumpAndDecay" reference="../../targetNeuronGroup/incomingSgs/org.simbrain.network.groups.SynapseGroup/excitatoryPrototype/spikeResponder"/>
                  <id></id>
                  <strength>0.0</strength>
                  <psr>0.0</psr>
                  <increment>1.0</increment>
                  <upperBound>10.0</upperBound>
                  <lowerBound>-10.0</lowerBound>
                  <delay>0</delay>
                  <enabled>true</enabled>
                  <frozen>false</frozen>
                </excitatoryPrototype>
                <inhibitoryPrototype>
                  <learningRule class="org.simbrain.network.synapse_update_rules.StaticSynapseRule">
                    <clipped>false</clipped>
                  </learningRule>
                  <spikeResponder class="org.simbrain.network.synapse_update_rules.spikeresponders.JumpAndDecay" reference="../../targetNeuronGroup/incomingSgs/org.simbrain.network.groups.SynapseGroup/excitatoryPrototype/spikeResponder"/>
                  <id></id>
                  <strength>0.0</strength>
                  <psr>0.0</psr>
                  <increment>1.0</increment>
                  <upperBound>10.0</upperBound>
                  <lowerBound>-10.0</lowerBound>
                  <delay>0</delay>
                  <enabled>true</enabled>
                  <frozen>false</frozen>
                </inhibitoryPrototype>
                <exciteRand reference="../targetNeuronGroup/incomingSgs/org.simbrain.network.groups.SynapseGroup/exciteRand"/>
                <inhibRand reference="../targetNeuronGroup/incomingSgs/org.simbrain.network.groups.SynapseGroup/inhibRand"/>
                <displaySynapses>false</displaySynapses>
                <recurrent>false</recurrent>
                <inStatic>true</inStatic>
                <exStatic>false</exStatic>
                <useGroupLevelSettings>true</useGroupLevelSettings>
                <compressedMatrixRep>AAAABAABAgNAcVrNwRkoLsBcU1pBTaBU</compressedMatrixRep>
              </org.simbrain.network.groups.SynapseGroup>
            </outgoingSgs>
            <gridThreshold>10</gridThreshold>
            <betweenNeuronInterval>50</betweenNeuronInterval>
            <recording>false</recording>
            <fileNum>0</fileNum>
          </org.simbrain.network.groups.NeuronGroup>
          <org.simbrain.network.groups.NeuronGroup reference="../org.simbrain.network.groups.NeuronGroup/outgoingSgs/org.simbrain.network.groups.SynapseGroup/targetNeuronGroup"/>
          <org.simbrain.network.groups.NeuronGroup reference="../org.simbrain.network.groups.NeuronGroup/outgoingSgs/org.simbrain.network.groups.SynapseGroup/targetNeuronGroup/incomingSgs/org.simbrain.network.groups.SynapseGroup/sourceNeuronGroup"/>
          <org.simbrain.network.groups.NeuronGroup reference="../org.simbrain.network.groups.NeuronGroup/outgoingSgs/org.simbrain.network.groups.SynapseGroup/targetNeuronGroup/outgoingSgs/org.simbrain.network.groups.SynapseGroup/targetNeuronGroup"/>
        </java.util.concurrent.CopyOnWriteArrayList>
      </neuronGroupList>
      <synapseGroupList class="java.util.concurrent.CopyOnWriteArrayList" serialization="custom">
        <java.util.concurrent.CopyOnWriteArrayList>
          <default/>
          <int>3</int>
          <org.simbrain.network.groups.SynapseGroup reference="../../../neuronGroupList/java.util.concurrent.CopyOnWriteArrayList/org.simbrain.network.groups.NeuronGroup/outgoingSgs/org.simbrain.network.groups.SynapseGroup"/>
          <org.simbrain.network.groups.SynapseGroup reference="../../../neuronGroupList/java.util.concurrent.CopyOnWriteArrayList/org.simbrain.network.groups.NeuronGroup/outgoingSgs/org.simbrain.network.groups.SynapseGroup/targetNeuronGroup/incomingSgs/org.simbrain.network.groups.SynapseGroup"/>
          <org.simbrain.network.groups.SynapseGroup reference="../../../neuronGroupList/java.util.concurrent.CopyOnWriteArrayList/org.simbrain.network.groups.NeuronGroup/outgoingSgs/org.simbrain.network.groups.SynapseGroup/targetNeuronGroup/outgoingSgs/org.simbrain.network.groups.SynapseGroup"/>
        </java.util.concurrent.CopyOnWriteArrayList>
      </synapseGroupList>
      <displayNeuronGroups>true</displayNeuronGroups>
      <numMembers>34</numMembers>
      <contextLayer reference="../neuronGroupList/java.util.concurrent.CopyOnWriteArrayList/org.simbrain.network.groups.NeuronGroup/outgoingSgs/org.simbrain.network.groups.SynapseGroup/targetNeuronGroup/incomingSgs/org.simbrain.network.groups.SynapseGroup/sourceNeuronGroup"/>
      <inputLayer reference="../neuronGroupList/java.util.concurrent.CopyOnWriteArrayList/org.simbrain.network.groups.NeuronGroup"/>
      <hiddenLayer reference="../neuronGroupList/java.util.concurrent.CopyOnWriteArrayList/org.simbrain.network.groups.NeuronGroup/outgoingSgs/org.simbrain.network.groups.SynapseGroup/targetNeuronGroup"/>
      <outputLayer reference="../neuronGroupList/java.util.concurrent.CopyOnWriteArrayList/org.simbrain.network.groups.NeuronGroup/outgoingSgs/org.simbrain.network.groups.SynapseGroup/targetNeuronGroup/outgoingSgs/org.simbrain.network.groups.SynapseGroup/targetNeuronGroup"/>
      <betweenLayerInterval>150</betweenLayerInterval>
      <trainingSet>
        <inputData>
          <double-array>
            <double>0.0</double>
          </double-array>
          <double-array>
            <double>0.0</double>
          </double-array>
          <double-array>
            <double>0.0</double>
          </double-array>
          <double-array>
            <double>1.0</double>
          </double-array>
          <double-array>
            <double>1.0</double>
          </double-array>
          <double-array>
            <double>1.0</double>
          </double-array>
          <double-array>
            <double>1.0</double>
          </double-array>
          <double-array>
            <double>0.0</double>
          </double-array>
          <double-array>
            <double>0.0</double>
          </double-array>
          <double-array>
            <double>0.0</double>
          </double-array>
          <double-array>
            <double>0.0</double>
          </double-array>
          <double-array>
            <double>0.0</double>
          </double-array>
          <double-array>
            <double>0.0</double>
          </double-array>
          <double-array>
            <double>1.0</double>
          </double-array>
          <double-array>
            <double>0.0</double>
          </double-array>
          <double-array>
            <double>0.0</double>
          </double-array>
          <double-array>
            <double>1.0</double>
          </double-array>
          <double-array>
            <double>1.0</double>
          </double-array>
          <double-array>
            <double>0.0</double>
          </double-array>
          <double-array>
            <double>0.0</double>
          </double-array>
        </inputData>
        <targetData>
          <double-array>
            <double>0.0</double>
          </double-array>
          <double-array>
            <double>0.0</double>
          </double-array>
          <double-array>
            <double>0.0</double>
          </double-array>
          <double-array>
            <double>1.0</double>
          </double-array>
          <double-array>
            <double>0.0</double>
          </double-array>
          <double-array>
            <double>0.0</double>
          </double-array>
          <double-array>
            <double>0.0</double>
          </double-array>
          <double-array>
            <double>1.0</double>
          </double-array>
          <double-array>
            <double>0.0</double>
          </double-array>
          <double-array>
            <double>0.0</double>
          </double-array>
          <double-array>
            <double>0.0</double>
          </double-array>
          <double-array>
            <double>0.0</double>
          </double-array>
          <double-array>
            <double>0.0</double>
          </double-array>
          <double-array>
            <double>1.0</double>
          </double-array>
          <double-array>
            <double>1.0</double>
          </double-array>
          <double-array>
            <double>0.0</double>
          </double-array>
          <double-array>
            <double>1.0</double>
          </double-array>
          <double-array>
            <double>0.0</double>
          </double-array>
          <double-array>
            <double>1.0</double>
          </double-array>
          <double-array>
            <double>0.0</double>
          </double-array>
        </targetData>
        <percentValidation>0.25</percentValidation>
      </trainingSet>
    </org.simbrain.network.subnetworks.SimpleRecurrentNetwork>
  </groupList>
  <textList/>
  <updateManager>
    <actionList class="java.util.concurrent.CopyOnWriteArrayList" serialization="custom">
      <java.util.concurrent.CopyOnWriteArrayList>
        <default/>
        <int>2</int>
        <org.simbrain.network.update__actions.BufferedUpdate>
          <network reference="../../../../.."/>
        </org.simbrain.network.update__actions.BufferedUpdate>
        <org.simbrain.network.update__actions.UpdateGroup>
          <group class="org.simbrain.network.subnetworks.SimpleRecurrentNetwork" reference="../../../../../groupList/org.simbrain.network.subnetworks.SimpleRecurrentNetwork"/>
        </org.simbrain.network.update__actions.UpdateGroup>
      </java.util.concurrent.CopyOnWriteArrayList>
    </actionList>
    <network reference="../.."/>
  </updateManager>
  <time>0.0</time>
  <timeStep>0.1</timeStep>
  <timeType>DISCRETE</timeType>
  <prioritySortedNeuronList/>
  <priorityComparator>
    <outer-class reference="../.."/>
  </priorityComparator>
  <neuronIdGenerator>
    <rootName>Neuron</rootName>
    <index>11</index>
  </neuronIdGenerator>
  <synapseIdGenerator>
    <rootName>Synapse</rootName>
    <index>73</index>
  </synapseIdGenerator>
  <groupIdGenerator>
    <rootName>Group</rootName>
    <index>2</index>
  </groupIdGenerator>
</org.simbrain.network.core.Network>