<html>
<body>
<h1>SRN Net (XOR in time)</h1>
<br>
<a href ="https://web.stanford.edu/group/pdplab/pdphandbook/handbookch8.html">SRN 
networks</a> (or Simple Recurrent Networks) 
learn dynamical patterns in input data.
<br>
This network has been trained to solve the XOR
problem in time.   If it receives a 1 followed
by a 1 it returns 0, for example, and if 
it receives a 1 followed by a 0 it returns 1.
It is a bit like an edge or change detector
in time, turning on only when inputs
change.
<h2>Using this simulation</h2>
Double click on the top interaction box
labelled "SRN", go to the
validate tab to click through the training 
samples by clicking on the "test row" button.
At each iteration confirm that the 
correct output is produced.
</body>
</html>
