<org.simbrain.network.core.Network>
  <looseNeurons/>
  <looseSynapses class="linked-hash-set">
    <org.simbrain.network.core.Synapse>
      <strength>-6.233049461659377</strength>
      <parentNetwork reference="../../.."/>
      <source>
        <updateRule class="org.simbrain.network.neuron_update_rules.NakaRushtonRule">
          <steepness>2.0</steepness>
          <semiSaturationConstant>120.0</semiSaturationConstant>
          <adaptationTimeConstant>1.0</adaptationTimeConstant>
          <adaptationParameter>0.7</adaptationParameter>
          <useAdaptation>false</useAdaptation>
          <timeConstant>1.0</timeConstant>
          <noiseGenerator class="org.simbrain.util.math.ProbDistributions.UniformDistribution">
            <floor>0.0</floor>
            <ceil>1.0</ceil>
            <polarity>BOTH</polarity>
          </noiseGenerator>
          <addNoise>false</addNoise>
          <s>0.0</s>
          <a>0.0</a>
          <upperBound>100.0</upperBound>
          <lowerBound>0.0</lowerBound>
        </updateRule>
        <id>Neuron_10</id>
        <label></label>
        <activation>0.0022845927492123716</activation>
        <increment>0.1</increment>
        <spike>false</spike>
        <buffer>0.0022845927492123716</buffer>
        <spkBuffer>false</spkBuffer>
        <inputValue>0.0</inputValue>
        <parent reference="../../../.."/>
        <x>50.0</x>
        <y>50.0</y>
        <z>0.0</z>
        <clamped>false</clamped>
        <polarity>BOTH</polarity>
        <targetValue>0.0</targetValue>
        <lastActivation>0.0025384363880137464</lastActivation>
        <parentGroup class="org.simbrain.network.groups.NeuronGroup">
          <parentNetwork reference="../../../../.."/>
          <id>Group_2</id>
          <label>Group_1</label>
          <stateInfo></stateInfo>
          <markedForDeletion>false</markedForDeletion>
          <neuronList>
            <org.simbrain.network.core.Neuron reference="../../.."/>
            <org.simbrain.network.core.Neuron>
              <updateRule class="org.simbrain.network.neuron_update_rules.NakaRushtonRule">
                <steepness>2.0</steepness>
                <semiSaturationConstant>120.0</semiSaturationConstant>
                <adaptationTimeConstant>1.0</adaptationTimeConstant>
                <adaptationParameter>0.7</adaptationParameter>
                <useAdaptation>false</useAdaptation>
                <timeConstant>1.0</timeConstant>
                <noiseGenerator class="org.simbrain.util.math.ProbDistributions.UniformDistribution">
                  <floor>0.0</floor>
                  <ceil>1.0</ceil>
                  <polarity>BOTH</polarity>
                </noiseGenerator>
                <addNoise>false</addNoise>
                <s>0.0</s>
                <a>0.0</a>
                <upperBound>100.0</upperBound>
                <lowerBound>0.0</lowerBound>
              </updateRule>
              <id>Neuron_11</id>
              <label></label>
              <activation>0.04306966697938443</activation>
              <increment>0.1</increment>
              <spike>false</spike>
              <buffer>0.04306966697938443</buffer>
              <spkBuffer>false</spkBuffer>
              <inputValue>0.0</inputValue>
              <parent reference="../../../../../../.."/>
              <x>100.0</x>
              <y>50.0</y>
              <z>0.0</z>
              <clamped>false</clamped>
              <polarity>BOTH</polarity>
              <targetValue>0.0</targetValue>
              <lastActivation>0.047855185532649364</lastActivation>
              <parentGroup class="org.simbrain.network.groups.NeuronGroup" reference="../../.."/>
              <updatePriority>0</updatePriority>
              <auxValue>0.0</auxValue>
            </org.simbrain.network.core.Neuron>
            <org.simbrain.network.core.Neuron>
              <updateRule class="org.simbrain.network.neuron_update_rules.NakaRushtonRule">
                <steepness>2.0</steepness>
                <semiSaturationConstant>120.0</semiSaturationConstant>
                <adaptationTimeConstant>1.0</adaptationTimeConstant>
                <adaptationParameter>0.7</adaptationParameter>
                <useAdaptation>false</useAdaptation>
                <timeConstant>1.0</timeConstant>
                <noiseGenerator class="org.simbrain.util.math.ProbDistributions.UniformDistribution">
                  <floor>0.0</floor>
                  <ceil>1.0</ceil>
                  <polarity>BOTH</polarity>
                </noiseGenerator>
                <addNoise>false</addNoise>
                <s>97.95028971593105</s>
                <a>0.0</a>
                <upperBound>100.0</upperBound>
                <lowerBound>0.0</lowerBound>
              </updateRule>
              <id>Neuron_12</id>
              <label></label>
              <activation>97.85314577437403</activation>
              <increment>0.1</increment>
              <spike>false</spike>
              <buffer>97.85314577437403</buffer>
              <spkBuffer>false</spkBuffer>
              <inputValue>0.0</inputValue>
              <parent reference="../../../../../../.."/>
              <x>150.0</x>
              <y>50.0</y>
              <z>0.0</z>
              <clamped>false</clamped>
              <polarity>BOTH</polarity>
              <targetValue>0.0</targetValue>
              <lastActivation>97.84235200308991</lastActivation>
              <parentGroup class="org.simbrain.network.groups.NeuronGroup" reference="../../.."/>
              <updatePriority>0</updatePriority>
              <auxValue>0.0</auxValue>
            </org.simbrain.network.core.Neuron>
            <org.simbrain.network.core.Neuron>
              <updateRule class="org.simbrain.network.neuron_update_rules.NakaRushtonRule">
                <steepness>2.0</steepness>
                <semiSaturationConstant>120.0</semiSaturationConstant>
                <adaptationTimeConstant>1.0</adaptationTimeConstant>
                <adaptationParameter>0.7</adaptationParameter>
                <useAdaptation>false</useAdaptation>
                <timeConstant>1.0</timeConstant>
                <noiseGenerator class="org.simbrain.util.math.ProbDistributions.UniformDistribution">
                  <floor>0.0</floor>
                  <ceil>1.0</ceil>
                  <polarity>BOTH</polarity>
                </noiseGenerator>
                <addNoise>false</addNoise>
                <s>45.85260853286886</s>
                <a>0.0</a>
                <upperBound>100.0</upperBound>
                <lowerBound>0.0</lowerBound>
              </updateRule>
              <id>Neuron_13</id>
              <label></label>
              <activation>46.74559358922023</activation>
              <increment>0.1</increment>
              <spike>false</spike>
              <buffer>46.74559358922023</buffer>
              <spkBuffer>false</spkBuffer>
              <inputValue>0.0</inputValue>
              <parent reference="../../../../../../.."/>
              <x>50.0</x>
              <y>100.0</y>
              <z>0.0</z>
              <clamped>false</clamped>
              <polarity>BOTH</polarity>
              <targetValue>0.0</targetValue>
              <lastActivation>46.84481415103705</lastActivation>
              <parentGroup class="org.simbrain.network.groups.NeuronGroup" reference="../../.."/>
              <updatePriority>0</updatePriority>
              <auxValue>0.0</auxValue>
            </org.simbrain.network.core.Neuron>
            <org.simbrain.network.core.Neuron>
              <updateRule class="org.simbrain.network.neuron_update_rules.NakaRushtonRule">
                <steepness>2.0</steepness>
                <semiSaturationConstant>120.0</semiSaturationConstant>
                <adaptationTimeConstant>1.0</adaptationTimeConstant>
                <adaptationParameter>0.7</adaptationParameter>
                <useAdaptation>false</useAdaptation>
                <timeConstant>1.0</timeConstant>
                <noiseGenerator class="org.simbrain.util.math.ProbDistributions.UniformDistribution">
                  <floor>0.0</floor>
                  <ceil>1.0</ceil>
                  <polarity>BOTH</polarity>
                </noiseGenerator>
                <addNoise>false</addNoise>
                <s>98.70165329769475</s>
                <a>0.0</a>
                <upperBound>100.0</upperBound>
                <lowerBound>0.0</lowerBound>
              </updateRule>
              <id>Neuron_14</id>
              <label></label>
              <activation>98.581182192553</activation>
              <increment>0.1</increment>
              <spike>false</spike>
              <buffer>98.581182192553</buffer>
              <spkBuffer>false</spkBuffer>
              <inputValue>0.0</inputValue>
              <parent reference="../../../../../../.."/>
              <x>100.0</x>
              <y>100.0</y>
              <z>0.0</z>
              <clamped>false</clamped>
              <polarity>BOTH</polarity>
              <targetValue>0.0</targetValue>
              <lastActivation>98.56779651420392</lastActivation>
              <parentGroup class="org.simbrain.network.groups.NeuronGroup" reference="../../.."/>
              <updatePriority>0</updatePriority>
              <auxValue>0.0</auxValue>
            </org.simbrain.network.core.Neuron>
            <org.simbrain.network.core.Neuron>
              <updateRule class="org.simbrain.network.neuron_update_rules.NakaRushtonRule">
                <steepness>2.0</steepness>
                <semiSaturationConstant>120.0</semiSaturationConstant>
                <adaptationTimeConstant>1.0</adaptationTimeConstant>
                <adaptationParameter>0.7</adaptationParameter>
                <useAdaptation>false</useAdaptation>
                <timeConstant>1.0</timeConstant>
                <noiseGenerator class="org.simbrain.util.math.ProbDistributions.UniformDistribution">
                  <floor>0.0</floor>
                  <ceil>1.0</ceil>
                  <polarity>BOTH</polarity>
                </noiseGenerator>
                <addNoise>false</addNoise>
                <s>0.0</s>
                <a>0.0</a>
                <upperBound>100.0</upperBound>
                <lowerBound>0.0</lowerBound>
              </updateRule>
              <id>Neuron_15</id>
              <label></label>
              <activation>0.027181720791302703</activation>
              <increment>0.1</increment>
              <spike>false</spike>
              <buffer>0.027181720791302703</buffer>
              <spkBuffer>false</spkBuffer>
              <inputValue>0.0</inputValue>
              <parent reference="../../../../../../.."/>
              <x>150.0</x>
              <y>100.0</y>
              <z>0.0</z>
              <clamped>false</clamped>
              <polarity>BOTH</polarity>
              <targetValue>0.0</targetValue>
              <lastActivation>0.030201911990336335</lastActivation>
              <parentGroup class="org.simbrain.network.groups.NeuronGroup" reference="../../.."/>
              <updatePriority>0</updatePriority>
              <auxValue>0.0</auxValue>
            </org.simbrain.network.core.Neuron>
            <org.simbrain.network.core.Neuron>
              <updateRule class="org.simbrain.network.neuron_update_rules.NakaRushtonRule">
                <steepness>2.0</steepness>
                <semiSaturationConstant>120.0</semiSaturationConstant>
                <adaptationTimeConstant>1.0</adaptationTimeConstant>
                <adaptationParameter>0.7</adaptationParameter>
                <useAdaptation>false</useAdaptation>
                <timeConstant>1.0</timeConstant>
                <noiseGenerator class="org.simbrain.util.math.ProbDistributions.UniformDistribution">
                  <floor>0.0</floor>
                  <ceil>1.0</ceil>
                  <polarity>BOTH</polarity>
                </noiseGenerator>
                <addNoise>false</addNoise>
                <s>0.0</s>
                <a>0.0</a>
                <upperBound>100.0</upperBound>
                <lowerBound>0.0</lowerBound>
              </updateRule>
              <id>Neuron_16</id>
              <label></label>
              <activation>0.054002929242337266</activation>
              <increment>0.1</increment>
              <spike>false</spike>
              <buffer>0.054002929242337266</buffer>
              <spkBuffer>false</spkBuffer>
              <inputValue>0.0</inputValue>
              <parent reference="../../../../../../.."/>
              <x>50.0</x>
              <y>150.0</y>
              <z>0.0</z>
              <clamped>false</clamped>
              <polarity>BOTH</polarity>
              <targetValue>0.0</targetValue>
              <lastActivation>0.06000325471370807</lastActivation>
              <parentGroup class="org.simbrain.network.groups.NeuronGroup" reference="../../.."/>
              <updatePriority>0</updatePriority>
              <auxValue>0.0</auxValue>
            </org.simbrain.network.core.Neuron>
            <org.simbrain.network.core.Neuron>
              <updateRule class="org.simbrain.network.neuron_update_rules.NakaRushtonRule">
                <steepness>2.0</steepness>
                <semiSaturationConstant>120.0</semiSaturationConstant>
                <adaptationTimeConstant>1.0</adaptationTimeConstant>
                <adaptationParameter>0.7</adaptationParameter>
                <useAdaptation>false</useAdaptation>
                <timeConstant>1.0</timeConstant>
                <noiseGenerator class="org.simbrain.util.math.ProbDistributions.UniformDistribution">
                  <floor>0.0</floor>
                  <ceil>1.0</ceil>
                  <polarity>BOTH</polarity>
                </noiseGenerator>
                <addNoise>false</addNoise>
                <s>85.17917156976789</s>
                <a>0.0</a>
                <upperBound>100.0</upperBound>
                <lowerBound>0.0</lowerBound>
              </updateRule>
              <id>Neuron_17</id>
              <label></label>
              <activation>85.56428852756848</activation>
              <increment>0.1</increment>
              <spike>false</spike>
              <buffer>85.56428852756848</buffer>
              <spkBuffer>false</spkBuffer>
              <inputValue>0.0</inputValue>
              <parent reference="../../../../../../.."/>
              <x>100.0</x>
              <y>150.0</y>
              <z>0.0</z>
              <clamped>false</clamped>
              <polarity>BOTH</polarity>
              <targetValue>0.0</targetValue>
              <lastActivation>85.60707930065743</lastActivation>
              <parentGroup class="org.simbrain.network.groups.NeuronGroup" reference="../../.."/>
              <updatePriority>0</updatePriority>
              <auxValue>0.0</auxValue>
            </org.simbrain.network.core.Neuron>
            <org.simbrain.network.core.Neuron>
              <updateRule class="org.simbrain.network.neuron_update_rules.NakaRushtonRule">
                <steepness>2.0</steepness>
                <semiSaturationConstant>120.0</semiSaturationConstant>
                <adaptationTimeConstant>1.0</adaptationTimeConstant>
                <adaptationParameter>0.7</adaptationParameter>
                <useAdaptation>false</useAdaptation>
                <timeConstant>1.0</timeConstant>
                <noiseGenerator class="org.simbrain.util.math.ProbDistributions.UniformDistribution">
                  <floor>0.0</floor>
                  <ceil>1.0</ceil>
                  <polarity>BOTH</polarity>
                </noiseGenerator>
                <addNoise>false</addNoise>
                <s>99.6604193882456</s>
                <a>0.0</a>
                <upperBound>100.0</upperBound>
                <lowerBound>0.0</lowerBound>
              </updateRule>
              <id>Neuron_18</id>
              <label></label>
              <activation>99.640794092468</activation>
              <increment>0.1</increment>
              <spike>false</spike>
              <buffer>99.640794092468</buffer>
              <spkBuffer>false</spkBuffer>
              <inputValue>0.0</inputValue>
              <parent reference="../../../../../../.."/>
              <x>150.0</x>
              <y>150.0</y>
              <z>0.0</z>
              <clamped>false</clamped>
              <polarity>BOTH</polarity>
              <targetValue>0.0</targetValue>
              <lastActivation>99.63861350404827</lastActivation>
              <parentGroup class="org.simbrain.network.groups.NeuronGroup" reference="../../.."/>
              <updatePriority>0</updatePriority>
              <auxValue>0.0</auxValue>
            </org.simbrain.network.core.Neuron>
          </neuronList>
          <activations defined-in="org.simbrain.network.groups.AbstractNeuronCollection">
            <double>0.0025384363880137464</double>
            <double>0.047855185532649364</double>
            <double>97.84235200308991</double>
            <double>46.84481415103705</double>
            <double>98.56779651420392</double>
            <double>0.030201911990336335</double>
            <double>0.06000325471370807</double>
            <double>85.60707930065743</double>
            <double>99.63861350404827</double>
          </activations>
          <isSpikingNeuronGroup>false</isSpikingNeuronGroup>
          <layout>
            <layout class="org.simbrain.network.layouts.GridLayout">
              <initialX>50.0</initialX>
              <initialY>150.0</initialY>
              <hSpacing>50.0</hSpacing>
              <vSpacing>50.0</vSpacing>
              <autoColumns>true</autoColumns>
              <numColumns>3</numColumns>
            </layout>
          </layout>
          <incomingSgs/>
          <outgoingSgs/>
          <gridThreshold>10</gridThreshold>
          <betweenNeuronInterval>50</betweenNeuronInterval>
          <recordAsSpikes>false</recordAsSpikes>
          <recording>false</recording>
          <inputMode>false</inputMode>
          <inputIndex>0</inputIndex>
          <writeCounter>0</writeCounter>
          <numSubSamples>100</numSubSamples>
          <subSampledValues/>
          <activations>
            <double>23.026654758000614</double>
            <double>47.67375929404037</double>
            <double>61.595777616464616</double>
            <double>39.947930488613444</double>
            <double>51.30954919048116</double>
            <double>0.22898439493407596</double>
            <double>28.417488388137812</double>
            <double>74.02870040945835</double>
            <double>79.21803872322629</double>
          </activations>
          <subsamplingIndices/>
        </parentGroup>
        <updatePriority>0</updatePriority>
        <auxValue>0.0</auxValue>
      </source>
      <target reference="../source/parentGroup/neuronList/org.simbrain.network.core.Neuron[2]"/>
      <learningRule class="org.simbrain.network.synapse_update_rules.StaticSynapseRule">
        <clipped>false</clipped>
      </learningRule>
      <spikeResponder class="org.simbrain.network.synapse_update_rules.spikeresponders.NonResponder">
        <value>0.0</value>
      </spikeResponder>
      <id>Synapse_1</id>
      <psr>-0.015822199561765653</psr>
      <increment>1.0</increment>
      <upperBound>10.0</upperBound>
      <lowerBound>-10.0</lowerBound>
      <delay>0</delay>
      <enabled>true</enabled>
      <frozen>false</frozen>
      <dlyPtr>0</dlyPtr>
      <dlyVal>0.0</dlyVal>
      <isTemplate>false</isTemplate>
    </org.simbrain.network.core.Synapse>
    <org.simbrain.network.core.Synapse>
      <strength>7.744420907983923</strength>
      <parentNetwork reference="../../.."/>
      <source reference="../../org.simbrain.network.core.Synapse/source"/>
      <target reference="../../org.simbrain.network.core.Synapse/source/parentGroup/neuronList/org.simbrain.network.core.Neuron[3]"/>
      <learningRule class="org.simbrain.network.synapse_update_rules.StaticSynapseRule" reference="../../org.simbrain.network.core.Synapse/learningRule"/>
      <spikeResponder class="org.simbrain.network.synapse_update_rules.spikeresponders.NonResponder">
        <value>0.0</value>
      </spikeResponder>
      <id>Synapse_2</id>
      <psr>0.019658719836920847</psr>
      <increment>1.0</increment>
      <upperBound>10.0</upperBound>
      <lowerBound>-10.0</lowerBound>
      <delay>0</delay>
      <enabled>true</enabled>
      <frozen>false</frozen>
      <dlyPtr>0</dlyPtr>
      <dlyVal>0.0</dlyVal>
      <isTemplate>false</isTemplate>
    </org.simbrain.network.core.Synapse>
    <org.simbrain.network.core.Synapse>
      <strength>-5.4772199840253855</strength>
      <parentNetwork reference="../../.."/>
      <source reference="../../org.simbrain.network.core.Synapse/source"/>
      <target reference="../../org.simbrain.network.core.Synapse/source/parentGroup/neuronList/org.simbrain.network.core.Neuron[4]"/>
      <learningRule class="org.simbrain.network.synapse_update_rules.StaticSynapseRule" reference="../../org.simbrain.network.core.Synapse/learningRule"/>
      <spikeResponder class="org.simbrain.network.synapse_update_rules.spikeresponders.NonResponder">
        <value>0.0</value>
      </spikeResponder>
      <id>Synapse_3</id>
      <psr>-0.013903574512606109</psr>
      <increment>1.0</increment>
      <upperBound>10.0</upperBound>
      <lowerBound>-10.0</lowerBound>
      <delay>0</delay>
      <enabled>true</enabled>
      <frozen>false</frozen>
      <dlyPtr>0</dlyPtr>
      <dlyVal>0.0</dlyVal>
      <isTemplate>false</isTemplate>
    </org.simbrain.network.core.Synapse>
    <org.simbrain.network.core.Synapse>
      <strength>2.540455298901387</strength>
      <parentNetwork reference="../../.."/>
      <source reference="../../org.simbrain.network.core.Synapse/source"/>
      <target reference="../../org.simbrain.network.core.Synapse/source/parentGroup/neuronList/org.simbrain.network.core.Neuron[5]"/>
      <learningRule class="org.simbrain.network.synapse_update_rules.StaticSynapseRule" reference="../../org.simbrain.network.core.Synapse/learningRule"/>
      <spikeResponder class="org.simbrain.network.synapse_update_rules.spikeresponders.NonResponder">
        <value>0.0</value>
      </spikeResponder>
      <id>Synapse_4</id>
      <psr>0.006448784172853619</psr>
      <increment>1.0</increment>
      <upperBound>10.0</upperBound>
      <lowerBound>-10.0</lowerBound>
      <delay>0</delay>
      <enabled>true</enabled>
      <frozen>false</frozen>
      <dlyPtr>0</dlyPtr>
      <dlyVal>0.0</dlyVal>
      <isTemplate>false</isTemplate>
    </org.simbrain.network.core.Synapse>
    <org.simbrain.network.core.Synapse>
      <strength>-9.007127142412003</strength>
      <parentNetwork reference="../../.."/>
      <source reference="../../org.simbrain.network.core.Synapse/source"/>
      <target reference="../../org.simbrain.network.core.Synapse/source/parentGroup/neuronList/org.simbrain.network.core.Neuron[6]"/>
      <learningRule class="org.simbrain.network.synapse_update_rules.StaticSynapseRule" reference="../../org.simbrain.network.core.Synapse/learningRule"/>
      <spikeResponder class="org.simbrain.network.synapse_update_rules.spikeresponders.NonResponder">
        <value>0.0</value>
      </spikeResponder>
      <id>Synapse_5</id>
      <psr>-0.022864019289764902</psr>
      <increment>1.0</increment>
      <upperBound>10.0</upperBound>
      <lowerBound>-10.0</lowerBound>
      <delay>0</delay>
      <enabled>true</enabled>
      <frozen>false</frozen>
      <dlyPtr>0</dlyPtr>
      <dlyVal>0.0</dlyVal>
      <isTemplate>false</isTemplate>
    </org.simbrain.network.core.Synapse>
    <org.simbrain.network.core.Synapse>
      <strength>9.977350780914335</strength>
      <parentNetwork reference="../../.."/>
      <source reference="../../org.simbrain.network.core.Synapse/source"/>
      <target reference="../../org.simbrain.network.core.Synapse/source/parentGroup/neuronList/org.simbrain.network.core.Neuron[7]"/>
      <learningRule class="org.simbrain.network.synapse_update_rules.StaticSynapseRule" reference="../../org.simbrain.network.core.Synapse/learningRule"/>
      <spikeResponder class="org.simbrain.network.synapse_update_rules.spikeresponders.NonResponder">
        <value>0.0</value>
      </spikeResponder>
      <id>Synapse_6</id>
      <psr>0.025326870278250316</psr>
      <increment>1.0</increment>
      <upperBound>10.0</upperBound>
      <lowerBound>-10.0</lowerBound>
      <delay>0</delay>
      <enabled>true</enabled>
      <frozen>false</frozen>
      <dlyPtr>0</dlyPtr>
      <dlyVal>0.0</dlyVal>
      <isTemplate>false</isTemplate>
    </org.simbrain.network.core.Synapse>
    <org.simbrain.network.core.Synapse>
      <strength>-7.03518658714165</strength>
      <parentNetwork reference="../../.."/>
      <source reference="../../org.simbrain.network.core.Synapse/source"/>
      <target reference="../../org.simbrain.network.core.Synapse/source/parentGroup/neuronList/org.simbrain.network.core.Neuron[8]"/>
      <learningRule class="org.simbrain.network.synapse_update_rules.StaticSynapseRule" reference="../../org.simbrain.network.core.Synapse/learningRule"/>
      <spikeResponder class="org.simbrain.network.synapse_update_rules.spikeresponders.NonResponder">
        <value>0.0</value>
      </spikeResponder>
      <id>Synapse_7</id>
      <psr>-0.017858373629266608</psr>
      <increment>1.0</increment>
      <upperBound>10.0</upperBound>
      <lowerBound>-10.0</lowerBound>
      <delay>0</delay>
      <enabled>true</enabled>
      <frozen>false</frozen>
      <dlyPtr>0</dlyPtr>
      <dlyVal>0.0</dlyVal>
      <isTemplate>false</isTemplate>
    </org.simbrain.network.core.Synapse>
    <org.simbrain.network.core.Synapse>
      <strength>1.09848796249773</strength>
      <parentNetwork reference="../../.."/>
      <source reference="../../org.simbrain.network.core.Synapse/source"/>
      <target reference="../../org.simbrain.network.core.Synapse/source/parentGroup/neuronList/org.simbrain.network.core.Neuron[9]"/>
      <learningRule class="org.simbrain.network.synapse_update_rules.StaticSynapseRule" reference="../../org.simbrain.network.core.Synapse/learningRule"/>
      <spikeResponder class="org.simbrain.network.synapse_update_rules.spikeresponders.NonResponder">
        <value>0.0</value>
      </spikeResponder>
      <id>Synapse_8</id>
      <psr>0.0027884418157993174</psr>
      <increment>1.0</increment>
      <upperBound>10.0</upperBound>
      <lowerBound>-10.0</lowerBound>
      <delay>0</delay>
      <enabled>true</enabled>
      <frozen>false</frozen>
      <dlyPtr>0</dlyPtr>
      <dlyVal>0.0</dlyVal>
      <isTemplate>false</isTemplate>
    </org.simbrain.network.core.Synapse>
    <org.simbrain.network.core.Synapse>
      <strength>-2.1094653381108692</strength>
      <parentNetwork reference="../../.."/>
      <source reference="../../org.simbrain.network.core.Synapse/source/parentGroup/neuronList/org.simbrain.network.core.Neuron[2]"/>
      <target reference="../../org.simbrain.network.core.Synapse/source"/>
      <learningRule class="org.simbrain.network.synapse_update_rules.StaticSynapseRule" reference="../../org.simbrain.network.core.Synapse/learningRule"/>
      <spikeResponder class="org.simbrain.network.synapse_update_rules.spikeresponders.NonResponder">
        <value>0.0</value>
      </spikeResponder>
      <id>Synapse_9</id>
      <psr>-0.10094885512998857</psr>
      <increment>1.0</increment>
      <upperBound>10.0</upperBound>
      <lowerBound>-10.0</lowerBound>
      <delay>0</delay>
      <enabled>true</enabled>
      <frozen>false</frozen>
      <dlyPtr>0</dlyPtr>
      <dlyVal>0.0</dlyVal>
      <isTemplate>false</isTemplate>
    </org.simbrain.network.core.Synapse>
    <org.simbrain.network.core.Synapse>
      <strength>5.485968737391442</strength>
      <parentNetwork reference="../../.."/>
      <source reference="../../org.simbrain.network.core.Synapse/source/parentGroup/neuronList/org.simbrain.network.core.Neuron[2]"/>
      <target reference="../../org.simbrain.network.core.Synapse/source/parentGroup/neuronList/org.simbrain.network.core.Neuron[3]"/>
      <learningRule class="org.simbrain.network.synapse_update_rules.StaticSynapseRule" reference="../../org.simbrain.network.core.Synapse/learningRule"/>
      <spikeResponder class="org.simbrain.network.synapse_update_rules.spikeresponders.NonResponder">
        <value>0.0</value>
      </spikeResponder>
      <id>Synapse_10</id>
      <psr>0.26253205175418165</psr>
      <increment>1.0</increment>
      <upperBound>10.0</upperBound>
      <lowerBound>-10.0</lowerBound>
      <delay>0</delay>
      <enabled>true</enabled>
      <frozen>false</frozen>
      <dlyPtr>0</dlyPtr>
      <dlyVal>0.0</dlyVal>
      <isTemplate>false</isTemplate>
    </org.simbrain.network.core.Synapse>
    <org.simbrain.network.core.Synapse>
      <strength>-8.436896071097411</strength>
      <parentNetwork reference="../../.."/>
      <source reference="../../org.simbrain.network.core.Synapse/source/parentGroup/neuronList/org.simbrain.network.core.Neuron[2]"/>
      <target reference="../../org.simbrain.network.core.Synapse/source/parentGroup/neuronList/org.simbrain.network.core.Neuron[4]"/>
      <learningRule class="org.simbrain.network.synapse_update_rules.StaticSynapseRule" reference="../../org.simbrain.network.core.Synapse/learningRule"/>
      <spikeResponder class="org.simbrain.network.synapse_update_rules.spikeresponders.NonResponder">
        <value>0.0</value>
      </spikeResponder>
      <id>Synapse_11</id>
      <psr>-0.4037492268020471</psr>
      <increment>1.0</increment>
      <upperBound>10.0</upperBound>
      <lowerBound>-10.0</lowerBound>
      <delay>0</delay>
      <enabled>true</enabled>
      <frozen>false</frozen>
      <dlyPtr>0</dlyPtr>
      <dlyVal>0.0</dlyVal>
      <isTemplate>false</isTemplate>
    </org.simbrain.network.core.Synapse>
    <org.simbrain.network.core.Synapse>
      <strength>-5.754972942365324</strength>
      <parentNetwork reference="../../.."/>
      <source reference="../../org.simbrain.network.core.Synapse/source/parentGroup/neuronList/org.simbrain.network.core.Neuron[2]"/>
      <target reference="../../org.simbrain.network.core.Synapse/source/parentGroup/neuronList/org.simbrain.network.core.Neuron[5]"/>
      <learningRule class="org.simbrain.network.synapse_update_rules.StaticSynapseRule" reference="../../org.simbrain.network.core.Synapse/learningRule"/>
      <spikeResponder class="org.simbrain.network.synapse_update_rules.spikeresponders.NonResponder">
        <value>0.0</value>
      </spikeResponder>
      <id>Synapse_12</id>
      <psr>-0.2754052978922696</psr>
      <increment>1.0</increment>
      <upperBound>10.0</upperBound>
      <lowerBound>-10.0</lowerBound>
      <delay>0</delay>
      <enabled>true</enabled>
      <frozen>false</frozen>
      <dlyPtr>0</dlyPtr>
      <dlyVal>0.0</dlyVal>
      <isTemplate>false</isTemplate>
    </org.simbrain.network.core.Synapse>
    <org.simbrain.network.core.Synapse>
      <strength>9.859622798295518</strength>
      <parentNetwork reference="../../.."/>
      <source reference="../../org.simbrain.network.core.Synapse/source/parentGroup/neuronList/org.simbrain.network.core.Neuron[2]"/>
      <target reference="../../org.simbrain.network.core.Synapse/source/parentGroup/neuronList/org.simbrain.network.core.Neuron[6]"/>
      <learningRule class="org.simbrain.network.synapse_update_rules.StaticSynapseRule" reference="../../org.simbrain.network.core.Synapse/learningRule"/>
      <spikeResponder class="org.simbrain.network.synapse_update_rules.spikeresponders.NonResponder">
        <value>0.0</value>
      </spikeResponder>
      <id>Synapse_13</id>
      <psr>0.4718340782943715</psr>
      <increment>1.0</increment>
      <upperBound>10.0</upperBound>
      <lowerBound>-10.0</lowerBound>
      <delay>0</delay>
      <enabled>true</enabled>
      <frozen>false</frozen>
      <dlyPtr>0</dlyPtr>
      <dlyVal>0.0</dlyVal>
      <isTemplate>false</isTemplate>
    </org.simbrain.network.core.Synapse>
    <org.simbrain.network.core.Synapse>
      <strength>-5.643198568947049</strength>
      <parentNetwork reference="../../.."/>
      <source reference="../../org.simbrain.network.core.Synapse/source/parentGroup/neuronList/org.simbrain.network.core.Neuron[2]"/>
      <target reference="../../org.simbrain.network.core.Synapse/source/parentGroup/neuronList/org.simbrain.network.core.Neuron[7]"/>
      <learningRule class="org.simbrain.network.synapse_update_rules.StaticSynapseRule" reference="../../org.simbrain.network.core.Synapse/learningRule"/>
      <spikeResponder class="org.simbrain.network.synapse_update_rules.spikeresponders.NonResponder">
        <value>0.0</value>
      </spikeResponder>
      <id>Synapse_14</id>
      <psr>-0.27005631451454243</psr>
      <increment>1.0</increment>
      <upperBound>10.0</upperBound>
      <lowerBound>-10.0</lowerBound>
      <delay>0</delay>
      <enabled>true</enabled>
      <frozen>false</frozen>
      <dlyPtr>0</dlyPtr>
      <dlyVal>0.0</dlyVal>
      <isTemplate>false</isTemplate>
    </org.simbrain.network.core.Synapse>
    <org.simbrain.network.core.Synapse>
      <strength>-3.0348290330347716</strength>
      <parentNetwork reference="../../.."/>
      <source reference="../../org.simbrain.network.core.Synapse/source/parentGroup/neuronList/org.simbrain.network.core.Neuron[2]"/>
      <target reference="../../org.simbrain.network.core.Synapse/source/parentGroup/neuronList/org.simbrain.network.core.Neuron[8]"/>
      <learningRule class="org.simbrain.network.synapse_update_rules.StaticSynapseRule" reference="../../org.simbrain.network.core.Synapse/learningRule"/>
      <spikeResponder class="org.simbrain.network.synapse_update_rules.spikeresponders.NonResponder">
        <value>0.0</value>
      </spikeResponder>
      <id>Synapse_15</id>
      <psr>-0.14523230643574986</psr>
      <increment>1.0</increment>
      <upperBound>10.0</upperBound>
      <lowerBound>-10.0</lowerBound>
      <delay>0</delay>
      <enabled>true</enabled>
      <frozen>false</frozen>
      <dlyPtr>0</dlyPtr>
      <dlyVal>0.0</dlyVal>
      <isTemplate>false</isTemplate>
    </org.simbrain.network.core.Synapse>
    <org.simbrain.network.core.Synapse>
      <strength>0.36773263495154396</strength>
      <parentNetwork reference="../../.."/>
      <source reference="../../org.simbrain.network.core.Synapse/source/parentGroup/neuronList/org.simbrain.network.core.Neuron[2]"/>
      <target reference="../../org.simbrain.network.core.Synapse/source/parentGroup/neuronList/org.simbrain.network.core.Neuron[9]"/>
      <learningRule class="org.simbrain.network.synapse_update_rules.StaticSynapseRule" reference="../../org.simbrain.network.core.Synapse/learningRule"/>
      <spikeResponder class="org.simbrain.network.synapse_update_rules.spikeresponders.NonResponder">
        <value>0.0</value>
      </spikeResponder>
      <id>Synapse_16</id>
      <psr>0.017597913472016155</psr>
      <increment>1.0</increment>
      <upperBound>10.0</upperBound>
      <lowerBound>-10.0</lowerBound>
      <delay>0</delay>
      <enabled>true</enabled>
      <frozen>false</frozen>
      <dlyPtr>0</dlyPtr>
      <dlyVal>0.0</dlyVal>
      <isTemplate>false</isTemplate>
    </org.simbrain.network.core.Synapse>
    <org.simbrain.network.core.Synapse>
      <strength>-7.818648861326518</strength>
      <parentNetwork reference="../../.."/>
      <source reference="../../org.simbrain.network.core.Synapse/source/parentGroup/neuronList/org.simbrain.network.core.Neuron[3]"/>
      <target reference="../../org.simbrain.network.core.Synapse/source"/>
      <learningRule class="org.simbrain.network.synapse_update_rules.StaticSynapseRule" reference="../../org.simbrain.network.core.Synapse/learningRule"/>
      <spikeResponder class="org.simbrain.network.synapse_update_rules.spikeresponders.NonResponder">
        <value>0.0</value>
      </spikeResponder>
      <id>Synapse_17</id>
      <psr>-764.9949940784674</psr>
      <increment>1.0</increment>
      <upperBound>10.0</upperBound>
      <lowerBound>-10.0</lowerBound>
      <delay>0</delay>
      <enabled>true</enabled>
      <frozen>false</frozen>
      <dlyPtr>0</dlyPtr>
      <dlyVal>0.0</dlyVal>
      <isTemplate>false</isTemplate>
    </org.simbrain.network.core.Synapse>
    <org.simbrain.network.core.Synapse>
      <strength>-4.636154224576041</strength>
      <parentNetwork reference="../../.."/>
      <source reference="../../org.simbrain.network.core.Synapse/source/parentGroup/neuronList/org.simbrain.network.core.Neuron[3]"/>
      <target reference="../../org.simbrain.network.core.Synapse/source/parentGroup/neuronList/org.simbrain.network.core.Neuron[2]"/>
      <learningRule class="org.simbrain.network.synapse_update_rules.StaticSynapseRule" reference="../../org.simbrain.network.core.Synapse/learningRule"/>
      <spikeResponder class="org.simbrain.network.synapse_update_rules.spikeresponders.NonResponder">
        <value>0.0</value>
      </spikeResponder>
      <id>Synapse_18</id>
      <psr>-453.61223358158134</psr>
      <increment>1.0</increment>
      <upperBound>10.0</upperBound>
      <lowerBound>-10.0</lowerBound>
      <delay>0</delay>
      <enabled>true</enabled>
      <frozen>false</frozen>
      <dlyPtr>0</dlyPtr>
      <dlyVal>0.0</dlyVal>
      <isTemplate>false</isTemplate>
    </org.simbrain.network.core.Synapse>
    <org.simbrain.network.core.Synapse>
      <strength>7.60159448867379</strength>
      <parentNetwork reference="../../.."/>
      <source reference="../../org.simbrain.network.core.Synapse/source/parentGroup/neuronList/org.simbrain.network.core.Neuron[3]"/>
      <target reference="../../org.simbrain.network.core.Synapse/source/parentGroup/neuronList/org.simbrain.network.core.Neuron[4]"/>
      <learningRule class="org.simbrain.network.synapse_update_rules.StaticSynapseRule" reference="../../org.simbrain.network.core.Synapse/learningRule"/>
      <spikeResponder class="org.simbrain.network.synapse_update_rules.spikeresponders.NonResponder">
        <value>0.0</value>
      </spikeResponder>
      <id>Synapse_19</id>
      <psr>743.7578837455692</psr>
      <increment>1.0</increment>
      <upperBound>10.0</upperBound>
      <lowerBound>-10.0</lowerBound>
      <delay>0</delay>
      <enabled>true</enabled>
      <frozen>false</frozen>
      <dlyPtr>0</dlyPtr>
      <dlyVal>0.0</dlyVal>
      <isTemplate>false</isTemplate>
    </org.simbrain.network.core.Synapse>
    <org.simbrain.network.core.Synapse>
      <strength>3.6735442393268887</strength>
      <parentNetwork reference="../../.."/>
      <source reference="../../org.simbrain.network.core.Synapse/source/parentGroup/neuronList/org.simbrain.network.core.Neuron[3]"/>
      <target reference="../../org.simbrain.network.core.Synapse/source/parentGroup/neuronList/org.simbrain.network.core.Neuron[5]"/>
      <learningRule class="org.simbrain.network.synapse_update_rules.StaticSynapseRule" reference="../../org.simbrain.network.core.Synapse/learningRule"/>
      <spikeResponder class="org.simbrain.network.synapse_update_rules.spikeresponders.NonResponder">
        <value>0.0</value>
      </spikeResponder>
      <id>Synapse_20</id>
      <psr>359.4282085631446</psr>
      <increment>1.0</increment>
      <upperBound>10.0</upperBound>
      <lowerBound>-10.0</lowerBound>
      <delay>0</delay>
      <enabled>true</enabled>
      <frozen>false</frozen>
      <dlyPtr>0</dlyPtr>
      <dlyVal>0.0</dlyVal>
      <isTemplate>false</isTemplate>
    </org.simbrain.network.core.Synapse>
    <org.simbrain.network.core.Synapse>
      <strength>-1.360870247656159</strength>
      <parentNetwork reference="../../.."/>
      <source reference="../../org.simbrain.network.core.Synapse/source/parentGroup/neuronList/org.simbrain.network.core.Neuron[3]"/>
      <target reference="../../org.simbrain.network.core.Synapse/source/parentGroup/neuronList/org.simbrain.network.core.Neuron[6]"/>
      <learningRule class="org.simbrain.network.synapse_update_rules.StaticSynapseRule" reference="../../org.simbrain.network.core.Synapse/learningRule"/>
      <spikeResponder class="org.simbrain.network.synapse_update_rules.spikeresponders.NonResponder">
        <value>0.0</value>
      </spikeResponder>
      <id>Synapse_21</id>
      <psr>-133.15074580170605</psr>
      <increment>1.0</increment>
      <upperBound>10.0</upperBound>
      <lowerBound>-10.0</lowerBound>
      <delay>0</delay>
      <enabled>true</enabled>
      <frozen>false</frozen>
      <dlyPtr>0</dlyPtr>
      <dlyVal>0.0</dlyVal>
      <isTemplate>false</isTemplate>
    </org.simbrain.network.core.Synapse>
    <org.simbrain.network.core.Synapse>
      <strength>-2.617783321552136</strength>
      <parentNetwork reference="../../.."/>
      <source reference="../../org.simbrain.network.core.Synapse/source/parentGroup/neuronList/org.simbrain.network.core.Neuron[3]"/>
      <target reference="../../org.simbrain.network.core.Synapse/source/parentGroup/neuronList/org.simbrain.network.core.Neuron[7]"/>
      <learningRule class="org.simbrain.network.synapse_update_rules.StaticSynapseRule" reference="../../org.simbrain.network.core.Synapse/learningRule"/>
      <spikeResponder class="org.simbrain.network.synapse_update_rules.spikeresponders.NonResponder">
        <value>0.0</value>
      </spikeResponder>
      <id>Synapse_22</id>
      <psr>-256.130077215122</psr>
      <increment>1.0</increment>
      <upperBound>10.0</upperBound>
      <lowerBound>-10.0</lowerBound>
      <delay>0</delay>
      <enabled>true</enabled>
      <frozen>false</frozen>
      <dlyPtr>0</dlyPtr>
      <dlyVal>0.0</dlyVal>
      <isTemplate>false</isTemplate>
    </org.simbrain.network.core.Synapse>
    <org.simbrain.network.core.Synapse>
      <strength>8.095079279193211</strength>
      <parentNetwork reference="../../.."/>
      <source reference="../../org.simbrain.network.core.Synapse/source/parentGroup/neuronList/org.simbrain.network.core.Neuron[3]"/>
      <target reference="../../org.simbrain.network.core.Synapse/source/parentGroup/neuronList/org.simbrain.network.core.Neuron[8]"/>
      <learningRule class="org.simbrain.network.synapse_update_rules.StaticSynapseRule" reference="../../org.simbrain.network.core.Synapse/learningRule"/>
      <spikeResponder class="org.simbrain.network.synapse_update_rules.spikeresponders.NonResponder">
        <value>0.0</value>
      </spikeResponder>
      <id>Synapse_23</id>
      <psr>792.0415963277416</psr>
      <increment>1.0</increment>
      <upperBound>10.0</upperBound>
      <lowerBound>-10.0</lowerBound>
      <delay>0</delay>
      <enabled>true</enabled>
      <frozen>false</frozen>
      <dlyPtr>0</dlyPtr>
      <dlyVal>0.0</dlyVal>
      <isTemplate>false</isTemplate>
    </org.simbrain.network.core.Synapse>
    <org.simbrain.network.core.Synapse>
      <strength>8.09230819087212</strength>
      <parentNetwork reference="../../.."/>
      <source reference="../../org.simbrain.network.core.Synapse/source/parentGroup/neuronList/org.simbrain.network.core.Neuron[3]"/>
      <target reference="../../org.simbrain.network.core.Synapse/source/parentGroup/neuronList/org.simbrain.network.core.Neuron[9]"/>
      <learningRule class="org.simbrain.network.synapse_update_rules.StaticSynapseRule" reference="../../org.simbrain.network.core.Synapse/learningRule"/>
      <spikeResponder class="org.simbrain.network.synapse_update_rules.spikeresponders.NonResponder">
        <value>0.0</value>
      </spikeResponder>
      <id>Synapse_24</id>
      <psr>791.7704665287978</psr>
      <increment>1.0</increment>
      <upperBound>10.0</upperBound>
      <lowerBound>-10.0</lowerBound>
      <delay>0</delay>
      <enabled>true</enabled>
      <frozen>false</frozen>
      <dlyPtr>0</dlyPtr>
      <dlyVal>0.0</dlyVal>
      <isTemplate>false</isTemplate>
    </org.simbrain.network.core.Synapse>
    <org.simbrain.network.core.Synapse>
      <strength>-9.936346158695095</strength>
      <parentNetwork reference="../../.."/>
      <source reference="../../org.simbrain.network.core.Synapse/source/parentGroup/neuronList/org.simbrain.network.core.Neuron[4]"/>
      <target reference="../../org.simbrain.network.core.Synapse/source"/>
      <learningRule class="org.simbrain.network.synapse_update_rules.StaticSynapseRule" reference="../../org.simbrain.network.core.Synapse/learningRule"/>
      <spikeResponder class="org.simbrain.network.synapse_update_rules.spikeresponders.NonResponder">
        <value>0.0</value>
      </spikeResponder>
      <id>Synapse_25</id>
      <psr>-465.4662891444426</psr>
      <increment>1.0</increment>
      <upperBound>10.0</upperBound>
      <lowerBound>-10.0</lowerBound>
      <delay>0</delay>
      <enabled>true</enabled>
      <frozen>false</frozen>
      <dlyPtr>0</dlyPtr>
      <dlyVal>0.0</dlyVal>
      <isTemplate>false</isTemplate>
    </org.simbrain.network.core.Synapse>
    <org.simbrain.network.core.Synapse>
      <strength>-4.072531013172593</strength>
      <parentNetwork reference="../../.."/>
      <source reference="../../org.simbrain.network.core.Synapse/source/parentGroup/neuronList/org.simbrain.network.core.Neuron[4]"/>
      <target reference="../../org.simbrain.network.core.Synapse/source/parentGroup/neuronList/org.simbrain.network.core.Neuron[2]"/>
      <learningRule class="org.simbrain.network.synapse_update_rules.StaticSynapseRule" reference="../../org.simbrain.network.core.Synapse/learningRule"/>
      <spikeResponder class="org.simbrain.network.synapse_update_rules.spikeresponders.NonResponder">
        <value>0.0</value>
      </spikeResponder>
      <id>Synapse_26</id>
      <psr>-190.77695843640475</psr>
      <increment>1.0</increment>
      <upperBound>10.0</upperBound>
      <lowerBound>-10.0</lowerBound>
      <delay>0</delay>
      <enabled>true</enabled>
      <frozen>false</frozen>
      <dlyPtr>0</dlyPtr>
      <dlyVal>0.0</dlyVal>
      <isTemplate>false</isTemplate>
    </org.simbrain.network.core.Synapse>
    <org.simbrain.network.core.Synapse>
      <strength>3.8365494231945885</strength>
      <parentNetwork reference="../../.."/>
      <source reference="../../org.simbrain.network.core.Synapse/source/parentGroup/neuronList/org.simbrain.network.core.Neuron[4]"/>
      <target reference="../../org.simbrain.network.core.Synapse/source/parentGroup/neuronList/org.simbrain.network.core.Neuron[3]"/>
      <learningRule class="org.simbrain.network.synapse_update_rules.StaticSynapseRule" reference="../../org.simbrain.network.core.Synapse/learningRule"/>
      <spikeResponder class="org.simbrain.network.synapse_update_rules.spikeresponders.NonResponder">
        <value>0.0</value>
      </spikeResponder>
      <id>Synapse_27</id>
      <psr>179.72244471081888</psr>
      <increment>1.0</increment>
      <upperBound>10.0</upperBound>
      <lowerBound>-10.0</lowerBound>
      <delay>0</delay>
      <enabled>true</enabled>
      <frozen>false</frozen>
      <dlyPtr>0</dlyPtr>
      <dlyVal>0.0</dlyVal>
      <isTemplate>false</isTemplate>
    </org.simbrain.network.core.Synapse>
    <org.simbrain.network.core.Synapse>
      <strength>7.00035047008064</strength>
      <parentNetwork reference="../../.."/>
      <source reference="../../org.simbrain.network.core.Synapse/source/parentGroup/neuronList/org.simbrain.network.core.Neuron[4]"/>
      <target reference="../../org.simbrain.network.core.Synapse/source/parentGroup/neuronList/org.simbrain.network.core.Neuron[5]"/>
      <learningRule class="org.simbrain.network.synapse_update_rules.StaticSynapseRule" reference="../../org.simbrain.network.core.Synapse/learningRule"/>
      <spikeResponder class="org.simbrain.network.synapse_update_rules.spikeresponders.NonResponder">
        <value>0.0</value>
      </spikeResponder>
      <id>Synapse_28</id>
      <psr>327.9301167630524</psr>
      <increment>1.0</increment>
      <upperBound>10.0</upperBound>
      <lowerBound>-10.0</lowerBound>
      <delay>0</delay>
      <enabled>true</enabled>
      <frozen>false</frozen>
      <dlyPtr>0</dlyPtr>
      <dlyVal>0.0</dlyVal>
      <isTemplate>false</isTemplate>
    </org.simbrain.network.core.Synapse>
    <org.simbrain.network.core.Synapse>
      <strength>9.874542710965901</strength>
      <parentNetwork reference="../../.."/>
      <source reference="../../org.simbrain.network.core.Synapse/source/parentGroup/neuronList/org.simbrain.network.core.Neuron[4]"/>
      <target reference="../../org.simbrain.network.core.Synapse/source/parentGroup/neuronList/org.simbrain.network.core.Neuron[6]"/>
      <learningRule class="org.simbrain.network.synapse_update_rules.StaticSynapseRule" reference="../../org.simbrain.network.core.Synapse/learningRule"/>
      <spikeResponder class="org.simbrain.network.synapse_update_rules.spikeresponders.NonResponder">
        <value>0.0</value>
      </spikeResponder>
      <id>Synapse_29</id>
      <psr>462.57111812167517</psr>
      <increment>1.0</increment>
      <upperBound>10.0</upperBound>
      <lowerBound>-10.0</lowerBound>
      <delay>0</delay>
      <enabled>true</enabled>
      <frozen>false</frozen>
      <dlyPtr>0</dlyPtr>
      <dlyVal>0.0</dlyVal>
      <isTemplate>false</isTemplate>
    </org.simbrain.network.core.Synapse>
    <org.simbrain.network.core.Synapse>
      <strength>6.819498035171257</strength>
      <parentNetwork reference="../../.."/>
      <source reference="../../org.simbrain.network.core.Synapse/source/parentGroup/neuronList/org.simbrain.network.core.Neuron[4]"/>
      <target reference="../../org.simbrain.network.core.Synapse/source/parentGroup/neuronList/org.simbrain.network.core.Neuron[7]"/>
      <learningRule class="org.simbrain.network.synapse_update_rules.StaticSynapseRule" reference="../../org.simbrain.network.core.Synapse/learningRule"/>
      <spikeResponder class="org.simbrain.network.synapse_update_rules.spikeresponders.NonResponder">
        <value>0.0</value>
      </spikeResponder>
      <id>Synapse_30</id>
      <psr>319.45811806095986</psr>
      <increment>1.0</increment>
      <upperBound>10.0</upperBound>
      <lowerBound>-10.0</lowerBound>
      <delay>0</delay>
      <enabled>true</enabled>
      <frozen>false</frozen>
      <dlyPtr>0</dlyPtr>
      <dlyVal>0.0</dlyVal>
      <isTemplate>false</isTemplate>
    </org.simbrain.network.core.Synapse>
    <org.simbrain.network.core.Synapse>
      <strength>-6.916384879917599</strength>
      <parentNetwork reference="../../.."/>
      <source reference="../../org.simbrain.network.core.Synapse/source/parentGroup/neuronList/org.simbrain.network.core.Neuron[4]"/>
      <target reference="../../org.simbrain.network.core.Synapse/source/parentGroup/neuronList/org.simbrain.network.core.Neuron[8]"/>
      <learningRule class="org.simbrain.network.synapse_update_rules.StaticSynapseRule" reference="../../org.simbrain.network.core.Synapse/learningRule"/>
      <spikeResponder class="org.simbrain.network.synapse_update_rules.spikeresponders.NonResponder">
        <value>0.0</value>
      </spikeResponder>
      <id>Synapse_31</id>
      <psr>-323.9967642967826</psr>
      <increment>1.0</increment>
      <upperBound>10.0</upperBound>
      <lowerBound>-10.0</lowerBound>
      <delay>0</delay>
      <enabled>true</enabled>
      <frozen>false</frozen>
      <dlyPtr>0</dlyPtr>
      <dlyVal>0.0</dlyVal>
      <isTemplate>false</isTemplate>
    </org.simbrain.network.core.Synapse>
    <org.simbrain.network.core.Synapse>
      <strength>4.717981692379256</strength>
      <parentNetwork reference="../../.."/>
      <source reference="../../org.simbrain.network.core.Synapse/source/parentGroup/neuronList/org.simbrain.network.core.Neuron[4]"/>
      <target reference="../../org.simbrain.network.core.Synapse/source/parentGroup/neuronList/org.simbrain.network.core.Neuron[9]"/>
      <learningRule class="org.simbrain.network.synapse_update_rules.StaticSynapseRule" reference="../../org.simbrain.network.core.Synapse/learningRule"/>
      <spikeResponder class="org.simbrain.network.synapse_update_rules.spikeresponders.NonResponder">
        <value>0.0</value>
      </spikeResponder>
      <id>Synapse_32</id>
      <psr>221.0129755475015</psr>
      <increment>1.0</increment>
      <upperBound>10.0</upperBound>
      <lowerBound>-10.0</lowerBound>
      <delay>0</delay>
      <enabled>true</enabled>
      <frozen>false</frozen>
      <dlyPtr>0</dlyPtr>
      <dlyVal>0.0</dlyVal>
      <isTemplate>false</isTemplate>
    </org.simbrain.network.core.Synapse>
    <org.simbrain.network.core.Synapse>
      <strength>-5.274161412670015</strength>
      <parentNetwork reference="../../.."/>
      <source reference="../../org.simbrain.network.core.Synapse/source/parentGroup/neuronList/org.simbrain.network.core.Neuron[5]"/>
      <target reference="../../org.simbrain.network.core.Synapse/source"/>
      <learningRule class="org.simbrain.network.synapse_update_rules.StaticSynapseRule" reference="../../org.simbrain.network.core.Synapse/learningRule"/>
      <spikeResponder class="org.simbrain.network.synapse_update_rules.spikeresponders.NonResponder">
        <value>0.0</value>
      </spikeResponder>
      <id>Synapse_33</id>
      <psr>-519.8624689071244</psr>
      <increment>1.0</increment>
      <upperBound>10.0</upperBound>
      <lowerBound>-10.0</lowerBound>
      <delay>0</delay>
      <enabled>true</enabled>
      <frozen>false</frozen>
      <dlyPtr>0</dlyPtr>
      <dlyVal>0.0</dlyVal>
      <isTemplate>false</isTemplate>
    </org.simbrain.network.core.Synapse>
    <org.simbrain.network.core.Synapse>
      <strength>-1.4011780123328936</strength>
      <parentNetwork reference="../../.."/>
      <source reference="../../org.simbrain.network.core.Synapse/source/parentGroup/neuronList/org.simbrain.network.core.Neuron[5]"/>
      <target reference="../../org.simbrain.network.core.Synapse/source/parentGroup/neuronList/org.simbrain.network.core.Neuron[2]"/>
      <learningRule class="org.simbrain.network.synapse_update_rules.StaticSynapseRule" reference="../../org.simbrain.network.core.Synapse/learningRule"/>
      <spikeResponder class="org.simbrain.network.synapse_update_rules.spikeresponders.NonResponder">
        <value>0.0</value>
      </spikeResponder>
      <id>Synapse_34</id>
      <psr>-138.11102919980536</psr>
      <increment>1.0</increment>
      <upperBound>10.0</upperBound>
      <lowerBound>-10.0</lowerBound>
      <delay>0</delay>
      <enabled>true</enabled>
      <frozen>false</frozen>
      <dlyPtr>0</dlyPtr>
      <dlyVal>0.0</dlyVal>
      <isTemplate>false</isTemplate>
    </org.simbrain.network.core.Synapse>
    <org.simbrain.network.core.Synapse>
      <strength>8.40941599102894</strength>
      <parentNetwork reference="../../.."/>
      <source reference="../../org.simbrain.network.core.Synapse/source/parentGroup/neuronList/org.simbrain.network.core.Neuron[5]"/>
      <target reference="../../org.simbrain.network.core.Synapse/source/parentGroup/neuronList/org.simbrain.network.core.Neuron[3]"/>
      <learningRule class="org.simbrain.network.synapse_update_rules.StaticSynapseRule" reference="../../org.simbrain.network.core.Synapse/learningRule"/>
      <spikeResponder class="org.simbrain.network.synapse_update_rules.spikeresponders.NonResponder">
        <value>0.0</value>
      </spikeResponder>
      <id>Synapse_35</id>
      <psr>828.897604207033</psr>
      <increment>1.0</increment>
      <upperBound>10.0</upperBound>
      <lowerBound>-10.0</lowerBound>
      <delay>0</delay>
      <enabled>true</enabled>
      <frozen>false</frozen>
      <dlyPtr>0</dlyPtr>
      <dlyVal>0.0</dlyVal>
      <isTemplate>false</isTemplate>
    </org.simbrain.network.core.Synapse>
    <org.simbrain.network.core.Synapse>
      <strength>-8.69868387011071</strength>
      <parentNetwork reference="../../.."/>
      <source reference="../../org.simbrain.network.core.Synapse/source/parentGroup/neuronList/org.simbrain.network.core.Neuron[5]"/>
      <target reference="../../org.simbrain.network.core.Synapse/source/parentGroup/neuronList/org.simbrain.network.core.Neuron[4]"/>
      <learningRule class="org.simbrain.network.synapse_update_rules.StaticSynapseRule" reference="../../org.simbrain.network.core.Synapse/learningRule"/>
      <spikeResponder class="org.simbrain.network.synapse_update_rules.spikeresponders.NonResponder">
        <value>0.0</value>
      </spikeResponder>
      <id>Synapse_36</id>
      <psr>-857.4101016504603</psr>
      <increment>1.0</increment>
      <upperBound>10.0</upperBound>
      <lowerBound>-10.0</lowerBound>
      <delay>0</delay>
      <enabled>true</enabled>
      <frozen>false</frozen>
      <dlyPtr>0</dlyPtr>
      <dlyVal>0.0</dlyVal>
      <isTemplate>false</isTemplate>
    </org.simbrain.network.core.Synapse>
    <org.simbrain.network.core.Synapse>
      <strength>-8.72718926365506</strength>
      <parentNetwork reference="../../.."/>
      <source reference="../../org.simbrain.network.core.Synapse/source/parentGroup/neuronList/org.simbrain.network.core.Neuron[5]"/>
      <target reference="../../org.simbrain.network.core.Synapse/source/parentGroup/neuronList/org.simbrain.network.core.Neuron[6]"/>
      <learningRule class="org.simbrain.network.synapse_update_rules.StaticSynapseRule" reference="../../org.simbrain.network.core.Synapse/learningRule"/>
      <spikeResponder class="org.simbrain.network.synapse_update_rules.spikeresponders.NonResponder">
        <value>0.0</value>
      </spikeResponder>
      <id>Synapse_37</id>
      <psr>-860.2198154808971</psr>
      <increment>1.0</increment>
      <upperBound>10.0</upperBound>
      <lowerBound>-10.0</lowerBound>
      <delay>0</delay>
      <enabled>true</enabled>
      <frozen>false</frozen>
      <dlyPtr>0</dlyPtr>
      <dlyVal>0.0</dlyVal>
      <isTemplate>false</isTemplate>
    </org.simbrain.network.core.Synapse>
    <org.simbrain.network.core.Synapse>
      <strength>-8.173036857401161</strength>
      <parentNetwork reference="../../.."/>
      <source reference="../../org.simbrain.network.core.Synapse/source/parentGroup/neuronList/org.simbrain.network.core.Neuron[5]"/>
      <target reference="../../org.simbrain.network.core.Synapse/source/parentGroup/neuronList/org.simbrain.network.core.Neuron[7]"/>
      <learningRule class="org.simbrain.network.synapse_update_rules.StaticSynapseRule" reference="../../org.simbrain.network.core.Synapse/learningRule"/>
      <spikeResponder class="org.simbrain.network.synapse_update_rules.spikeresponders.NonResponder">
        <value>0.0</value>
      </spikeResponder>
      <id>Synapse_38</id>
      <psr>-805.5982338634063</psr>
      <increment>1.0</increment>
      <upperBound>10.0</upperBound>
      <lowerBound>-10.0</lowerBound>
      <delay>0</delay>
      <enabled>true</enabled>
      <frozen>false</frozen>
      <dlyPtr>0</dlyPtr>
      <dlyVal>0.0</dlyVal>
      <isTemplate>false</isTemplate>
    </org.simbrain.network.core.Synapse>
    <org.simbrain.network.core.Synapse>
      <strength>-4.322501522625477</strength>
      <parentNetwork reference="../../.."/>
      <source reference="../../org.simbrain.network.core.Synapse/source/parentGroup/neuronList/org.simbrain.network.core.Neuron[5]"/>
      <target reference="../../org.simbrain.network.core.Synapse/source/parentGroup/neuronList/org.simbrain.network.core.Neuron[8]"/>
      <learningRule class="org.simbrain.network.synapse_update_rules.StaticSynapseRule" reference="../../org.simbrain.network.core.Synapse/learningRule"/>
      <spikeResponder class="org.simbrain.network.synapse_update_rules.spikeresponders.NonResponder">
        <value>0.0</value>
      </spikeResponder>
      <id>Synapse_39</id>
      <psr>-426.05945051448464</psr>
      <increment>1.0</increment>
      <upperBound>10.0</upperBound>
      <lowerBound>-10.0</lowerBound>
      <delay>0</delay>
      <enabled>true</enabled>
      <frozen>false</frozen>
      <dlyPtr>0</dlyPtr>
      <dlyVal>0.0</dlyVal>
      <isTemplate>false</isTemplate>
    </org.simbrain.network.core.Synapse>
    <org.simbrain.network.core.Synapse>
      <strength>4.590198443717615</strength>
      <parentNetwork reference="../../.."/>
      <source reference="../../org.simbrain.network.core.Synapse/source/parentGroup/neuronList/org.simbrain.network.core.Neuron[5]"/>
      <target reference="../../org.simbrain.network.core.Synapse/source/parentGroup/neuronList/org.simbrain.network.core.Neuron[9]"/>
      <learningRule class="org.simbrain.network.synapse_update_rules.StaticSynapseRule" reference="../../org.simbrain.network.core.Synapse/learningRule"/>
      <spikeResponder class="org.simbrain.network.synapse_update_rules.spikeresponders.NonResponder">
        <value>0.0</value>
      </spikeResponder>
      <id>Synapse_40</id>
      <psr>452.44574616017337</psr>
      <increment>1.0</increment>
      <upperBound>10.0</upperBound>
      <lowerBound>-10.0</lowerBound>
      <delay>0</delay>
      <enabled>true</enabled>
      <frozen>false</frozen>
      <dlyPtr>0</dlyPtr>
      <dlyVal>0.0</dlyVal>
      <isTemplate>false</isTemplate>
    </org.simbrain.network.core.Synapse>
    <org.simbrain.network.core.Synapse>
      <strength>-5.1373099904629616</strength>
      <parentNetwork reference="../../.."/>
      <source reference="../../org.simbrain.network.core.Synapse/source/parentGroup/neuronList/org.simbrain.network.core.Neuron[6]"/>
      <target reference="../../org.simbrain.network.core.Synapse/source"/>
      <learningRule class="org.simbrain.network.synapse_update_rules.StaticSynapseRule" reference="../../org.simbrain.network.core.Synapse/learningRule"/>
      <spikeResponder class="org.simbrain.network.synapse_update_rules.spikeresponders.NonResponder">
        <value>0.0</value>
      </spikeResponder>
      <id>Synapse_41</id>
      <psr>-0.15515658419903797</psr>
      <increment>1.0</increment>
      <upperBound>10.0</upperBound>
      <lowerBound>-10.0</lowerBound>
      <delay>0</delay>
      <enabled>true</enabled>
      <frozen>false</frozen>
      <dlyPtr>0</dlyPtr>
      <dlyVal>0.0</dlyVal>
      <isTemplate>false</isTemplate>
    </org.simbrain.network.core.Synapse>
    <org.simbrain.network.core.Synapse>
      <strength>-3.2184504914573964</strength>
      <parentNetwork reference="../../.."/>
      <source reference="../../org.simbrain.network.core.Synapse/source/parentGroup/neuronList/org.simbrain.network.core.Neuron[6]"/>
      <target reference="../../org.simbrain.network.core.Synapse/source/parentGroup/neuronList/org.simbrain.network.core.Neuron[2]"/>
      <learningRule class="org.simbrain.network.synapse_update_rules.StaticSynapseRule" reference="../../org.simbrain.network.core.Synapse/learningRule"/>
      <spikeResponder class="org.simbrain.network.synapse_update_rules.spikeresponders.NonResponder">
        <value>0.0</value>
      </spikeResponder>
      <id>Synapse_42</id>
      <psr>-0.09720335848825101</psr>
      <increment>1.0</increment>
      <upperBound>10.0</upperBound>
      <lowerBound>-10.0</lowerBound>
      <delay>0</delay>
      <enabled>true</enabled>
      <frozen>false</frozen>
      <dlyPtr>0</dlyPtr>
      <dlyVal>0.0</dlyVal>
      <isTemplate>false</isTemplate>
    </org.simbrain.network.core.Synapse>
    <org.simbrain.network.core.Synapse>
      <strength>-3.058955001334156</strength>
      <parentNetwork reference="../../.."/>
      <source reference="../../org.simbrain.network.core.Synapse/source/parentGroup/neuronList/org.simbrain.network.core.Neuron[6]"/>
      <target reference="../../org.simbrain.network.core.Synapse/source/parentGroup/neuronList/org.simbrain.network.core.Neuron[3]"/>
      <learningRule class="org.simbrain.network.synapse_update_rules.StaticSynapseRule" reference="../../org.simbrain.network.core.Synapse/learningRule"/>
      <spikeResponder class="org.simbrain.network.synapse_update_rules.spikeresponders.NonResponder">
        <value>0.0</value>
      </spikeResponder>
      <id>Synapse_43</id>
      <psr>-0.09238628973269335</psr>
      <increment>1.0</increment>
      <upperBound>10.0</upperBound>
      <lowerBound>-10.0</lowerBound>
      <delay>0</delay>
      <enabled>true</enabled>
      <frozen>false</frozen>
      <dlyPtr>0</dlyPtr>
      <dlyVal>0.0</dlyVal>
      <isTemplate>false</isTemplate>
    </org.simbrain.network.core.Synapse>
    <org.simbrain.network.core.Synapse>
      <strength>-7.209563219224664</strength>
      <parentNetwork reference="../../.."/>
      <source reference="../../org.simbrain.network.core.Synapse/source/parentGroup/neuronList/org.simbrain.network.core.Neuron[6]"/>
      <target reference="../../org.simbrain.network.core.Synapse/source/parentGroup/neuronList/org.simbrain.network.core.Neuron[4]"/>
      <learningRule class="org.simbrain.network.synapse_update_rules.StaticSynapseRule" reference="../../org.simbrain.network.core.Synapse/learningRule"/>
      <spikeResponder class="org.simbrain.network.synapse_update_rules.spikeresponders.NonResponder">
        <value>0.0</value>
      </spikeResponder>
      <id>Synapse_44</id>
      <psr>-0.21774259383578923</psr>
      <increment>1.0</increment>
      <upperBound>10.0</upperBound>
      <lowerBound>-10.0</lowerBound>
      <delay>0</delay>
      <enabled>true</enabled>
      <frozen>false</frozen>
      <dlyPtr>0</dlyPtr>
      <dlyVal>0.0</dlyVal>
      <isTemplate>false</isTemplate>
    </org.simbrain.network.core.Synapse>
    <org.simbrain.network.core.Synapse>
      <strength>2.612088754743091</strength>
      <parentNetwork reference="../../.."/>
      <source reference="../../org.simbrain.network.core.Synapse/source/parentGroup/neuronList/org.simbrain.network.core.Neuron[6]"/>
      <target reference="../../org.simbrain.network.core.Synapse/source/parentGroup/neuronList/org.simbrain.network.core.Neuron[5]"/>
      <learningRule class="org.simbrain.network.synapse_update_rules.StaticSynapseRule" reference="../../org.simbrain.network.core.Synapse/learningRule"/>
      <spikeResponder class="org.simbrain.network.synapse_update_rules.spikeresponders.NonResponder">
        <value>0.0</value>
      </spikeResponder>
      <id>Synapse_45</id>
      <psr>0.07889007468169806</psr>
      <increment>1.0</increment>
      <upperBound>10.0</upperBound>
      <lowerBound>-10.0</lowerBound>
      <delay>0</delay>
      <enabled>true</enabled>
      <frozen>false</frozen>
      <dlyPtr>0</dlyPtr>
      <dlyVal>0.0</dlyVal>
      <isTemplate>false</isTemplate>
    </org.simbrain.network.core.Synapse>
    <org.simbrain.network.core.Synapse>
      <strength>1.3106576199319875</strength>
      <parentNetwork reference="../../.."/>
      <source reference="../../org.simbrain.network.core.Synapse/source/parentGroup/neuronList/org.simbrain.network.core.Neuron[6]"/>
      <target reference="../../org.simbrain.network.core.Synapse/source/parentGroup/neuronList/org.simbrain.network.core.Neuron[7]"/>
      <learningRule class="org.simbrain.network.synapse_update_rules.StaticSynapseRule" reference="../../org.simbrain.network.core.Synapse/learningRule"/>
      <spikeResponder class="org.simbrain.network.synapse_update_rules.spikeresponders.NonResponder">
        <value>0.0</value>
      </spikeResponder>
      <id>Synapse_46</id>
      <psr>0.03958436608664958</psr>
      <increment>1.0</increment>
      <upperBound>10.0</upperBound>
      <lowerBound>-10.0</lowerBound>
      <delay>0</delay>
      <enabled>true</enabled>
      <frozen>false</frozen>
      <dlyPtr>0</dlyPtr>
      <dlyVal>0.0</dlyVal>
      <isTemplate>false</isTemplate>
    </org.simbrain.network.core.Synapse>
    <org.simbrain.network.core.Synapse>
      <strength>3.7624255199535117</strength>
      <parentNetwork reference="../../.."/>
      <source reference="../../org.simbrain.network.core.Synapse/source/parentGroup/neuronList/org.simbrain.network.core.Neuron[6]"/>
      <target reference="../../org.simbrain.network.core.Synapse/source/parentGroup/neuronList/org.simbrain.network.core.Neuron[8]"/>
      <learningRule class="org.simbrain.network.synapse_update_rules.StaticSynapseRule" reference="../../org.simbrain.network.core.Synapse/learningRule"/>
      <spikeResponder class="org.simbrain.network.synapse_update_rules.spikeresponders.NonResponder">
        <value>0.0</value>
      </spikeResponder>
      <id>Synapse_47</id>
      <psr>0.11363244442383139</psr>
      <increment>1.0</increment>
      <upperBound>10.0</upperBound>
      <lowerBound>-10.0</lowerBound>
      <delay>0</delay>
      <enabled>true</enabled>
      <frozen>false</frozen>
      <dlyPtr>0</dlyPtr>
      <dlyVal>0.0</dlyVal>
      <isTemplate>false</isTemplate>
    </org.simbrain.network.core.Synapse>
    <org.simbrain.network.core.Synapse>
      <strength>-2.9400557686420603</strength>
      <parentNetwork reference="../../.."/>
      <source reference="../../org.simbrain.network.core.Synapse/source/parentGroup/neuronList/org.simbrain.network.core.Neuron[6]"/>
      <target reference="../../org.simbrain.network.core.Synapse/source/parentGroup/neuronList/org.simbrain.network.core.Neuron[9]"/>
      <learningRule class="org.simbrain.network.synapse_update_rules.StaticSynapseRule" reference="../../org.simbrain.network.core.Synapse/learningRule"/>
      <spikeResponder class="org.simbrain.network.synapse_update_rules.spikeresponders.NonResponder">
        <value>0.0</value>
      </spikeResponder>
      <id>Synapse_48</id>
      <psr>-0.08879530557120816</psr>
      <increment>1.0</increment>
      <upperBound>10.0</upperBound>
      <lowerBound>-10.0</lowerBound>
      <delay>0</delay>
      <enabled>true</enabled>
      <frozen>false</frozen>
      <dlyPtr>0</dlyPtr>
      <dlyVal>0.0</dlyVal>
      <isTemplate>false</isTemplate>
    </org.simbrain.network.core.Synapse>
    <org.simbrain.network.core.Synapse>
      <strength>1.869042319654337</strength>
      <parentNetwork reference="../../.."/>
      <source reference="../../org.simbrain.network.core.Synapse/source/parentGroup/neuronList/org.simbrain.network.core.Neuron[7]"/>
      <target reference="../../org.simbrain.network.core.Synapse/source"/>
      <learningRule class="org.simbrain.network.synapse_update_rules.StaticSynapseRule" reference="../../org.simbrain.network.core.Synapse/learningRule"/>
      <spikeResponder class="org.simbrain.network.synapse_update_rules.spikeresponders.NonResponder">
        <value>0.0</value>
      </spikeResponder>
      <id>Synapse_49</id>
      <psr>0.11214862237691897</psr>
      <increment>1.0</increment>
      <upperBound>10.0</upperBound>
      <lowerBound>-10.0</lowerBound>
      <delay>0</delay>
      <enabled>true</enabled>
      <frozen>false</frozen>
      <dlyPtr>0</dlyPtr>
      <dlyVal>0.0</dlyVal>
      <isTemplate>false</isTemplate>
    </org.simbrain.network.core.Synapse>
    <org.simbrain.network.core.Synapse>
      <strength>-2.260166697521038</strength>
      <parentNetwork reference="../../.."/>
      <source reference="../../org.simbrain.network.core.Synapse/source/parentGroup/neuronList/org.simbrain.network.core.Neuron[7]"/>
      <target reference="../../org.simbrain.network.core.Synapse/source/parentGroup/neuronList/org.simbrain.network.core.Neuron[2]"/>
      <learningRule class="org.simbrain.network.synapse_update_rules.StaticSynapseRule" reference="../../org.simbrain.network.core.Synapse/learningRule"/>
      <spikeResponder class="org.simbrain.network.synapse_update_rules.spikeresponders.NonResponder">
        <value>0.0</value>
      </spikeResponder>
      <id>Synapse_50</id>
      <psr>-0.13561735804679523</psr>
      <increment>1.0</increment>
      <upperBound>10.0</upperBound>
      <lowerBound>-10.0</lowerBound>
      <delay>0</delay>
      <enabled>true</enabled>
      <frozen>false</frozen>
      <dlyPtr>0</dlyPtr>
      <dlyVal>0.0</dlyVal>
      <isTemplate>false</isTemplate>
    </org.simbrain.network.core.Synapse>
    <org.simbrain.network.core.Synapse>
      <strength>9.421699396836395</strength>
      <parentNetwork reference="../../.."/>
      <source reference="../../org.simbrain.network.core.Synapse/source/parentGroup/neuronList/org.simbrain.network.core.Neuron[7]"/>
      <target reference="../../org.simbrain.network.core.Synapse/source/parentGroup/neuronList/org.simbrain.network.core.Neuron[3]"/>
      <learningRule class="org.simbrain.network.synapse_update_rules.StaticSynapseRule" reference="../../org.simbrain.network.core.Synapse/learningRule"/>
      <spikeResponder class="org.simbrain.network.synapse_update_rules.spikeresponders.NonResponder">
        <value>0.0</value>
      </spikeResponder>
      <id>Synapse_51</id>
      <psr>0.565332628744364</psr>
      <increment>1.0</increment>
      <upperBound>10.0</upperBound>
      <lowerBound>-10.0</lowerBound>
      <delay>0</delay>
      <enabled>true</enabled>
      <frozen>false</frozen>
      <dlyPtr>0</dlyPtr>
      <dlyVal>0.0</dlyVal>
      <isTemplate>false</isTemplate>
    </org.simbrain.network.core.Synapse>
    <org.simbrain.network.core.Synapse>
      <strength>6.6348021722825905</strength>
      <parentNetwork reference="../../.."/>
      <source reference="../../org.simbrain.network.core.Synapse/source/parentGroup/neuronList/org.simbrain.network.core.Neuron[7]"/>
      <target reference="../../org.simbrain.network.core.Synapse/source/parentGroup/neuronList/org.simbrain.network.core.Neuron[4]"/>
      <learningRule class="org.simbrain.network.synapse_update_rules.StaticSynapseRule" reference="../../org.simbrain.network.core.Synapse/learningRule"/>
      <spikeResponder class="org.simbrain.network.synapse_update_rules.spikeresponders.NonResponder">
        <value>0.0</value>
      </spikeResponder>
      <id>Synapse_52</id>
      <psr>0.3981097247185359</psr>
      <increment>1.0</increment>
      <upperBound>10.0</upperBound>
      <lowerBound>-10.0</lowerBound>
      <delay>0</delay>
      <enabled>true</enabled>
      <frozen>false</frozen>
      <dlyPtr>0</dlyPtr>
      <dlyVal>0.0</dlyVal>
      <isTemplate>false</isTemplate>
    </org.simbrain.network.core.Synapse>
    <org.simbrain.network.core.Synapse>
      <strength>-4.532253632402334</strength>
      <parentNetwork reference="../../.."/>
      <source reference="../../org.simbrain.network.core.Synapse/source/parentGroup/neuronList/org.simbrain.network.core.Neuron[7]"/>
      <target reference="../../org.simbrain.network.core.Synapse/source/parentGroup/neuronList/org.simbrain.network.core.Neuron[5]"/>
      <learningRule class="org.simbrain.network.synapse_update_rules.StaticSynapseRule" reference="../../org.simbrain.network.core.Synapse/learningRule"/>
      <spikeResponder class="org.simbrain.network.synapse_update_rules.spikeresponders.NonResponder">
        <value>0.0</value>
      </spikeResponder>
      <id>Synapse_53</id>
      <psr>-0.27194996913216585</psr>
      <increment>1.0</increment>
      <upperBound>10.0</upperBound>
      <lowerBound>-10.0</lowerBound>
      <delay>0</delay>
      <enabled>true</enabled>
      <frozen>false</frozen>
      <dlyPtr>0</dlyPtr>
      <dlyVal>0.0</dlyVal>
      <isTemplate>false</isTemplate>
    </org.simbrain.network.core.Synapse>
    <org.simbrain.network.core.Synapse>
      <strength>-8.270869088508565</strength>
      <parentNetwork reference="../../.."/>
      <source reference="../../org.simbrain.network.core.Synapse/source/parentGroup/neuronList/org.simbrain.network.core.Neuron[7]"/>
      <target reference="../../org.simbrain.network.core.Synapse/source/parentGroup/neuronList/org.simbrain.network.core.Neuron[6]"/>
      <learningRule class="org.simbrain.network.synapse_update_rules.StaticSynapseRule" reference="../../org.simbrain.network.core.Synapse/learningRule"/>
      <spikeResponder class="org.simbrain.network.synapse_update_rules.spikeresponders.NonResponder">
        <value>0.0</value>
      </spikeResponder>
      <id>Synapse_54</id>
      <psr>-0.49627906462151394</psr>
      <increment>1.0</increment>
      <upperBound>10.0</upperBound>
      <lowerBound>-10.0</lowerBound>
      <delay>0</delay>
      <enabled>true</enabled>
      <frozen>false</frozen>
      <dlyPtr>0</dlyPtr>
      <dlyVal>0.0</dlyVal>
      <isTemplate>false</isTemplate>
    </org.simbrain.network.core.Synapse>
    <org.simbrain.network.core.Synapse>
      <strength>-7.669649137339871</strength>
      <parentNetwork reference="../../.."/>
      <source reference="../../org.simbrain.network.core.Synapse/source/parentGroup/neuronList/org.simbrain.network.core.Neuron[7]"/>
      <target reference="../../org.simbrain.network.core.Synapse/source/parentGroup/neuronList/org.simbrain.network.core.Neuron[8]"/>
      <learningRule class="org.simbrain.network.synapse_update_rules.StaticSynapseRule" reference="../../org.simbrain.network.core.Synapse/learningRule"/>
      <spikeResponder class="org.simbrain.network.synapse_update_rules.spikeresponders.NonResponder">
        <value>0.0</value>
      </spikeResponder>
      <id>Synapse_55</id>
      <psr>-0.46020391075257566</psr>
      <increment>1.0</increment>
      <upperBound>10.0</upperBound>
      <lowerBound>-10.0</lowerBound>
      <delay>0</delay>
      <enabled>true</enabled>
      <frozen>false</frozen>
      <dlyPtr>0</dlyPtr>
      <dlyVal>0.0</dlyVal>
      <isTemplate>false</isTemplate>
    </org.simbrain.network.core.Synapse>
    <org.simbrain.network.core.Synapse>
      <strength>-1.0273379540351755</strength>
      <parentNetwork reference="../../.."/>
      <source reference="../../org.simbrain.network.core.Synapse/source/parentGroup/neuronList/org.simbrain.network.core.Neuron[7]"/>
      <target reference="../../org.simbrain.network.core.Synapse/source/parentGroup/neuronList/org.simbrain.network.core.Neuron[9]"/>
      <learningRule class="org.simbrain.network.synapse_update_rules.StaticSynapseRule" reference="../../org.simbrain.network.core.Synapse/learningRule"/>
      <spikeResponder class="org.simbrain.network.synapse_update_rules.spikeresponders.NonResponder">
        <value>0.0</value>
      </spikeResponder>
      <id>Synapse_56</id>
      <psr>-0.06164362093303235</psr>
      <increment>1.0</increment>
      <upperBound>10.0</upperBound>
      <lowerBound>-10.0</lowerBound>
      <delay>0</delay>
      <enabled>true</enabled>
      <frozen>false</frozen>
      <dlyPtr>0</dlyPtr>
      <dlyVal>0.0</dlyVal>
      <isTemplate>false</isTemplate>
    </org.simbrain.network.core.Synapse>
    <org.simbrain.network.core.Synapse>
      <strength>-2.5307701509674896</strength>
      <parentNetwork reference="../../.."/>
      <source reference="../../org.simbrain.network.core.Synapse/source/parentGroup/neuronList/org.simbrain.network.core.Neuron[8]"/>
      <target reference="../../org.simbrain.network.core.Synapse/source"/>
      <learningRule class="org.simbrain.network.synapse_update_rules.StaticSynapseRule" reference="../../org.simbrain.network.core.Synapse/learningRule"/>
      <spikeResponder class="org.simbrain.network.synapse_update_rules.spikeresponders.NonResponder">
        <value>0.0</value>
      </spikeResponder>
      <id>Synapse_57</id>
      <psr>-216.65184100561066</psr>
      <increment>1.0</increment>
      <upperBound>10.0</upperBound>
      <lowerBound>-10.0</lowerBound>
      <delay>0</delay>
      <enabled>true</enabled>
      <frozen>false</frozen>
      <dlyPtr>0</dlyPtr>
      <dlyVal>0.0</dlyVal>
      <isTemplate>false</isTemplate>
    </org.simbrain.network.core.Synapse>
    <org.simbrain.network.core.Synapse>
      <strength>6.8564106009976165</strength>
      <parentNetwork reference="../../.."/>
      <source reference="../../org.simbrain.network.core.Synapse/source/parentGroup/neuronList/org.simbrain.network.core.Neuron[8]"/>
      <target reference="../../org.simbrain.network.core.Synapse/source/parentGroup/neuronList/org.simbrain.network.core.Neuron[2]"/>
      <learningRule class="org.simbrain.network.synapse_update_rules.StaticSynapseRule" reference="../../org.simbrain.network.core.Synapse/learningRule"/>
      <spikeResponder class="org.simbrain.network.synapse_update_rules.spikeresponders.NonResponder">
        <value>0.0</value>
      </spikeResponder>
      <id>Synapse_58</id>
      <psr>586.9572860374712</psr>
      <increment>1.0</increment>
      <upperBound>10.0</upperBound>
      <lowerBound>-10.0</lowerBound>
      <delay>0</delay>
      <enabled>true</enabled>
      <frozen>false</frozen>
      <dlyPtr>0</dlyPtr>
      <dlyVal>0.0</dlyVal>
      <isTemplate>false</isTemplate>
    </org.simbrain.network.core.Synapse>
    <org.simbrain.network.core.Synapse>
      <strength>8.689200957691348</strength>
      <parentNetwork reference="../../.."/>
      <source reference="../../org.simbrain.network.core.Synapse/source/parentGroup/neuronList/org.simbrain.network.core.Neuron[8]"/>
      <target reference="../../org.simbrain.network.core.Synapse/source/parentGroup/neuronList/org.simbrain.network.core.Neuron[3]"/>
      <learningRule class="org.simbrain.network.synapse_update_rules.StaticSynapseRule" reference="../../org.simbrain.network.core.Synapse/learningRule"/>
      <spikeResponder class="org.simbrain.network.synapse_update_rules.spikeresponders.NonResponder">
        <value>0.0</value>
      </spikeResponder>
      <id>Synapse_59</id>
      <psr>743.8571154444318</psr>
      <increment>1.0</increment>
      <upperBound>10.0</upperBound>
      <lowerBound>-10.0</lowerBound>
      <delay>0</delay>
      <enabled>true</enabled>
      <frozen>false</frozen>
      <dlyPtr>0</dlyPtr>
      <dlyVal>0.0</dlyVal>
      <isTemplate>false</isTemplate>
    </org.simbrain.network.core.Synapse>
    <org.simbrain.network.core.Synapse>
      <strength>4.20730678121801</strength>
      <parentNetwork reference="../../.."/>
      <source reference="../../org.simbrain.network.core.Synapse/source/parentGroup/neuronList/org.simbrain.network.core.Neuron[8]"/>
      <target reference="../../org.simbrain.network.core.Synapse/source/parentGroup/neuronList/org.simbrain.network.core.Neuron[4]"/>
      <learningRule class="org.simbrain.network.synapse_update_rules.StaticSynapseRule" reference="../../org.simbrain.network.core.Synapse/learningRule"/>
      <spikeResponder class="org.simbrain.network.synapse_update_rules.spikeresponders.NonResponder">
        <value>0.0</value>
      </spikeResponder>
      <id>Synapse_60</id>
      <psr>360.175245261924</psr>
      <increment>1.0</increment>
      <upperBound>10.0</upperBound>
      <lowerBound>-10.0</lowerBound>
      <delay>0</delay>
      <enabled>true</enabled>
      <frozen>false</frozen>
      <dlyPtr>0</dlyPtr>
      <dlyVal>0.0</dlyVal>
      <isTemplate>false</isTemplate>
    </org.simbrain.network.core.Synapse>
    <org.simbrain.network.core.Synapse>
      <strength>-2.758643504500016</strength>
      <parentNetwork reference="../../.."/>
      <source reference="../../org.simbrain.network.core.Synapse/source/parentGroup/neuronList/org.simbrain.network.core.Neuron[8]"/>
      <target reference="../../org.simbrain.network.core.Synapse/source/parentGroup/neuronList/org.simbrain.network.core.Neuron[5]"/>
      <learningRule class="org.simbrain.network.synapse_update_rules.StaticSynapseRule" reference="../../org.simbrain.network.core.Synapse/learningRule"/>
      <spikeResponder class="org.simbrain.network.synapse_update_rules.spikeresponders.NonResponder">
        <value>0.0</value>
      </spikeResponder>
      <id>Synapse_61</id>
      <psr>-236.15941325197642</psr>
      <increment>1.0</increment>
      <upperBound>10.0</upperBound>
      <lowerBound>-10.0</lowerBound>
      <delay>0</delay>
      <enabled>true</enabled>
      <frozen>false</frozen>
      <dlyPtr>0</dlyPtr>
      <dlyVal>0.0</dlyVal>
      <isTemplate>false</isTemplate>
    </org.simbrain.network.core.Synapse>
    <org.simbrain.network.core.Synapse>
      <strength>6.457049492490611</strength>
      <parentNetwork reference="../../.."/>
      <source reference="../../org.simbrain.network.core.Synapse/source/parentGroup/neuronList/org.simbrain.network.core.Neuron[8]"/>
      <target reference="../../org.simbrain.network.core.Synapse/source/parentGroup/neuronList/org.simbrain.network.core.Neuron[6]"/>
      <learningRule class="org.simbrain.network.synapse_update_rules.StaticSynapseRule" reference="../../org.simbrain.network.core.Synapse/learningRule"/>
      <spikeResponder class="org.simbrain.network.synapse_update_rules.spikeresponders.NonResponder">
        <value>0.0</value>
      </spikeResponder>
      <id>Synapse_62</id>
      <psr>552.7691479519136</psr>
      <increment>1.0</increment>
      <upperBound>10.0</upperBound>
      <lowerBound>-10.0</lowerBound>
      <delay>0</delay>
      <enabled>true</enabled>
      <frozen>false</frozen>
      <dlyPtr>0</dlyPtr>
      <dlyVal>0.0</dlyVal>
      <isTemplate>false</isTemplate>
    </org.simbrain.network.core.Synapse>
    <org.simbrain.network.core.Synapse>
      <strength>0.027089856045876104</strength>
      <parentNetwork reference="../../.."/>
      <source reference="../../org.simbrain.network.core.Synapse/source/parentGroup/neuronList/org.simbrain.network.core.Neuron[8]"/>
      <target reference="../../org.simbrain.network.core.Synapse/source/parentGroup/neuronList/org.simbrain.network.core.Neuron[7]"/>
      <learningRule class="org.simbrain.network.synapse_update_rules.StaticSynapseRule" reference="../../org.simbrain.network.core.Synapse/learningRule"/>
      <spikeResponder class="org.simbrain.network.synapse_update_rules.spikeresponders.NonResponder">
        <value>0.0</value>
      </spikeResponder>
      <id>Synapse_63</id>
      <psr>2.3190834547627097</psr>
      <increment>1.0</increment>
      <upperBound>10.0</upperBound>
      <lowerBound>-10.0</lowerBound>
      <delay>0</delay>
      <enabled>true</enabled>
      <frozen>false</frozen>
      <dlyPtr>0</dlyPtr>
      <dlyVal>0.0</dlyVal>
      <isTemplate>false</isTemplate>
    </org.simbrain.network.core.Synapse>
    <org.simbrain.network.core.Synapse>
      <strength>6.899603817122987</strength>
      <parentNetwork reference="../../.."/>
      <source reference="../../org.simbrain.network.core.Synapse/source/parentGroup/neuronList/org.simbrain.network.core.Neuron[8]"/>
      <target reference="../../org.simbrain.network.core.Synapse/source/parentGroup/neuronList/org.simbrain.network.core.Neuron[9]"/>
      <learningRule class="org.simbrain.network.synapse_update_rules.StaticSynapseRule" reference="../../org.simbrain.network.core.Synapse/learningRule"/>
      <spikeResponder class="org.simbrain.network.synapse_update_rules.spikeresponders.NonResponder">
        <value>0.0</value>
      </spikeResponder>
      <id>Synapse_64</id>
      <psr>590.6549311155662</psr>
      <increment>1.0</increment>
      <upperBound>10.0</upperBound>
      <lowerBound>-10.0</lowerBound>
      <delay>0</delay>
      <enabled>true</enabled>
      <frozen>false</frozen>
      <dlyPtr>0</dlyPtr>
      <dlyVal>0.0</dlyVal>
      <isTemplate>false</isTemplate>
    </org.simbrain.network.core.Synapse>
    <org.simbrain.network.core.Synapse>
      <strength>5.766705410571776</strength>
      <parentNetwork reference="../../.."/>
      <source reference="../../org.simbrain.network.core.Synapse/source/parentGroup/neuronList/org.simbrain.network.core.Neuron[9]"/>
      <target reference="../../org.simbrain.network.core.Synapse/source"/>
      <learningRule class="org.simbrain.network.synapse_update_rules.StaticSynapseRule" reference="../../org.simbrain.network.core.Synapse/learningRule"/>
      <spikeResponder class="org.simbrain.network.synapse_update_rules.spikeresponders.NonResponder">
        <value>0.0</value>
      </spikeResponder>
      <id>Synapse_65</id>
      <psr>574.5865315956652</psr>
      <increment>1.0</increment>
      <upperBound>10.0</upperBound>
      <lowerBound>-10.0</lowerBound>
      <delay>0</delay>
      <enabled>true</enabled>
      <frozen>false</frozen>
      <dlyPtr>0</dlyPtr>
      <dlyVal>0.0</dlyVal>
      <isTemplate>false</isTemplate>
    </org.simbrain.network.core.Synapse>
    <org.simbrain.network.core.Synapse>
      <strength>-1.1208765835110963</strength>
      <parentNetwork reference="../../.."/>
      <source reference="../../org.simbrain.network.core.Synapse/source/parentGroup/neuronList/org.simbrain.network.core.Neuron[9]"/>
      <target reference="../../org.simbrain.network.core.Synapse/source/parentGroup/neuronList/org.simbrain.network.core.Neuron[2]"/>
      <learningRule class="org.simbrain.network.synapse_update_rules.StaticSynapseRule" reference="../../org.simbrain.network.core.Synapse/learningRule"/>
      <spikeResponder class="org.simbrain.network.synapse_update_rules.spikeresponders.NonResponder">
        <value>0.0</value>
      </spikeResponder>
      <id>Synapse_66</id>
      <psr>-111.6825886902002</psr>
      <increment>1.0</increment>
      <upperBound>10.0</upperBound>
      <lowerBound>-10.0</lowerBound>
      <delay>0</delay>
      <enabled>true</enabled>
      <frozen>false</frozen>
      <dlyPtr>0</dlyPtr>
      <dlyVal>0.0</dlyVal>
      <isTemplate>false</isTemplate>
    </org.simbrain.network.core.Synapse>
    <org.simbrain.network.core.Synapse>
      <strength>-9.27041480188912</strength>
      <parentNetwork reference="../../.."/>
      <source reference="../../org.simbrain.network.core.Synapse/source/parentGroup/neuronList/org.simbrain.network.core.Neuron[9]"/>
      <target reference="../../org.simbrain.network.core.Synapse/source/parentGroup/neuronList/org.simbrain.network.core.Neuron[3]"/>
      <learningRule class="org.simbrain.network.synapse_update_rules.StaticSynapseRule" reference="../../org.simbrain.network.core.Synapse/learningRule"/>
      <spikeResponder class="org.simbrain.network.synapse_update_rules.spikeresponders.NonResponder">
        <value>0.0</value>
      </spikeResponder>
      <id>Synapse_67</id>
      <psr>-923.6912774676381</psr>
      <increment>1.0</increment>
      <upperBound>10.0</upperBound>
      <lowerBound>-10.0</lowerBound>
      <delay>0</delay>
      <enabled>true</enabled>
      <frozen>false</frozen>
      <dlyPtr>0</dlyPtr>
      <dlyVal>0.0</dlyVal>
      <isTemplate>false</isTemplate>
    </org.simbrain.network.core.Synapse>
    <org.simbrain.network.core.Synapse>
      <strength>-1.3635169501655433</strength>
      <parentNetwork reference="../../.."/>
      <source reference="../../org.simbrain.network.core.Synapse/source/parentGroup/neuronList/org.simbrain.network.core.Neuron[9]"/>
      <target reference="../../org.simbrain.network.core.Synapse/source/parentGroup/neuronList/org.simbrain.network.core.Neuron[4]"/>
      <learningRule class="org.simbrain.network.synapse_update_rules.StaticSynapseRule" reference="../../org.simbrain.network.core.Synapse/learningRule"/>
      <spikeResponder class="org.simbrain.network.synapse_update_rules.spikeresponders.NonResponder">
        <value>0.0</value>
      </spikeResponder>
      <id>Synapse_68</id>
      <psr>-135.8589384037632</psr>
      <increment>1.0</increment>
      <upperBound>10.0</upperBound>
      <lowerBound>-10.0</lowerBound>
      <delay>0</delay>
      <enabled>true</enabled>
      <frozen>false</frozen>
      <dlyPtr>0</dlyPtr>
      <dlyVal>0.0</dlyVal>
      <isTemplate>false</isTemplate>
    </org.simbrain.network.core.Synapse>
    <org.simbrain.network.core.Synapse>
      <strength>5.977035976105853</strength>
      <parentNetwork reference="../../.."/>
      <source reference="../../org.simbrain.network.core.Synapse/source/parentGroup/neuronList/org.simbrain.network.core.Neuron[9]"/>
      <target reference="../../org.simbrain.network.core.Synapse/source/parentGroup/neuronList/org.simbrain.network.core.Neuron[5]"/>
      <learningRule class="org.simbrain.network.synapse_update_rules.StaticSynapseRule" reference="../../org.simbrain.network.core.Synapse/learningRule"/>
      <spikeResponder class="org.simbrain.network.synapse_update_rules.spikeresponders.NonResponder">
        <value>0.0</value>
      </spikeResponder>
      <id>Synapse_69</id>
      <psr>595.5435775230029</psr>
      <increment>1.0</increment>
      <upperBound>10.0</upperBound>
      <lowerBound>-10.0</lowerBound>
      <delay>0</delay>
      <enabled>true</enabled>
      <frozen>false</frozen>
      <dlyPtr>0</dlyPtr>
      <dlyVal>0.0</dlyVal>
      <isTemplate>false</isTemplate>
    </org.simbrain.network.core.Synapse>
    <org.simbrain.network.core.Synapse>
      <strength>-6.182977940404568</strength>
      <parentNetwork reference="../../.."/>
      <source reference="../../org.simbrain.network.core.Synapse/source/parentGroup/neuronList/org.simbrain.network.core.Neuron[9]"/>
      <target reference="../../org.simbrain.network.core.Synapse/source/parentGroup/neuronList/org.simbrain.network.core.Neuron[6]"/>
      <learningRule class="org.simbrain.network.synapse_update_rules.StaticSynapseRule" reference="../../org.simbrain.network.core.Synapse/learningRule"/>
      <spikeResponder class="org.simbrain.network.synapse_update_rules.spikeresponders.NonResponder">
        <value>0.0</value>
      </spikeResponder>
      <id>Synapse_70</id>
      <psr>-616.0633493080271</psr>
      <increment>1.0</increment>
      <upperBound>10.0</upperBound>
      <lowerBound>-10.0</lowerBound>
      <delay>0</delay>
      <enabled>true</enabled>
      <frozen>false</frozen>
      <dlyPtr>0</dlyPtr>
      <dlyVal>0.0</dlyVal>
      <isTemplate>false</isTemplate>
    </org.simbrain.network.core.Synapse>
    <org.simbrain.network.core.Synapse>
      <strength>2.014621236380389</strength>
      <parentNetwork reference="../../.."/>
      <source reference="../../org.simbrain.network.core.Synapse/source/parentGroup/neuronList/org.simbrain.network.core.Neuron[9]"/>
      <target reference="../../org.simbrain.network.core.Synapse/source/parentGroup/neuronList/org.simbrain.network.core.Neuron[7]"/>
      <learningRule class="org.simbrain.network.synapse_update_rules.StaticSynapseRule" reference="../../org.simbrain.network.core.Synapse/learningRule"/>
      <spikeResponder class="org.simbrain.network.synapse_update_rules.spikeresponders.NonResponder">
        <value>0.0</value>
      </spikeResponder>
      <id>Synapse_71</id>
      <psr>200.73406672875345</psr>
      <increment>1.0</increment>
      <upperBound>10.0</upperBound>
      <lowerBound>-10.0</lowerBound>
      <delay>0</delay>
      <enabled>true</enabled>
      <frozen>false</frozen>
      <dlyPtr>0</dlyPtr>
      <dlyVal>0.0</dlyVal>
      <isTemplate>false</isTemplate>
    </org.simbrain.network.core.Synapse>
    <org.simbrain.network.core.Synapse>
      <strength>2.4709861433140574</strength>
      <parentNetwork reference="../../.."/>
      <source reference="../../org.simbrain.network.core.Synapse/source/parentGroup/neuronList/org.simbrain.network.core.Neuron[9]"/>
      <target reference="../../org.simbrain.network.core.Synapse/source/parentGroup/neuronList/org.simbrain.network.core.Neuron[8]"/>
      <learningRule class="org.simbrain.network.synapse_update_rules.StaticSynapseRule" reference="../../org.simbrain.network.core.Synapse/learningRule"/>
      <spikeResponder class="org.simbrain.network.synapse_update_rules.spikeresponders.NonResponder">
        <value>0.0</value>
      </spikeResponder>
      <id>Synapse_72</id>
      <psr>246.2056333075282</psr>
      <increment>1.0</increment>
      <upperBound>10.0</upperBound>
      <lowerBound>-10.0</lowerBound>
      <delay>0</delay>
      <enabled>true</enabled>
      <frozen>false</frozen>
      <dlyPtr>0</dlyPtr>
      <dlyVal>0.0</dlyVal>
      <isTemplate>false</isTemplate>
    </org.simbrain.network.core.Synapse>
  </looseSynapses>
  <weightMatrices/>
  <neuronCollectionSet/>
  <multiLayerNetworks/>
  <groupList>
    <org.simbrain.network.groups.NeuronGroup reference="../../looseSynapses/org.simbrain.network.core.Synapse/source/parentGroup"/>
  </groupList>
  <textList/>
  <naList/>
  <updateManager>
    <actionList>
      <org.simbrain.network.update__actions.BufferedUpdate>
        <network reference="../../../.."/>
      </org.simbrain.network.update__actions.BufferedUpdate>
      <org.simbrain.network.update__actions.UpdateGroup>
        <group class="org.simbrain.network.groups.NeuronGroup" reference="../../../../looseSynapses/org.simbrain.network.core.Synapse/source/parentGroup"/>
      </org.simbrain.network.update__actions.UpdateGroup>
    </actionList>
    <network reference="../.."/>
  </updateManager>
  <time>76.9999999999999</time>
  <timeStep>0.1</timeStep>
  <isRunning>
    <value>0</value>
  </isRunning>
  <timeType>DISCRETE</timeType>
  <prioritySortedNeuronList>
    <org.simbrain.network.core.Neuron reference="../../looseSynapses/org.simbrain.network.core.Synapse/source"/>
    <org.simbrain.network.core.Neuron reference="../../looseSynapses/org.simbrain.network.core.Synapse/source/parentGroup/neuronList/org.simbrain.network.core.Neuron[2]"/>
    <org.simbrain.network.core.Neuron reference="../../looseSynapses/org.simbrain.network.core.Synapse/source/parentGroup/neuronList/org.simbrain.network.core.Neuron[3]"/>
    <org.simbrain.network.core.Neuron reference="../../looseSynapses/org.simbrain.network.core.Synapse/source/parentGroup/neuronList/org.simbrain.network.core.Neuron[4]"/>
    <org.simbrain.network.core.Neuron reference="../../looseSynapses/org.simbrain.network.core.Synapse/source/parentGroup/neuronList/org.simbrain.network.core.Neuron[5]"/>
    <org.simbrain.network.core.Neuron reference="../../looseSynapses/org.simbrain.network.core.Synapse/source/parentGroup/neuronList/org.simbrain.network.core.Neuron[6]"/>
    <org.simbrain.network.core.Neuron reference="../../looseSynapses/org.simbrain.network.core.Synapse/source/parentGroup/neuronList/org.simbrain.network.core.Neuron[7]"/>
    <org.simbrain.network.core.Neuron reference="../../looseSynapses/org.simbrain.network.core.Synapse/source/parentGroup/neuronList/org.simbrain.network.core.Neuron[8]"/>
    <org.simbrain.network.core.Neuron reference="../../looseSynapses/org.simbrain.network.core.Synapse/source/parentGroup/neuronList/org.simbrain.network.core.Neuron[9]"/>
  </prioritySortedNeuronList>
  <priorityComparator>
    <outer-class reference="../.."/>
  </priorityComparator>
  <neuronIdGenerator>
    <rootName>Neuron</rootName>
    <index>19</index>
  </neuronIdGenerator>
  <synapseIdGenerator>
    <rootName>Synapse</rootName>
    <index>73</index>
  </synapseIdGenerator>
  <groupIdGenerator>
    <rootName>Group</rootName>
    <index>3</index>
  </groupIdGenerator>
  <collectionIdGenerator>
    <rootName>Collection</rootName>
    <index>1</index>
  </collectionIdGenerator>
  <arrayIdGenerator>
    <rootName>Array</rootName>
    <index>1</index>
  </arrayIdGenerator>
  <weightMatrixGenerator>
    <rootName>Weight Matrix</rootName>
    <index>1</index>
  </weightMatrixGenerator>
  <fireUpdates>true</fireUpdates>
  <name>Network1</name>
  <iterCount>770</iterCount>
  <updateFreq>1</updateFreq>
  <oneOffRun>true</oneOffRun>
</org.simbrain.network.core.Network>