<org.simbrain.network.core.Network>
  <neuronList/>
  <synapseList class="linked-hash-set">
    <org.simbrain.network.core.Synapse>
      <parentNetwork reference="../../.."/>
      <source>
        <updateRule class="org.simbrain.network.neuron_update_rules.NakaRushtonRule">
          <inputType>WEIGHTED</inputType>
          <increment>0.1</increment>
          <steepness>2.0</steepness>
          <semiSaturationConstant>120.0</semiSaturationConstant>
          <adaptationTimeConstant>1.0</adaptationTimeConstant>
          <adaptationParameter>0.7</adaptationParameter>
          <useAdaptation>false</useAdaptation>
          <timeConstant>1.0</timeConstant>
          <noiseGenerator>
            <pdf>UNIFORM</pdf>
            <param1>0.0</param1>
            <param2>1.0</param2>
            <upperBound>1.0</upperBound>
            <lowerBound>0.0</lowerBound>
            <clipping>false</clipping>
          </noiseGenerator>
          <addNoise>false</addNoise>
          <s>10.745684523446043</s>
          <a>0.0</a>
          <upperBound>100.0</upperBound>
          <lowerBound>-1.0</lowerBound>
        </updateRule>
        <id>Neuron_26</id>
        <label></label>
        <activation>7.553611017416274</activation>
        <spike>false</spike>
        <buffer>7.553611017416274</buffer>
        <spkBuffer>false</spkBuffer>
        <inputValue>0.0</inputValue>
        <parent reference="../../../.."/>
        <generator>false</generator>
        <x>258.6101659136595</x>
        <y>172.565888300971</y>
        <z>0.0</z>
        <clamped>false</clamped>
        <targetValue>0.0</targetValue>
        <parentGroup class="org.simbrain.network.groups.NeuronGroup">
          <parentNetwork reference="../../../../.."/>
          <id>Group_1</id>
          <label>Group_1</label>
          <stateInfo></stateInfo>
          <markedForDeletion>false</markedForDeletion>
          <updateRule>Linear</updateRule>
          <isSpikingNeuronGroup>false</isSpikingNeuronGroup>
          <neuronList class="java.util.concurrent.CopyOnWriteArrayList" serialization="custom">
            <java.util.concurrent.CopyOnWriteArrayList>
              <default/>
              <int>9</int>
              <org.simbrain.network.core.Neuron reference="../../../.."/>
              <org.simbrain.network.core.Neuron>
                <updateRule class="org.simbrain.network.neuron_update_rules.NakaRushtonRule">
                  <inputType>WEIGHTED</inputType>
                  <increment>0.1</increment>
                  <steepness>2.0</steepness>
                  <semiSaturationConstant>120.0</semiSaturationConstant>
                  <adaptationTimeConstant>1.0</adaptationTimeConstant>
                  <adaptationParameter>0.7</adaptationParameter>
                  <useAdaptation>false</useAdaptation>
                  <timeConstant>1.0</timeConstant>
                  <noiseGenerator>
                    <pdf>UNIFORM</pdf>
                    <param1>0.0</param1>
                    <param2>1.0</param2>
                    <upperBound>1.0</upperBound>
                    <lowerBound>0.0</lowerBound>
                    <clipping>false</clipping>
                  </noiseGenerator>
                  <addNoise>false</addNoise>
                  <s>0.0</s>
                  <a>0.0</a>
                  <upperBound>100.0</upperBound>
                  <lowerBound>-1.0</lowerBound>
                </updateRule>
                <id>Neuron_27</id>
                <label></label>
                <activation>2.7169818664695717</activation>
                <spike>false</spike>
                <buffer>2.7169818664695717</buffer>
                <spkBuffer>false</spkBuffer>
                <inputValue>0.0</inputValue>
                <parent reference="../../../../../../../.."/>
                <generator>false</generator>
                <x>308.6101659136595</x>
                <y>172.565888300971</y>
                <z>0.0</z>
                <clamped>false</clamped>
                <targetValue>0.0</targetValue>
                <parentGroup class="org.simbrain.network.groups.NeuronGroup" reference="../../../.."/>
                <updatePriority>0</updatePriority>
                <auxValue>0.0</auxValue>
              </org.simbrain.network.core.Neuron>
              <org.simbrain.network.core.Neuron>
                <updateRule class="org.simbrain.network.neuron_update_rules.NakaRushtonRule">
                  <inputType>WEIGHTED</inputType>
                  <increment>0.1</increment>
                  <steepness>2.0</steepness>
                  <semiSaturationConstant>120.0</semiSaturationConstant>
                  <adaptationTimeConstant>1.0</adaptationTimeConstant>
                  <adaptationParameter>0.7</adaptationParameter>
                  <useAdaptation>false</useAdaptation>
                  <timeConstant>1.0</timeConstant>
                  <noiseGenerator>
                    <pdf>UNIFORM</pdf>
                    <param1>0.0</param1>
                    <param2>1.0</param2>
                    <upperBound>1.0</upperBound>
                    <lowerBound>0.0</lowerBound>
                    <clipping>false</clipping>
                  </noiseGenerator>
                  <addNoise>false</addNoise>
                  <s>0.0</s>
                  <a>0.0</a>
                  <upperBound>100.0</upperBound>
                  <lowerBound>-1.0</lowerBound>
                </updateRule>
                <id>Neuron_28</id>
                <label></label>
                <activation>3.478367113998834</activation>
                <spike>false</spike>
                <buffer>3.478367113998834</buffer>
                <spkBuffer>false</spkBuffer>
                <inputValue>0.0</inputValue>
                <parent reference="../../../../../../../.."/>
                <generator>false</generator>
                <x>358.6101659136595</x>
                <y>172.565888300971</y>
                <z>0.0</z>
                <clamped>false</clamped>
                <targetValue>0.0</targetValue>
                <parentGroup class="org.simbrain.network.groups.NeuronGroup" reference="../../../.."/>
                <updatePriority>0</updatePriority>
                <auxValue>0.0</auxValue>
              </org.simbrain.network.core.Neuron>
              <org.simbrain.network.core.Neuron>
                <updateRule class="org.simbrain.network.neuron_update_rules.NakaRushtonRule">
                  <inputType>WEIGHTED</inputType>
                  <increment>0.1</increment>
                  <steepness>2.0</steepness>
                  <semiSaturationConstant>120.0</semiSaturationConstant>
                  <adaptationTimeConstant>1.0</adaptationTimeConstant>
                  <adaptationParameter>0.7</adaptationParameter>
                  <useAdaptation>false</useAdaptation>
                  <timeConstant>1.0</timeConstant>
                  <noiseGenerator>
                    <pdf>UNIFORM</pdf>
                    <param1>0.0</param1>
                    <param2>1.0</param2>
                    <upperBound>1.0</upperBound>
                    <lowerBound>0.0</lowerBound>
                    <clipping>false</clipping>
                  </noiseGenerator>
                  <addNoise>false</addNoise>
                  <s>0.0</s>
                  <a>0.0</a>
                  <upperBound>100.0</upperBound>
                  <lowerBound>-1.0</lowerBound>
                </updateRule>
                <id>Neuron_29</id>
                <label></label>
                <activation>7.475567795004463</activation>
                <spike>false</spike>
                <buffer>7.475567795004463</buffer>
                <spkBuffer>false</spkBuffer>
                <inputValue>0.0</inputValue>
                <parent reference="../../../../../../../.."/>
                <generator>false</generator>
                <x>258.6101659136595</x>
                <y>222.565888300971</y>
                <z>0.0</z>
                <clamped>false</clamped>
                <targetValue>0.0</targetValue>
                <parentGroup class="org.simbrain.network.groups.NeuronGroup" reference="../../../.."/>
                <updatePriority>0</updatePriority>
                <auxValue>0.0</auxValue>
              </org.simbrain.network.core.Neuron>
              <org.simbrain.network.core.Neuron>
                <updateRule class="org.simbrain.network.neuron_update_rules.NakaRushtonRule">
                  <inputType>WEIGHTED</inputType>
                  <increment>0.1</increment>
                  <steepness>2.0</steepness>
                  <semiSaturationConstant>120.0</semiSaturationConstant>
                  <adaptationTimeConstant>1.0</adaptationTimeConstant>
                  <adaptationParameter>0.7</adaptationParameter>
                  <useAdaptation>false</useAdaptation>
                  <timeConstant>1.0</timeConstant>
                  <noiseGenerator>
                    <pdf>UNIFORM</pdf>
                    <param1>0.0</param1>
                    <param2>1.0</param2>
                    <upperBound>1.0</upperBound>
                    <lowerBound>0.0</lowerBound>
                    <clipping>false</clipping>
                  </noiseGenerator>
                  <addNoise>false</addNoise>
                  <s>50.35572710331163</s>
                  <a>0.0</a>
                  <upperBound>100.0</upperBound>
                  <lowerBound>-1.0</lowerBound>
                </updateRule>
                <id>Neuron_30</id>
                <label></label>
                <activation>8.65096677940209</activation>
                <spike>false</spike>
                <buffer>8.65096677940209</buffer>
                <spkBuffer>false</spkBuffer>
                <inputValue>0.0</inputValue>
                <parent reference="../../../../../../../.."/>
                <generator>false</generator>
                <x>308.6101659136595</x>
                <y>222.565888300971</y>
                <z>0.0</z>
                <clamped>false</clamped>
                <targetValue>0.0</targetValue>
                <parentGroup class="org.simbrain.network.groups.NeuronGroup" reference="../../../.."/>
                <updatePriority>0</updatePriority>
                <auxValue>0.0</auxValue>
              </org.simbrain.network.core.Neuron>
              <org.simbrain.network.core.Neuron>
                <updateRule class="org.simbrain.network.neuron_update_rules.NakaRushtonRule">
                  <inputType>WEIGHTED</inputType>
                  <increment>0.1</increment>
                  <steepness>2.0</steepness>
                  <semiSaturationConstant>120.0</semiSaturationConstant>
                  <adaptationTimeConstant>1.0</adaptationTimeConstant>
                  <adaptationParameter>0.7</adaptationParameter>
                  <useAdaptation>false</useAdaptation>
                  <timeConstant>1.0</timeConstant>
                  <noiseGenerator>
                    <pdf>UNIFORM</pdf>
                    <param1>0.0</param1>
                    <param2>1.0</param2>
                    <upperBound>1.0</upperBound>
                    <lowerBound>0.0</lowerBound>
                    <clipping>false</clipping>
                  </noiseGenerator>
                  <addNoise>false</addNoise>
                  <s>0.0</s>
                  <a>0.0</a>
                  <upperBound>100.0</upperBound>
                  <lowerBound>-1.0</lowerBound>
                </updateRule>
                <id>Neuron_31</id>
                <label></label>
                <activation>3.8391425279939804</activation>
                <spike>false</spike>
                <buffer>3.8391425279939804</buffer>
                <spkBuffer>false</spkBuffer>
                <inputValue>0.0</inputValue>
                <parent reference="../../../../../../../.."/>
                <generator>false</generator>
                <x>358.6101659136595</x>
                <y>222.565888300971</y>
                <z>0.0</z>
                <clamped>false</clamped>
                <targetValue>0.0</targetValue>
                <parentGroup class="org.simbrain.network.groups.NeuronGroup" reference="../../../.."/>
                <updatePriority>0</updatePriority>
                <auxValue>0.0</auxValue>
              </org.simbrain.network.core.Neuron>
              <org.simbrain.network.core.Neuron>
                <updateRule class="org.simbrain.network.neuron_update_rules.NakaRushtonRule">
                  <inputType>WEIGHTED</inputType>
                  <increment>0.1</increment>
                  <steepness>2.0</steepness>
                  <semiSaturationConstant>120.0</semiSaturationConstant>
                  <adaptationTimeConstant>1.0</adaptationTimeConstant>
                  <adaptationParameter>0.7</adaptationParameter>
                  <useAdaptation>false</useAdaptation>
                  <timeConstant>1.0</timeConstant>
                  <noiseGenerator>
                    <pdf>UNIFORM</pdf>
                    <param1>0.0</param1>
                    <param2>1.0</param2>
                    <upperBound>1.0</upperBound>
                    <lowerBound>0.0</lowerBound>
                    <clipping>false</clipping>
                  </noiseGenerator>
                  <addNoise>false</addNoise>
                  <s>0.0</s>
                  <a>0.0</a>
                  <upperBound>100.0</upperBound>
                  <lowerBound>-1.0</lowerBound>
                </updateRule>
                <id>Neuron_32</id>
                <label></label>
                <activation>-0.7375243856801896</activation>
                <spike>false</spike>
                <buffer>-0.7375243856801896</buffer>
                <spkBuffer>false</spkBuffer>
                <inputValue>0.0</inputValue>
                <parent reference="../../../../../../../.."/>
                <generator>false</generator>
                <x>258.6101659136595</x>
                <y>272.56588830097115</y>
                <z>0.0</z>
                <clamped>false</clamped>
                <targetValue>0.0</targetValue>
                <parentGroup class="org.simbrain.network.groups.NeuronGroup" reference="../../../.."/>
                <updatePriority>0</updatePriority>
                <auxValue>0.0</auxValue>
              </org.simbrain.network.core.Neuron>
              <org.simbrain.network.core.Neuron>
                <updateRule class="org.simbrain.network.neuron_update_rules.NakaRushtonRule">
                  <inputType>WEIGHTED</inputType>
                  <increment>0.1</increment>
                  <steepness>2.0</steepness>
                  <semiSaturationConstant>120.0</semiSaturationConstant>
                  <adaptationTimeConstant>1.0</adaptationTimeConstant>
                  <adaptationParameter>0.7</adaptationParameter>
                  <useAdaptation>false</useAdaptation>
                  <timeConstant>1.0</timeConstant>
                  <noiseGenerator>
                    <pdf>UNIFORM</pdf>
                    <param1>0.0</param1>
                    <param2>1.0</param2>
                    <upperBound>1.0</upperBound>
                    <lowerBound>0.0</lowerBound>
                    <clipping>false</clipping>
                  </noiseGenerator>
                  <addNoise>false</addNoise>
                  <s>0.0</s>
                  <a>0.0</a>
                  <upperBound>100.0</upperBound>
                  <lowerBound>-1.0</lowerBound>
                </updateRule>
                <id>Neuron_33</id>
                <label></label>
                <activation>-0.08300185611140357</activation>
                <spike>false</spike>
                <buffer>-0.08300185611140357</buffer>
                <spkBuffer>false</spkBuffer>
                <inputValue>0.0</inputValue>
                <parent reference="../../../../../../../.."/>
                <generator>false</generator>
                <x>308.6101659136595</x>
                <y>272.56588830097115</y>
                <z>0.0</z>
                <clamped>false</clamped>
                <targetValue>0.0</targetValue>
                <parentGroup class="org.simbrain.network.groups.NeuronGroup" reference="../../../.."/>
                <updatePriority>0</updatePriority>
                <auxValue>0.0</auxValue>
              </org.simbrain.network.core.Neuron>
              <org.simbrain.network.core.Neuron>
                <updateRule class="org.simbrain.network.neuron_update_rules.NakaRushtonRule">
                  <inputType>WEIGHTED</inputType>
                  <increment>0.1</increment>
                  <steepness>2.0</steepness>
                  <semiSaturationConstant>120.0</semiSaturationConstant>
                  <adaptationTimeConstant>1.0</adaptationTimeConstant>
                  <adaptationParameter>0.7</adaptationParameter>
                  <useAdaptation>false</useAdaptation>
                  <timeConstant>1.0</timeConstant>
                  <noiseGenerator>
                    <pdf>UNIFORM</pdf>
                    <param1>0.0</param1>
                    <param2>1.0</param2>
                    <upperBound>1.0</upperBound>
                    <lowerBound>0.0</lowerBound>
                    <clipping>false</clipping>
                  </noiseGenerator>
                  <addNoise>false</addNoise>
                  <s>5.1330593314405615</s>
                  <a>0.0</a>
                  <upperBound>100.0</upperBound>
                  <lowerBound>-1.0</lowerBound>
                </updateRule>
                <id>Neuron_34</id>
                <label></label>
                <activation>6.9423940561562185</activation>
                <spike>false</spike>
                <buffer>6.9423940561562185</buffer>
                <spkBuffer>false</spkBuffer>
                <inputValue>0.0</inputValue>
                <parent reference="../../../../../../../.."/>
                <generator>false</generator>
                <x>358.6101659136595</x>
                <y>272.56588830097115</y>
                <z>0.0</z>
                <clamped>false</clamped>
                <targetValue>0.0</targetValue>
                <parentGroup class="org.simbrain.network.groups.NeuronGroup" reference="../../../.."/>
                <updatePriority>0</updatePriority>
                <auxValue>0.0</auxValue>
              </org.simbrain.network.core.Neuron>
            </java.util.concurrent.CopyOnWriteArrayList>
          </neuronList>
          <layout class="org.simbrain.network.layouts.GridLayout">
            <initialX>87.0</initialX>
            <initialY>146.0</initialY>
            <numColumns>3</numColumns>
            <hSpacing>50.0</hSpacing>
            <vSpacing>50.0</vSpacing>
            <manualColumns>false</manualColumns>
          </layout>
          <incomingSgs/>
          <outgoingSgs/>
          <gridThreshold>10</gridThreshold>
          <betweenNeuronInterval>50</betweenNeuronInterval>
          <recording>false</recording>
          <fileNum>0</fileNum>
        </parentGroup>
        <updatePriority>0</updatePriority>
        <auxValue>0.0</auxValue>
      </source>
      <target reference="../source/parentGroup/neuronList/java.util.concurrent.CopyOnWriteArrayList/org.simbrain.network.core.Neuron[2]"/>
      <learningRule class="org.simbrain.network.synapse_update_rules.StaticSynapseRule">
        <clipped>false</clipped>
      </learningRule>
      <id>Synapse_1</id>
      <strength>-6.8603727645033175</strength>
      <psr>-49.38738572608377</psr>
      <increment>1.0</increment>
      <upperBound>10.0</upperBound>
      <lowerBound>-10.0</lowerBound>
      <delay>0</delay>
      <enabled>true</enabled>
      <frozen>false</frozen>
    </org.simbrain.network.core.Synapse>
    <org.simbrain.network.core.Synapse>
      <parentNetwork reference="../../.."/>
      <source reference="../../org.simbrain.network.core.Synapse/source"/>
      <target reference="../../org.simbrain.network.core.Synapse/source/parentGroup/neuronList/java.util.concurrent.CopyOnWriteArrayList/org.simbrain.network.core.Neuron[3]"/>
      <learningRule class="org.simbrain.network.synapse_update_rules.StaticSynapseRule" reference="../../org.simbrain.network.core.Synapse/learningRule"/>
      <id>Synapse_2</id>
      <strength>-2.180774567581447</strength>
      <psr>-15.699256942428846</psr>
      <increment>1.0</increment>
      <upperBound>10.0</upperBound>
      <lowerBound>-10.0</lowerBound>
      <delay>0</delay>
      <enabled>true</enabled>
      <frozen>false</frozen>
    </org.simbrain.network.core.Synapse>
    <org.simbrain.network.core.Synapse>
      <parentNetwork reference="../../.."/>
      <source reference="../../org.simbrain.network.core.Synapse/source"/>
      <target reference="../../org.simbrain.network.core.Synapse/source/parentGroup/neuronList/java.util.concurrent.CopyOnWriteArrayList/org.simbrain.network.core.Neuron[4]"/>
      <learningRule class="org.simbrain.network.synapse_update_rules.StaticSynapseRule" reference="../../org.simbrain.network.core.Synapse/learningRule"/>
      <id>Synapse_3</id>
      <strength>-4.5724409636096315</strength>
      <psr>-32.91671069944903</psr>
      <increment>1.0</increment>
      <upperBound>10.0</upperBound>
      <lowerBound>-10.0</lowerBound>
      <delay>0</delay>
      <enabled>true</enabled>
      <frozen>false</frozen>
    </org.simbrain.network.core.Synapse>
    <org.simbrain.network.core.Synapse>
      <parentNetwork reference="../../.."/>
      <source reference="../../org.simbrain.network.core.Synapse/source"/>
      <target reference="../../org.simbrain.network.core.Synapse/source/parentGroup/neuronList/java.util.concurrent.CopyOnWriteArrayList/org.simbrain.network.core.Neuron[5]"/>
      <learningRule class="org.simbrain.network.synapse_update_rules.StaticSynapseRule" reference="../../org.simbrain.network.core.Synapse/learningRule"/>
      <id>Synapse_4</id>
      <strength>8.849854070208707</strength>
      <psr>63.709534683949975</psr>
      <increment>1.0</increment>
      <upperBound>10.0</upperBound>
      <lowerBound>-10.0</lowerBound>
      <delay>0</delay>
      <enabled>true</enabled>
      <frozen>false</frozen>
    </org.simbrain.network.core.Synapse>
    <org.simbrain.network.core.Synapse>
      <parentNetwork reference="../../.."/>
      <source reference="../../org.simbrain.network.core.Synapse/source"/>
      <target reference="../../org.simbrain.network.core.Synapse/source/parentGroup/neuronList/java.util.concurrent.CopyOnWriteArrayList/org.simbrain.network.core.Neuron[6]"/>
      <learningRule class="org.simbrain.network.synapse_update_rules.StaticSynapseRule" reference="../../org.simbrain.network.core.Synapse/learningRule"/>
      <id>Synapse_5</id>
      <strength>4.0526025828040275</strength>
      <psr>29.174427370340755</psr>
      <increment>1.0</increment>
      <upperBound>10.0</upperBound>
      <lowerBound>-10.0</lowerBound>
      <delay>0</delay>
      <enabled>true</enabled>
      <frozen>false</frozen>
    </org.simbrain.network.core.Synapse>
    <org.simbrain.network.core.Synapse>
      <parentNetwork reference="../../.."/>
      <source reference="../../org.simbrain.network.core.Synapse/source"/>
      <target reference="../../org.simbrain.network.core.Synapse/source/parentGroup/neuronList/java.util.concurrent.CopyOnWriteArrayList/org.simbrain.network.core.Neuron[7]"/>
      <learningRule class="org.simbrain.network.synapse_update_rules.StaticSynapseRule" reference="../../org.simbrain.network.core.Synapse/learningRule"/>
      <id>Synapse_6</id>
      <strength>2.497762953151053</strength>
      <psr>17.98123610102754</psr>
      <increment>1.0</increment>
      <upperBound>10.0</upperBound>
      <lowerBound>-10.0</lowerBound>
      <delay>0</delay>
      <enabled>true</enabled>
      <frozen>false</frozen>
    </org.simbrain.network.core.Synapse>
    <org.simbrain.network.core.Synapse>
      <parentNetwork reference="../../.."/>
      <source reference="../../org.simbrain.network.core.Synapse/source"/>
      <target reference="../../org.simbrain.network.core.Synapse/source/parentGroup/neuronList/java.util.concurrent.CopyOnWriteArrayList/org.simbrain.network.core.Neuron[8]"/>
      <learningRule class="org.simbrain.network.synapse_update_rules.StaticSynapseRule" reference="../../org.simbrain.network.core.Synapse/learningRule"/>
      <id>Synapse_7</id>
      <strength>-8.757765315390033</strength>
      <psr>-63.04659361480038</psr>
      <increment>1.0</increment>
      <upperBound>10.0</upperBound>
      <lowerBound>-10.0</lowerBound>
      <delay>0</delay>
      <enabled>true</enabled>
      <frozen>false</frozen>
    </org.simbrain.network.core.Synapse>
    <org.simbrain.network.core.Synapse>
      <parentNetwork reference="../../.."/>
      <source reference="../../org.simbrain.network.core.Synapse/source"/>
      <target reference="../../org.simbrain.network.core.Synapse/source/parentGroup/neuronList/java.util.concurrent.CopyOnWriteArrayList/org.simbrain.network.core.Neuron[9]"/>
      <learningRule class="org.simbrain.network.synapse_update_rules.StaticSynapseRule" reference="../../org.simbrain.network.core.Synapse/learningRule"/>
      <id>Synapse_8</id>
      <strength>3.792842589786275</strength>
      <psr>27.30443175760216</psr>
      <increment>1.0</increment>
      <upperBound>10.0</upperBound>
      <lowerBound>-10.0</lowerBound>
      <delay>0</delay>
      <enabled>true</enabled>
      <frozen>false</frozen>
    </org.simbrain.network.core.Synapse>
    <org.simbrain.network.core.Synapse>
      <parentNetwork reference="../../.."/>
      <source reference="../../org.simbrain.network.core.Synapse/source/parentGroup/neuronList/java.util.concurrent.CopyOnWriteArrayList/org.simbrain.network.core.Neuron[2]"/>
      <target reference="../../org.simbrain.network.core.Synapse/source"/>
      <learningRule class="org.simbrain.network.synapse_update_rules.StaticSynapseRule" reference="../../org.simbrain.network.core.Synapse/learningRule"/>
      <id>Synapse_9</id>
      <strength>3.903698226964</strength>
      <psr>11.784752549811785</psr>
      <increment>1.0</increment>
      <upperBound>10.0</upperBound>
      <lowerBound>-10.0</lowerBound>
      <delay>0</delay>
      <enabled>true</enabled>
      <frozen>false</frozen>
    </org.simbrain.network.core.Synapse>
    <org.simbrain.network.core.Synapse>
      <parentNetwork reference="../../.."/>
      <source reference="../../org.simbrain.network.core.Synapse/source/parentGroup/neuronList/java.util.concurrent.CopyOnWriteArrayList/org.simbrain.network.core.Neuron[2]"/>
      <target reference="../../org.simbrain.network.core.Synapse/source/parentGroup/neuronList/java.util.concurrent.CopyOnWriteArrayList/org.simbrain.network.core.Neuron[3]"/>
      <learningRule class="org.simbrain.network.synapse_update_rules.StaticSynapseRule" reference="../../org.simbrain.network.core.Synapse/learningRule"/>
      <id>Synapse_10</id>
      <strength>6.86011281149549</strength>
      <psr>20.709780123076488</psr>
      <increment>1.0</increment>
      <upperBound>10.0</upperBound>
      <lowerBound>-10.0</lowerBound>
      <delay>0</delay>
      <enabled>true</enabled>
      <frozen>false</frozen>
    </org.simbrain.network.core.Synapse>
    <org.simbrain.network.core.Synapse>
      <parentNetwork reference="../../.."/>
      <source reference="../../org.simbrain.network.core.Synapse/source/parentGroup/neuronList/java.util.concurrent.CopyOnWriteArrayList/org.simbrain.network.core.Neuron[2]"/>
      <target reference="../../org.simbrain.network.core.Synapse/source/parentGroup/neuronList/java.util.concurrent.CopyOnWriteArrayList/org.simbrain.network.core.Neuron[4]"/>
      <learningRule class="org.simbrain.network.synapse_update_rules.StaticSynapseRule" reference="../../org.simbrain.network.core.Synapse/learningRule"/>
      <id>Synapse_11</id>
      <strength>-0.5123958865886458</strength>
      <psr>-1.5468559247943887</psr>
      <increment>1.0</increment>
      <upperBound>10.0</upperBound>
      <lowerBound>-10.0</lowerBound>
      <delay>0</delay>
      <enabled>true</enabled>
      <frozen>false</frozen>
    </org.simbrain.network.core.Synapse>
    <org.simbrain.network.core.Synapse>
      <parentNetwork reference="../../.."/>
      <source reference="../../org.simbrain.network.core.Synapse/source/parentGroup/neuronList/java.util.concurrent.CopyOnWriteArrayList/org.simbrain.network.core.Neuron[2]"/>
      <target reference="../../org.simbrain.network.core.Synapse/source/parentGroup/neuronList/java.util.concurrent.CopyOnWriteArrayList/org.simbrain.network.core.Neuron[5]"/>
      <learningRule class="org.simbrain.network.synapse_update_rules.StaticSynapseRule" reference="../../org.simbrain.network.core.Synapse/learningRule"/>
      <id>Synapse_12</id>
      <strength>1.3177222778833215</strength>
      <psr>3.9780305933910696</psr>
      <increment>1.0</increment>
      <upperBound>10.0</upperBound>
      <lowerBound>-10.0</lowerBound>
      <delay>0</delay>
      <enabled>true</enabled>
      <frozen>false</frozen>
    </org.simbrain.network.core.Synapse>
    <org.simbrain.network.core.Synapse>
      <parentNetwork reference="../../.."/>
      <source reference="../../org.simbrain.network.core.Synapse/source/parentGroup/neuronList/java.util.concurrent.CopyOnWriteArrayList/org.simbrain.network.core.Neuron[2]"/>
      <target reference="../../org.simbrain.network.core.Synapse/source/parentGroup/neuronList/java.util.concurrent.CopyOnWriteArrayList/org.simbrain.network.core.Neuron[6]"/>
      <learningRule class="org.simbrain.network.synapse_update_rules.StaticSynapseRule" reference="../../org.simbrain.network.core.Synapse/learningRule"/>
      <id>Synapse_13</id>
      <strength>9.848722072369537</strength>
      <psr>29.73199919836295</psr>
      <increment>1.0</increment>
      <upperBound>10.0</upperBound>
      <lowerBound>-10.0</lowerBound>
      <delay>0</delay>
      <enabled>true</enabled>
      <frozen>false</frozen>
    </org.simbrain.network.core.Synapse>
    <org.simbrain.network.core.Synapse>
      <parentNetwork reference="../../.."/>
      <source reference="../../org.simbrain.network.core.Synapse/source/parentGroup/neuronList/java.util.concurrent.CopyOnWriteArrayList/org.simbrain.network.core.Neuron[2]"/>
      <target reference="../../org.simbrain.network.core.Synapse/source/parentGroup/neuronList/java.util.concurrent.CopyOnWriteArrayList/org.simbrain.network.core.Neuron[7]"/>
      <learningRule class="org.simbrain.network.synapse_update_rules.StaticSynapseRule" reference="../../org.simbrain.network.core.Synapse/learningRule"/>
      <id>Synapse_14</id>
      <strength>6.101261288831509</strength>
      <psr>18.418906982608863</psr>
      <increment>1.0</increment>
      <upperBound>10.0</upperBound>
      <lowerBound>-10.0</lowerBound>
      <delay>0</delay>
      <enabled>true</enabled>
      <frozen>false</frozen>
    </org.simbrain.network.core.Synapse>
    <org.simbrain.network.core.Synapse>
      <parentNetwork reference="../../.."/>
      <source reference="../../org.simbrain.network.core.Synapse/source/parentGroup/neuronList/java.util.concurrent.CopyOnWriteArrayList/org.simbrain.network.core.Neuron[2]"/>
      <target reference="../../org.simbrain.network.core.Synapse/source/parentGroup/neuronList/java.util.concurrent.CopyOnWriteArrayList/org.simbrain.network.core.Neuron[8]"/>
      <learningRule class="org.simbrain.network.synapse_update_rules.StaticSynapseRule" reference="../../org.simbrain.network.core.Synapse/learningRule"/>
      <id>Synapse_15</id>
      <strength>-3.423972862518278</strength>
      <psr>-10.336524643051193</psr>
      <increment>1.0</increment>
      <upperBound>10.0</upperBound>
      <lowerBound>-10.0</lowerBound>
      <delay>0</delay>
      <enabled>true</enabled>
      <frozen>false</frozen>
    </org.simbrain.network.core.Synapse>
    <org.simbrain.network.core.Synapse>
      <parentNetwork reference="../../.."/>
      <source reference="../../org.simbrain.network.core.Synapse/source/parentGroup/neuronList/java.util.concurrent.CopyOnWriteArrayList/org.simbrain.network.core.Neuron[2]"/>
      <target reference="../../org.simbrain.network.core.Synapse/source/parentGroup/neuronList/java.util.concurrent.CopyOnWriteArrayList/org.simbrain.network.core.Neuron[9]"/>
      <learningRule class="org.simbrain.network.synapse_update_rules.StaticSynapseRule" reference="../../org.simbrain.network.core.Synapse/learningRule"/>
      <id>Synapse_16</id>
      <strength>9.593734606550694</strength>
      <psr>28.962225508577585</psr>
      <increment>1.0</increment>
      <upperBound>10.0</upperBound>
      <lowerBound>-10.0</lowerBound>
      <delay>0</delay>
      <enabled>true</enabled>
      <frozen>false</frozen>
    </org.simbrain.network.core.Synapse>
    <org.simbrain.network.core.Synapse>
      <parentNetwork reference="../../.."/>
      <source reference="../../org.simbrain.network.core.Synapse/source/parentGroup/neuronList/java.util.concurrent.CopyOnWriteArrayList/org.simbrain.network.core.Neuron[3]"/>
      <target reference="../../org.simbrain.network.core.Synapse/source"/>
      <learningRule class="org.simbrain.network.synapse_update_rules.StaticSynapseRule" reference="../../org.simbrain.network.core.Synapse/learningRule"/>
      <id>Synapse_17</id>
      <strength>-7.045201744873091</strength>
      <psr>-27.228664512059737</psr>
      <increment>1.0</increment>
      <upperBound>10.0</upperBound>
      <lowerBound>-10.0</lowerBound>
      <delay>0</delay>
      <enabled>true</enabled>
      <frozen>false</frozen>
    </org.simbrain.network.core.Synapse>
    <org.simbrain.network.core.Synapse>
      <parentNetwork reference="../../.."/>
      <source reference="../../org.simbrain.network.core.Synapse/source/parentGroup/neuronList/java.util.concurrent.CopyOnWriteArrayList/org.simbrain.network.core.Neuron[3]"/>
      <target reference="../../org.simbrain.network.core.Synapse/source/parentGroup/neuronList/java.util.concurrent.CopyOnWriteArrayList/org.simbrain.network.core.Neuron[2]"/>
      <learningRule class="org.simbrain.network.synapse_update_rules.StaticSynapseRule" reference="../../org.simbrain.network.core.Synapse/learningRule"/>
      <id>Synapse_18</id>
      <strength>-3.3815128650814774</strength>
      <psr>-13.069047939403763</psr>
      <increment>1.0</increment>
      <upperBound>10.0</upperBound>
      <lowerBound>-10.0</lowerBound>
      <delay>0</delay>
      <enabled>true</enabled>
      <frozen>false</frozen>
    </org.simbrain.network.core.Synapse>
    <org.simbrain.network.core.Synapse>
      <parentNetwork reference="../../.."/>
      <source reference="../../org.simbrain.network.core.Synapse/source/parentGroup/neuronList/java.util.concurrent.CopyOnWriteArrayList/org.simbrain.network.core.Neuron[3]"/>
      <target reference="../../org.simbrain.network.core.Synapse/source/parentGroup/neuronList/java.util.concurrent.CopyOnWriteArrayList/org.simbrain.network.core.Neuron[4]"/>
      <learningRule class="org.simbrain.network.synapse_update_rules.StaticSynapseRule" reference="../../org.simbrain.network.core.Synapse/learningRule"/>
      <id>Synapse_19</id>
      <strength>-4.786107676973332</strength>
      <psr>-18.497599497379326</psr>
      <increment>1.0</increment>
      <upperBound>10.0</upperBound>
      <lowerBound>-10.0</lowerBound>
      <delay>0</delay>
      <enabled>true</enabled>
      <frozen>false</frozen>
    </org.simbrain.network.core.Synapse>
    <org.simbrain.network.core.Synapse>
      <parentNetwork reference="../../.."/>
      <source reference="../../org.simbrain.network.core.Synapse/source/parentGroup/neuronList/java.util.concurrent.CopyOnWriteArrayList/org.simbrain.network.core.Neuron[3]"/>
      <target reference="../../org.simbrain.network.core.Synapse/source/parentGroup/neuronList/java.util.concurrent.CopyOnWriteArrayList/org.simbrain.network.core.Neuron[5]"/>
      <learningRule class="org.simbrain.network.synapse_update_rules.StaticSynapseRule" reference="../../org.simbrain.network.core.Synapse/learningRule"/>
      <id>Synapse_20</id>
      <strength>6.472431878816607</strength>
      <psr>25.014993549859305</psr>
      <increment>1.0</increment>
      <upperBound>10.0</upperBound>
      <lowerBound>-10.0</lowerBound>
      <delay>0</delay>
      <enabled>true</enabled>
      <frozen>false</frozen>
    </org.simbrain.network.core.Synapse>
    <org.simbrain.network.core.Synapse>
      <parentNetwork reference="../../.."/>
      <source reference="../../org.simbrain.network.core.Synapse/source/parentGroup/neuronList/java.util.concurrent.CopyOnWriteArrayList/org.simbrain.network.core.Neuron[3]"/>
      <target reference="../../org.simbrain.network.core.Synapse/source/parentGroup/neuronList/java.util.concurrent.CopyOnWriteArrayList/org.simbrain.network.core.Neuron[6]"/>
      <learningRule class="org.simbrain.network.synapse_update_rules.StaticSynapseRule" reference="../../org.simbrain.network.core.Synapse/learningRule"/>
      <id>Synapse_21</id>
      <strength>-9.416787891909213</strength>
      <psr>-36.39449480302157</psr>
      <increment>1.0</increment>
      <upperBound>10.0</upperBound>
      <lowerBound>-10.0</lowerBound>
      <delay>0</delay>
      <enabled>true</enabled>
      <frozen>false</frozen>
    </org.simbrain.network.core.Synapse>
    <org.simbrain.network.core.Synapse>
      <parentNetwork reference="../../.."/>
      <source reference="../../org.simbrain.network.core.Synapse/source/parentGroup/neuronList/java.util.concurrent.CopyOnWriteArrayList/org.simbrain.network.core.Neuron[3]"/>
      <target reference="../../org.simbrain.network.core.Synapse/source/parentGroup/neuronList/java.util.concurrent.CopyOnWriteArrayList/org.simbrain.network.core.Neuron[7]"/>
      <learningRule class="org.simbrain.network.synapse_update_rules.StaticSynapseRule" reference="../../org.simbrain.network.core.Synapse/learningRule"/>
      <id>Synapse_22</id>
      <strength>0.03992755523890601</strength>
      <psr>0.15431410565042503</psr>
      <increment>1.0</increment>
      <upperBound>10.0</upperBound>
      <lowerBound>-10.0</lowerBound>
      <delay>0</delay>
      <enabled>true</enabled>
      <frozen>false</frozen>
    </org.simbrain.network.core.Synapse>
    <org.simbrain.network.core.Synapse>
      <parentNetwork reference="../../.."/>
      <source reference="../../org.simbrain.network.core.Synapse/source/parentGroup/neuronList/java.util.concurrent.CopyOnWriteArrayList/org.simbrain.network.core.Neuron[3]"/>
      <target reference="../../org.simbrain.network.core.Synapse/source/parentGroup/neuronList/java.util.concurrent.CopyOnWriteArrayList/org.simbrain.network.core.Neuron[8]"/>
      <learningRule class="org.simbrain.network.synapse_update_rules.StaticSynapseRule" reference="../../org.simbrain.network.core.Synapse/learningRule"/>
      <id>Synapse_23</id>
      <strength>-1.790587626827298</strength>
      <psr>-6.920356795432545</psr>
      <increment>1.0</increment>
      <upperBound>10.0</upperBound>
      <lowerBound>-10.0</lowerBound>
      <delay>0</delay>
      <enabled>true</enabled>
      <frozen>false</frozen>
    </org.simbrain.network.core.Synapse>
    <org.simbrain.network.core.Synapse>
      <parentNetwork reference="../../.."/>
      <source reference="../../org.simbrain.network.core.Synapse/source/parentGroup/neuronList/java.util.concurrent.CopyOnWriteArrayList/org.simbrain.network.core.Neuron[3]"/>
      <target reference="../../org.simbrain.network.core.Synapse/source/parentGroup/neuronList/java.util.concurrent.CopyOnWriteArrayList/org.simbrain.network.core.Neuron[9]"/>
      <learningRule class="org.simbrain.network.synapse_update_rules.StaticSynapseRule" reference="../../org.simbrain.network.core.Synapse/learningRule"/>
      <id>Synapse_24</id>
      <strength>3.621849187238972</strength>
      <psr>13.997912338617162</psr>
      <increment>1.0</increment>
      <upperBound>10.0</upperBound>
      <lowerBound>-10.0</lowerBound>
      <delay>0</delay>
      <enabled>true</enabled>
      <frozen>false</frozen>
    </org.simbrain.network.core.Synapse>
    <org.simbrain.network.core.Synapse>
      <parentNetwork reference="../../.."/>
      <source reference="../../org.simbrain.network.core.Synapse/source/parentGroup/neuronList/java.util.concurrent.CopyOnWriteArrayList/org.simbrain.network.core.Neuron[4]"/>
      <target reference="../../org.simbrain.network.core.Synapse/source"/>
      <learningRule class="org.simbrain.network.synapse_update_rules.StaticSynapseRule" reference="../../org.simbrain.network.core.Synapse/learningRule"/>
      <id>Synapse_25</id>
      <strength>7.109067311364882</strength>
      <psr>59.04923849484253</psr>
      <increment>1.0</increment>
      <upperBound>10.0</upperBound>
      <lowerBound>-10.0</lowerBound>
      <delay>0</delay>
      <enabled>true</enabled>
      <frozen>false</frozen>
    </org.simbrain.network.core.Synapse>
    <org.simbrain.network.core.Synapse>
      <parentNetwork reference="../../.."/>
      <source reference="../../org.simbrain.network.core.Synapse/source/parentGroup/neuronList/java.util.concurrent.CopyOnWriteArrayList/org.simbrain.network.core.Neuron[4]"/>
      <target reference="../../org.simbrain.network.core.Synapse/source/parentGroup/neuronList/java.util.concurrent.CopyOnWriteArrayList/org.simbrain.network.core.Neuron[2]"/>
      <learningRule class="org.simbrain.network.synapse_update_rules.StaticSynapseRule" reference="../../org.simbrain.network.core.Synapse/learningRule"/>
      <id>Synapse_26</id>
      <strength>-9.88443771606968</strength>
      <psr>-82.10198251330885</psr>
      <increment>1.0</increment>
      <upperBound>10.0</upperBound>
      <lowerBound>-10.0</lowerBound>
      <delay>0</delay>
      <enabled>true</enabled>
      <frozen>false</frozen>
    </org.simbrain.network.core.Synapse>
    <org.simbrain.network.core.Synapse>
      <parentNetwork reference="../../.."/>
      <source reference="../../org.simbrain.network.core.Synapse/source/parentGroup/neuronList/java.util.concurrent.CopyOnWriteArrayList/org.simbrain.network.core.Neuron[4]"/>
      <target reference="../../org.simbrain.network.core.Synapse/source/parentGroup/neuronList/java.util.concurrent.CopyOnWriteArrayList/org.simbrain.network.core.Neuron[3]"/>
      <learningRule class="org.simbrain.network.synapse_update_rules.StaticSynapseRule" reference="../../org.simbrain.network.core.Synapse/learningRule"/>
      <id>Synapse_27</id>
      <strength>-6.277603527490689</strength>
      <psr>-52.142945288795346</psr>
      <increment>1.0</increment>
      <upperBound>10.0</upperBound>
      <lowerBound>-10.0</lowerBound>
      <delay>0</delay>
      <enabled>true</enabled>
      <frozen>false</frozen>
    </org.simbrain.network.core.Synapse>
    <org.simbrain.network.core.Synapse>
      <parentNetwork reference="../../.."/>
      <source reference="../../org.simbrain.network.core.Synapse/source/parentGroup/neuronList/java.util.concurrent.CopyOnWriteArrayList/org.simbrain.network.core.Neuron[4]"/>
      <target reference="../../org.simbrain.network.core.Synapse/source/parentGroup/neuronList/java.util.concurrent.CopyOnWriteArrayList/org.simbrain.network.core.Neuron[5]"/>
      <learningRule class="org.simbrain.network.synapse_update_rules.StaticSynapseRule" reference="../../org.simbrain.network.core.Synapse/learningRule"/>
      <id>Synapse_28</id>
      <strength>9.45295593114745</strength>
      <psr>78.51801436275811</psr>
      <increment>1.0</increment>
      <upperBound>10.0</upperBound>
      <lowerBound>-10.0</lowerBound>
      <delay>0</delay>
      <enabled>true</enabled>
      <frozen>false</frozen>
    </org.simbrain.network.core.Synapse>
    <org.simbrain.network.core.Synapse>
      <parentNetwork reference="../../.."/>
      <source reference="../../org.simbrain.network.core.Synapse/source/parentGroup/neuronList/java.util.concurrent.CopyOnWriteArrayList/org.simbrain.network.core.Neuron[4]"/>
      <target reference="../../org.simbrain.network.core.Synapse/source/parentGroup/neuronList/java.util.concurrent.CopyOnWriteArrayList/org.simbrain.network.core.Neuron[6]"/>
      <learningRule class="org.simbrain.network.synapse_update_rules.StaticSynapseRule" reference="../../org.simbrain.network.core.Synapse/learningRule"/>
      <id>Synapse_29</id>
      <strength>0.5992114982124477</strength>
      <psr>4.977162420481498</psr>
      <increment>1.0</increment>
      <upperBound>10.0</upperBound>
      <lowerBound>-10.0</lowerBound>
      <delay>0</delay>
      <enabled>true</enabled>
      <frozen>false</frozen>
    </org.simbrain.network.core.Synapse>
    <org.simbrain.network.core.Synapse>
      <parentNetwork reference="../../.."/>
      <source reference="../../org.simbrain.network.core.Synapse/source/parentGroup/neuronList/java.util.concurrent.CopyOnWriteArrayList/org.simbrain.network.core.Neuron[4]"/>
      <target reference="../../org.simbrain.network.core.Synapse/source/parentGroup/neuronList/java.util.concurrent.CopyOnWriteArrayList/org.simbrain.network.core.Neuron[7]"/>
      <learningRule class="org.simbrain.network.synapse_update_rules.StaticSynapseRule" reference="../../org.simbrain.network.core.Synapse/learningRule"/>
      <id>Synapse_30</id>
      <strength>-3.2038282395086215</strength>
      <psr>-26.61159467555166</psr>
      <increment>1.0</increment>
      <upperBound>10.0</upperBound>
      <lowerBound>-10.0</lowerBound>
      <delay>0</delay>
      <enabled>true</enabled>
      <frozen>false</frozen>
    </org.simbrain.network.core.Synapse>
    <org.simbrain.network.core.Synapse>
      <parentNetwork reference="../../.."/>
      <source reference="../../org.simbrain.network.core.Synapse/source/parentGroup/neuronList/java.util.concurrent.CopyOnWriteArrayList/org.simbrain.network.core.Neuron[4]"/>
      <target reference="../../org.simbrain.network.core.Synapse/source/parentGroup/neuronList/java.util.concurrent.CopyOnWriteArrayList/org.simbrain.network.core.Neuron[8]"/>
      <learningRule class="org.simbrain.network.synapse_update_rules.StaticSynapseRule" reference="../../org.simbrain.network.core.Synapse/learningRule"/>
      <id>Synapse_31</id>
      <strength>-7.678402409940272</strength>
      <psr>-63.778241969815724</psr>
      <increment>1.0</increment>
      <upperBound>10.0</upperBound>
      <lowerBound>-10.0</lowerBound>
      <delay>0</delay>
      <enabled>true</enabled>
      <frozen>false</frozen>
    </org.simbrain.network.core.Synapse>
    <org.simbrain.network.core.Synapse>
      <parentNetwork reference="../../.."/>
      <source reference="../../org.simbrain.network.core.Synapse/source/parentGroup/neuronList/java.util.concurrent.CopyOnWriteArrayList/org.simbrain.network.core.Neuron[4]"/>
      <target reference="../../org.simbrain.network.core.Synapse/source/parentGroup/neuronList/java.util.concurrent.CopyOnWriteArrayList/org.simbrain.network.core.Neuron[9]"/>
      <learningRule class="org.simbrain.network.synapse_update_rules.StaticSynapseRule" reference="../../org.simbrain.network.core.Synapse/learningRule"/>
      <id>Synapse_32</id>
      <strength>-6.857526493666761</strength>
      <psr>-56.95989356605013</psr>
      <increment>1.0</increment>
      <upperBound>10.0</upperBound>
      <lowerBound>-10.0</lowerBound>
      <delay>0</delay>
      <enabled>true</enabled>
      <frozen>false</frozen>
    </org.simbrain.network.core.Synapse>
    <org.simbrain.network.core.Synapse>
      <parentNetwork reference="../../.."/>
      <source reference="../../org.simbrain.network.core.Synapse/source/parentGroup/neuronList/java.util.concurrent.CopyOnWriteArrayList/org.simbrain.network.core.Neuron[5]"/>
      <target reference="../../org.simbrain.network.core.Synapse/source"/>
      <learningRule class="org.simbrain.network.synapse_update_rules.StaticSynapseRule" reference="../../org.simbrain.network.core.Synapse/learningRule"/>
      <id>Synapse_33</id>
      <strength>-0.3480710259342885</strength>
      <psr>-1.3982376919758441</psr>
      <increment>1.0</increment>
      <upperBound>10.0</upperBound>
      <lowerBound>-10.0</lowerBound>
      <delay>0</delay>
      <enabled>true</enabled>
      <frozen>false</frozen>
    </org.simbrain.network.core.Synapse>
    <org.simbrain.network.core.Synapse>
      <parentNetwork reference="../../.."/>
      <source reference="../../org.simbrain.network.core.Synapse/source/parentGroup/neuronList/java.util.concurrent.CopyOnWriteArrayList/org.simbrain.network.core.Neuron[5]"/>
      <target reference="../../org.simbrain.network.core.Synapse/source/parentGroup/neuronList/java.util.concurrent.CopyOnWriteArrayList/org.simbrain.network.core.Neuron[2]"/>
      <learningRule class="org.simbrain.network.synapse_update_rules.StaticSynapseRule" reference="../../org.simbrain.network.core.Synapse/learningRule"/>
      <id>Synapse_34</id>
      <strength>-4.873380211734686</strength>
      <psr>-19.576877682036894</psr>
      <increment>1.0</increment>
      <upperBound>10.0</upperBound>
      <lowerBound>-10.0</lowerBound>
      <delay>0</delay>
      <enabled>true</enabled>
      <frozen>false</frozen>
    </org.simbrain.network.core.Synapse>
    <org.simbrain.network.core.Synapse>
      <parentNetwork reference="../../.."/>
      <source reference="../../org.simbrain.network.core.Synapse/source/parentGroup/neuronList/java.util.concurrent.CopyOnWriteArrayList/org.simbrain.network.core.Neuron[5]"/>
      <target reference="../../org.simbrain.network.core.Synapse/source/parentGroup/neuronList/java.util.concurrent.CopyOnWriteArrayList/org.simbrain.network.core.Neuron[3]"/>
      <learningRule class="org.simbrain.network.synapse_update_rules.StaticSynapseRule" reference="../../org.simbrain.network.core.Synapse/learningRule"/>
      <id>Synapse_35</id>
      <strength>-2.5152348420938004</strength>
      <psr>-10.103961256029418</psr>
      <increment>1.0</increment>
      <upperBound>10.0</upperBound>
      <lowerBound>-10.0</lowerBound>
      <delay>0</delay>
      <enabled>true</enabled>
      <frozen>false</frozen>
    </org.simbrain.network.core.Synapse>
    <org.simbrain.network.core.Synapse>
      <parentNetwork reference="../../.."/>
      <source reference="../../org.simbrain.network.core.Synapse/source/parentGroup/neuronList/java.util.concurrent.CopyOnWriteArrayList/org.simbrain.network.core.Neuron[5]"/>
      <target reference="../../org.simbrain.network.core.Synapse/source/parentGroup/neuronList/java.util.concurrent.CopyOnWriteArrayList/org.simbrain.network.core.Neuron[4]"/>
      <learningRule class="org.simbrain.network.synapse_update_rules.StaticSynapseRule" reference="../../org.simbrain.network.core.Synapse/learningRule"/>
      <id>Synapse_36</id>
      <strength>2.544414114955716</strength>
      <psr>10.221177444968053</psr>
      <increment>1.0</increment>
      <upperBound>10.0</upperBound>
      <lowerBound>-10.0</lowerBound>
      <delay>0</delay>
      <enabled>true</enabled>
      <frozen>false</frozen>
    </org.simbrain.network.core.Synapse>
    <org.simbrain.network.core.Synapse>
      <parentNetwork reference="../../.."/>
      <source reference="../../org.simbrain.network.core.Synapse/source/parentGroup/neuronList/java.util.concurrent.CopyOnWriteArrayList/org.simbrain.network.core.Neuron[5]"/>
      <target reference="../../org.simbrain.network.core.Synapse/source/parentGroup/neuronList/java.util.concurrent.CopyOnWriteArrayList/org.simbrain.network.core.Neuron[6]"/>
      <learningRule class="org.simbrain.network.synapse_update_rules.StaticSynapseRule" reference="../../org.simbrain.network.core.Synapse/learningRule"/>
      <id>Synapse_37</id>
      <strength>-4.441089297901508</strength>
      <psr>-17.84031989760831</psr>
      <increment>1.0</increment>
      <upperBound>10.0</upperBound>
      <lowerBound>-10.0</lowerBound>
      <delay>0</delay>
      <enabled>true</enabled>
      <frozen>false</frozen>
    </org.simbrain.network.core.Synapse>
    <org.simbrain.network.core.Synapse>
      <parentNetwork reference="../../.."/>
      <source reference="../../org.simbrain.network.core.Synapse/source/parentGroup/neuronList/java.util.concurrent.CopyOnWriteArrayList/org.simbrain.network.core.Neuron[5]"/>
      <target reference="../../org.simbrain.network.core.Synapse/source/parentGroup/neuronList/java.util.concurrent.CopyOnWriteArrayList/org.simbrain.network.core.Neuron[7]"/>
      <learningRule class="org.simbrain.network.synapse_update_rules.StaticSynapseRule" reference="../../org.simbrain.network.core.Synapse/learningRule"/>
      <id>Synapse_38</id>
      <strength>-0.7444271930766604</strength>
      <psr>-2.9904418430049735</psr>
      <increment>1.0</increment>
      <upperBound>10.0</upperBound>
      <lowerBound>-10.0</lowerBound>
      <delay>0</delay>
      <enabled>true</enabled>
      <frozen>false</frozen>
    </org.simbrain.network.core.Synapse>
    <org.simbrain.network.core.Synapse>
      <parentNetwork reference="../../.."/>
      <source reference="../../org.simbrain.network.core.Synapse/source/parentGroup/neuronList/java.util.concurrent.CopyOnWriteArrayList/org.simbrain.network.core.Neuron[5]"/>
      <target reference="../../org.simbrain.network.core.Synapse/source/parentGroup/neuronList/java.util.concurrent.CopyOnWriteArrayList/org.simbrain.network.core.Neuron[8]"/>
      <learningRule class="org.simbrain.network.synapse_update_rules.StaticSynapseRule" reference="../../org.simbrain.network.core.Synapse/learningRule"/>
      <id>Synapse_39</id>
      <strength>-3.178929615585502</strength>
      <psr>-12.770092531313052</psr>
      <increment>1.0</increment>
      <upperBound>10.0</upperBound>
      <lowerBound>-10.0</lowerBound>
      <delay>0</delay>
      <enabled>true</enabled>
      <frozen>false</frozen>
    </org.simbrain.network.core.Synapse>
    <org.simbrain.network.core.Synapse>
      <parentNetwork reference="../../.."/>
      <source reference="../../org.simbrain.network.core.Synapse/source/parentGroup/neuronList/java.util.concurrent.CopyOnWriteArrayList/org.simbrain.network.core.Neuron[5]"/>
      <target reference="../../org.simbrain.network.core.Synapse/source/parentGroup/neuronList/java.util.concurrent.CopyOnWriteArrayList/org.simbrain.network.core.Neuron[9]"/>
      <learningRule class="org.simbrain.network.synapse_update_rules.StaticSynapseRule" reference="../../org.simbrain.network.core.Synapse/learningRule"/>
      <id>Synapse_40</id>
      <strength>8.645980396663177</strength>
      <psr>34.731806941555064</psr>
      <increment>1.0</increment>
      <upperBound>10.0</upperBound>
      <lowerBound>-10.0</lowerBound>
      <delay>0</delay>
      <enabled>true</enabled>
      <frozen>false</frozen>
    </org.simbrain.network.core.Synapse>
    <org.simbrain.network.core.Synapse>
      <parentNetwork reference="../../.."/>
      <source reference="../../org.simbrain.network.core.Synapse/source/parentGroup/neuronList/java.util.concurrent.CopyOnWriteArrayList/org.simbrain.network.core.Neuron[6]"/>
      <target reference="../../org.simbrain.network.core.Synapse/source"/>
      <learningRule class="org.simbrain.network.synapse_update_rules.StaticSynapseRule" reference="../../org.simbrain.network.core.Synapse/learningRule"/>
      <id>Synapse_41</id>
      <strength>-9.717928711214224</strength>
      <psr>-41.45390377692918</psr>
      <increment>1.0</increment>
      <upperBound>10.0</upperBound>
      <lowerBound>-10.0</lowerBound>
      <delay>0</delay>
      <enabled>true</enabled>
      <frozen>false</frozen>
    </org.simbrain.network.core.Synapse>
    <org.simbrain.network.core.Synapse>
      <parentNetwork reference="../../.."/>
      <source reference="../../org.simbrain.network.core.Synapse/source/parentGroup/neuronList/java.util.concurrent.CopyOnWriteArrayList/org.simbrain.network.core.Neuron[6]"/>
      <target reference="../../org.simbrain.network.core.Synapse/source/parentGroup/neuronList/java.util.concurrent.CopyOnWriteArrayList/org.simbrain.network.core.Neuron[2]"/>
      <learningRule class="org.simbrain.network.synapse_update_rules.StaticSynapseRule" reference="../../org.simbrain.network.core.Synapse/learningRule"/>
      <id>Synapse_42</id>
      <strength>-6.085426050224989</strength>
      <psr>-25.958686611534652</psr>
      <increment>1.0</increment>
      <upperBound>10.0</upperBound>
      <lowerBound>-10.0</lowerBound>
      <delay>0</delay>
      <enabled>true</enabled>
      <frozen>false</frozen>
    </org.simbrain.network.core.Synapse>
    <org.simbrain.network.core.Synapse>
      <parentNetwork reference="../../.."/>
      <source reference="../../org.simbrain.network.core.Synapse/source/parentGroup/neuronList/java.util.concurrent.CopyOnWriteArrayList/org.simbrain.network.core.Neuron[6]"/>
      <target reference="../../org.simbrain.network.core.Synapse/source/parentGroup/neuronList/java.util.concurrent.CopyOnWriteArrayList/org.simbrain.network.core.Neuron[3]"/>
      <learningRule class="org.simbrain.network.synapse_update_rules.StaticSynapseRule" reference="../../org.simbrain.network.core.Synapse/learningRule"/>
      <id>Synapse_43</id>
      <strength>1.315092162901184</strength>
      <psr>5.609806945361693</psr>
      <increment>1.0</increment>
      <upperBound>10.0</upperBound>
      <lowerBound>-10.0</lowerBound>
      <delay>0</delay>
      <enabled>true</enabled>
      <frozen>false</frozen>
    </org.simbrain.network.core.Synapse>
    <org.simbrain.network.core.Synapse>
      <parentNetwork reference="../../.."/>
      <source reference="../../org.simbrain.network.core.Synapse/source/parentGroup/neuronList/java.util.concurrent.CopyOnWriteArrayList/org.simbrain.network.core.Neuron[6]"/>
      <target reference="../../org.simbrain.network.core.Synapse/source/parentGroup/neuronList/java.util.concurrent.CopyOnWriteArrayList/org.simbrain.network.core.Neuron[4]"/>
      <learningRule class="org.simbrain.network.synapse_update_rules.StaticSynapseRule" reference="../../org.simbrain.network.core.Synapse/learningRule"/>
      <id>Synapse_44</id>
      <strength>-1.5382538092325468</strength>
      <psr>-6.561750686526011</psr>
      <increment>1.0</increment>
      <upperBound>10.0</upperBound>
      <lowerBound>-10.0</lowerBound>
      <delay>0</delay>
      <enabled>true</enabled>
      <frozen>false</frozen>
    </org.simbrain.network.core.Synapse>
    <org.simbrain.network.core.Synapse>
      <parentNetwork reference="../../.."/>
      <source reference="../../org.simbrain.network.core.Synapse/source/parentGroup/neuronList/java.util.concurrent.CopyOnWriteArrayList/org.simbrain.network.core.Neuron[6]"/>
      <target reference="../../org.simbrain.network.core.Synapse/source/parentGroup/neuronList/java.util.concurrent.CopyOnWriteArrayList/org.simbrain.network.core.Neuron[5]"/>
      <learningRule class="org.simbrain.network.synapse_update_rules.StaticSynapseRule" reference="../../org.simbrain.network.core.Synapse/learningRule"/>
      <id>Synapse_45</id>
      <strength>-9.555217517388837</strength>
      <psr>-40.75982437248949</psr>
      <increment>1.0</increment>
      <upperBound>10.0</upperBound>
      <lowerBound>-10.0</lowerBound>
      <delay>0</delay>
      <enabled>true</enabled>
      <frozen>false</frozen>
    </org.simbrain.network.core.Synapse>
    <org.simbrain.network.core.Synapse>
      <parentNetwork reference="../../.."/>
      <source reference="../../org.simbrain.network.core.Synapse/source/parentGroup/neuronList/java.util.concurrent.CopyOnWriteArrayList/org.simbrain.network.core.Neuron[6]"/>
      <target reference="../../org.simbrain.network.core.Synapse/source/parentGroup/neuronList/java.util.concurrent.CopyOnWriteArrayList/org.simbrain.network.core.Neuron[7]"/>
      <learningRule class="org.simbrain.network.synapse_update_rules.StaticSynapseRule" reference="../../org.simbrain.network.core.Synapse/learningRule"/>
      <id>Synapse_46</id>
      <strength>7.145150972759588</strength>
      <psr>30.479169964954323</psr>
      <increment>1.0</increment>
      <upperBound>10.0</upperBound>
      <lowerBound>-10.0</lowerBound>
      <delay>0</delay>
      <enabled>true</enabled>
      <frozen>false</frozen>
    </org.simbrain.network.core.Synapse>
    <org.simbrain.network.core.Synapse>
      <parentNetwork reference="../../.."/>
      <source reference="../../org.simbrain.network.core.Synapse/source/parentGroup/neuronList/java.util.concurrent.CopyOnWriteArrayList/org.simbrain.network.core.Neuron[6]"/>
      <target reference="../../org.simbrain.network.core.Synapse/source/parentGroup/neuronList/java.util.concurrent.CopyOnWriteArrayList/org.simbrain.network.core.Neuron[8]"/>
      <learningRule class="org.simbrain.network.synapse_update_rules.StaticSynapseRule" reference="../../org.simbrain.network.core.Synapse/learningRule"/>
      <id>Synapse_47</id>
      <strength>4.286099014009819</strength>
      <psr>18.283272226531295</psr>
      <increment>1.0</increment>
      <upperBound>10.0</upperBound>
      <lowerBound>-10.0</lowerBound>
      <delay>0</delay>
      <enabled>true</enabled>
      <frozen>false</frozen>
    </org.simbrain.network.core.Synapse>
    <org.simbrain.network.core.Synapse>
      <parentNetwork reference="../../.."/>
      <source reference="../../org.simbrain.network.core.Synapse/source/parentGroup/neuronList/java.util.concurrent.CopyOnWriteArrayList/org.simbrain.network.core.Neuron[6]"/>
      <target reference="../../org.simbrain.network.core.Synapse/source/parentGroup/neuronList/java.util.concurrent.CopyOnWriteArrayList/org.simbrain.network.core.Neuron[9]"/>
      <learningRule class="org.simbrain.network.synapse_update_rules.StaticSynapseRule" reference="../../org.simbrain.network.core.Synapse/learningRule"/>
      <id>Synapse_48</id>
      <strength>-3.126677345650039</strength>
      <psr>-13.337511076667111</psr>
      <increment>1.0</increment>
      <upperBound>10.0</upperBound>
      <lowerBound>-10.0</lowerBound>
      <delay>0</delay>
      <enabled>true</enabled>
      <frozen>false</frozen>
    </org.simbrain.network.core.Synapse>
    <org.simbrain.network.core.Synapse>
      <parentNetwork reference="../../.."/>
      <source reference="../../org.simbrain.network.core.Synapse/source/parentGroup/neuronList/java.util.concurrent.CopyOnWriteArrayList/org.simbrain.network.core.Neuron[7]"/>
      <target reference="../../org.simbrain.network.core.Synapse/source"/>
      <learningRule class="org.simbrain.network.synapse_update_rules.StaticSynapseRule" reference="../../org.simbrain.network.core.Synapse/learningRule"/>
      <id>Synapse_49</id>
      <strength>1.6191495037013972</strength>
      <psr>-1.3268469367130633</psr>
      <increment>1.0</increment>
      <upperBound>10.0</upperBound>
      <lowerBound>-10.0</lowerBound>
      <delay>0</delay>
      <enabled>true</enabled>
      <frozen>false</frozen>
    </org.simbrain.network.core.Synapse>
    <org.simbrain.network.core.Synapse>
      <parentNetwork reference="../../.."/>
      <source reference="../../org.simbrain.network.core.Synapse/source/parentGroup/neuronList/java.util.concurrent.CopyOnWriteArrayList/org.simbrain.network.core.Neuron[7]"/>
      <target reference="../../org.simbrain.network.core.Synapse/source/parentGroup/neuronList/java.util.concurrent.CopyOnWriteArrayList/org.simbrain.network.core.Neuron[2]"/>
      <learningRule class="org.simbrain.network.synapse_update_rules.StaticSynapseRule" reference="../../org.simbrain.network.core.Synapse/learningRule"/>
      <id>Synapse_50</id>
      <strength>-1.1465746449361518</strength>
      <psr>0.9395852896033521</psr>
      <increment>1.0</increment>
      <upperBound>10.0</upperBound>
      <lowerBound>-10.0</lowerBound>
      <delay>0</delay>
      <enabled>true</enabled>
      <frozen>false</frozen>
    </org.simbrain.network.core.Synapse>
    <org.simbrain.network.core.Synapse>
      <parentNetwork reference="../../.."/>
      <source reference="../../org.simbrain.network.core.Synapse/source/parentGroup/neuronList/java.util.concurrent.CopyOnWriteArrayList/org.simbrain.network.core.Neuron[7]"/>
      <target reference="../../org.simbrain.network.core.Synapse/source/parentGroup/neuronList/java.util.concurrent.CopyOnWriteArrayList/org.simbrain.network.core.Neuron[3]"/>
      <learningRule class="org.simbrain.network.synapse_update_rules.StaticSynapseRule" reference="../../org.simbrain.network.core.Synapse/learningRule"/>
      <id>Synapse_51</id>
      <strength>0.5258705918534563</strength>
      <psr>-0.4309359835599979</psr>
      <increment>1.0</increment>
      <upperBound>10.0</upperBound>
      <lowerBound>-10.0</lowerBound>
      <delay>0</delay>
      <enabled>true</enabled>
      <frozen>false</frozen>
    </org.simbrain.network.core.Synapse>
    <org.simbrain.network.core.Synapse>
      <parentNetwork reference="../../.."/>
      <source reference="../../org.simbrain.network.core.Synapse/source/parentGroup/neuronList/java.util.concurrent.CopyOnWriteArrayList/org.simbrain.network.core.Neuron[7]"/>
      <target reference="../../org.simbrain.network.core.Synapse/source/parentGroup/neuronList/java.util.concurrent.CopyOnWriteArrayList/org.simbrain.network.core.Neuron[4]"/>
      <learningRule class="org.simbrain.network.synapse_update_rules.StaticSynapseRule" reference="../../org.simbrain.network.core.Synapse/learningRule"/>
      <id>Synapse_52</id>
      <strength>5.909992539736205</strength>
      <psr>-4.843070685826054</psr>
      <increment>1.0</increment>
      <upperBound>10.0</upperBound>
      <lowerBound>-10.0</lowerBound>
      <delay>0</delay>
      <enabled>true</enabled>
      <frozen>false</frozen>
    </org.simbrain.network.core.Synapse>
    <org.simbrain.network.core.Synapse>
      <parentNetwork reference="../../.."/>
      <source reference="../../org.simbrain.network.core.Synapse/source/parentGroup/neuronList/java.util.concurrent.CopyOnWriteArrayList/org.simbrain.network.core.Neuron[7]"/>
      <target reference="../../org.simbrain.network.core.Synapse/source/parentGroup/neuronList/java.util.concurrent.CopyOnWriteArrayList/org.simbrain.network.core.Neuron[5]"/>
      <learningRule class="org.simbrain.network.synapse_update_rules.StaticSynapseRule" reference="../../org.simbrain.network.core.Synapse/learningRule"/>
      <id>Synapse_53</id>
      <strength>-4.35202620785774</strength>
      <psr>3.5663616171270722</psr>
      <increment>1.0</increment>
      <upperBound>10.0</upperBound>
      <lowerBound>-10.0</lowerBound>
      <delay>0</delay>
      <enabled>true</enabled>
      <frozen>false</frozen>
    </org.simbrain.network.core.Synapse>
    <org.simbrain.network.core.Synapse>
      <parentNetwork reference="../../.."/>
      <source reference="../../org.simbrain.network.core.Synapse/source/parentGroup/neuronList/java.util.concurrent.CopyOnWriteArrayList/org.simbrain.network.core.Neuron[7]"/>
      <target reference="../../org.simbrain.network.core.Synapse/source/parentGroup/neuronList/java.util.concurrent.CopyOnWriteArrayList/org.simbrain.network.core.Neuron[6]"/>
      <learningRule class="org.simbrain.network.synapse_update_rules.StaticSynapseRule" reference="../../org.simbrain.network.core.Synapse/learningRule"/>
      <id>Synapse_54</id>
      <strength>9.947475579145557</strength>
      <psr>-8.151673128420017</psr>
      <increment>1.0</increment>
      <upperBound>10.0</upperBound>
      <lowerBound>-10.0</lowerBound>
      <delay>0</delay>
      <enabled>true</enabled>
      <frozen>false</frozen>
    </org.simbrain.network.core.Synapse>
    <org.simbrain.network.core.Synapse>
      <parentNetwork reference="../../.."/>
      <source reference="../../org.simbrain.network.core.Synapse/source/parentGroup/neuronList/java.util.concurrent.CopyOnWriteArrayList/org.simbrain.network.core.Neuron[7]"/>
      <target reference="../../org.simbrain.network.core.Synapse/source/parentGroup/neuronList/java.util.concurrent.CopyOnWriteArrayList/org.simbrain.network.core.Neuron[8]"/>
      <learningRule class="org.simbrain.network.synapse_update_rules.StaticSynapseRule" reference="../../org.simbrain.network.core.Synapse/learningRule"/>
      <id>Synapse_55</id>
      <strength>-0.7771390068463226</strength>
      <psr>0.6368432984582743</psr>
      <increment>1.0</increment>
      <upperBound>10.0</upperBound>
      <lowerBound>-10.0</lowerBound>
      <delay>0</delay>
      <enabled>true</enabled>
      <frozen>false</frozen>
    </org.simbrain.network.core.Synapse>
    <org.simbrain.network.core.Synapse>
      <parentNetwork reference="../../.."/>
      <source reference="../../org.simbrain.network.core.Synapse/source/parentGroup/neuronList/java.util.concurrent.CopyOnWriteArrayList/org.simbrain.network.core.Neuron[7]"/>
      <target reference="../../org.simbrain.network.core.Synapse/source/parentGroup/neuronList/java.util.concurrent.CopyOnWriteArrayList/org.simbrain.network.core.Neuron[9]"/>
      <learningRule class="org.simbrain.network.synapse_update_rules.StaticSynapseRule" reference="../../org.simbrain.network.core.Synapse/learningRule"/>
      <id>Synapse_56</id>
      <strength>7.329074935344398</strength>
      <psr>-6.005968321437725</psr>
      <increment>1.0</increment>
      <upperBound>10.0</upperBound>
      <lowerBound>-10.0</lowerBound>
      <delay>0</delay>
      <enabled>true</enabled>
      <frozen>false</frozen>
    </org.simbrain.network.core.Synapse>
    <org.simbrain.network.core.Synapse>
      <parentNetwork reference="../../.."/>
      <source reference="../../org.simbrain.network.core.Synapse/source/parentGroup/neuronList/java.util.concurrent.CopyOnWriteArrayList/org.simbrain.network.core.Neuron[8]"/>
      <target reference="../../org.simbrain.network.core.Synapse/source"/>
      <learningRule class="org.simbrain.network.synapse_update_rules.StaticSynapseRule" reference="../../org.simbrain.network.core.Synapse/learningRule"/>
      <id>Synapse_57</id>
      <strength>-3.427918387409492</strength>
      <psr>0.316137320837108</psr>
      <increment>1.0</increment>
      <upperBound>10.0</upperBound>
      <lowerBound>-10.0</lowerBound>
      <delay>0</delay>
      <enabled>true</enabled>
      <frozen>false</frozen>
    </org.simbrain.network.core.Synapse>
    <org.simbrain.network.core.Synapse>
      <parentNetwork reference="../../.."/>
      <source reference="../../org.simbrain.network.core.Synapse/source/parentGroup/neuronList/java.util.concurrent.CopyOnWriteArrayList/org.simbrain.network.core.Neuron[8]"/>
      <target reference="../../org.simbrain.network.core.Synapse/source/parentGroup/neuronList/java.util.concurrent.CopyOnWriteArrayList/org.simbrain.network.core.Neuron[2]"/>
      <learningRule class="org.simbrain.network.synapse_update_rules.StaticSynapseRule" reference="../../org.simbrain.network.core.Synapse/learningRule"/>
      <id>Synapse_58</id>
      <strength>6.363483647960351</strength>
      <psr>-0.5868677267947494</psr>
      <increment>1.0</increment>
      <upperBound>10.0</upperBound>
      <lowerBound>-10.0</lowerBound>
      <delay>0</delay>
      <enabled>true</enabled>
      <frozen>false</frozen>
    </org.simbrain.network.core.Synapse>
    <org.simbrain.network.core.Synapse>
      <parentNetwork reference="../../.."/>
      <source reference="../../org.simbrain.network.core.Synapse/source/parentGroup/neuronList/java.util.concurrent.CopyOnWriteArrayList/org.simbrain.network.core.Neuron[8]"/>
      <target reference="../../org.simbrain.network.core.Synapse/source/parentGroup/neuronList/java.util.concurrent.CopyOnWriteArrayList/org.simbrain.network.core.Neuron[3]"/>
      <learningRule class="org.simbrain.network.synapse_update_rules.StaticSynapseRule" reference="../../org.simbrain.network.core.Synapse/learningRule"/>
      <id>Synapse_59</id>
      <strength>1.8000129151724167</strength>
      <psr>-0.16600490331534332</psr>
      <increment>1.0</increment>
      <upperBound>10.0</upperBound>
      <lowerBound>-10.0</lowerBound>
      <delay>0</delay>
      <enabled>true</enabled>
      <frozen>false</frozen>
    </org.simbrain.network.core.Synapse>
    <org.simbrain.network.core.Synapse>
      <parentNetwork reference="../../.."/>
      <source reference="../../org.simbrain.network.core.Synapse/source/parentGroup/neuronList/java.util.concurrent.CopyOnWriteArrayList/org.simbrain.network.core.Neuron[8]"/>
      <target reference="../../org.simbrain.network.core.Synapse/source/parentGroup/neuronList/java.util.concurrent.CopyOnWriteArrayList/org.simbrain.network.core.Neuron[4]"/>
      <learningRule class="org.simbrain.network.synapse_update_rules.StaticSynapseRule" reference="../../org.simbrain.network.core.Synapse/learningRule"/>
      <id>Synapse_60</id>
      <strength>1.0930682628868915</strength>
      <psr>-0.10080743852897735</psr>
      <increment>1.0</increment>
      <upperBound>10.0</upperBound>
      <lowerBound>-10.0</lowerBound>
      <delay>0</delay>
      <enabled>true</enabled>
      <frozen>false</frozen>
    </org.simbrain.network.core.Synapse>
    <org.simbrain.network.core.Synapse>
      <parentNetwork reference="../../.."/>
      <source reference="../../org.simbrain.network.core.Synapse/source/parentGroup/neuronList/java.util.concurrent.CopyOnWriteArrayList/org.simbrain.network.core.Neuron[8]"/>
      <target reference="../../org.simbrain.network.core.Synapse/source/parentGroup/neuronList/java.util.concurrent.CopyOnWriteArrayList/org.simbrain.network.core.Neuron[5]"/>
      <learningRule class="org.simbrain.network.synapse_update_rules.StaticSynapseRule" reference="../../org.simbrain.network.core.Synapse/learningRule"/>
      <id>Synapse_61</id>
      <strength>-2.0592714593156503</strength>
      <psr>0.18991483706715293</psr>
      <increment>1.0</increment>
      <upperBound>10.0</upperBound>
      <lowerBound>-10.0</lowerBound>
      <delay>0</delay>
      <enabled>true</enabled>
      <frozen>false</frozen>
    </org.simbrain.network.core.Synapse>
    <org.simbrain.network.core.Synapse>
      <parentNetwork reference="../../.."/>
      <source reference="../../org.simbrain.network.core.Synapse/source/parentGroup/neuronList/java.util.concurrent.CopyOnWriteArrayList/org.simbrain.network.core.Neuron[8]"/>
      <target reference="../../org.simbrain.network.core.Synapse/source/parentGroup/neuronList/java.util.concurrent.CopyOnWriteArrayList/org.simbrain.network.core.Neuron[6]"/>
      <learningRule class="org.simbrain.network.synapse_update_rules.StaticSynapseRule" reference="../../org.simbrain.network.core.Synapse/learningRule"/>
      <id>Synapse_62</id>
      <strength>1.2124722103223142</strength>
      <psr>-0.11181938215583129</psr>
      <increment>1.0</increment>
      <upperBound>10.0</upperBound>
      <lowerBound>-10.0</lowerBound>
      <delay>0</delay>
      <enabled>true</enabled>
      <frozen>false</frozen>
    </org.simbrain.network.core.Synapse>
    <org.simbrain.network.core.Synapse>
      <parentNetwork reference="../../.."/>
      <source reference="../../org.simbrain.network.core.Synapse/source/parentGroup/neuronList/java.util.concurrent.CopyOnWriteArrayList/org.simbrain.network.core.Neuron[8]"/>
      <target reference="../../org.simbrain.network.core.Synapse/source/parentGroup/neuronList/java.util.concurrent.CopyOnWriteArrayList/org.simbrain.network.core.Neuron[7]"/>
      <learningRule class="org.simbrain.network.synapse_update_rules.StaticSynapseRule" reference="../../org.simbrain.network.core.Synapse/learningRule"/>
      <id>Synapse_63</id>
      <strength>-2.311923384794805</strength>
      <psr>0.21321548013925276</psr>
      <increment>1.0</increment>
      <upperBound>10.0</upperBound>
      <lowerBound>-10.0</lowerBound>
      <delay>0</delay>
      <enabled>true</enabled>
      <frozen>false</frozen>
    </org.simbrain.network.core.Synapse>
    <org.simbrain.network.core.Synapse>
      <parentNetwork reference="../../.."/>
      <source reference="../../org.simbrain.network.core.Synapse/source/parentGroup/neuronList/java.util.concurrent.CopyOnWriteArrayList/org.simbrain.network.core.Neuron[8]"/>
      <target reference="../../org.simbrain.network.core.Synapse/source/parentGroup/neuronList/java.util.concurrent.CopyOnWriteArrayList/org.simbrain.network.core.Neuron[9]"/>
      <learningRule class="org.simbrain.network.synapse_update_rules.StaticSynapseRule" reference="../../org.simbrain.network.core.Synapse/learningRule"/>
      <id>Synapse_64</id>
      <strength>8.453900370467196</strength>
      <psr>-0.7796549134773993</psr>
      <increment>1.0</increment>
      <upperBound>10.0</upperBound>
      <lowerBound>-10.0</lowerBound>
      <delay>0</delay>
      <enabled>true</enabled>
      <frozen>false</frozen>
    </org.simbrain.network.core.Synapse>
    <org.simbrain.network.core.Synapse>
      <parentNetwork reference="../../.."/>
      <source reference="../../org.simbrain.network.core.Synapse/source/parentGroup/neuronList/java.util.concurrent.CopyOnWriteArrayList/org.simbrain.network.core.Neuron[9]"/>
      <target reference="../../org.simbrain.network.core.Synapse/source"/>
      <learningRule class="org.simbrain.network.synapse_update_rules.StaticSynapseRule" reference="../../org.simbrain.network.core.Synapse/learningRule"/>
      <id>Synapse_65</id>
      <strength>5.864819056972259</strength>
      <psr>41.894931714217485</psr>
      <increment>1.0</increment>
      <upperBound>10.0</upperBound>
      <lowerBound>-10.0</lowerBound>
      <delay>0</delay>
      <enabled>true</enabled>
      <frozen>false</frozen>
    </org.simbrain.network.core.Synapse>
    <org.simbrain.network.core.Synapse>
      <parentNetwork reference="../../.."/>
      <source reference="../../org.simbrain.network.core.Synapse/source/parentGroup/neuronList/java.util.concurrent.CopyOnWriteArrayList/org.simbrain.network.core.Neuron[9]"/>
      <target reference="../../org.simbrain.network.core.Synapse/source/parentGroup/neuronList/java.util.concurrent.CopyOnWriteArrayList/org.simbrain.network.core.Neuron[2]"/>
      <learningRule class="org.simbrain.network.synapse_update_rules.StaticSynapseRule" reference="../../org.simbrain.network.core.Synapse/learningRule"/>
      <id>Synapse_66</id>
      <strength>6.580233056573441</strength>
      <psr>47.00544243407592</psr>
      <increment>1.0</increment>
      <upperBound>10.0</upperBound>
      <lowerBound>-10.0</lowerBound>
      <delay>0</delay>
      <enabled>true</enabled>
      <frozen>false</frozen>
    </org.simbrain.network.core.Synapse>
    <org.simbrain.network.core.Synapse>
      <parentNetwork reference="../../.."/>
      <source reference="../../org.simbrain.network.core.Synapse/source/parentGroup/neuronList/java.util.concurrent.CopyOnWriteArrayList/org.simbrain.network.core.Neuron[9]"/>
      <target reference="../../org.simbrain.network.core.Synapse/source/parentGroup/neuronList/java.util.concurrent.CopyOnWriteArrayList/org.simbrain.network.core.Neuron[3]"/>
      <learningRule class="org.simbrain.network.synapse_update_rules.StaticSynapseRule" reference="../../org.simbrain.network.core.Synapse/learningRule"/>
      <id>Synapse_67</id>
      <strength>-2.6741845025130218</strength>
      <psr>-19.10285313761073</psr>
      <increment>1.0</increment>
      <upperBound>10.0</upperBound>
      <lowerBound>-10.0</lowerBound>
      <delay>0</delay>
      <enabled>true</enabled>
      <frozen>false</frozen>
    </org.simbrain.network.core.Synapse>
    <org.simbrain.network.core.Synapse>
      <parentNetwork reference="../../.."/>
      <source reference="../../org.simbrain.network.core.Synapse/source/parentGroup/neuronList/java.util.concurrent.CopyOnWriteArrayList/org.simbrain.network.core.Neuron[9]"/>
      <target reference="../../org.simbrain.network.core.Synapse/source/parentGroup/neuronList/java.util.concurrent.CopyOnWriteArrayList/org.simbrain.network.core.Neuron[4]"/>
      <learningRule class="org.simbrain.network.synapse_update_rules.StaticSynapseRule" reference="../../org.simbrain.network.core.Synapse/learningRule"/>
      <id>Synapse_68</id>
      <strength>-6.157109430775396</strength>
      <psr>-43.982887903871415</psr>
      <increment>1.0</increment>
      <upperBound>10.0</upperBound>
      <lowerBound>-10.0</lowerBound>
      <delay>0</delay>
      <enabled>true</enabled>
      <frozen>false</frozen>
    </org.simbrain.network.core.Synapse>
    <org.simbrain.network.core.Synapse>
      <parentNetwork reference="../../.."/>
      <source reference="../../org.simbrain.network.core.Synapse/source/parentGroup/neuronList/java.util.concurrent.CopyOnWriteArrayList/org.simbrain.network.core.Neuron[9]"/>
      <target reference="../../org.simbrain.network.core.Synapse/source/parentGroup/neuronList/java.util.concurrent.CopyOnWriteArrayList/org.simbrain.network.core.Neuron[5]"/>
      <learningRule class="org.simbrain.network.synapse_update_rules.StaticSynapseRule" reference="../../org.simbrain.network.core.Synapse/learningRule"/>
      <id>Synapse_69</id>
      <strength>-1.8702806865143113</strength>
      <psr>-13.36022149818688</psr>
      <increment>1.0</increment>
      <upperBound>10.0</upperBound>
      <lowerBound>-10.0</lowerBound>
      <delay>0</delay>
      <enabled>true</enabled>
      <frozen>false</frozen>
    </org.simbrain.network.core.Synapse>
    <org.simbrain.network.core.Synapse>
      <parentNetwork reference="../../.."/>
      <source reference="../../org.simbrain.network.core.Synapse/source/parentGroup/neuronList/java.util.concurrent.CopyOnWriteArrayList/org.simbrain.network.core.Neuron[9]"/>
      <target reference="../../org.simbrain.network.core.Synapse/source/parentGroup/neuronList/java.util.concurrent.CopyOnWriteArrayList/org.simbrain.network.core.Neuron[6]"/>
      <learningRule class="org.simbrain.network.synapse_update_rules.StaticSynapseRule" reference="../../org.simbrain.network.core.Synapse/learningRule"/>
      <id>Synapse_70</id>
      <strength>-5.81118729529607</strength>
      <psr>-41.511816911985704</psr>
      <increment>1.0</increment>
      <upperBound>10.0</upperBound>
      <lowerBound>-10.0</lowerBound>
      <delay>0</delay>
      <enabled>true</enabled>
      <frozen>false</frozen>
    </org.simbrain.network.core.Synapse>
    <org.simbrain.network.core.Synapse>
      <parentNetwork reference="../../.."/>
      <source reference="../../org.simbrain.network.core.Synapse/source/parentGroup/neuronList/java.util.concurrent.CopyOnWriteArrayList/org.simbrain.network.core.Neuron[9]"/>
      <target reference="../../org.simbrain.network.core.Synapse/source/parentGroup/neuronList/java.util.concurrent.CopyOnWriteArrayList/org.simbrain.network.core.Neuron[7]"/>
      <learningRule class="org.simbrain.network.synapse_update_rules.StaticSynapseRule" reference="../../org.simbrain.network.core.Synapse/learningRule"/>
      <id>Synapse_71</id>
      <strength>-7.67698605965723</strength>
      <psr>-54.84002210741359</psr>
      <increment>1.0</increment>
      <upperBound>10.0</upperBound>
      <lowerBound>-10.0</lowerBound>
      <delay>0</delay>
      <enabled>true</enabled>
      <frozen>false</frozen>
    </org.simbrain.network.core.Synapse>
    <org.simbrain.network.core.Synapse>
      <parentNetwork reference="../../.."/>
      <source reference="../../org.simbrain.network.core.Synapse/source/parentGroup/neuronList/java.util.concurrent.CopyOnWriteArrayList/org.simbrain.network.core.Neuron[9]"/>
      <target reference="../../org.simbrain.network.core.Synapse/source/parentGroup/neuronList/java.util.concurrent.CopyOnWriteArrayList/org.simbrain.network.core.Neuron[8]"/>
      <learningRule class="org.simbrain.network.synapse_update_rules.StaticSynapseRule" reference="../../org.simbrain.network.core.Synapse/learningRule"/>
      <id>Synapse_72</id>
      <strength>-5.371684177890382</strength>
      <psr>-38.37225660960822</psr>
      <increment>1.0</increment>
      <upperBound>10.0</upperBound>
      <lowerBound>-10.0</lowerBound>
      <delay>0</delay>
      <enabled>true</enabled>
      <frozen>false</frozen>
    </org.simbrain.network.core.Synapse>
  </synapseList>
  <groupList>
    <org.simbrain.network.groups.NeuronGroup reference="../../synapseList/org.simbrain.network.core.Synapse/source/parentGroup"/>
  </groupList>
  <textList>
    <org.simbrain.network.core.NetworkTextObject>
      <parent reference="../../.."/>
      <x>79.07149266579303</x>
      <y>154.87874384974236</y>
      <text>To start this simulation
press the play button.

To see activity change 
click in this window,
select all neurons
by pressing &quot;N&quot;, and 
then press the randomize
button or press &quot;R&quot;</text>
      <fontName>Helvetica</fontName>
      <fontSize>12</fontSize>
      <italic>false</italic>
      <bold>false</bold>
    </org.simbrain.network.core.NetworkTextObject>
  </textList>
  <updateManager>
    <actionList class="java.util.concurrent.CopyOnWriteArrayList" serialization="custom">
      <java.util.concurrent.CopyOnWriteArrayList>
        <default/>
        <int>2</int>
        <org.simbrain.network.update__actions.BufferedUpdate>
          <network reference="../../../../.."/>
        </org.simbrain.network.update__actions.BufferedUpdate>
        <org.simbrain.network.update__actions.UpdateGroup>
          <group class="org.simbrain.network.groups.NeuronGroup" reference="../../../../../synapseList/org.simbrain.network.core.Synapse/source/parentGroup"/>
        </org.simbrain.network.update__actions.UpdateGroup>
      </java.util.concurrent.CopyOnWriteArrayList>
    </actionList>
    <network reference="../.."/>
  </updateManager>
  <time>0.0</time>
  <timeStep>0.1</timeStep>
  <timeType>DISCRETE</timeType>
  <prioritySortedNeuronList/>
  <priorityComparator>
    <outer-class reference="../.."/>
  </priorityComparator>
  <neuronIdGenerator>
    <rootName>Neuron</rootName>
    <index>35</index>
  </neuronIdGenerator>
  <synapseIdGenerator>
    <rootName>Synapse</rootName>
    <index>73</index>
  </synapseIdGenerator>
  <groupIdGenerator>
    <rootName>Group</rootName>
    <index>2</index>
  </groupIdGenerator>
</org.simbrain.network.core.Network>