<org.simbrain.plot.barchart.BarChartModel>
  <dataset serialization="custom">
    <org.jfree.data.general.AbstractDataset>
      <default>
        <group>
          <id>NOID</id>
        </group>
      </default>
    </org.jfree.data.general.AbstractDataset>
    <org.jfree.data.category.DefaultCategoryDataset>
      <default>
        <data>
          <rowKeys>
            <int>1</int>
          </rowKeys>
          <columnKeys>
            <string>Neuron_10</string>
            <string>Neuron_11</string>
            <string>Neuron_12</string>
            <string>Neuron_13</string>
            <string>Neuron_14</string>
            <string>Neuron_15</string>
            <string>Neuron_16</string>
            <string>Neuron_17</string>
            <string>Neuron_18</string>
          </columnKeys>
          <rows>
            <org.jfree.data.DefaultKeyedValues>
              <keys>
                <string>Neuron_10</string>
                <string>Neuron_11</string>
                <string>Neuron_12</string>
                <string>Neuron_13</string>
                <string>Neuron_14</string>
                <string>Neuron_15</string>
                <string>Neuron_16</string>
                <string>Neuron_17</string>
                <string>Neuron_18</string>
              </keys>
              <values>
                <double>0.0025384363880137464</double>
                <double>0.047855185532649364</double>
                <double>97.84235200308991</double>
                <double>46.84481415103705</double>
                <double>98.56779651420392</double>
                <double>0.030201911990336335</double>
                <double>0.06000325471370807</double>
                <double>85.60707930065743</double>
                <double>99.63861350404827</double>
              </values>
              <indexMap>
                <entry>
                  <string>Neuron_16</string>
                  <int>6</int>
                </entry>
                <entry>
                  <string>Neuron_15</string>
                  <int>5</int>
                </entry>
                <entry>
                  <string>Neuron_18</string>
                  <int>8</int>
                </entry>
                <entry>
                  <string>Neuron_17</string>
                  <int>7</int>
                </entry>
                <entry>
                  <string>Neuron_10</string>
                  <int>0</int>
                </entry>
                <entry>
                  <string>Neuron_12</string>
                  <int>2</int>
                </entry>
                <entry>
                  <string>Neuron_11</string>
                  <int>1</int>
                </entry>
                <entry>
                  <string>Neuron_14</string>
                  <int>4</int>
                </entry>
                <entry>
                  <string>Neuron_13</string>
                  <int>3</int>
                </entry>
              </indexMap>
            </org.jfree.data.DefaultKeyedValues>
          </rows>
          <sortRowKeys>false</sortRowKeys>
        </data>
      </default>
    </org.jfree.data.category.DefaultCategoryDataset>
  </dataset>
  <barColor>
    <red>255</red>
    <green>0</green>
    <blue>0</blue>
    <alpha>255</alpha>
  </barColor>
  <autoRange>true</autoRange>
  <upperBound>10.0</upperBound>
  <lowerBound>0.0</lowerBound>
  <barNames>
    <string>Neuron_10</string>
    <string>Neuron_11</string>
    <string>Neuron_12</string>
    <string>Neuron_13</string>
    <string>Neuron_14</string>
    <string>Neuron_15</string>
    <string>Neuron_16</string>
    <string>Neuron_17</string>
    <string>Neuron_18</string>
  </barNames>
  <numBars>9</numBars>
</org.simbrain.plot.barchart.BarChartModel>