<org.simbrain.plot.barchart.BarChartModel>
  <dataset serialization="custom">
    <org.jfree.data.general.AbstractDataset>
      <default>
        <group>
          <id>NOID</id>
        </group>
      </default>
    </org.jfree.data.general.AbstractDataset>
    <org.jfree.data.category.DefaultCategoryDataset>
      <default>
        <data>
          <rowKeys>
            <int>1</int>
          </rowKeys>
          <columnKeys>
            <int>1</int>
            <int>2</int>
            <int>3</int>
            <int>4</int>
            <int>5</int>
            <int>6</int>
            <int>0</int>
            <int>7</int>
            <int>8</int>
          </columnKeys>
          <rows>
            <org.jfree.data.DefaultKeyedValues>
              <keys>
                <int>1</int>
                <int>2</int>
                <int>3</int>
                <int>4</int>
                <int>5</int>
                <int>6</int>
                <int>0</int>
                <int>7</int>
                <int>8</int>
              </keys>
              <values>
                <double>5.756492065153193E-6</double>
                <double>7.369645318038913E-6</double>
                <double>1.5838547627251854E-5</double>
                <double>96.79138668055197</double>
                <double>8.134023186583162E-6</double>
                <double>-1.5625990465448487E-6</double>
                <double>95.40711046504055</double>
                <double>-1.7585672248859413E-7</double>
                <double>99.00738381820217</double>
              </values>
              <indexMap>
                <entry>
                  <int>0</int>
                  <int>6</int>
                </entry>
                <entry>
                  <int>1</int>
                  <int>0</int>
                </entry>
                <entry>
                  <int>2</int>
                  <int>1</int>
                </entry>
                <entry>
                  <int>3</int>
                  <int>2</int>
                </entry>
                <entry>
                  <int>4</int>
                  <int>3</int>
                </entry>
                <entry>
                  <int>5</int>
                  <int>4</int>
                </entry>
                <entry>
                  <int>6</int>
                  <int>5</int>
                </entry>
                <entry>
                  <int>7</int>
                  <int>7</int>
                </entry>
                <entry>
                  <int>8</int>
                  <int>8</int>
                </entry>
              </indexMap>
            </org.jfree.data.DefaultKeyedValues>
          </rows>
          <sortRowKeys>false</sortRowKeys>
        </data>
      </default>
    </org.jfree.data.category.DefaultCategoryDataset>
  </dataset>
  <barColor>
    <red>255</red>
    <green>0</green>
    <blue>0</blue>
    <alpha>255</alpha>
  </barColor>
  <autoRange>true</autoRange>
  <upperBound>10.0</upperBound>
  <lowerBound>0.0</lowerBound>
</org.simbrain.plot.barchart.BarChartModel>