<org.simbrain.plot.barchart.BarChartModel>
  <dataset serialization="custom">
    <org.jfree.data.general.AbstractDataset>
      <default>
        <group>
          <id>NOID</id>
        </group>
      </default>
    </org.jfree.data.general.AbstractDataset>
    <org.jfree.data.category.DefaultCategoryDataset>
      <default>
        <data>
          <rowKeys>
            <int>1</int>
          </rowKeys>
          <columnKeys>
            <int>1</int>
            <int>2</int>
            <int>3</int>
            <int>4</int>
            <int>5</int>
            <int>6</int>
            <int>0</int>
            <int>7</int>
            <int>8</int>
          </columnKeys>
          <rows>
            <org.jfree.data.DefaultKeyedValues>
              <keys>
                <int>1</int>
                <int>2</int>
                <int>3</int>
                <int>4</int>
                <int>5</int>
                <int>6</int>
                <int>0</int>
                <int>7</int>
                <int>8</int>
              </keys>
              <values>
                <double>3.0188687405217465</double>
                <double>3.8648523488875934</double>
                <double>8.306186438893848</double>
                <double>4.0171045211899195</double>
                <double>4.265713919993312</double>
                <double>-0.8194715396446551</double>
                <double>7.198936183412966</double>
                <double>-0.09222428456822618</double>
                <double>7.143431247791291</double>
              </values>
              <indexMap>
                <entry>
                  <int>0</int>
                  <int>6</int>
                </entry>
                <entry>
                  <int>1</int>
                  <int>0</int>
                </entry>
                <entry>
                  <int>2</int>
                  <int>1</int>
                </entry>
                <entry>
                  <int>3</int>
                  <int>2</int>
                </entry>
                <entry>
                  <int>4</int>
                  <int>3</int>
                </entry>
                <entry>
                  <int>5</int>
                  <int>4</int>
                </entry>
                <entry>
                  <int>6</int>
                  <int>5</int>
                </entry>
                <entry>
                  <int>7</int>
                  <int>7</int>
                </entry>
                <entry>
                  <int>8</int>
                  <int>8</int>
                </entry>
              </indexMap>
            </org.jfree.data.DefaultKeyedValues>
          </rows>
          <sortRowKeys>false</sortRowKeys>
        </data>
      </default>
    </org.jfree.data.category.DefaultCategoryDataset>
  </dataset>
  <barColor>
    <red>255</red>
    <green>0</green>
    <blue>0</blue>
    <alpha>255</alpha>
  </barColor>
  <autoRange>true</autoRange>
  <upperBound>10.0</upperBound>
  <lowerBound>0.0</lowerBound>
</org.simbrain.plot.barchart.BarChartModel>