<org.simbrain.plot.histogram.HistogramModel>
  <data>
    <double-array>
      <double>-0.8194715396446551</double>
      <double>-0.09222428456822618</double>
      <double>3.0188687405217465</double>
      <double>3.8648523488875934</double>
      <double>4.0171045211899195</double>
      <double>4.265713919993312</double>
      <double>7.143431247791291</double>
      <double>7.198936183412966</double>
      <double>8.306186438893848</double>
    </double-array>
    <double-array>
      <double>0.0</double>
    </double-array>
    <double-array>
      <double>0.0</double>
    </double-array>
    <double-array>
      <double>0.0</double>
    </double-array>
  </data>
  <dataSet serialization="custom">
    <org.jfree.data.general.AbstractDataset>
      <default>
        <group>
          <id>NOID</id>
        </group>
      </default>
    </org.jfree.data.general.AbstractDataset>
    <org.simbrain.plot.histogram.OverwritableHistogramDataset>
      <default>
        <dataMap>
          <entry>
            <string>Hist 1</string>
            <org.simbrain.plot.histogram.OverwritableHistogramDataset_-ColoredDataSeries>
              <data>
                <org.jfree.data.statistics.HistogramBin>
                  <count>1</count>
                  <startBoundary>-0.8194715396446551</startBoundary>
                  <endBoundary>-0.2110943410754217</endBoundary>
                </org.jfree.data.statistics.HistogramBin>
                <org.jfree.data.statistics.HistogramBin>
                  <count>1</count>
                  <startBoundary>-0.2110943410754217</startBoundary>
                  <endBoundary>0.39728285749381176</endBoundary>
                </org.jfree.data.statistics.HistogramBin>
                <org.jfree.data.statistics.HistogramBin>
                  <count>0</count>
                  <startBoundary>0.39728285749381176</startBoundary>
                  <endBoundary>1.005660056063045</endBoundary>
                </org.jfree.data.statistics.HistogramBin>
                <org.jfree.data.statistics.HistogramBin>
                  <count>0</count>
                  <startBoundary>1.005660056063045</startBoundary>
                  <endBoundary>1.6140372546322785</endBoundary>
                </org.jfree.data.statistics.HistogramBin>
                <org.jfree.data.statistics.HistogramBin>
                  <count>0</count>
                  <startBoundary>1.6140372546322785</startBoundary>
                  <endBoundary>2.222414453201512</endBoundary>
                </org.jfree.data.statistics.HistogramBin>
                <org.jfree.data.statistics.HistogramBin>
                  <count>0</count>
                  <startBoundary>2.222414453201512</startBoundary>
                  <endBoundary>2.8307916517707454</endBoundary>
                </org.jfree.data.statistics.HistogramBin>
                <org.jfree.data.statistics.HistogramBin>
                  <count>1</count>
                  <startBoundary>2.8307916517707454</startBoundary>
                  <endBoundary>3.439168850339979</endBoundary>
                </org.jfree.data.statistics.HistogramBin>
                <org.jfree.data.statistics.HistogramBin>
                  <count>2</count>
                  <startBoundary>3.439168850339979</startBoundary>
                  <endBoundary>4.047546048909212</endBoundary>
                </org.jfree.data.statistics.HistogramBin>
                <org.jfree.data.statistics.HistogramBin>
                  <count>1</count>
                  <startBoundary>4.047546048909212</startBoundary>
                  <endBoundary>4.655923247478446</endBoundary>
                </org.jfree.data.statistics.HistogramBin>
                <org.jfree.data.statistics.HistogramBin>
                  <count>0</count>
                  <startBoundary>4.655923247478446</startBoundary>
                  <endBoundary>5.264300446047679</endBoundary>
                </org.jfree.data.statistics.HistogramBin>
                <org.jfree.data.statistics.HistogramBin>
                  <count>0</count>
                  <startBoundary>5.264300446047679</startBoundary>
                  <endBoundary>5.872677644616912</endBoundary>
                </org.jfree.data.statistics.HistogramBin>
                <org.jfree.data.statistics.HistogramBin>
                  <count>0</count>
                  <startBoundary>5.872677644616912</startBoundary>
                  <endBoundary>6.481054843186145</endBoundary>
                </org.jfree.data.statistics.HistogramBin>
                <org.jfree.data.statistics.HistogramBin>
                  <count>0</count>
                  <startBoundary>6.481054843186145</startBoundary>
                  <endBoundary>7.089432041755378</endBoundary>
                </org.jfree.data.statistics.HistogramBin>
                <org.jfree.data.statistics.HistogramBin>
                  <count>2</count>
                  <startBoundary>7.089432041755378</startBoundary>
                  <endBoundary>7.697809240324611</endBoundary>
                </org.jfree.data.statistics.HistogramBin>
                <org.jfree.data.statistics.HistogramBin>
                  <count>0</count>
                  <startBoundary>7.697809240324611</startBoundary>
                  <endBoundary>8.306186438893844</endBoundary>
                </org.jfree.data.statistics.HistogramBin>
              </data>
            </org.simbrain.plot.histogram.OverwritableHistogramDataset_-ColoredDataSeries>
          </entry>
          <entry>
            <string>Hist 2</string>
            <org.simbrain.plot.histogram.OverwritableHistogramDataset_-ColoredDataSeries>
              <data>
                <org.jfree.data.statistics.HistogramBin>
                  <count>1</count>
                  <startBoundary>0.0</startBoundary>
                  <endBoundary>0.0</endBoundary>
                </org.jfree.data.statistics.HistogramBin>
                <org.jfree.data.statistics.HistogramBin>
                  <count>0</count>
                  <startBoundary>0.0</startBoundary>
                  <endBoundary>0.0</endBoundary>
                </org.jfree.data.statistics.HistogramBin>
                <org.jfree.data.statistics.HistogramBin>
                  <count>0</count>
                  <startBoundary>0.0</startBoundary>
                  <endBoundary>0.0</endBoundary>
                </org.jfree.data.statistics.HistogramBin>
                <org.jfree.data.statistics.HistogramBin>
                  <count>0</count>
                  <startBoundary>0.0</startBoundary>
                  <endBoundary>0.0</endBoundary>
                </org.jfree.data.statistics.HistogramBin>
                <org.jfree.data.statistics.HistogramBin>
                  <count>0</count>
                  <startBoundary>0.0</startBoundary>
                  <endBoundary>0.0</endBoundary>
                </org.jfree.data.statistics.HistogramBin>
                <org.jfree.data.statistics.HistogramBin>
                  <count>0</count>
                  <startBoundary>0.0</startBoundary>
                  <endBoundary>0.0</endBoundary>
                </org.jfree.data.statistics.HistogramBin>
                <org.jfree.data.statistics.HistogramBin>
                  <count>0</count>
                  <startBoundary>0.0</startBoundary>
                  <endBoundary>0.0</endBoundary>
                </org.jfree.data.statistics.HistogramBin>
                <org.jfree.data.statistics.HistogramBin>
                  <count>0</count>
                  <startBoundary>0.0</startBoundary>
                  <endBoundary>0.0</endBoundary>
                </org.jfree.data.statistics.HistogramBin>
                <org.jfree.data.statistics.HistogramBin>
                  <count>0</count>
                  <startBoundary>0.0</startBoundary>
                  <endBoundary>0.0</endBoundary>
                </org.jfree.data.statistics.HistogramBin>
                <org.jfree.data.statistics.HistogramBin>
                  <count>0</count>
                  <startBoundary>0.0</startBoundary>
                  <endBoundary>0.0</endBoundary>
                </org.jfree.data.statistics.HistogramBin>
                <org.jfree.data.statistics.HistogramBin>
                  <count>0</count>
                  <startBoundary>0.0</startBoundary>
                  <endBoundary>0.0</endBoundary>
                </org.jfree.data.statistics.HistogramBin>
                <org.jfree.data.statistics.HistogramBin>
                  <count>0</count>
                  <startBoundary>0.0</startBoundary>
                  <endBoundary>0.0</endBoundary>
                </org.jfree.data.statistics.HistogramBin>
                <org.jfree.data.statistics.HistogramBin>
                  <count>0</count>
                  <startBoundary>0.0</startBoundary>
                  <endBoundary>0.0</endBoundary>
                </org.jfree.data.statistics.HistogramBin>
                <org.jfree.data.statistics.HistogramBin>
                  <count>0</count>
                  <startBoundary>0.0</startBoundary>
                  <endBoundary>0.0</endBoundary>
                </org.jfree.data.statistics.HistogramBin>
                <org.jfree.data.statistics.HistogramBin>
                  <count>0</count>
                  <startBoundary>0.0</startBoundary>
                  <endBoundary>0.0</endBoundary>
                </org.jfree.data.statistics.HistogramBin>
              </data>
            </org.simbrain.plot.histogram.OverwritableHistogramDataset_-ColoredDataSeries>
          </entry>
          <entry>
            <string>Hist 3</string>
            <org.simbrain.plot.histogram.OverwritableHistogramDataset_-ColoredDataSeries>
              <data>
                <org.jfree.data.statistics.HistogramBin>
                  <count>1</count>
                  <startBoundary>0.0</startBoundary>
                  <endBoundary>0.0</endBoundary>
                </org.jfree.data.statistics.HistogramBin>
                <org.jfree.data.statistics.HistogramBin>
                  <count>0</count>
                  <startBoundary>0.0</startBoundary>
                  <endBoundary>0.0</endBoundary>
                </org.jfree.data.statistics.HistogramBin>
                <org.jfree.data.statistics.HistogramBin>
                  <count>0</count>
                  <startBoundary>0.0</startBoundary>
                  <endBoundary>0.0</endBoundary>
                </org.jfree.data.statistics.HistogramBin>
                <org.jfree.data.statistics.HistogramBin>
                  <count>0</count>
                  <startBoundary>0.0</startBoundary>
                  <endBoundary>0.0</endBoundary>
                </org.jfree.data.statistics.HistogramBin>
                <org.jfree.data.statistics.HistogramBin>
                  <count>0</count>
                  <startBoundary>0.0</startBoundary>
                  <endBoundary>0.0</endBoundary>
                </org.jfree.data.statistics.HistogramBin>
                <org.jfree.data.statistics.HistogramBin>
                  <count>0</count>
                  <startBoundary>0.0</startBoundary>
                  <endBoundary>0.0</endBoundary>
                </org.jfree.data.statistics.HistogramBin>
                <org.jfree.data.statistics.HistogramBin>
                  <count>0</count>
                  <startBoundary>0.0</startBoundary>
                  <endBoundary>0.0</endBoundary>
                </org.jfree.data.statistics.HistogramBin>
                <org.jfree.data.statistics.HistogramBin>
                  <count>0</count>
                  <startBoundary>0.0</startBoundary>
                  <endBoundary>0.0</endBoundary>
                </org.jfree.data.statistics.HistogramBin>
                <org.jfree.data.statistics.HistogramBin>
                  <count>0</count>
                  <startBoundary>0.0</startBoundary>
                  <endBoundary>0.0</endBoundary>
                </org.jfree.data.statistics.HistogramBin>
                <org.jfree.data.statistics.HistogramBin>
                  <count>0</count>
                  <startBoundary>0.0</startBoundary>
                  <endBoundary>0.0</endBoundary>
                </org.jfree.data.statistics.HistogramBin>
                <org.jfree.data.statistics.HistogramBin>
                  <count>0</count>
                  <startBoundary>0.0</startBoundary>
                  <endBoundary>0.0</endBoundary>
                </org.jfree.data.statistics.HistogramBin>
                <org.jfree.data.statistics.HistogramBin>
                  <count>0</count>
                  <startBoundary>0.0</startBoundary>
                  <endBoundary>0.0</endBoundary>
                </org.jfree.data.statistics.HistogramBin>
                <org.jfree.data.statistics.HistogramBin>
                  <count>0</count>
                  <startBoundary>0.0</startBoundary>
                  <endBoundary>0.0</endBoundary>
                </org.jfree.data.statistics.HistogramBin>
                <org.jfree.data.statistics.HistogramBin>
                  <count>0</count>
                  <startBoundary>0.0</startBoundary>
                  <endBoundary>0.0</endBoundary>
                </org.jfree.data.statistics.HistogramBin>
                <org.jfree.data.statistics.HistogramBin>
                  <count>0</count>
                  <startBoundary>0.0</startBoundary>
                  <endBoundary>0.0</endBoundary>
                </org.jfree.data.statistics.HistogramBin>
              </data>
            </org.simbrain.plot.histogram.OverwritableHistogramDataset_-ColoredDataSeries>
          </entry>
          <entry>
            <string>Hist 4</string>
            <org.simbrain.plot.histogram.OverwritableHistogramDataset_-ColoredDataSeries>
              <data>
                <org.jfree.data.statistics.HistogramBin>
                  <count>1</count>
                  <startBoundary>0.0</startBoundary>
                  <endBoundary>0.0</endBoundary>
                </org.jfree.data.statistics.HistogramBin>
                <org.jfree.data.statistics.HistogramBin>
                  <count>0</count>
                  <startBoundary>0.0</startBoundary>
                  <endBoundary>0.0</endBoundary>
                </org.jfree.data.statistics.HistogramBin>
                <org.jfree.data.statistics.HistogramBin>
                  <count>0</count>
                  <startBoundary>0.0</startBoundary>
                  <endBoundary>0.0</endBoundary>
                </org.jfree.data.statistics.HistogramBin>
                <org.jfree.data.statistics.HistogramBin>
                  <count>0</count>
                  <startBoundary>0.0</startBoundary>
                  <endBoundary>0.0</endBoundary>
                </org.jfree.data.statistics.HistogramBin>
                <org.jfree.data.statistics.HistogramBin>
                  <count>0</count>
                  <startBoundary>0.0</startBoundary>
                  <endBoundary>0.0</endBoundary>
                </org.jfree.data.statistics.HistogramBin>
                <org.jfree.data.statistics.HistogramBin>
                  <count>0</count>
                  <startBoundary>0.0</startBoundary>
                  <endBoundary>0.0</endBoundary>
                </org.jfree.data.statistics.HistogramBin>
                <org.jfree.data.statistics.HistogramBin>
                  <count>0</count>
                  <startBoundary>0.0</startBoundary>
                  <endBoundary>0.0</endBoundary>
                </org.jfree.data.statistics.HistogramBin>
                <org.jfree.data.statistics.HistogramBin>
                  <count>0</count>
                  <startBoundary>0.0</startBoundary>
                  <endBoundary>0.0</endBoundary>
                </org.jfree.data.statistics.HistogramBin>
                <org.jfree.data.statistics.HistogramBin>
                  <count>0</count>
                  <startBoundary>0.0</startBoundary>
                  <endBoundary>0.0</endBoundary>
                </org.jfree.data.statistics.HistogramBin>
                <org.jfree.data.statistics.HistogramBin>
                  <count>0</count>
                  <startBoundary>0.0</startBoundary>
                  <endBoundary>0.0</endBoundary>
                </org.jfree.data.statistics.HistogramBin>
                <org.jfree.data.statistics.HistogramBin>
                  <count>0</count>
                  <startBoundary>0.0</startBoundary>
                  <endBoundary>0.0</endBoundary>
                </org.jfree.data.statistics.HistogramBin>
                <org.jfree.data.statistics.HistogramBin>
                  <count>0</count>
                  <startBoundary>0.0</startBoundary>
                  <endBoundary>0.0</endBoundary>
                </org.jfree.data.statistics.HistogramBin>
                <org.jfree.data.statistics.HistogramBin>
                  <count>0</count>
                  <startBoundary>0.0</startBoundary>
                  <endBoundary>0.0</endBoundary>
                </org.jfree.data.statistics.HistogramBin>
                <org.jfree.data.statistics.HistogramBin>
                  <count>0</count>
                  <startBoundary>0.0</startBoundary>
                  <endBoundary>0.0</endBoundary>
                </org.jfree.data.statistics.HistogramBin>
                <org.jfree.data.statistics.HistogramBin>
                  <count>0</count>
                  <startBoundary>0.0</startBoundary>
                  <endBoundary>0.0</endBoundary>
                </org.jfree.data.statistics.HistogramBin>
              </data>
            </org.simbrain.plot.histogram.OverwritableHistogramDataset_-ColoredDataSeries>
          </entry>
        </dataMap>
        <type>
          <name>FREQUENCY</name>
        </type>
      </default>
    </org.simbrain.plot.histogram.OverwritableHistogramDataset>
  </dataSet>
  <dataNames>
    <string>Hist 1</string>
    <string>Hist 2</string>
    <string>Hist 3</string>
    <string>Hist 4</string>
  </dataNames>
  <bins>15</bins>
</org.simbrain.plot.histogram.HistogramModel>