<org.simbrain.plot.piechart.PieChartModel>
  <dataset serialization="custom">
    <org.jfree.data.general.AbstractDataset>
      <default>
        <group>
          <id>NOID</id>
        </group>
      </default>
    </org.jfree.data.general.AbstractDataset>
    <org.jfree.data.general.DefaultPieDataset>
      <default>
        <data>
          <keys>
            <string>Neuron_10</string>
            <string>Neuron_11</string>
            <string>Neuron_12</string>
            <string>Neuron_13</string>
            <string>Neuron_14</string>
            <string>Neuron_15</string>
            <string>Neuron_16</string>
            <string>Neuron_17</string>
            <string>Neuron_18</string>
          </keys>
          <values>
            <double>5.9220395627729645E-6</double>
            <double>1.1164364935295563E-4</double>
            <double>0.22826109892414578</double>
            <double>0.10928650567062621</double>
            <double>0.22995352309348857</double>
            <double>7.045948384710532E-5</double>
            <double>1.3998446050789842E-4</double>
            <double>0.19971684650668917</double>
            <double>0.23245168322398907</double>
          </values>
          <indexMap>
            <entry>
              <string>Neuron_16</string>
              <int>6</int>
            </entry>
            <entry>
              <string>Neuron_15</string>
              <int>5</int>
            </entry>
            <entry>
              <string>Neuron_18</string>
              <int>8</int>
            </entry>
            <entry>
              <string>Neuron_17</string>
              <int>7</int>
            </entry>
            <entry>
              <string>Neuron_10</string>
              <int>0</int>
            </entry>
            <entry>
              <string>Neuron_12</string>
              <int>2</int>
            </entry>
            <entry>
              <string>Neuron_11</string>
              <int>1</int>
            </entry>
            <entry>
              <string>Neuron_14</string>
              <int>4</int>
            </entry>
            <entry>
              <string>Neuron_13</string>
              <int>3</int>
            </entry>
          </indexMap>
        </data>
      </default>
    </org.jfree.data.general.DefaultPieDataset>
  </dataset>
  <sliceNames>
    <string>Neuron_10</string>
    <string>Neuron_11</string>
    <string>Neuron_12</string>
    <string>Neuron_13</string>
    <string>Neuron_14</string>
    <string>Neuron_15</string>
    <string>Neuron_16</string>
    <string>Neuron_17</string>
    <string>Neuron_18</string>
  </sliceNames>
  <numSlices>9</numSlices>
</org.simbrain.plot.piechart.PieChartModel>