<org.simbrain.plot.piechart.PieChartModel>
  <dataset serialization="custom">
    <org.jfree.data.general.AbstractDataset>
      <default>
        <group>
          <id>NOID</id>
        </group>
      </default>
    </org.jfree.data.general.AbstractDataset>
    <org.jfree.data.general.DefaultPieDataset>
      <default>
        <data>
          <keys>
            <int>1</int>
            <int>2</int>
            <int>3</int>
            <int>4</int>
            <int>5</int>
            <int>6</int>
            <int>0</int>
            <int>7</int>
            <int>8</int>
          </keys>
          <values>
            <double>1.6899343122627586E-6</double>
            <double>2.163507975204534E-6</double>
            <double>4.649725004179E-6</double>
            <double>28.4150631376931</double>
            <double>2.387906510452549E-6</double>
            <double>4.587324563601108E-7</double>
            <double>28.008680943856145</double>
            <double>5.162628663636251E-8</double>
            <double>29.065613777979873</double>
          </values>
          <indexMap>
            <entry>
              <int>0</int>
              <int>6</int>
            </entry>
            <entry>
              <int>1</int>
              <int>0</int>
            </entry>
            <entry>
              <int>2</int>
              <int>1</int>
            </entry>
            <entry>
              <int>3</int>
              <int>2</int>
            </entry>
            <entry>
              <int>4</int>
              <int>3</int>
            </entry>
            <entry>
              <int>5</int>
              <int>4</int>
            </entry>
            <entry>
              <int>6</int>
              <int>5</int>
            </entry>
            <entry>
              <int>7</int>
              <int>7</int>
            </entry>
            <entry>
              <int>8</int>
              <int>8</int>
            </entry>
          </indexMap>
        </data>
      </default>
    </org.jfree.data.general.DefaultPieDataset>
  </dataset>
  <total>85.48936926096167</total>
</org.simbrain.plot.piechart.PieChartModel>