<org.simbrain.plot.piechart.PieChartModel>
  <dataset serialization="custom">
    <org.jfree.data.general.AbstractDataset>
      <default>
        <group>
          <id>NOID</id>
        </group>
      </default>
    </org.jfree.data.general.AbstractDataset>
    <org.jfree.data.general.DefaultPieDataset>
      <default>
        <data>
          <keys>
            <int>1</int>
            <int>2</int>
            <int>3</int>
            <int>4</int>
            <int>5</int>
            <int>6</int>
            <int>0</int>
            <int>7</int>
            <int>8</int>
          </keys>
          <values>
            <double>0.09811222598851213</double>
            <double>0.125606410764569</double>
            <double>0.26994828561331335</double>
            <double>0.13055455552345174</double>
            <double>0.13863427796744612</double>
            <double>0.026632551395684382</double>
            <double>0.23396302204971675</double>
            <double>0.0029972584523906298</double>
            <double>0.23215913017654757</double>
          </values>
          <indexMap>
            <entry>
              <int>0</int>
              <int>6</int>
            </entry>
            <entry>
              <int>1</int>
              <int>0</int>
            </entry>
            <entry>
              <int>2</int>
              <int>1</int>
            </entry>
            <entry>
              <int>3</int>
              <int>2</int>
            </entry>
            <entry>
              <int>4</int>
              <int>3</int>
            </entry>
            <entry>
              <int>5</int>
              <int>4</int>
            </entry>
            <entry>
              <int>6</int>
              <int>5</int>
            </entry>
            <entry>
              <int>7</int>
              <int>7</int>
            </entry>
            <entry>
              <int>8</int>
              <int>8</int>
            </entry>
          </indexMap>
        </data>
      </default>
    </org.jfree.data.general.DefaultPieDataset>
  </dataset>
  <total>1.258607717931632</total>
</org.simbrain.plot.piechart.PieChartModel>