<org.simbrain.plot.histogram.HistogramModel>
  <data>
    <double-array>
      <double>0.0025384363880137464</double>
      <double>0.047855185532649364</double>
      <double>97.84235200308991</double>
      <double>46.84481415103705</double>
      <double>98.56779651420392</double>
      <double>0.030201911990336335</double>
      <double>0.06000325471370807</double>
      <double>85.60707930065743</double>
      <double>99.63861350404827</double>
    </double-array>
  </data>
  <dataSet serialization="custom">
    <org.jfree.data.general.AbstractDataset>
      <default>
        <group>
          <id>NOID</id>
        </group>
      </default>
    </org.jfree.data.general.AbstractDataset>
    <org.simbrain.plot.histogram.OverwritableHistogramDataset>
      <default>
        <maxRangeValue>99.63607506766026</maxRangeValue>
        <dataMap>
          <entry>
            <string>Hist 1</string>
            <org.simbrain.plot.histogram.OverwritableHistogramDataset_-ColoredDataSeries>
              <data>
                <org.jfree.data.statistics.HistogramBin>
                  <count>4</count>
                  <startBoundary>0.0025384363880137464</startBoundary>
                  <endBoundary>6.644943440898698</endBoundary>
                </org.jfree.data.statistics.HistogramBin>
                <org.jfree.data.statistics.HistogramBin>
                  <count>0</count>
                  <startBoundary>6.644943440898698</startBoundary>
                  <endBoundary>13.287348445409382</endBoundary>
                </org.jfree.data.statistics.HistogramBin>
                <org.jfree.data.statistics.HistogramBin>
                  <count>0</count>
                  <startBoundary>13.287348445409382</startBoundary>
                  <endBoundary>19.929753449920064</endBoundary>
                </org.jfree.data.statistics.HistogramBin>
                <org.jfree.data.statistics.HistogramBin>
                  <count>0</count>
                  <startBoundary>19.929753449920064</startBoundary>
                  <endBoundary>26.57215845443075</endBoundary>
                </org.jfree.data.statistics.HistogramBin>
                <org.jfree.data.statistics.HistogramBin>
                  <count>0</count>
                  <startBoundary>26.57215845443075</startBoundary>
                  <endBoundary>33.214563458941434</endBoundary>
                </org.jfree.data.statistics.HistogramBin>
                <org.jfree.data.statistics.HistogramBin>
                  <count>0</count>
                  <startBoundary>33.214563458941434</startBoundary>
                  <endBoundary>39.85696846345212</endBoundary>
                </org.jfree.data.statistics.HistogramBin>
                <org.jfree.data.statistics.HistogramBin>
                  <count>0</count>
                  <startBoundary>39.85696846345212</startBoundary>
                  <endBoundary>46.499373467962805</endBoundary>
                </org.jfree.data.statistics.HistogramBin>
                <org.jfree.data.statistics.HistogramBin>
                  <count>1</count>
                  <startBoundary>46.499373467962805</startBoundary>
                  <endBoundary>53.14177847247349</endBoundary>
                </org.jfree.data.statistics.HistogramBin>
                <org.jfree.data.statistics.HistogramBin>
                  <count>0</count>
                  <startBoundary>53.14177847247349</startBoundary>
                  <endBoundary>59.784183476984175</endBoundary>
                </org.jfree.data.statistics.HistogramBin>
                <org.jfree.data.statistics.HistogramBin>
                  <count>0</count>
                  <startBoundary>59.784183476984175</startBoundary>
                  <endBoundary>66.42658848149486</endBoundary>
                </org.jfree.data.statistics.HistogramBin>
                <org.jfree.data.statistics.HistogramBin>
                  <count>0</count>
                  <startBoundary>66.42658848149486</startBoundary>
                  <endBoundary>73.06899348600554</endBoundary>
                </org.jfree.data.statistics.HistogramBin>
                <org.jfree.data.statistics.HistogramBin>
                  <count>0</count>
                  <startBoundary>73.06899348600554</startBoundary>
                  <endBoundary>79.71139849051622</endBoundary>
                </org.jfree.data.statistics.HistogramBin>
                <org.jfree.data.statistics.HistogramBin>
                  <count>1</count>
                  <startBoundary>79.71139849051622</startBoundary>
                  <endBoundary>86.3538034950269</endBoundary>
                </org.jfree.data.statistics.HistogramBin>
                <org.jfree.data.statistics.HistogramBin>
                  <count>0</count>
                  <startBoundary>86.3538034950269</startBoundary>
                  <endBoundary>92.99620849953757</endBoundary>
                </org.jfree.data.statistics.HistogramBin>
                <org.jfree.data.statistics.HistogramBin>
                  <count>2</count>
                  <startBoundary>92.99620849953757</startBoundary>
                  <endBoundary>99.63861350404825</endBoundary>
                </org.jfree.data.statistics.HistogramBin>
              </data>
            </org.simbrain.plot.histogram.OverwritableHistogramDataset_-ColoredDataSeries>
          </entry>
        </dataMap>
        <type>
          <name>FREQUENCY</name>
        </type>
      </default>
    </org.simbrain.plot.histogram.OverwritableHistogramDataset>
  </dataSet>
  <dataNames>
    <string>Hist 1</string>
  </dataNames>
  <bins>15</bins>
</org.simbrain.plot.histogram.HistogramModel>