<org.simbrain.plot.histogram.HistogramModel>
  <data>
    <double-array>
      <double>0.0</double>
    </double-array>
    <double-array>
      <double>0.0</double>
    </double-array>
    <double-array>
      <double>0.0</double>
    </double-array>
    <double-array>
      <double>0.0</double>
    </double-array>
  </data>
  <dataSet serialization="custom">
    <org.jfree.data.general.AbstractDataset>
      <default>
        <group>
          <id>NOID</id>
        </group>
      </default>
    </org.jfree.data.general.AbstractDataset>
    <org.simbrain.plot.histogram.OverwritableHistogramDataset>
      <default>
        <maxRangeValue>4.9E-324</maxRangeValue>
        <dataMap>
          <entry>
            <string>Hist 1</string>
            <org.simbrain.plot.histogram.OverwritableHistogramDataset_-ColoredDataSeries>
              <data>
                <org.jfree.data.statistics.HistogramBin>
                  <count>1</count>
                  <startBoundary>0.0</startBoundary>
                  <endBoundary>0.0</endBoundary>
                </org.jfree.data.statistics.HistogramBin>
                <org.jfree.data.statistics.HistogramBin>
                  <count>0</count>
                  <startBoundary>0.0</startBoundary>
                  <endBoundary>0.0</endBoundary>
                </org.jfree.data.statistics.HistogramBin>
                <org.jfree.data.statistics.HistogramBin>
                  <count>0</count>
                  <startBoundary>0.0</startBoundary>
                  <endBoundary>0.0</endBoundary>
                </org.jfree.data.statistics.HistogramBin>
                <org.jfree.data.statistics.HistogramBin>
                  <count>0</count>
                  <startBoundary>0.0</startBoundary>
                  <endBoundary>0.0</endBoundary>
                </org.jfree.data.statistics.HistogramBin>
                <org.jfree.data.statistics.HistogramBin>
                  <count>0</count>
                  <startBoundary>0.0</startBoundary>
                  <endBoundary>0.0</endBoundary>
                </org.jfree.data.statistics.HistogramBin>
                <org.jfree.data.statistics.HistogramBin>
                  <count>0</count>
                  <startBoundary>0.0</startBoundary>
                  <endBoundary>0.0</endBoundary>
                </org.jfree.data.statistics.HistogramBin>
                <org.jfree.data.statistics.HistogramBin>
                  <count>0</count>
                  <startBoundary>0.0</startBoundary>
                  <endBoundary>0.0</endBoundary>
                </org.jfree.data.statistics.HistogramBin>
                <org.jfree.data.statistics.HistogramBin>
                  <count>0</count>
                  <startBoundary>0.0</startBoundary>
                  <endBoundary>0.0</endBoundary>
                </org.jfree.data.statistics.HistogramBin>
                <org.jfree.data.statistics.HistogramBin>
                  <count>0</count>
                  <startBoundary>0.0</startBoundary>
                  <endBoundary>0.0</endBoundary>
                </org.jfree.data.statistics.HistogramBin>
                <org.jfree.data.statistics.HistogramBin>
                  <count>0</count>
                  <startBoundary>0.0</startBoundary>
                  <endBoundary>0.0</endBoundary>
                </org.jfree.data.statistics.HistogramBin>
                <org.jfree.data.statistics.HistogramBin>
                  <count>0</count>
                  <startBoundary>0.0</startBoundary>
                  <endBoundary>0.0</endBoundary>
                </org.jfree.data.statistics.HistogramBin>
                <org.jfree.data.statistics.HistogramBin>
                  <count>0</count>
                  <startBoundary>0.0</startBoundary>
                  <endBoundary>0.0</endBoundary>
                </org.jfree.data.statistics.HistogramBin>
                <org.jfree.data.statistics.HistogramBin>
                  <count>0</count>
                  <startBoundary>0.0</startBoundary>
                  <endBoundary>0.0</endBoundary>
                </org.jfree.data.statistics.HistogramBin>
                <org.jfree.data.statistics.HistogramBin>
                  <count>0</count>
                  <startBoundary>0.0</startBoundary>
                  <endBoundary>0.0</endBoundary>
                </org.jfree.data.statistics.HistogramBin>
                <org.jfree.data.statistics.HistogramBin>
                  <count>0</count>
                  <startBoundary>0.0</startBoundary>
                  <endBoundary>0.0</endBoundary>
                </org.jfree.data.statistics.HistogramBin>
              </data>
              <color>
                <red>255</red>
                <green>0</green>
                <blue>0</blue>
                <alpha>176</alpha>
              </color>
            </org.simbrain.plot.histogram.OverwritableHistogramDataset_-ColoredDataSeries>
          </entry>
          <entry>
            <string>Hist 2</string>
            <org.simbrain.plot.histogram.OverwritableHistogramDataset_-ColoredDataSeries>
              <data>
                <org.jfree.data.statistics.HistogramBin>
                  <count>1</count>
                  <startBoundary>0.0</startBoundary>
                  <endBoundary>0.0</endBoundary>
                </org.jfree.data.statistics.HistogramBin>
                <org.jfree.data.statistics.HistogramBin>
                  <count>0</count>
                  <startBoundary>0.0</startBoundary>
                  <endBoundary>0.0</endBoundary>
                </org.jfree.data.statistics.HistogramBin>
                <org.jfree.data.statistics.HistogramBin>
                  <count>0</count>
                  <startBoundary>0.0</startBoundary>
                  <endBoundary>0.0</endBoundary>
                </org.jfree.data.statistics.HistogramBin>
                <org.jfree.data.statistics.HistogramBin>
                  <count>0</count>
                  <startBoundary>0.0</startBoundary>
                  <endBoundary>0.0</endBoundary>
                </org.jfree.data.statistics.HistogramBin>
                <org.jfree.data.statistics.HistogramBin>
                  <count>0</count>
                  <startBoundary>0.0</startBoundary>
                  <endBoundary>0.0</endBoundary>
                </org.jfree.data.statistics.HistogramBin>
                <org.jfree.data.statistics.HistogramBin>
                  <count>0</count>
                  <startBoundary>0.0</startBoundary>
                  <endBoundary>0.0</endBoundary>
                </org.jfree.data.statistics.HistogramBin>
                <org.jfree.data.statistics.HistogramBin>
                  <count>0</count>
                  <startBoundary>0.0</startBoundary>
                  <endBoundary>0.0</endBoundary>
                </org.jfree.data.statistics.HistogramBin>
                <org.jfree.data.statistics.HistogramBin>
                  <count>0</count>
                  <startBoundary>0.0</startBoundary>
                  <endBoundary>0.0</endBoundary>
                </org.jfree.data.statistics.HistogramBin>
                <org.jfree.data.statistics.HistogramBin>
                  <count>0</count>
                  <startBoundary>0.0</startBoundary>
                  <endBoundary>0.0</endBoundary>
                </org.jfree.data.statistics.HistogramBin>
                <org.jfree.data.statistics.HistogramBin>
                  <count>0</count>
                  <startBoundary>0.0</startBoundary>
                  <endBoundary>0.0</endBoundary>
                </org.jfree.data.statistics.HistogramBin>
                <org.jfree.data.statistics.HistogramBin>
                  <count>0</count>
                  <startBoundary>0.0</startBoundary>
                  <endBoundary>0.0</endBoundary>
                </org.jfree.data.statistics.HistogramBin>
                <org.jfree.data.statistics.HistogramBin>
                  <count>0</count>
                  <startBoundary>0.0</startBoundary>
                  <endBoundary>0.0</endBoundary>
                </org.jfree.data.statistics.HistogramBin>
                <org.jfree.data.statistics.HistogramBin>
                  <count>0</count>
                  <startBoundary>0.0</startBoundary>
                  <endBoundary>0.0</endBoundary>
                </org.jfree.data.statistics.HistogramBin>
                <org.jfree.data.statistics.HistogramBin>
                  <count>0</count>
                  <startBoundary>0.0</startBoundary>
                  <endBoundary>0.0</endBoundary>
                </org.jfree.data.statistics.HistogramBin>
                <org.jfree.data.statistics.HistogramBin>
                  <count>0</count>
                  <startBoundary>0.0</startBoundary>
                  <endBoundary>0.0</endBoundary>
                </org.jfree.data.statistics.HistogramBin>
              </data>
              <color>
                <red>0</red>
                <green>0</green>
                <blue>255</blue>
                <alpha>176</alpha>
              </color>
            </org.simbrain.plot.histogram.OverwritableHistogramDataset_-ColoredDataSeries>
          </entry>
          <entry>
            <string>Hist 3</string>
            <org.simbrain.plot.histogram.OverwritableHistogramDataset_-ColoredDataSeries>
              <data>
                <org.jfree.data.statistics.HistogramBin>
                  <count>1</count>
                  <startBoundary>0.0</startBoundary>
                  <endBoundary>0.0</endBoundary>
                </org.jfree.data.statistics.HistogramBin>
                <org.jfree.data.statistics.HistogramBin>
                  <count>0</count>
                  <startBoundary>0.0</startBoundary>
                  <endBoundary>0.0</endBoundary>
                </org.jfree.data.statistics.HistogramBin>
                <org.jfree.data.statistics.HistogramBin>
                  <count>0</count>
                  <startBoundary>0.0</startBoundary>
                  <endBoundary>0.0</endBoundary>
                </org.jfree.data.statistics.HistogramBin>
                <org.jfree.data.statistics.HistogramBin>
                  <count>0</count>
                  <startBoundary>0.0</startBoundary>
                  <endBoundary>0.0</endBoundary>
                </org.jfree.data.statistics.HistogramBin>
                <org.jfree.data.statistics.HistogramBin>
                  <count>0</count>
                  <startBoundary>0.0</startBoundary>
                  <endBoundary>0.0</endBoundary>
                </org.jfree.data.statistics.HistogramBin>
                <org.jfree.data.statistics.HistogramBin>
                  <count>0</count>
                  <startBoundary>0.0</startBoundary>
                  <endBoundary>0.0</endBoundary>
                </org.jfree.data.statistics.HistogramBin>
                <org.jfree.data.statistics.HistogramBin>
                  <count>0</count>
                  <startBoundary>0.0</startBoundary>
                  <endBoundary>0.0</endBoundary>
                </org.jfree.data.statistics.HistogramBin>
                <org.jfree.data.statistics.HistogramBin>
                  <count>0</count>
                  <startBoundary>0.0</startBoundary>
                  <endBoundary>0.0</endBoundary>
                </org.jfree.data.statistics.HistogramBin>
                <org.jfree.data.statistics.HistogramBin>
                  <count>0</count>
                  <startBoundary>0.0</startBoundary>
                  <endBoundary>0.0</endBoundary>
                </org.jfree.data.statistics.HistogramBin>
                <org.jfree.data.statistics.HistogramBin>
                  <count>0</count>
                  <startBoundary>0.0</startBoundary>
                  <endBoundary>0.0</endBoundary>
                </org.jfree.data.statistics.HistogramBin>
                <org.jfree.data.statistics.HistogramBin>
                  <count>0</count>
                  <startBoundary>0.0</startBoundary>
                  <endBoundary>0.0</endBoundary>
                </org.jfree.data.statistics.HistogramBin>
                <org.jfree.data.statistics.HistogramBin>
                  <count>0</count>
                  <startBoundary>0.0</startBoundary>
                  <endBoundary>0.0</endBoundary>
                </org.jfree.data.statistics.HistogramBin>
                <org.jfree.data.statistics.HistogramBin>
                  <count>0</count>
                  <startBoundary>0.0</startBoundary>
                  <endBoundary>0.0</endBoundary>
                </org.jfree.data.statistics.HistogramBin>
                <org.jfree.data.statistics.HistogramBin>
                  <count>0</count>
                  <startBoundary>0.0</startBoundary>
                  <endBoundary>0.0</endBoundary>
                </org.jfree.data.statistics.HistogramBin>
                <org.jfree.data.statistics.HistogramBin>
                  <count>0</count>
                  <startBoundary>0.0</startBoundary>
                  <endBoundary>0.0</endBoundary>
                </org.jfree.data.statistics.HistogramBin>
              </data>
              <color>
                <red>0</red>
                <green>255</green>
                <blue>0</blue>
                <alpha>176</alpha>
              </color>
            </org.simbrain.plot.histogram.OverwritableHistogramDataset_-ColoredDataSeries>
          </entry>
          <entry>
            <string>Hist 4</string>
            <org.simbrain.plot.histogram.OverwritableHistogramDataset_-ColoredDataSeries>
              <data>
                <org.jfree.data.statistics.HistogramBin>
                  <count>1</count>
                  <startBoundary>0.0</startBoundary>
                  <endBoundary>0.0</endBoundary>
                </org.jfree.data.statistics.HistogramBin>
                <org.jfree.data.statistics.HistogramBin>
                  <count>0</count>
                  <startBoundary>0.0</startBoundary>
                  <endBoundary>0.0</endBoundary>
                </org.jfree.data.statistics.HistogramBin>
                <org.jfree.data.statistics.HistogramBin>
                  <count>0</count>
                  <startBoundary>0.0</startBoundary>
                  <endBoundary>0.0</endBoundary>
                </org.jfree.data.statistics.HistogramBin>
                <org.jfree.data.statistics.HistogramBin>
                  <count>0</count>
                  <startBoundary>0.0</startBoundary>
                  <endBoundary>0.0</endBoundary>
                </org.jfree.data.statistics.HistogramBin>
                <org.jfree.data.statistics.HistogramBin>
                  <count>0</count>
                  <startBoundary>0.0</startBoundary>
                  <endBoundary>0.0</endBoundary>
                </org.jfree.data.statistics.HistogramBin>
                <org.jfree.data.statistics.HistogramBin>
                  <count>0</count>
                  <startBoundary>0.0</startBoundary>
                  <endBoundary>0.0</endBoundary>
                </org.jfree.data.statistics.HistogramBin>
                <org.jfree.data.statistics.HistogramBin>
                  <count>0</count>
                  <startBoundary>0.0</startBoundary>
                  <endBoundary>0.0</endBoundary>
                </org.jfree.data.statistics.HistogramBin>
                <org.jfree.data.statistics.HistogramBin>
                  <count>0</count>
                  <startBoundary>0.0</startBoundary>
                  <endBoundary>0.0</endBoundary>
                </org.jfree.data.statistics.HistogramBin>
                <org.jfree.data.statistics.HistogramBin>
                  <count>0</count>
                  <startBoundary>0.0</startBoundary>
                  <endBoundary>0.0</endBoundary>
                </org.jfree.data.statistics.HistogramBin>
                <org.jfree.data.statistics.HistogramBin>
                  <count>0</count>
                  <startBoundary>0.0</startBoundary>
                  <endBoundary>0.0</endBoundary>
                </org.jfree.data.statistics.HistogramBin>
                <org.jfree.data.statistics.HistogramBin>
                  <count>0</count>
                  <startBoundary>0.0</startBoundary>
                  <endBoundary>0.0</endBoundary>
                </org.jfree.data.statistics.HistogramBin>
                <org.jfree.data.statistics.HistogramBin>
                  <count>0</count>
                  <startBoundary>0.0</startBoundary>
                  <endBoundary>0.0</endBoundary>
                </org.jfree.data.statistics.HistogramBin>
                <org.jfree.data.statistics.HistogramBin>
                  <count>0</count>
                  <startBoundary>0.0</startBoundary>
                  <endBoundary>0.0</endBoundary>
                </org.jfree.data.statistics.HistogramBin>
                <org.jfree.data.statistics.HistogramBin>
                  <count>0</count>
                  <startBoundary>0.0</startBoundary>
                  <endBoundary>0.0</endBoundary>
                </org.jfree.data.statistics.HistogramBin>
                <org.jfree.data.statistics.HistogramBin>
                  <count>0</count>
                  <startBoundary>0.0</startBoundary>
                  <endBoundary>0.0</endBoundary>
                </org.jfree.data.statistics.HistogramBin>
              </data>
              <color>
                <red>255</red>
                <green>255</green>
                <blue>0</blue>
                <alpha>176</alpha>
              </color>
            </org.simbrain.plot.histogram.OverwritableHistogramDataset_-ColoredDataSeries>
          </entry>
        </dataMap>
        <type>
          <name>FREQUENCY</name>
        </type>
      </default>
    </org.simbrain.plot.histogram.OverwritableHistogramDataset>
  </dataSet>
  <dataNames>
    <string>Hist 1</string>
    <string>Hist 2</string>
    <string>Hist 3</string>
    <string>Hist 4</string>
  </dataNames>
  <bins>15</bins>
</org.simbrain.plot.histogram.HistogramModel>