<org.simbrain.plot.scatterplot.ScatterPlotModel>
  <dataset serialization="custom">
    <org.jfree.data.general.AbstractDataset>
      <default>
        <group>
          <id>NOID</id>
        </group>
      </default>
    </org.jfree.data.general.AbstractDataset>
    <org.jfree.data.xy.XYSeriesCollection>
      <default>
        <data>
          <org.jfree.data.xy.XYSeries>
            <key class="int">1</key>
            <listeners serialization="custom">
              <javax.swing.event.EventListenerList>
                <default/>
                <string>org.jfree.data.general.SeriesChangeListener</string>
                <org.jfree.data.xy.XYSeriesCollection reference="../../../../../../.."/>
                <null/>
              </javax.swing.event.EventListenerList>
            </listeners>
            <propertyChangeSupport serialization="custom">
              <java.beans.PropertyChangeSupport>
                <default>
                  <source class="org.jfree.data.xy.XYSeries" reference="../../../.."/>
                  <propertyChangeSupportSerializedDataVersion>2</propertyChangeSupportSerializedDataVersion>
                </default>
                <null/>
              </java.beans.PropertyChangeSupport>
            </propertyChangeSupport>
            <vetoableChangeSupport serialization="custom">
              <java.beans.VetoableChangeSupport>
                <default>
                  <source class="org.jfree.data.xy.XYSeries" reference="../../../.."/>
                  <vetoableChangeSupportSerializedDataVersion>2</vetoableChangeSupportSerializedDataVersion>
                </default>
                <org.jfree.data.xy.XYSeriesCollection reference="../../../../../../.."/>
                <null/>
              </java.beans.VetoableChangeSupport>
            </vetoableChangeSupport>
            <notify>true</notify>
            <data>
              <org.jfree.data.xy.XYDataItem>
                <x class="double">7.198936183412966</x>
                <y class="double">3.0188687405217465</y>
              </org.jfree.data.xy.XYDataItem>
            </data>
            <maximumItemCount>2147483647</maximumItemCount>
            <autoSort>true</autoSort>
            <allowDuplicateXValues>true</allowDuplicateXValues>
            <minX>7.198936183412966</minX>
            <maxX>7.198936183412966</maxX>
            <minY>3.0188687405217465</minY>
            <maxY>3.0188687405217465</maxY>
          </org.jfree.data.xy.XYSeries>
          <org.jfree.data.xy.XYSeries>
            <key class="int">2</key>
            <listeners serialization="custom">
              <javax.swing.event.EventListenerList>
                <default/>
                <string>org.jfree.data.general.SeriesChangeListener</string>
                <org.jfree.data.xy.XYSeriesCollection reference="../../../../../../.."/>
                <null/>
              </javax.swing.event.EventListenerList>
            </listeners>
            <propertyChangeSupport serialization="custom">
              <java.beans.PropertyChangeSupport>
                <default>
                  <source class="org.jfree.data.xy.XYSeries" reference="../../../.."/>
                  <propertyChangeSupportSerializedDataVersion>2</propertyChangeSupportSerializedDataVersion>
                </default>
                <null/>
              </java.beans.PropertyChangeSupport>
            </propertyChangeSupport>
            <vetoableChangeSupport serialization="custom">
              <java.beans.VetoableChangeSupport>
                <default>
                  <source class="org.jfree.data.xy.XYSeries" reference="../../../.."/>
                  <vetoableChangeSupportSerializedDataVersion>2</vetoableChangeSupportSerializedDataVersion>
                </default>
                <org.jfree.data.xy.XYSeriesCollection reference="../../../../../../.."/>
                <null/>
              </java.beans.VetoableChangeSupport>
            </vetoableChangeSupport>
            <notify>true</notify>
            <data>
              <org.jfree.data.xy.XYDataItem>
                <x class="double">3.8648523488875934</x>
                <y class="double">8.306186438893848</y>
              </org.jfree.data.xy.XYDataItem>
            </data>
            <maximumItemCount>2147483647</maximumItemCount>
            <autoSort>true</autoSort>
            <allowDuplicateXValues>true</allowDuplicateXValues>
            <minX>3.8648523488875934</minX>
            <maxX>3.8648523488875934</maxX>
            <minY>8.306186438893848</minY>
            <maxY>8.306186438893848</maxY>
          </org.jfree.data.xy.XYSeries>
          <org.jfree.data.xy.XYSeries>
            <key class="int">3</key>
            <listeners serialization="custom">
              <javax.swing.event.EventListenerList>
                <default/>
                <string>org.jfree.data.general.SeriesChangeListener</string>
                <org.jfree.data.xy.XYSeriesCollection reference="../../../../../../.."/>
                <null/>
              </javax.swing.event.EventListenerList>
            </listeners>
            <propertyChangeSupport serialization="custom">
              <java.beans.PropertyChangeSupport>
                <default>
                  <source class="org.jfree.data.xy.XYSeries" reference="../../../.."/>
                  <propertyChangeSupportSerializedDataVersion>2</propertyChangeSupportSerializedDataVersion>
                </default>
                <null/>
              </java.beans.PropertyChangeSupport>
            </propertyChangeSupport>
            <vetoableChangeSupport serialization="custom">
              <java.beans.VetoableChangeSupport>
                <default>
                  <source class="org.jfree.data.xy.XYSeries" reference="../../../.."/>
                  <vetoableChangeSupportSerializedDataVersion>2</vetoableChangeSupportSerializedDataVersion>
                </default>
                <org.jfree.data.xy.XYSeriesCollection reference="../../../../../../.."/>
                <null/>
              </java.beans.VetoableChangeSupport>
            </vetoableChangeSupport>
            <notify>true</notify>
            <data>
              <org.jfree.data.xy.XYDataItem>
                <x class="double">4.0171045211899195</x>
                <y class="double">4.265713919993312</y>
              </org.jfree.data.xy.XYDataItem>
            </data>
            <maximumItemCount>2147483647</maximumItemCount>
            <autoSort>true</autoSort>
            <allowDuplicateXValues>true</allowDuplicateXValues>
            <minX>4.0171045211899195</minX>
            <maxX>4.0171045211899195</maxX>
            <minY>4.265713919993312</minY>
            <maxY>4.265713919993312</maxY>
          </org.jfree.data.xy.XYSeries>
          <org.jfree.data.xy.XYSeries>
            <key class="int">4</key>
            <listeners serialization="custom">
              <javax.swing.event.EventListenerList>
                <default/>
                <string>org.jfree.data.general.SeriesChangeListener</string>
                <org.jfree.data.xy.XYSeriesCollection reference="../../../../../../.."/>
                <null/>
              </javax.swing.event.EventListenerList>
            </listeners>
            <propertyChangeSupport serialization="custom">
              <java.beans.PropertyChangeSupport>
                <default>
                  <source class="org.jfree.data.xy.XYSeries" reference="../../../.."/>
                  <propertyChangeSupportSerializedDataVersion>2</propertyChangeSupportSerializedDataVersion>
                </default>
                <null/>
              </java.beans.PropertyChangeSupport>
            </propertyChangeSupport>
            <vetoableChangeSupport serialization="custom">
              <java.beans.VetoableChangeSupport>
                <default>
                  <source class="org.jfree.data.xy.XYSeries" reference="../../../.."/>
                  <vetoableChangeSupportSerializedDataVersion>2</vetoableChangeSupportSerializedDataVersion>
                </default>
                <org.jfree.data.xy.XYSeriesCollection reference="../../../../../../.."/>
                <null/>
              </java.beans.VetoableChangeSupport>
            </vetoableChangeSupport>
            <notify>true</notify>
            <data>
              <org.jfree.data.xy.XYDataItem>
                <x class="double">-0.8194715396446551</x>
                <y class="double">-0.09222428456822618</y>
              </org.jfree.data.xy.XYDataItem>
            </data>
            <maximumItemCount>2147483647</maximumItemCount>
            <autoSort>true</autoSort>
            <allowDuplicateXValues>true</allowDuplicateXValues>
            <minX>-0.8194715396446551</minX>
            <maxX>-0.8194715396446551</maxX>
            <minY>-0.09222428456822618</minY>
            <maxY>-0.09222428456822618</maxY>
          </org.jfree.data.xy.XYSeries>
          <org.jfree.data.xy.XYSeries>
            <key class="int">5</key>
            <listeners serialization="custom">
              <javax.swing.event.EventListenerList>
                <default/>
                <string>org.jfree.data.general.SeriesChangeListener</string>
                <org.jfree.data.xy.XYSeriesCollection reference="../../../../../../.."/>
                <null/>
              </javax.swing.event.EventListenerList>
            </listeners>
            <propertyChangeSupport serialization="custom">
              <java.beans.PropertyChangeSupport>
                <default>
                  <source class="org.jfree.data.xy.XYSeries" reference="../../../.."/>
                  <propertyChangeSupportSerializedDataVersion>2</propertyChangeSupportSerializedDataVersion>
                </default>
                <null/>
              </java.beans.PropertyChangeSupport>
            </propertyChangeSupport>
            <vetoableChangeSupport serialization="custom">
              <java.beans.VetoableChangeSupport>
                <default>
                  <source class="org.jfree.data.xy.XYSeries" reference="../../../.."/>
                  <vetoableChangeSupportSerializedDataVersion>2</vetoableChangeSupportSerializedDataVersion>
                </default>
                <org.jfree.data.xy.XYSeriesCollection reference="../../../../../../.."/>
                <null/>
              </java.beans.VetoableChangeSupport>
            </vetoableChangeSupport>
            <notify>true</notify>
            <data>
              <org.jfree.data.xy.XYDataItem>
                <x class="double">7.143431247791291</x>
                <y class="double">0.0</y>
              </org.jfree.data.xy.XYDataItem>
            </data>
            <maximumItemCount>2147483647</maximumItemCount>
            <autoSort>true</autoSort>
            <allowDuplicateXValues>true</allowDuplicateXValues>
            <minX>7.143431247791291</minX>
            <maxX>7.143431247791291</maxX>
            <minY>0.0</minY>
            <maxY>0.0</maxY>
          </org.jfree.data.xy.XYSeries>
        </data>
        <intervalDelegate>
          <dataset class="org.jfree.data.xy.XYSeriesCollection" reference="../../../.."/>
          <autoWidth>false</autoWidth>
          <intervalPositionFactor>0.5</intervalPositionFactor>
          <fixedIntervalWidth>1.0</fixedIntervalWidth>
          <autoIntervalWidth>Infinity</autoIntervalWidth>
        </intervalDelegate>
      </default>
    </org.jfree.data.xy.XYSeriesCollection>
  </dataset>
  <showHistory>false</showHistory>
  <autoDomain>true</autoDomain>
  <autoRange>true</autoRange>
  <upperRangeBoundary>10.0</upperRangeBoundary>
  <lowerRangeBoundary>0.0</lowerRangeBoundary>
  <upperDomainBoundary>10.0</upperDomainBoundary>
  <lowerDomainBoundary>0.0</lowerDomainBoundary>
  <dotSize>5</dotSize>
  <chartSeriesPaint class="linked-list">
    <awt-color>
      <red>255</red>
      <green>0</green>
      <blue>0</blue>
      <alpha>255</alpha>
    </awt-color>
    <awt-color>
      <red>0</red>
      <green>0</green>
      <blue>255</blue>
      <alpha>255</alpha>
    </awt-color>
    <awt-color>
      <red>0</red>
      <green>255</green>
      <blue>0</blue>
      <alpha>255</alpha>
    </awt-color>
    <awt-color>
      <red>255</red>
      <green>255</green>
      <blue>0</blue>
      <alpha>255</alpha>
    </awt-color>
    <awt-color>
      <red>255</red>
      <green>175</green>
      <blue>175</blue>
      <alpha>255</alpha>
    </awt-color>
  </chartSeriesPaint>
</org.simbrain.plot.scatterplot.ScatterPlotModel>