<org.simbrain.plot.projection.ProjectionModel>
  <projector>
    <upstairs>
      <dimensions>25</dimensions>
      <persistentData/>
    </upstairs>
    <downstairs>
      <dimensions>2</dimensions>
      <persistentData/>
    </downstairs>
    <tolerance>0.1</tolerance>
    <projectionMethod class="org.simbrain.util.projection.ProjectPCA">
      <projector reference="../.."/>
    </projectionMethod>
    <projectionMethods class="linked-hash-map">
      <entry>
        <java-class>org.simbrain.util.projection.ProjectCoordinate</java-class>
        <string>Coordinate Projection</string>
      </entry>
      <entry>
        <java-class>org.simbrain.util.projection.ProjectNNSubspace</java-class>
        <string>NN Subspace</string>
      </entry>
      <entry>
        <java-class>org.simbrain.util.projection.ProjectPCA</java-class>
        <string>PCA</string>
      </entry>
      <entry>
        <java-class>org.simbrain.util.projection.ProjectTriangulate</java-class>
        <string>Triangulation</string>
      </entry>
      <entry>
        <java-class>org.simbrain.util.projection.ProjectSammon</java-class>
        <string>Sammon Map</string>
      </entry>
    </projectionMethods>
    <colorManager>
      <coloringMethod>None</coloringMethod>
      <hotColor>
        <red>255</red>
        <green>0</green>
        <blue>0</blue>
        <alpha>255</alpha>
      </hotColor>
      <baseColor>
        <red>0</red>
        <green>255</green>
        <blue>0</blue>
        <alpha>255</alpha>
      </baseColor>
      <hotPointMode>true</hotPointMode>
      <floor>0.15</floor>
      <ceiling>1.0</ceiling>
      <incrementAmount>0.1</incrementAmount>
      <decrementAmount>0.02</decrementAmount>
      <projector reference="../.."/>
    </colorManager>
  </projector>
</org.simbrain.plot.projection.ProjectionModel>