<Workspace>
  <archivedComponents>
    <Component>
      <className>org.simbrain.network.NetworkComponent</className>
      <name>Network1</name>
      <uri>components/0_Network1.xml</uri>
      <id>0</id>
      <format>xml</format>
      <desktopComponent>
        <className>org.simbrain.network.desktop.NetworkDesktopComponent</className>
        <uri>guis/0_Network1.xml</uri>
        <format>xml</format>
      </desktopComponent>
    </Component>
    <Component>
      <className>org.simbrain.plot.timeseries.TimeSeriesPlotComponent</className>
      <name>TimeSeriesPlot1</name>
      <uri>components/1_TimeSeriesPlot1.xml</uri>
      <id>1</id>
      <format>xml</format>
      <desktopComponent>
        <className>org.simbrain.plot.timeseries.TimeSeriesPlotGui</className>
        <uri>guis/1_TimeSeriesPlot1.xml</uri>
        <format>xml</format>
      </desktopComponent>
    </Component>
  </archivedComponents>
  <archivedCouplings>
    <Coupling>
      <archivedProducer>
        <parentComponentRef>components/0_Network1.xml</parentComponentRef>
        <baseObjectKey>Neuron_3</baseObjectKey>
        <methodBaseName>getActivation</methodBaseName>
        <dataType>double</dataType>
        <description>Neuron_3:getActivation</description>
      </archivedProducer>
      <archivedConsumer>
        <parentComponentRef>components/1_TimeSeriesPlot1.xml</parentComponentRef>
        <methodBaseName>setValue</methodBaseName>
        <dataType>double</dataType>
        <argumentDataTypes>
          <java-class>double</java-class>
          <java-class>java.lang.Integer</java-class>
        </argumentDataTypes>
        <argumentValues>
          <int>0</int>
        </argumentValues>
        <description>Time Series 1</description>
      </archivedConsumer>
    </Coupling>
    <Coupling>
      <archivedProducer>
        <parentComponentRef>components/0_Network1.xml</parentComponentRef>
        <baseObjectKey>Neuron_5</baseObjectKey>
        <methodBaseName>getActivation</methodBaseName>
        <dataType>double</dataType>
        <description>Neuron_5:getActivation</description>
      </archivedProducer>
      <archivedConsumer>
        <parentComponentRef>components/1_TimeSeriesPlot1.xml</parentComponentRef>
        <methodBaseName>setValue</methodBaseName>
        <dataType>double</dataType>
        <argumentDataTypes>
          <java-class>double</java-class>
          <java-class>java.lang.Integer</java-class>
        </argumentDataTypes>
        <argumentValues>
          <int>1</int>
        </argumentValues>
        <description>Time Series 2</description>
      </archivedConsumer>
    </Coupling>
    <Coupling>
      <archivedProducer>
        <parentComponentRef>components/0_Network1.xml</parentComponentRef>
        <baseObjectKey>Neuron_7</baseObjectKey>
        <methodBaseName>getActivation</methodBaseName>
        <dataType>double</dataType>
        <description>Neuron_7:getActivation</description>
      </archivedProducer>
      <archivedConsumer>
        <parentComponentRef>components/1_TimeSeriesPlot1.xml</parentComponentRef>
        <methodBaseName>setValue</methodBaseName>
        <dataType>double</dataType>
        <argumentDataTypes>
          <java-class>double</java-class>
          <java-class>java.lang.Integer</java-class>
        </argumentDataTypes>
        <argumentValues>
          <int>2</int>
        </argumentValues>
        <description>Time Series 3</description>
      </archivedConsumer>
    </Coupling>
    <Coupling>
      <archivedProducer>
        <parentComponentRef>components/0_Network1.xml</parentComponentRef>
        <baseObjectKey>Neuron_9</baseObjectKey>
        <methodBaseName>getActivation</methodBaseName>
        <dataType>double</dataType>
        <description>Neuron_9:getActivation</description>
      </archivedProducer>
      <archivedConsumer>
        <parentComponentRef>components/1_TimeSeriesPlot1.xml</parentComponentRef>
        <methodBaseName>setValue</methodBaseName>
        <dataType>double</dataType>
        <argumentDataTypes>
          <java-class>double</java-class>
          <java-class>java.lang.Integer</java-class>
        </argumentDataTypes>
        <argumentValues>
          <int>3</int>
        </argumentValues>
        <description>Time Series 4</description>
      </archivedConsumer>
    </Coupling>
  </archivedCouplings>
  <archivedActions>
    <UpdateAction>
      <updateAction class="org.simbrain.workspace.updater.UpdateAllBuffered"/>
    </UpdateAction>
  </archivedActions>
  <workspaceParameters>
    <savedTime>0</savedTime>
    <updateDelay>0</updateDelay>
  </workspaceParameters>
</Workspace>