<org.simbrain.world.odorworld.OdorWorld>
  <entityList class="java.util.concurrent.CopyOnWriteArrayList" serialization="custom">
    <java.util.concurrent.CopyOnWriteArrayList>
      <default/>
      <int>4</int>
      <org.simbrain.world.odorworld.entities.OdorWorldEntity>
        <entityType>MOUSE</entityType>
        <name>Entity_1</name>
        <id>Entity_1</id>
        <x>117.14223820846316</x>
        <y>252.08883715860603</y>
        <collisionBound>
          <collisionRadius>30.0</collisionRadius>
          <location>
            <x>117.14223820846316</x>
            <y>252.08883715860603</y>
          </location>
          <centerLocation>
            <x>137.14223820846314</x>
            <y>272.088837158606</y>
          </centerLocation>
          <collisionBounds>
            <entry>
              <string>left</string>
              <java.awt.geom.Line2D_-Double>
                <x1>117.14223820846316</x1>
                <y1>252.08883715860603</y1>
                <x2>117.14223820846316</x2>
                <y2>292.088837158606</y2>
              </java.awt.geom.Line2D_-Double>
            </entry>
            <entry>
              <string>up</string>
              <java.awt.geom.Line2D_-Double>
                <x1>117.14223820846316</x1>
                <y1>252.08883715860603</y1>
                <x2>157.14223820846314</x2>
                <y2>252.08883715860603</y2>
              </java.awt.geom.Line2D_-Double>
            </entry>
            <entry>
              <string>right</string>
              <java.awt.geom.Line2D_-Double>
                <x1>157.14223820846314</x1>
                <y1>252.08883715860603</y1>
                <x2>157.14223820846314</x2>
                <y2>292.088837158606</y2>
              </java.awt.geom.Line2D_-Double>
            </entry>
            <entry>
              <string>down</string>
              <java.awt.geom.Line2D_-Double>
                <x1>117.14223820846316</x1>
                <y1>292.088837158606</y1>
                <x2>157.14223820846314</x2>
                <y2>292.088837158606</y2>
              </java.awt.geom.Line2D_-Double>
            </entry>
          </collisionBounds>
          <velocity>
            <x>0.0</x>
            <y>-0.0</y>
          </velocity>
          <shape>
            <x>117.14223820846316</x>
            <y>252.08883715860603</y>
            <width>40.0</width>
            <height>40.0</height>
          </shape>
        </collisionBound>
        <dx>2.081271343710391</dx>
        <dy>-1.797445296483302</dy>
        <manualStraightMovementIncrement>1.0</manualStraightMovementIncrement>
        <manualMovementVelocity>
          <x>0.0</x>
          <y>0.0</y>
        </manualMovementVelocity>
        <manualMode>false</manualMode>
        <heading>40.81482655961909</heading>
        <dtheta>0.0</dtheta>
        <manualMotionTurnIncrement>1.0</manualMotionTurnIncrement>
        <parentWorld reference="../../../.."/>
        <sensors>
          <org.simbrain.world.odorworld.sensors.ObjectSensor>
            <theta>0.39269908169872414</theta>
            <radius>50.0</radius>
            <relativeLocation>
              <x>42.45439019108322</x>
              <y>-24.674381485887253</y>
            </relativeLocation>
            <parent reference="../../.."/>
            <id>Sensor_1</id>
            <label></label>
            <events>
              <changeSupport serialization="custom">
                <java.beans.PropertyChangeSupport>
                  <default>
                    <children>
                      <entry>
                        <string>Update</string>
                        <java.beans.PropertyChangeSupport serialization="custom">
                          <java.beans.PropertyChangeSupport>
                            <default>
                              <source class="org.simbrain.world.odorworld.sensors.ObjectSensor" reference="../../../../../../../../../.."/>
                              <propertyChangeSupportSerializedDataVersion>2</propertyChangeSupportSerializedDataVersion>
                            </default>
                            <null/>
                          </java.beans.PropertyChangeSupport>
                        </java.beans.PropertyChangeSupport>
                      </entry>
                    </children>
                    <source class="org.simbrain.world.odorworld.sensors.ObjectSensor" reference="../../../../.."/>
                    <propertyChangeSupportSerializedDataVersion>2</propertyChangeSupportSerializedDataVersion>
                  </default>
                  <null/>
                </java.beans.PropertyChangeSupport>
              </changeSupport>
              <attribute class="org.simbrain.world.odorworld.sensors.ObjectSensor" reference="../.."/>
            </events>
            <value>0.0</value>
            <baseValue>1.0</baseValue>
            <decayFunction class="org.simbrain.util.math.DecayFunctions.LinearDecayFunction">
              <dispersion>70.0</dispersion>
              <peakDistance>0.0</peakDistance>
              <randomizer class="org.simbrain.util.math.ProbDistributions.UniformDistribution">
                <floor>0.0</floor>
                <ceil>1.0</ceil>
                <polarity>BOTH</polarity>
              </randomizer>
              <addNoise>false</addNoise>
            </decayFunction>
            <objectType>SWISS</objectType>
            <showLabel>false</showLabel>
          </org.simbrain.world.odorworld.sensors.ObjectSensor>
          <org.simbrain.world.odorworld.sensors.ObjectSensor>
            <theta>-0.39269908169872414</theta>
            <radius>50.0</radius>
            <relativeLocation>
              <x>67.46720966550927</x>
              <y>4.288093477538009</y>
            </relativeLocation>
            <parent reference="../../.."/>
            <id>Sensor_3</id>
            <label></label>
            <events>
              <changeSupport serialization="custom">
                <java.beans.PropertyChangeSupport>
                  <default>
                    <children>
                      <entry>
                        <string>Update</string>
                        <java.beans.PropertyChangeSupport serialization="custom">
                          <java.beans.PropertyChangeSupport>
                            <default>
                              <source class="org.simbrain.world.odorworld.sensors.ObjectSensor" reference="../../../../../../../../../.."/>
                              <propertyChangeSupportSerializedDataVersion>2</propertyChangeSupportSerializedDataVersion>
                            </default>
                            <null/>
                          </java.beans.PropertyChangeSupport>
                        </java.beans.PropertyChangeSupport>
                      </entry>
                    </children>
                    <source class="org.simbrain.world.odorworld.sensors.ObjectSensor" reference="../../../../.."/>
                    <propertyChangeSupportSerializedDataVersion>2</propertyChangeSupportSerializedDataVersion>
                  </default>
                  <null/>
                </java.beans.PropertyChangeSupport>
              </changeSupport>
              <attribute class="org.simbrain.world.odorworld.sensors.ObjectSensor" reference="../.."/>
            </events>
            <value>0.0</value>
            <baseValue>1.0</baseValue>
            <decayFunction class="org.simbrain.util.math.DecayFunctions.LinearDecayFunction">
              <dispersion>70.0</dispersion>
              <peakDistance>0.0</peakDistance>
              <randomizer class="org.simbrain.util.math.ProbDistributions.UniformDistribution">
                <floor>0.0</floor>
                <ceil>1.0</ceil>
                <polarity>BOTH</polarity>
              </randomizer>
              <addNoise>false</addNoise>
            </decayFunction>
            <objectType>SWISS</objectType>
            <showLabel>false</showLabel>
          </org.simbrain.world.odorworld.sensors.ObjectSensor>
          <org.simbrain.world.odorworld.sensors.ObjectSensor>
            <theta>0.393</theta>
            <radius>50.0</radius>
            <relativeLocation>
              <x>42.44094583565584</x>
              <y>-24.681136400064418</y>
            </relativeLocation>
            <parent reference="../../.."/>
            <id>Sensor_4</id>
            <label>Left Gouda Detector</label>
            <events>
              <changeSupport serialization="custom">
                <java.beans.PropertyChangeSupport>
                  <default>
                    <children>
                      <entry>
                        <string>Update</string>
                        <java.beans.PropertyChangeSupport serialization="custom">
                          <java.beans.PropertyChangeSupport>
                            <default>
                              <source class="org.simbrain.world.odorworld.sensors.ObjectSensor" reference="../../../../../../../../../.."/>
                              <propertyChangeSupportSerializedDataVersion>2</propertyChangeSupportSerializedDataVersion>
                            </default>
                            <null/>
                          </java.beans.PropertyChangeSupport>
                        </java.beans.PropertyChangeSupport>
                      </entry>
                    </children>
                    <source class="org.simbrain.world.odorworld.sensors.ObjectSensor" reference="../../../../.."/>
                    <propertyChangeSupportSerializedDataVersion>2</propertyChangeSupportSerializedDataVersion>
                  </default>
                  <null/>
                </java.beans.PropertyChangeSupport>
              </changeSupport>
              <attribute class="org.simbrain.world.odorworld.sensors.ObjectSensor" reference="../.."/>
            </events>
            <value>0.0</value>
            <baseValue>1.0</baseValue>
            <decayFunction class="org.simbrain.util.math.DecayFunctions.LinearDecayFunction">
              <dispersion>70.0</dispersion>
              <peakDistance>0.0</peakDistance>
              <randomizer class="org.simbrain.util.math.ProbDistributions.UniformDistribution">
                <floor>0.0</floor>
                <ceil>1.0</ceil>
                <polarity>BOTH</polarity>
              </randomizer>
              <addNoise>false</addNoise>
            </decayFunction>
            <objectType>GOUDA</objectType>
            <showLabel>false</showLabel>
          </org.simbrain.world.odorworld.sensors.ObjectSensor>
          <org.simbrain.world.odorworld.sensors.ObjectSensor>
            <theta>-0.393</theta>
            <radius>50.0</radius>
            <relativeLocation>
              <x>67.47193551653726</x>
              <y>4.302377940792184</y>
            </relativeLocation>
            <parent reference="../../.."/>
            <id>Sensor_6</id>
            <label>Right Gouda Detector</label>
            <events>
              <changeSupport serialization="custom">
                <java.beans.PropertyChangeSupport>
                  <default>
                    <children>
                      <entry>
                        <string>Update</string>
                        <java.beans.PropertyChangeSupport serialization="custom">
                          <java.beans.PropertyChangeSupport>
                            <default>
                              <source class="org.simbrain.world.odorworld.sensors.ObjectSensor" reference="../../../../../../../../../.."/>
                              <propertyChangeSupportSerializedDataVersion>2</propertyChangeSupportSerializedDataVersion>
                            </default>
                            <null/>
                          </java.beans.PropertyChangeSupport>
                        </java.beans.PropertyChangeSupport>
                      </entry>
                    </children>
                    <source class="org.simbrain.world.odorworld.sensors.ObjectSensor" reference="../../../../.."/>
                    <propertyChangeSupportSerializedDataVersion>2</propertyChangeSupportSerializedDataVersion>
                  </default>
                  <null/>
                </java.beans.PropertyChangeSupport>
              </changeSupport>
              <attribute class="org.simbrain.world.odorworld.sensors.ObjectSensor" reference="../.."/>
            </events>
            <value>0.0</value>
            <baseValue>1.0</baseValue>
            <decayFunction class="org.simbrain.util.math.DecayFunctions.LinearDecayFunction">
              <dispersion>70.0</dispersion>
              <peakDistance>0.0</peakDistance>
              <randomizer class="org.simbrain.util.math.ProbDistributions.UniformDistribution">
                <floor>0.0</floor>
                <ceil>1.0</ceil>
                <polarity>BOTH</polarity>
              </randomizer>
              <addNoise>false</addNoise>
            </decayFunction>
            <objectType>GOUDA</objectType>
            <showLabel>false</showLabel>
          </org.simbrain.world.odorworld.sensors.ObjectSensor>
          <org.simbrain.world.odorworld.sensors.ObjectSensor>
            <theta>0.393</theta>
            <radius>50.0</radius>
            <relativeLocation>
              <x>42.44094583565584</x>
              <y>-24.681136400064418</y>
            </relativeLocation>
            <parent reference="../../.."/>
            <id>Sensor_7</id>
            <label>Left Blue Cheese Detector</label>
            <events>
              <changeSupport serialization="custom">
                <java.beans.PropertyChangeSupport>
                  <default>
                    <children>
                      <entry>
                        <string>Update</string>
                        <java.beans.PropertyChangeSupport serialization="custom">
                          <java.beans.PropertyChangeSupport>
                            <default>
                              <source class="org.simbrain.world.odorworld.sensors.ObjectSensor" reference="../../../../../../../../../.."/>
                              <propertyChangeSupportSerializedDataVersion>2</propertyChangeSupportSerializedDataVersion>
                            </default>
                            <null/>
                          </java.beans.PropertyChangeSupport>
                        </java.beans.PropertyChangeSupport>
                      </entry>
                    </children>
                    <source class="org.simbrain.world.odorworld.sensors.ObjectSensor" reference="../../../../.."/>
                    <propertyChangeSupportSerializedDataVersion>2</propertyChangeSupportSerializedDataVersion>
                  </default>
                  <null/>
                </java.beans.PropertyChangeSupport>
              </changeSupport>
              <attribute class="org.simbrain.world.odorworld.sensors.ObjectSensor" reference="../.."/>
            </events>
            <value>0.0</value>
            <baseValue>1.0</baseValue>
            <decayFunction class="org.simbrain.util.math.DecayFunctions.LinearDecayFunction">
              <dispersion>70.0</dispersion>
              <peakDistance>0.0</peakDistance>
              <randomizer class="org.simbrain.util.math.ProbDistributions.UniformDistribution">
                <floor>0.0</floor>
                <ceil>1.0</ceil>
                <polarity>BOTH</polarity>
              </randomizer>
              <addNoise>false</addNoise>
            </decayFunction>
            <objectType>BLUECHEESE</objectType>
            <showLabel>false</showLabel>
          </org.simbrain.world.odorworld.sensors.ObjectSensor>
          <org.simbrain.world.odorworld.sensors.ObjectSensor>
            <theta>-0.393</theta>
            <radius>50.0</radius>
            <relativeLocation>
              <x>67.47193551653726</x>
              <y>4.302377940792184</y>
            </relativeLocation>
            <parent reference="../../.."/>
            <id>Sensor_9</id>
            <label>Right Blue Cheese Detector</label>
            <events>
              <changeSupport serialization="custom">
                <java.beans.PropertyChangeSupport>
                  <default>
                    <children>
                      <entry>
                        <string>Update</string>
                        <java.beans.PropertyChangeSupport serialization="custom">
                          <java.beans.PropertyChangeSupport>
                            <default>
                              <source class="org.simbrain.world.odorworld.sensors.ObjectSensor" reference="../../../../../../../../../.."/>
                              <propertyChangeSupportSerializedDataVersion>2</propertyChangeSupportSerializedDataVersion>
                            </default>
                            <null/>
                          </java.beans.PropertyChangeSupport>
                        </java.beans.PropertyChangeSupport>
                      </entry>
                    </children>
                    <source class="org.simbrain.world.odorworld.sensors.ObjectSensor" reference="../../../../.."/>
                    <propertyChangeSupportSerializedDataVersion>2</propertyChangeSupportSerializedDataVersion>
                  </default>
                  <null/>
                </java.beans.PropertyChangeSupport>
              </changeSupport>
              <attribute class="org.simbrain.world.odorworld.sensors.ObjectSensor" reference="../.."/>
            </events>
            <value>0.0</value>
            <baseValue>1.0</baseValue>
            <decayFunction class="org.simbrain.util.math.DecayFunctions.LinearDecayFunction">
              <dispersion>70.0</dispersion>
              <peakDistance>0.0</peakDistance>
              <randomizer class="org.simbrain.util.math.ProbDistributions.UniformDistribution">
                <floor>0.0</floor>
                <ceil>1.0</ceil>
                <polarity>BOTH</polarity>
              </randomizer>
              <addNoise>false</addNoise>
            </decayFunction>
            <objectType>BLUECHEESE</objectType>
            <showLabel>false</showLabel>
          </org.simbrain.world.odorworld.sensors.ObjectSensor>
        </sensors>
        <effectors>
          <org.simbrain.world.odorworld.effectors.StraightMovement>
            <parent reference="../../.."/>
            <id>Effector_1</id>
            <label></label>
            <events>
              <changeSupport serialization="custom">
                <java.beans.PropertyChangeSupport>
                  <default>
                    <source class="org.simbrain.world.odorworld.effectors.StraightMovement" reference="../../../../.."/>
                    <propertyChangeSupportSerializedDataVersion>2</propertyChangeSupportSerializedDataVersion>
                  </default>
                  <null/>
                </java.beans.PropertyChangeSupport>
              </changeSupport>
              <attribute class="org.simbrain.world.odorworld.effectors.StraightMovement" reference="../.."/>
            </events>
            <amount>0.0</amount>
            <scalingFactor>1.0</scalingFactor>
          </org.simbrain.world.odorworld.effectors.StraightMovement>
          <org.simbrain.world.odorworld.effectors.Turning>
            <parent reference="../../.."/>
            <id>Effector_2</id>
            <label></label>
            <events>
              <changeSupport serialization="custom">
                <java.beans.PropertyChangeSupport>
                  <default>
                    <source class="org.simbrain.world.odorworld.effectors.Turning" reference="../../../../.."/>
                    <propertyChangeSupportSerializedDataVersion>2</propertyChangeSupportSerializedDataVersion>
                  </default>
                  <null/>
                </java.beans.PropertyChangeSupport>
              </changeSupport>
              <attribute class="org.simbrain.world.odorworld.effectors.Turning" reference="../.."/>
            </events>
            <direction>1.0</direction>
            <amount>0.0</amount>
          </org.simbrain.world.odorworld.effectors.Turning>
          <org.simbrain.world.odorworld.effectors.Turning>
            <parent reference="../../.."/>
            <id>Effector_3</id>
            <label></label>
            <events>
              <changeSupport serialization="custom">
                <java.beans.PropertyChangeSupport>
                  <default>
                    <source class="org.simbrain.world.odorworld.effectors.Turning" reference="../../../../.."/>
                    <propertyChangeSupportSerializedDataVersion>2</propertyChangeSupportSerializedDataVersion>
                  </default>
                  <null/>
                </java.beans.PropertyChangeSupport>
              </changeSupport>
              <attribute class="org.simbrain.world.odorworld.effectors.Turning" reference="../.."/>
            </events>
            <direction>-1.0</direction>
            <amount>0.0</amount>
          </org.simbrain.world.odorworld.effectors.Turning>
        </effectors>
        <smellSource>
          <stimulusVector>
            <double>0.514198011065101</double>
            <double>0.37947773927728856</double>
            <double>0.5251324344032066</double>
            <double>0.46421078611644473</double>
            <double>0.49376991527953307</double>
            <double>0.0748535588532463</double>
            <double>0.3792917764482785</double>
            <double>0.550467421516605</double>
            <double>0.9235981710686748</double>
            <double>0.4884622954930339</double>
          </stimulusVector>
          <returnVector reference="../stimulusVector"/>
          <decayFunction class="org.simbrain.util.math.DecayFunctions.LinearDecayFunction">
            <dispersion>70.0</dispersion>
            <peakDistance>0.0</peakDistance>
            <randomizer class="org.simbrain.util.math.ProbDistributions.UniformDistribution">
              <floor>0.0</floor>
              <ceil>1.0</ceil>
              <polarity>BOTH</polarity>
            </randomizer>
            <addNoise>false</addNoise>
          </decayFunction>
        </smellSource>
        <sensorsEnabled>true</sensorsEnabled>
        <effectorsEnabled>true</effectorsEnabled>
        <showSensors>true</showSensors>
        <currentlyHeardPhrases/>
        <updateHeadingBasedOnVelocity>false</updateHeadingBasedOnVelocity>
        <edible>false</edible>
        <energyLevel>-34083.89671937095</energyLevel>
        <calories>0.0</calories>
        <tileCollision>
          <x>4</x>
          <y>8</y>
          <eightNeighborCollisionBounds/>
          <outer-class reference="../.."/>
        </tileCollision>
      </org.simbrain.world.odorworld.entities.OdorWorldEntity>
      <org.simbrain.world.odorworld.entities.OdorWorldEntity>
        <entityType>SWISS</entityType>
        <name>Entity_2</name>
        <id>Entity_2</id>
        <x>71.0</x>
        <y>88.0</y>
        <collisionBound>
          <collisionRadius>24.0</collisionRadius>
          <location>
            <x>71.0</x>
            <y>88.0</y>
          </location>
          <centerLocation>
            <x>87.0</x>
            <y>104.0</y>
          </centerLocation>
          <collisionBounds>
            <entry>
              <string>left</string>
              <java.awt.geom.Line2D_-Double>
                <x1>71.0</x1>
                <y1>88.0</y1>
                <x2>71.0</x2>
                <y2>120.0</y2>
              </java.awt.geom.Line2D_-Double>
            </entry>
            <entry>
              <string>up</string>
              <java.awt.geom.Line2D_-Double>
                <x1>71.0</x1>
                <y1>88.0</y1>
                <x2>103.0</x2>
                <y2>88.0</y2>
              </java.awt.geom.Line2D_-Double>
            </entry>
            <entry>
              <string>right</string>
              <java.awt.geom.Line2D_-Double>
                <x1>103.0</x1>
                <y1>88.0</y1>
                <x2>103.0</x2>
                <y2>120.0</y2>
              </java.awt.geom.Line2D_-Double>
            </entry>
            <entry>
              <string>down</string>
              <java.awt.geom.Line2D_-Double>
                <x1>71.0</x1>
                <y1>120.0</y1>
                <x2>103.0</x2>
                <y2>120.0</y2>
              </java.awt.geom.Line2D_-Double>
            </entry>
          </collisionBounds>
          <velocity>
            <x>0.0</x>
            <y>0.0</y>
          </velocity>
          <shape>
            <x>71.0</x>
            <y>88.0</y>
            <width>32.0</width>
            <height>32.0</height>
          </shape>
        </collisionBound>
        <dx>0.0</dx>
        <dy>0.0</dy>
        <manualStraightMovementIncrement>1.0</manualStraightMovementIncrement>
        <manualMovementVelocity>
          <x>0.0</x>
          <y>0.0</y>
        </manualMovementVelocity>
        <manualMode>false</manualMode>
        <heading>0.0</heading>
        <dtheta>0.0</dtheta>
        <manualMotionTurnIncrement>1.0</manualMotionTurnIncrement>
        <parentWorld reference="../../../.."/>
        <sensors/>
        <effectors/>
        <smellSource>
          <stimulusVector>
            <double>0.288784322570634</double>
            <double>0.26929911772513493</double>
            <double>0.2878711651486219</double>
            <double>0.6455346555845145</double>
            <double>0.6618955119714398</double>
            <double>0.03703465205670775</double>
            <double>0.33654074599747674</double>
            <double>0.864963400293835</double>
            <double>0.6741015074836607</double>
            <double>0.972246524022338</double>
          </stimulusVector>
          <returnVector reference="../stimulusVector"/>
          <decayFunction class="org.simbrain.util.math.DecayFunctions.LinearDecayFunction">
            <dispersion>70.0</dispersion>
            <peakDistance>0.0</peakDistance>
            <randomizer class="org.simbrain.util.math.ProbDistributions.UniformDistribution">
              <floor>0.0</floor>
              <ceil>1.0</ceil>
              <polarity>BOTH</polarity>
            </randomizer>
            <addNoise>false</addNoise>
          </decayFunction>
        </smellSource>
        <sensorsEnabled>false</sensorsEnabled>
        <effectorsEnabled>false</effectorsEnabled>
        <showSensors>true</showSensors>
        <currentlyHeardPhrases/>
        <updateHeadingBasedOnVelocity>false</updateHeadingBasedOnVelocity>
        <edible>false</edible>
        <energyLevel>0.0</energyLevel>
        <calories>0.0</calories>
        <tileCollision>
          <x>0</x>
          <y>0</y>
          <outer-class reference="../.."/>
        </tileCollision>
      </org.simbrain.world.odorworld.entities.OdorWorldEntity>
      <org.simbrain.world.odorworld.entities.OdorWorldEntity>
        <entityType>GOUDA</entityType>
        <name>Entity_5</name>
        <id>Entity_5</id>
        <x>269.0</x>
        <y>355.0</y>
        <collisionBound>
          <collisionRadius>24.0</collisionRadius>
          <location>
            <x>269.0</x>
            <y>355.0</y>
          </location>
          <centerLocation>
            <x>285.0</x>
            <y>371.0</y>
          </centerLocation>
          <collisionBounds>
            <entry>
              <string>left</string>
              <java.awt.geom.Line2D_-Double>
                <x1>269.0</x1>
                <y1>355.0</y1>
                <x2>269.0</x2>
                <y2>387.0</y2>
              </java.awt.geom.Line2D_-Double>
            </entry>
            <entry>
              <string>up</string>
              <java.awt.geom.Line2D_-Double>
                <x1>269.0</x1>
                <y1>355.0</y1>
                <x2>301.0</x2>
                <y2>355.0</y2>
              </java.awt.geom.Line2D_-Double>
            </entry>
            <entry>
              <string>right</string>
              <java.awt.geom.Line2D_-Double>
                <x1>301.0</x1>
                <y1>355.0</y1>
                <x2>301.0</x2>
                <y2>387.0</y2>
              </java.awt.geom.Line2D_-Double>
            </entry>
            <entry>
              <string>down</string>
              <java.awt.geom.Line2D_-Double>
                <x1>269.0</x1>
                <y1>387.0</y1>
                <x2>301.0</x2>
                <y2>387.0</y2>
              </java.awt.geom.Line2D_-Double>
            </entry>
          </collisionBounds>
          <velocity>
            <x>0.0</x>
            <y>0.0</y>
          </velocity>
          <shape>
            <x>269.0</x>
            <y>355.0</y>
            <width>32.0</width>
            <height>32.0</height>
          </shape>
        </collisionBound>
        <dx>0.0</dx>
        <dy>0.0</dy>
        <manualStraightMovementIncrement>1.0</manualStraightMovementIncrement>
        <manualMovementVelocity>
          <x>0.0</x>
          <y>0.0</y>
        </manualMovementVelocity>
        <manualMode>false</manualMode>
        <heading>0.0</heading>
        <dtheta>0.0</dtheta>
        <manualMotionTurnIncrement>1.0</manualMotionTurnIncrement>
        <parentWorld reference="../../../.."/>
        <sensors/>
        <effectors/>
        <smellSource>
          <stimulusVector>
            <double>0.7914541518981407</double>
            <double>0.8550519256090684</double>
            <double>0.5239441123692103</double>
            <double>0.8835737896816912</double>
            <double>0.4295406210639968</double>
            <double>0.8966289750457853</double>
            <double>0.1501975720356008</double>
            <double>0.16746612215233092</double>
            <double>0.7871710459574222</double>
            <double>0.713777294016023</double>
          </stimulusVector>
          <returnVector reference="../stimulusVector"/>
          <decayFunction class="org.simbrain.util.math.DecayFunctions.LinearDecayFunction">
            <dispersion>70.0</dispersion>
            <peakDistance>0.0</peakDistance>
            <randomizer class="org.simbrain.util.math.ProbDistributions.UniformDistribution">
              <floor>0.0</floor>
              <ceil>1.0</ceil>
              <polarity>BOTH</polarity>
            </randomizer>
            <addNoise>false</addNoise>
          </decayFunction>
        </smellSource>
        <sensorsEnabled>false</sensorsEnabled>
        <effectorsEnabled>false</effectorsEnabled>
        <showSensors>true</showSensors>
        <currentlyHeardPhrases/>
        <updateHeadingBasedOnVelocity>false</updateHeadingBasedOnVelocity>
        <edible>false</edible>
        <energyLevel>0.0</energyLevel>
        <calories>0.0</calories>
        <tileCollision>
          <x>0</x>
          <y>0</y>
          <outer-class reference="../.."/>
        </tileCollision>
      </org.simbrain.world.odorworld.entities.OdorWorldEntity>
      <org.simbrain.world.odorworld.entities.OdorWorldEntity>
        <entityType>BLUECHEESE</entityType>
        <name>Entity_6</name>
        <id>Entity_6</id>
        <x>275.0</x>
        <y>115.0</y>
        <collisionBound>
          <collisionRadius>24.0</collisionRadius>
          <location>
            <x>275.0</x>
            <y>115.0</y>
          </location>
          <centerLocation>
            <x>291.0</x>
            <y>131.0</y>
          </centerLocation>
          <collisionBounds>
            <entry>
              <string>left</string>
              <java.awt.geom.Line2D_-Double>
                <x1>275.0</x1>
                <y1>115.0</y1>
                <x2>275.0</x2>
                <y2>147.0</y2>
              </java.awt.geom.Line2D_-Double>
            </entry>
            <entry>
              <string>up</string>
              <java.awt.geom.Line2D_-Double>
                <x1>275.0</x1>
                <y1>115.0</y1>
                <x2>307.0</x2>
                <y2>115.0</y2>
              </java.awt.geom.Line2D_-Double>
            </entry>
            <entry>
              <string>right</string>
              <java.awt.geom.Line2D_-Double>
                <x1>307.0</x1>
                <y1>115.0</y1>
                <x2>307.0</x2>
                <y2>147.0</y2>
              </java.awt.geom.Line2D_-Double>
            </entry>
            <entry>
              <string>down</string>
              <java.awt.geom.Line2D_-Double>
                <x1>275.0</x1>
                <y1>147.0</y1>
                <x2>307.0</x2>
                <y2>147.0</y2>
              </java.awt.geom.Line2D_-Double>
            </entry>
          </collisionBounds>
          <velocity>
            <x>0.0</x>
            <y>0.0</y>
          </velocity>
          <shape>
            <x>275.0</x>
            <y>115.0</y>
            <width>32.0</width>
            <height>32.0</height>
          </shape>
        </collisionBound>
        <dx>0.0</dx>
        <dy>0.0</dy>
        <manualStraightMovementIncrement>1.0</manualStraightMovementIncrement>
        <manualMovementVelocity>
          <x>0.0</x>
          <y>0.0</y>
        </manualMovementVelocity>
        <manualMode>false</manualMode>
        <heading>0.0</heading>
        <dtheta>0.0</dtheta>
        <manualMotionTurnIncrement>1.0</manualMotionTurnIncrement>
        <parentWorld reference="../../../.."/>
        <sensors/>
        <effectors/>
        <smellSource>
          <stimulusVector>
            <double>0.948109809927927</double>
            <double>0.6105054086080866</double>
            <double>0.9982601204138686</double>
            <double>0.3066420806127641</double>
            <double>0.6822836913243103</double>
            <double>0.7387705328578453</double>
            <double>0.4545546240237438</double>
            <double>0.7048204611613764</double>
            <double>0.23703367595914582</double>
            <double>0.16981470953423627</double>
          </stimulusVector>
          <returnVector reference="../stimulusVector"/>
          <decayFunction class="org.simbrain.util.math.DecayFunctions.LinearDecayFunction">
            <dispersion>70.0</dispersion>
            <peakDistance>0.0</peakDistance>
            <randomizer class="org.simbrain.util.math.ProbDistributions.UniformDistribution">
              <floor>0.0</floor>
              <ceil>1.0</ceil>
              <polarity>BOTH</polarity>
            </randomizer>
            <addNoise>false</addNoise>
          </decayFunction>
        </smellSource>
        <sensorsEnabled>false</sensorsEnabled>
        <effectorsEnabled>false</effectorsEnabled>
        <showSensors>true</showSensors>
        <currentlyHeardPhrases/>
        <updateHeadingBasedOnVelocity>false</updateHeadingBasedOnVelocity>
        <edible>false</edible>
        <energyLevel>0.0</energyLevel>
        <calories>0.0</calories>
        <tileCollision>
          <x>0</x>
          <y>0</y>
          <outer-class reference="../.."/>
        </tileCollision>
      </org.simbrain.world.odorworld.entities.OdorWorldEntity>
    </java.util.concurrent.CopyOnWriteArrayList>
  </entityList>
  <tileMap version="1.0" tiledversion="1.1.6" width="14" height="14" tilewidth="32" tileheight="32">
    <tileset firstgid="1" name="RoguelikeTileSet" tilewidth="32" tileheight="32" spacing="2" margin="0" tilecount="1767" columns="57" offsetX="0" offsetY="0">
      <image source="tileset_kenney.png" width="1936" height="1052"/>
      <tile id="5">
        <properties>
          <property name="type" value="Grass"/>
        </properties>
      </tile>
      <tile id="62">
        <properties>
          <property name="type" value="Grass"/>
        </properties>
      </tile>
      <tile id="293">
        <properties>
          <property name="smell" value="1, 0.45, 0.22, 0.45, 0.02"/>
        </properties>
      </tile>
      <tile id="406">
        <properties>
          <property name="label" value="DirtRoadTurnDownRight"/>
          <property name="type" value="DirtRoad"/>
        </properties>
      </tile>
    </tileset>
    <layer name="Tile Layer 1" width="14" height="14">
      <data encoding="csv">
0,0,0,0,0,0,0,0,0,0,0,0,0,0,
0,0,0,0,0,0,0,0,0,0,0,0,0,0,
0,0,0,0,0,0,0,0,0,0,0,0,0,0,
0,0,0,0,0,0,0,0,0,0,0,0,0,0,
0,0,0,0,0,0,0,0,0,0,0,0,0,0,
0,0,0,0,0,0,0,0,0,0,0,0,0,0,
0,0,0,0,0,0,0,0,0,0,0,0,0,0,
0,0,0,0,0,0,0,0,0,0,0,0,0,0,
0,0,0,0,0,0,0,0,0,0,0,0,0,0,
0,0,0,0,0,0,0,0,0,0,0,0,0,0,
0,0,0,0,0,0,0,0,0,0,0,0,0,0,
0,0,0,0,0,0,0,0,0,0,0,0,0,0,
0,0,0,0,0,0,0,0,0,0,0,0,0,0,
0,0,0,0,0,0,0,0,0,0,0,0,0,0
</data>
    </layer>
    <guiEnabled>true</guiEnabled>
  </tileMap>
  <wrapAround>true</wrapAround>
  <objectsBlockMovement>false</objectsBlockMovement>
  <entityIDGenerator>
    <rootName>Entity</rootName>
    <index>
      <value>0</value>
    </index>
  </entityIDGenerator>
  <sensorIDGenerator>
    <rootName>Sensor</rootName>
    <index>
      <value>0</value>
    </index>
  </sensorIDGenerator>
  <effectorIDGenerator>
    <rootName>Effector</rootName>
    <index>
      <value>0</value>
    </index>
  </effectorIDGenerator>
  <agentIdGenerator>
    <rootName>Agent</rootName>
    <index>
      <value>0</value>
    </index>
  </agentIdGenerator>
  <lastClickedPosition class="java.awt.geom.Point2D$Double">
    <x>130.0</x>
    <y>261.0</y>
  </lastClickedPosition>
  <worldBoundary>
    <collisionRadius>336.0</collisionRadius>
    <location>
      <x>0.0</x>
      <y>0.0</y>
    </location>
    <centerLocation>
      <x>224.0</x>
      <y>224.0</y>
    </centerLocation>
    <collisionBounds>
      <entry>
        <string>left</string>
        <java.awt.geom.Line2D_-Double>
          <x1>0.0</x1>
          <y1>0.0</y1>
          <x2>0.0</x2>
          <y2>448.0</y2>
        </java.awt.geom.Line2D_-Double>
      </entry>
      <entry>
        <string>up</string>
        <java.awt.geom.Line2D_-Double>
          <x1>0.0</x1>
          <y1>0.0</y1>
          <x2>448.0</x2>
          <y2>0.0</y2>
        </java.awt.geom.Line2D_-Double>
      </entry>
      <entry>
        <string>right</string>
        <java.awt.geom.Line2D_-Double>
          <x1>448.0</x1>
          <y1>0.0</y1>
          <x2>448.0</x2>
          <y2>448.0</y2>
        </java.awt.geom.Line2D_-Double>
      </entry>
      <entry>
        <string>down</string>
        <java.awt.geom.Line2D_-Double>
          <x1>0.0</x1>
          <y1>448.0</y1>
          <x2>448.0</x2>
          <y2>448.0</y2>
        </java.awt.geom.Line2D_-Double>
      </entry>
    </collisionBounds>
    <velocity>
      <x>0.0</x>
      <y>0.0</y>
    </velocity>
    <shape>
      <x>0.0</x>
      <y>0.0</y>
      <width>448.0</width>
      <height>448.0</height>
    </shape>
  </worldBoundary>
</org.simbrain.world.odorworld.OdorWorld>