<!DOCTYPE html>
<html>
<body>
<h1> Avoider </h1>
<br>
<a href= "http://en.wikipedia.org/wiki/Braitenberg_vehicle">Braitenberg vehicles</a> are simple agents that move 
around in response to environmental stimuli. This simulation will
demonstrate movement similar to vehicle 2a (the "coward" vehicle) from Braitenberg's book, "Vehicles: Experiments in Synthetic Psychology," 
which can be downloaded from the link below. 
<h2>Running This Simulation</h2>
Simply press the play button on the top toolbar and 
observe the behavior of the mouse in the odor world
window, while taking note of the activity of the 
neurons in the nework window. Feel free to grab the cheese and move them 
towards the mouse.  The mouse should avoid the cheese. 
Press the stop button to stop the network from running.
<h2>Relation to Braitenberg</h2>
Note the connections are not the same as in Braitenberg's book. The mouse agent (vehicle) will orient to the left if its right sensor is activiated by a source on its right, moving away from the source, and if it senses a source on its left, the mouse will orient to the right and away from the source.

<h2>Reference</h2>
Braitenberg, V. (1986). <a href= "http://www1.appstate.edu/~kms/classes/psy5150/Documents/Braitenberg1984.pdf">Vehicles: Experiments in synthetic psychology</a>. MIT press.

<h2>Credits</h2>
Jeff Yoshimi and Saraching Chao.




