<org.simbrain.network.core.Network>
  <neuronList>
    <org.simbrain.network.core.Neuron>
      <updateRule class="org.simbrain.network.neuron_update_rules.LinearRule">
        <inputType>WEIGHTED</inputType>
        <increment>0.1</increment>
        <slope>1.0</slope>
        <bias>0.0</bias>
        <noiseGenerator>
          <pdf>UNIFORM</pdf>
          <param1>0.0</param1>
          <param2>1.0</param2>
          <upperBound>1.0</upperBound>
          <lowerBound>0.0</lowerBound>
          <clipping>false</clipping>
        </noiseGenerator>
        <addNoise>false</addNoise>
        <clipping>true</clipping>
        <upperBound>1.0</upperBound>
        <lowerBound>-1.0</lowerBound>
      </updateRule>
      <id>Neuron_1</id>
      <label>Hear Baby!</label>
      <activation>0.0</activation>
      <buffer>0.0</buffer>
      <inputValue>0.0</inputValue>
      <parent reference="../../.."/>
      <generator>false</generator>
      <x>-152.2406806888039</x>
      <y>109.61152499676159</y>
      <z>0.0</z>
      <clamped>false</clamped>
      <targetValue>0.0</targetValue>
      <updatePriority>0</updatePriority>
      <auxValue>0.0</auxValue>
    </org.simbrain.network.core.Neuron>
    <org.simbrain.network.core.Neuron>
      <updateRule class="org.simbrain.network.neuron_update_rules.LinearRule">
        <inputType>WEIGHTED</inputType>
        <increment>0.1</increment>
        <slope>1.0</slope>
        <bias>0.0</bias>
        <noiseGenerator>
          <pdf>UNIFORM</pdf>
          <param1>0.0</param1>
          <param2>1.0</param2>
          <upperBound>1.0</upperBound>
          <lowerBound>0.0</lowerBound>
          <clipping>false</clipping>
        </noiseGenerator>
        <addNoise>false</addNoise>
        <clipping>true</clipping>
        <upperBound>1.0</upperBound>
        <lowerBound>-1.0</lowerBound>
      </updateRule>
      <id>Neuron_2</id>
      <label>Say Mommy!</label>
      <activation>0.0</activation>
      <buffer>0.02706505666245229</buffer>
      <inputValue>0.0</inputValue>
      <parent reference="../../.."/>
      <generator>false</generator>
      <x>107.84766331069817</x>
      <y>195.25273600353322</y>
      <z>0.0</z>
      <clamped>false</clamped>
      <targetValue>0.0</targetValue>
      <updatePriority>0</updatePriority>
      <auxValue>0.0</auxValue>
    </org.simbrain.network.core.Neuron>
    <org.simbrain.network.core.Neuron>
      <updateRule class="org.simbrain.network.neuron_update_rules.LinearRule">
        <inputType>WEIGHTED</inputType>
        <increment>0.1</increment>
        <slope>1.0</slope>
        <bias>0.0</bias>
        <noiseGenerator>
          <pdf>UNIFORM</pdf>
          <param1>0.0</param1>
          <param2>1.0</param2>
          <upperBound>1.0</upperBound>
          <lowerBound>0.0</lowerBound>
          <clipping>false</clipping>
        </noiseGenerator>
        <addNoise>false</addNoise>
        <clipping>true</clipping>
        <upperBound>1.0</upperBound>
        <lowerBound>-1.0</lowerBound>
      </updateRule>
      <id>Neuron_3</id>
      <label>AppSec</label>
      <activation>0.0</activation>
      <buffer>0.026827241095947807</buffer>
      <inputValue>0.0</inputValue>
      <parent reference="../../.."/>
      <generator>false</generator>
      <x>114.31523532611318</x>
      <y>99.78636486272512</y>
      <z>0.0</z>
      <clamped>false</clamped>
      <targetValue>0.0</targetValue>
      <updatePriority>0</updatePriority>
      <auxValue>0.0</auxValue>
    </org.simbrain.network.core.Neuron>
    <org.simbrain.network.core.Neuron>
      <updateRule class="org.simbrain.network.neuron_update_rules.LinearRule">
        <inputType>WEIGHTED</inputType>
        <increment>0.1</increment>
        <slope>1.0</slope>
        <bias>0.0</bias>
        <noiseGenerator>
          <pdf>UNIFORM</pdf>
          <param1>0.0</param1>
          <param2>1.0</param2>
          <upperBound>1.0</upperBound>
          <lowerBound>0.0</lowerBound>
          <clipping>false</clipping>
        </noiseGenerator>
        <addNoise>false</addNoise>
        <clipping>true</clipping>
        <upperBound>1.0</upperBound>
        <lowerBound>-1.0</lowerBound>
      </updateRule>
      <id>Neuron_4</id>
      <label>Security Detector</label>
      <activation>0.0</activation>
      <buffer>0.673408451235861</buffer>
      <inputValue>0.0</inputValue>
      <parent reference="../../.."/>
      <generator>false</generator>
      <x>11.242523183828661</x>
      <y>97.86296178174982</y>
      <z>0.0</z>
      <clamped>false</clamped>
      <targetValue>0.0</targetValue>
      <updatePriority>0</updatePriority>
      <auxValue>0.0</auxValue>
    </org.simbrain.network.core.Neuron>
    <org.simbrain.network.core.Neuron>
      <updateRule class="org.simbrain.network.neuron_update_rules.LinearRule">
        <inputType>WEIGHTED</inputType>
        <increment>0.1</increment>
        <slope>1.0</slope>
        <bias>0.0</bias>
        <noiseGenerator>
          <pdf>UNIFORM</pdf>
          <param1>0.0</param1>
          <param2>1.0</param2>
          <upperBound>1.0</upperBound>
          <lowerBound>0.0</lowerBound>
          <clipping>false</clipping>
        </noiseGenerator>
        <addNoise>false</addNoise>
        <clipping>true</clipping>
        <upperBound>1.0</upperBound>
        <lowerBound>-1.0</lowerBound>
      </updateRule>
      <id>Neuron_5</id>
      <label>Assess Distance</label>
      <activation>0.0</activation>
      <buffer>0.44909470565746995</buffer>
      <inputValue>0.0</inputValue>
      <parent reference="../../.."/>
      <generator>false</generator>
      <x>-91.22613274004785</x>
      <y>155.89914895840465</y>
      <z>0.0</z>
      <clamped>false</clamped>
      <targetValue>0.0</targetValue>
      <updatePriority>0</updatePriority>
      <auxValue>0.0</auxValue>
    </org.simbrain.network.core.Neuron>
    <org.simbrain.network.core.Neuron>
      <updateRule class="org.simbrain.network.neuron_update_rules.LinearRule">
        <inputType>WEIGHTED</inputType>
        <increment>0.1</increment>
        <slope>1.0</slope>
        <bias>0.0</bias>
        <noiseGenerator>
          <pdf>UNIFORM</pdf>
          <param1>0.0</param1>
          <param2>1.0</param2>
          <upperBound>1.0</upperBound>
          <lowerBound>0.0</lowerBound>
          <clipping>false</clipping>
        </noiseGenerator>
        <addNoise>false</addNoise>
        <clipping>true</clipping>
        <upperBound>1.0</upperBound>
        <lowerBound>-1.0</lowerBound>
      </updateRule>
      <id>Neuron_6</id>
      <label>Move to Mother</label>
      <activation>0.0</activation>
      <buffer>0.02706505666245229</buffer>
      <inputValue>0.0</inputValue>
      <parent reference="../../.."/>
      <generator>false</generator>
      <x>22.528032355746596</x>
      <y>172.3181434525393</y>
      <z>0.0</z>
      <clamped>false</clamped>
      <targetValue>0.0</targetValue>
      <updatePriority>0</updatePriority>
      <auxValue>0.0</auxValue>
    </org.simbrain.network.core.Neuron>
    <org.simbrain.network.core.Neuron>
      <updateRule class="org.simbrain.network.neuron_update_rules.LinearRule">
        <inputType>WEIGHTED</inputType>
        <increment>0.1</increment>
        <slope>1.0</slope>
        <bias>0.0</bias>
        <noiseGenerator>
          <pdf>UNIFORM</pdf>
          <param1>0.0</param1>
          <param2>1.0</param2>
          <upperBound>1.0</upperBound>
          <lowerBound>0.0</lowerBound>
          <clipping>false</clipping>
        </noiseGenerator>
        <addNoise>false</addNoise>
        <clipping>true</clipping>
        <upperBound>1.0</upperBound>
        <lowerBound>-1.0</lowerBound>
      </updateRule>
      <id>Neuron_7</id>
      <label>Dependency</label>
      <activation>0.7</activation>
      <buffer>0.0</buffer>
      <inputValue>0.0</inputValue>
      <parent reference="../../.."/>
      <generator>false</generator>
      <x>205.63062365428087</x>
      <y>96.64002317879374</y>
      <z>0.0</z>
      <clamped>true</clamped>
      <targetValue>0.0</targetValue>
      <updatePriority>0</updatePriority>
      <auxValue>0.0</auxValue>
    </org.simbrain.network.core.Neuron>
    <org.simbrain.network.core.Neuron>
      <updateRule class="org.simbrain.network.neuron_update_rules.LinearRule">
        <inputType>WEIGHTED</inputType>
        <increment>0.1</increment>
        <slope>1.0</slope>
        <bias>0.0</bias>
        <noiseGenerator>
          <pdf>UNIFORM</pdf>
          <param1>0.0</param1>
          <param2>1.0</param2>
          <upperBound>1.0</upperBound>
          <lowerBound>0.0</lowerBound>
          <clipping>false</clipping>
        </noiseGenerator>
        <addNoise>false</addNoise>
        <clipping>true</clipping>
        <upperBound>1.0</upperBound>
        <lowerBound>-1.0</lowerBound>
      </updateRule>
      <id>Neuron_8</id>
      <label>Straight</label>
      <activation>0.0</activation>
      <buffer>0.04095743596563256</buffer>
      <inputValue>0.0</inputValue>
      <parent reference="../../.."/>
      <generator>false</generator>
      <x>-88.18366329206293</x>
      <y>231.66660705733716</y>
      <z>0.0</z>
      <clamped>false</clamped>
      <targetValue>0.0</targetValue>
      <updatePriority>0</updatePriority>
      <auxValue>0.0</auxValue>
    </org.simbrain.network.core.Neuron>
    <org.simbrain.network.core.Neuron>
      <updateRule class="org.simbrain.network.neuron_update_rules.LinearRule">
        <inputType>WEIGHTED</inputType>
        <increment>0.1</increment>
        <slope>1.0</slope>
        <bias>0.0</bias>
        <noiseGenerator>
          <pdf>UNIFORM</pdf>
          <param1>0.0</param1>
          <param2>1.0</param2>
          <upperBound>1.0</upperBound>
          <lowerBound>0.0</lowerBound>
          <clipping>false</clipping>
        </noiseGenerator>
        <addNoise>false</addNoise>
        <clipping>true</clipping>
        <upperBound>10.0</upperBound>
        <lowerBound>-1.0</lowerBound>
      </updateRule>
      <id>Neuron_9</id>
      <label>Smell-Right</label>
      <activation>0.0</activation>
      <buffer>0.6136287712306445</buffer>
      <inputValue>0.0</inputValue>
      <parent reference="../../.."/>
      <generator>false</generator>
      <x>-29.35563859501989</x>
      <y>305.1536173141568</y>
      <z>0.0</z>
      <clamped>false</clamped>
      <targetValue>0.0</targetValue>
      <updatePriority>0</updatePriority>
      <auxValue>0.0</auxValue>
    </org.simbrain.network.core.Neuron>
    <org.simbrain.network.core.Neuron>
      <updateRule class="org.simbrain.network.neuron_update_rules.LinearRule">
        <inputType>WEIGHTED</inputType>
        <increment>0.1</increment>
        <slope>1.0</slope>
        <bias>0.0</bias>
        <noiseGenerator>
          <pdf>UNIFORM</pdf>
          <param1>0.0</param1>
          <param2>1.0</param2>
          <upperBound>1.0</upperBound>
          <lowerBound>0.0</lowerBound>
          <clipping>false</clipping>
        </noiseGenerator>
        <addNoise>false</addNoise>
        <clipping>true</clipping>
        <upperBound>10.0</upperBound>
        <lowerBound>-1.0</lowerBound>
      </updateRule>
      <id>Neuron_10</id>
      <label>Smell-Left</label>
      <activation>0.0</activation>
      <buffer>0.6136287305243229</buffer>
      <inputValue>0.0</inputValue>
      <parent reference="../../.."/>
      <generator>false</generator>
      <x>-133.71548131390333</x>
      <y>304.9847969309117</y>
      <z>0.0</z>
      <clamped>false</clamped>
      <targetValue>0.0</targetValue>
      <updatePriority>0</updatePriority>
      <auxValue>0.0</auxValue>
    </org.simbrain.network.core.Neuron>
    <org.simbrain.network.core.Neuron>
      <updateRule class="org.simbrain.network.neuron_update_rules.LinearRule">
        <inputType>WEIGHTED</inputType>
        <increment>0.1</increment>
        <slope>1.0</slope>
        <bias>0.0</bias>
        <noiseGenerator>
          <pdf>UNIFORM</pdf>
          <param1>0.0</param1>
          <param2>1.0</param2>
          <upperBound>1.0</upperBound>
          <lowerBound>0.0</lowerBound>
          <clipping>false</clipping>
        </noiseGenerator>
        <addNoise>false</addNoise>
        <clipping>true</clipping>
        <upperBound>10.0</upperBound>
        <lowerBound>-1.0</lowerBound>
      </updateRule>
      <id>Neuron_11</id>
      <label>Left</label>
      <activation>0.0</activation>
      <buffer>1.8404268894703093</buffer>
      <inputValue>0.0</inputValue>
      <parent reference="../../.."/>
      <generator>false</generator>
      <x>-130.09032440211752</x>
      <y>253.70902192029675</y>
      <z>0.0</z>
      <clamped>false</clamped>
      <targetValue>0.0</targetValue>
      <updatePriority>0</updatePriority>
      <auxValue>0.0</auxValue>
    </org.simbrain.network.core.Neuron>
    <org.simbrain.network.core.Neuron>
      <updateRule class="org.simbrain.network.neuron_update_rules.LinearRule">
        <inputType>WEIGHTED</inputType>
        <increment>0.1</increment>
        <slope>1.0</slope>
        <bias>0.0</bias>
        <noiseGenerator>
          <pdf>UNIFORM</pdf>
          <param1>0.0</param1>
          <param2>1.0</param2>
          <upperBound>1.0</upperBound>
          <lowerBound>0.0</lowerBound>
          <clipping>false</clipping>
        </noiseGenerator>
        <addNoise>false</addNoise>
        <clipping>true</clipping>
        <upperBound>10.0</upperBound>
        <lowerBound>-1.0</lowerBound>
      </updateRule>
      <id>Neuron_12</id>
      <label>Right</label>
      <activation>0.0</activation>
      <buffer>1.8404270329727876</buffer>
      <inputValue>0.0</inputValue>
      <parent reference="../../.."/>
      <generator>false</generator>
      <x>-37.264881846750995</x>
      <y>249.86476953716732</y>
      <z>0.0</z>
      <clamped>false</clamped>
      <targetValue>0.0</targetValue>
      <updatePriority>0</updatePriority>
      <auxValue>0.0</auxValue>
    </org.simbrain.network.core.Neuron>
  </neuronList>
  <synapseList class="linked-hash-set">
    <org.simbrain.network.core.Synapse>
      <parentNetwork reference="../../.."/>
      <source reference="../../../neuronList/org.simbrain.network.core.Neuron"/>
      <target reference="../../../neuronList/org.simbrain.network.core.Neuron[4]"/>
      <learningRule class="org.simbrain.network.synapse_update_rules.StaticSynapseRule">
        <clipped>false</clipped>
      </learningRule>
      <id>Synapse_1</id>
      <strength>1.0</strength>
      <psr>0.0</psr>
      <increment>1.0</increment>
      <upperBound>10.0</upperBound>
      <lowerBound>-10.0</lowerBound>
      <delay>0</delay>
      <enabled>true</enabled>
      <frozen>false</frozen>
    </org.simbrain.network.core.Synapse>
    <org.simbrain.network.core.Synapse>
      <parentNetwork reference="../../.."/>
      <source reference="../../../neuronList/org.simbrain.network.core.Neuron[4]"/>
      <target reference="../../../neuronList/org.simbrain.network.core.Neuron[3]"/>
      <learningRule class="org.simbrain.network.synapse_update_rules.StaticSynapseRule" reference="../../org.simbrain.network.core.Synapse/learningRule"/>
      <id>Synapse_2</id>
      <strength>-1.0</strength>
      <psr>-0.6731727589040521</psr>
      <increment>1.0</increment>
      <upperBound>10.0</upperBound>
      <lowerBound>-10.0</lowerBound>
      <delay>0</delay>
      <enabled>true</enabled>
      <frozen>false</frozen>
    </org.simbrain.network.core.Synapse>
    <org.simbrain.network.core.Synapse>
      <parentNetwork reference="../../.."/>
      <source reference="../../../neuronList/org.simbrain.network.core.Neuron[3]"/>
      <target reference="../../../neuronList/org.simbrain.network.core.Neuron[2]"/>
      <learningRule class="org.simbrain.network.synapse_update_rules.StaticSynapseRule" reference="../../org.simbrain.network.core.Synapse/learningRule"/>
      <id>Synapse_3</id>
      <strength>1.0</strength>
      <psr>0.02706505666245229</psr>
      <increment>1.0</increment>
      <upperBound>10.0</upperBound>
      <lowerBound>-10.0</lowerBound>
      <delay>0</delay>
      <enabled>true</enabled>
      <frozen>false</frozen>
    </org.simbrain.network.core.Synapse>
    <org.simbrain.network.core.Synapse>
      <parentNetwork reference="../../.."/>
      <source reference="../../../neuronList/org.simbrain.network.core.Neuron[5]"/>
      <target reference="../../../neuronList/org.simbrain.network.core.Neuron[4]"/>
      <learningRule class="org.simbrain.network.synapse_update_rules.StaticSynapseRule">
        <clipped>false</clipped>
      </learningRule>
      <id>Synapse_4</id>
      <strength>1.5</strength>
      <psr>0.673408451235861</psr>
      <increment>1.0</increment>
      <upperBound>10.0</upperBound>
      <lowerBound>-10.0</lowerBound>
      <delay>0</delay>
      <enabled>true</enabled>
      <frozen>false</frozen>
    </org.simbrain.network.core.Synapse>
    <org.simbrain.network.core.Synapse>
      <parentNetwork reference="../../.."/>
      <source reference="../../../neuronList/org.simbrain.network.core.Neuron[3]"/>
      <target reference="../../../neuronList/org.simbrain.network.core.Neuron[6]"/>
      <learningRule class="org.simbrain.network.synapse_update_rules.StaticSynapseRule" reference="../../org.simbrain.network.core.Synapse/learningRule"/>
      <id>Synapse_5</id>
      <strength>1.0</strength>
      <psr>0.02706505666245229</psr>
      <increment>1.0</increment>
      <upperBound>10.0</upperBound>
      <lowerBound>-10.0</lowerBound>
      <delay>0</delay>
      <enabled>true</enabled>
      <frozen>false</frozen>
    </org.simbrain.network.core.Synapse>
    <org.simbrain.network.core.Synapse>
      <parentNetwork reference="../../.."/>
      <source reference="../../../neuronList/org.simbrain.network.core.Neuron[7]"/>
      <target reference="../../../neuronList/org.simbrain.network.core.Neuron[3]"/>
      <learningRule class="org.simbrain.network.synapse_update_rules.StaticSynapseRule" reference="../../org.simbrain.network.core.Synapse/learningRule"/>
      <id>Synapse_6</id>
      <strength>1.0</strength>
      <psr>0.7</psr>
      <increment>1.0</increment>
      <upperBound>10.0</upperBound>
      <lowerBound>-10.0</lowerBound>
      <delay>0</delay>
      <enabled>true</enabled>
      <frozen>false</frozen>
    </org.simbrain.network.core.Synapse>
    <org.simbrain.network.core.Synapse>
      <parentNetwork reference="../../.."/>
      <source reference="../../../neuronList/org.simbrain.network.core.Neuron[6]"/>
      <target reference="../../../neuronList/org.simbrain.network.core.Neuron[8]"/>
      <learningRule class="org.simbrain.network.synapse_update_rules.StaticSynapseRule">
        <clipped>false</clipped>
      </learningRule>
      <id>Synapse_7</id>
      <strength>1.5</strength>
      <psr>0.04095743596563256</psr>
      <increment>1.0</increment>
      <upperBound>10.0</upperBound>
      <lowerBound>-10.0</lowerBound>
      <delay>0</delay>
      <enabled>true</enabled>
      <frozen>false</frozen>
    </org.simbrain.network.core.Synapse>
    <org.simbrain.network.core.Synapse>
      <parentNetwork reference="../../.."/>
      <source reference="../../../neuronList/org.simbrain.network.core.Neuron[10]"/>
      <target reference="../../../neuronList/org.simbrain.network.core.Neuron[11]"/>
      <learningRule class="org.simbrain.network.synapse_update_rules.StaticSynapseRule">
        <clipped>false</clipped>
      </learningRule>
      <id>Synapse_10</id>
      <strength>3.0</strength>
      <psr>1.8404268894703093</psr>
      <increment>1.0</increment>
      <upperBound>10.0</upperBound>
      <lowerBound>-10.0</lowerBound>
      <delay>0</delay>
      <enabled>true</enabled>
      <frozen>false</frozen>
    </org.simbrain.network.core.Synapse>
    <org.simbrain.network.core.Synapse>
      <parentNetwork reference="../../.."/>
      <source reference="../../../neuronList/org.simbrain.network.core.Neuron[9]"/>
      <target reference="../../../neuronList/org.simbrain.network.core.Neuron[12]"/>
      <learningRule class="org.simbrain.network.synapse_update_rules.StaticSynapseRule" reference="../../org.simbrain.network.core.Synapse[8]/learningRule"/>
      <id>Synapse_11</id>
      <strength>3.0</strength>
      <psr>1.8404270329727876</psr>
      <increment>1.0</increment>
      <upperBound>10.0</upperBound>
      <lowerBound>-10.0</lowerBound>
      <delay>0</delay>
      <enabled>true</enabled>
      <frozen>false</frozen>
    </org.simbrain.network.core.Synapse>
  </synapseList>
  <groupList/>
  <textList>
    <org.simbrain.network.core.NetworkTextObject>
      <parent reference="../../.."/>
      <x>-163.93613188073616</x>
      <y>5.477138615524501</y>
      <text>Child Network</text>
      <fontName>Helvetica</fontName>
      <fontSize>18</fontSize>
      <italic>false</italic>
      <bold>false</bold>
    </org.simbrain.network.core.NetworkTextObject>
  </textList>
  <updateManager>
    <actionList class="java.util.concurrent.CopyOnWriteArrayList" serialization="custom">
      <java.util.concurrent.CopyOnWriteArrayList>
        <default/>
        <int>1</int>
        <org.simbrain.network.update__actions.BufferedUpdate>
          <network reference="../../../../.."/>
        </org.simbrain.network.update__actions.BufferedUpdate>
      </java.util.concurrent.CopyOnWriteArrayList>
    </actionList>
    <network reference="../.."/>
  </updateManager>
  <time>0.0</time>
  <timeStep>0.1</timeStep>
  <timeType>DISCRETE</timeType>
  <prioritySortedNeuronList>
    <org.simbrain.network.core.Neuron reference="../../neuronList/org.simbrain.network.core.Neuron"/>
    <org.simbrain.network.core.Neuron reference="../../neuronList/org.simbrain.network.core.Neuron[2]"/>
    <org.simbrain.network.core.Neuron reference="../../neuronList/org.simbrain.network.core.Neuron[3]"/>
    <org.simbrain.network.core.Neuron reference="../../neuronList/org.simbrain.network.core.Neuron[4]"/>
    <org.simbrain.network.core.Neuron reference="../../neuronList/org.simbrain.network.core.Neuron[5]"/>
    <org.simbrain.network.core.Neuron reference="../../neuronList/org.simbrain.network.core.Neuron[6]"/>
    <org.simbrain.network.core.Neuron reference="../../neuronList/org.simbrain.network.core.Neuron[7]"/>
    <org.simbrain.network.core.Neuron reference="../../neuronList/org.simbrain.network.core.Neuron[8]"/>
    <org.simbrain.network.core.Neuron reference="../../neuronList/org.simbrain.network.core.Neuron[9]"/>
    <org.simbrain.network.core.Neuron reference="../../neuronList/org.simbrain.network.core.Neuron[10]"/>
    <org.simbrain.network.core.Neuron reference="../../neuronList/org.simbrain.network.core.Neuron[11]"/>
    <org.simbrain.network.core.Neuron reference="../../neuronList/org.simbrain.network.core.Neuron[12]"/>
  </prioritySortedNeuronList>
  <priorityComparator>
    <outer-class reference="../.."/>
  </priorityComparator>
  <neuronIdGenerator>
    <rootName>Neuron</rootName>
    <index>13</index>
  </neuronIdGenerator>
  <synapseIdGenerator>
    <rootName>Synapse</rootName>
    <index>12</index>
  </synapseIdGenerator>
  <groupIdGenerator>
    <rootName>Group</rootName>
    <index>1</index>
  </groupIdGenerator>
</org.simbrain.network.core.Network>