<org.simbrain.network.interfaces.RootNetwork>
  <groupList/>
  <timeType>0</timeType>
  <time>13091.0</time>
  <timeStep>0.01</timeStep>
  <clampWeights>false</clampWeights>
  <clampNeurons>false</clampNeurons>
  <usingTabs>true</usingTabs>
  <updateMethod>BUFFERED</updateMethod>
  <updatePriorities class="tree-set">
    <no-comparator/>
    <int>0</int>
  </updatePriorities>
  <networkIdGenerator>
    <rootName>Network</rootName>
    <index>1</index>
  </networkIdGenerator>
  <neuronIdGenerator>
    <rootName>Neuron</rootName>
    <index>12</index>
  </neuronIdGenerator>
  <synapseIdGenerator>
    <rootName>Synapse</rootName>
    <index>15</index>
  </synapseIdGenerator>
  <rootNetwork reference=".."/>
  <id>Root-network</id>
  <neuronList>
    <org.simbrain.network.neurons.LinearNeuron>
      <slope>1.0</slope>
      <bias>0.0</bias>
      <noiseGenerator>
        <distributionIndex>0</distributionIndex>
        <upperBound>1.0</upperBound>
        <lowerBound>-1.0</lowerBound>
        <mean>0.5</mean>
        <standardDeviation>0.5</standardDeviation>
        <clipping>true</clipping>
        <randomGenerator serialization="custom">
          <java.util.Random>
            <default>
              <seed>17060349009411</seed>
              <nextNextGaussian>0.0</nextNextGaussian>
              <haveNextNextGaussian>false</haveNextNextGaussian>
            </default>
          </java.util.Random>
        </randomGenerator>
      </noiseGenerator>
      <addNoise>false</addNoise>
      <clipping>true</clipping>
      <id>Neuron_1</id>
      <label>Left</label>
      <activation>0.0</activation>
      <lowerBound>0.0</lowerBound>
      <upperBound>100.0</upperBound>
      <increment>0.1</increment>
      <buffer>0.0</buffer>
      <inputValue>0.0</inputValue>
      <parent class="org.simbrain.network.interfaces.RootNetwork" reference="../../.."/>
      <x>92.24531825825223</x>
      <y>181.69631926606772</y>
      <clamped>false</clamped>
      <targetValue>0.0</targetValue>
      <updatePriority>0</updatePriority>
    </org.simbrain.network.neurons.LinearNeuron>
    <org.simbrain.network.neurons.LinearNeuron>
      <slope>1.0</slope>
      <bias>0.0</bias>
      <noiseGenerator>
        <distributionIndex>0</distributionIndex>
        <upperBound>1.0</upperBound>
        <lowerBound>-1.0</lowerBound>
        <mean>0.5</mean>
        <standardDeviation>0.5</standardDeviation>
        <clipping>true</clipping>
        <randomGenerator serialization="custom">
          <java.util.Random>
            <default>
              <seed>17076116701149</seed>
              <nextNextGaussian>0.0</nextNextGaussian>
              <haveNextNextGaussian>false</haveNextNextGaussian>
            </default>
          </java.util.Random>
        </randomGenerator>
      </noiseGenerator>
      <addNoise>false</addNoise>
      <clipping>true</clipping>
      <id>Neuron_3</id>
      <label>Right</label>
      <activation>0.0</activation>
      <lowerBound>0.0</lowerBound>
      <upperBound>100.0</upperBound>
      <increment>0.1</increment>
      <buffer>0.0</buffer>
      <inputValue>0.0</inputValue>
      <parent class="org.simbrain.network.interfaces.RootNetwork" reference="../../.."/>
      <x>207.28100334896942</x>
      <y>181.69631926606772</y>
      <clamped>false</clamped>
      <targetValue>0.0</targetValue>
      <updatePriority>0</updatePriority>
    </org.simbrain.network.neurons.LinearNeuron>
    <org.simbrain.network.neurons.LinearNeuron>
      <slope>1.0</slope>
      <bias>0.0</bias>
      <noiseGenerator>
        <distributionIndex>0</distributionIndex>
        <upperBound>1.0</upperBound>
        <lowerBound>-1.0</lowerBound>
        <mean>0.5</mean>
        <standardDeviation>0.5</standardDeviation>
        <clipping>true</clipping>
        <randomGenerator serialization="custom">
          <java.util.Random>
            <default>
              <seed>17068250140676</seed>
              <nextNextGaussian>0.0</nextNextGaussian>
              <haveNextNextGaussian>false</haveNextNextGaussian>
            </default>
          </java.util.Random>
        </randomGenerator>
      </noiseGenerator>
      <addNoise>false</addNoise>
      <clipping>true</clipping>
      <id>Neuron_4</id>
      <label>Left-1</label>
      <activation>9.650691177896803</activation>
      <lowerBound>-1.0</lowerBound>
      <upperBound>100.0</upperBound>
      <increment>0.1</increment>
      <buffer>9.650691177896803</buffer>
      <inputValue>0.0</inputValue>
      <parent class="org.simbrain.network.interfaces.RootNetwork" reference="../../.."/>
      <x>32.89636025509647</x>
      <y>308.36103161902685</y>
      <clamped>false</clamped>
      <targetValue>0.0</targetValue>
      <updatePriority>0</updatePriority>
    </org.simbrain.network.neurons.LinearNeuron>
    <org.simbrain.network.neurons.LinearNeuron>
      <slope>1.0</slope>
      <bias>0.0</bias>
      <noiseGenerator>
        <distributionIndex>0</distributionIndex>
        <upperBound>1.0</upperBound>
        <lowerBound>-1.0</lowerBound>
        <mean>0.5</mean>
        <standardDeviation>0.5</standardDeviation>
        <clipping>true</clipping>
        <randomGenerator serialization="custom">
          <java.util.Random>
            <default>
              <seed>17069156448719</seed>
              <nextNextGaussian>0.0</nextNextGaussian>
              <haveNextNextGaussian>false</haveNextNextGaussian>
            </default>
          </java.util.Random>
        </randomGenerator>
      </noiseGenerator>
      <addNoise>false</addNoise>
      <clipping>true</clipping>
      <id>Neuron_5</id>
      <label>Right-1</label>
      <activation>9.650691177896803</activation>
      <lowerBound>-1.0</lowerBound>
      <upperBound>100.0</upperBound>
      <increment>0.1</increment>
      <buffer>9.650691177896803</buffer>
      <inputValue>0.0</inputValue>
      <parent class="org.simbrain.network.interfaces.RootNetwork" reference="../../.."/>
      <x>77.36218976403941</x>
      <y>308.36103161902685</y>
      <clamped>false</clamped>
      <targetValue>0.0</targetValue>
      <updatePriority>0</updatePriority>
    </org.simbrain.network.neurons.LinearNeuron>
    <org.simbrain.network.neurons.LinearNeuron>
      <slope>1.0</slope>
      <bias>0.0</bias>
      <noiseGenerator>
        <distributionIndex>0</distributionIndex>
        <upperBound>1.0</upperBound>
        <lowerBound>-1.0</lowerBound>
        <mean>0.5</mean>
        <standardDeviation>0.5</standardDeviation>
        <clipping>true</clipping>
        <randomGenerator serialization="custom">
          <java.util.Random>
            <default>
              <seed>195925102509619</seed>
              <nextNextGaussian>0.0</nextNextGaussian>
              <haveNextNextGaussian>false</haveNextNextGaussian>
            </default>
          </java.util.Random>
        </randomGenerator>
      </noiseGenerator>
      <addNoise>false</addNoise>
      <clipping>true</clipping>
      <id>Neuron_7</id>
      <label>Left-2</label>
      <activation>0.0</activation>
      <lowerBound>-1.0</lowerBound>
      <upperBound>100.0</upperBound>
      <increment>0.1</increment>
      <buffer>0.0</buffer>
      <inputValue>0.0</inputValue>
      <parent class="org.simbrain.network.interfaces.RootNetwork" reference="../../.."/>
      <x>219.09493274061055</x>
      <y>308.36103161902685</y>
      <clamped>false</clamped>
      <targetValue>0.0</targetValue>
      <updatePriority>0</updatePriority>
    </org.simbrain.network.neurons.LinearNeuron>
    <org.simbrain.network.neurons.LinearNeuron>
      <slope>1.0</slope>
      <bias>0.0</bias>
      <noiseGenerator>
        <distributionIndex>0</distributionIndex>
        <upperBound>1.0</upperBound>
        <lowerBound>-1.0</lowerBound>
        <mean>0.5</mean>
        <standardDeviation>0.5</standardDeviation>
        <clipping>true</clipping>
        <randomGenerator serialization="custom">
          <java.util.Random>
            <default>
              <seed>195924986139330</seed>
              <nextNextGaussian>0.0</nextNextGaussian>
              <haveNextNextGaussian>false</haveNextNextGaussian>
            </default>
          </java.util.Random>
        </randomGenerator>
      </noiseGenerator>
      <addNoise>false</addNoise>
      <clipping>true</clipping>
      <id>Neuron_8</id>
      <label>Right-2</label>
      <activation>0.0</activation>
      <lowerBound>-1.0</lowerBound>
      <upperBound>100.0</upperBound>
      <increment>0.1</increment>
      <buffer>0.0</buffer>
      <inputValue>0.0</inputValue>
      <parent class="org.simbrain.network.interfaces.RootNetwork" reference="../../.."/>
      <x>262.23860296391825</x>
      <y>308.36103161902685</y>
      <clamped>false</clamped>
      <targetValue>0.0</targetValue>
      <updatePriority>0</updatePriority>
    </org.simbrain.network.neurons.LinearNeuron>
    <org.simbrain.network.neurons.BinaryNeuron>
      <threshold>30.0</threshold>
      <bias>0.0</bias>
      <id>Neuron_10</id>
      <label></label>
      <activation>0.0</activation>
      <lowerBound>0.0</lowerBound>
      <upperBound>1.0</upperBound>
      <increment>0.1</increment>
      <buffer>0.0</buffer>
      <inputValue>0.0</inputValue>
      <parent class="org.simbrain.network.interfaces.RootNetwork" reference="../../.."/>
      <x>150.80563569474364</x>
      <y>272.4440463490124</y>
      <clamped>false</clamped>
      <targetValue>0.0</targetValue>
      <updatePriority>0</updatePriority>
    </org.simbrain.network.neurons.BinaryNeuron>
    <org.simbrain.network.neurons.LinearNeuron>
      <slope>1.0</slope>
      <bias>1.0</bias>
      <noiseGenerator>
        <distributionIndex>0</distributionIndex>
        <upperBound>1.0</upperBound>
        <lowerBound>-1.0</lowerBound>
        <mean>0.5</mean>
        <standardDeviation>0.5</standardDeviation>
        <clipping>true</clipping>
        <randomGenerator serialization="custom">
          <java.util.Random>
            <default>
              <seed>196472278146838</seed>
              <nextNextGaussian>0.0</nextNextGaussian>
              <haveNextNextGaussian>false</haveNextNextGaussian>
            </default>
          </java.util.Random>
        </randomGenerator>
      </noiseGenerator>
      <addNoise>false</addNoise>
      <clipping>true</clipping>
      <id>Neuron_11</id>
      <label>Straight</label>
      <activation>1.0</activation>
      <lowerBound>-10.0</lowerBound>
      <upperBound>10.0</upperBound>
      <increment>1.0</increment>
      <buffer>1.0</buffer>
      <inputValue>0.0</inputValue>
      <parent class="org.simbrain.network.interfaces.RootNetwork" reference="../../.."/>
      <x>152.07328435312405</x>
      <y>180.9213074703986</y>
      <clamped>false</clamped>
      <targetValue>0.0</targetValue>
      <updatePriority>0</updatePriority>
    </org.simbrain.network.neurons.LinearNeuron>
  </neuronList>
  <synapseList>
    <org.simbrain.network.synapses.ClampedSynapse>
      <clipped>false</clipped>
      <source class="org.simbrain.network.neurons.LinearNeuron" reference="../../../neuronList/org.simbrain.network.neurons.LinearNeuron[3]"/>
      <target class="org.simbrain.network.neurons.LinearNeuron" reference="../../../neuronList/org.simbrain.network.neurons.LinearNeuron"/>
      <id>Synapse_1</id>
      <parentNetwork class="org.simbrain.network.interfaces.RootNetwork" reference="../../.."/>
      <strength>1.0</strength>
      <increment>1.0</increment>
      <upperBound>10.0</upperBound>
      <lowerBound>-10.0</lowerBound>
      <delay>0</delay>
      <sendWeightedInput>true</sendWeightedInput>
    </org.simbrain.network.synapses.ClampedSynapse>
    <org.simbrain.network.synapses.ClampedSynapse>
      <clipped>false</clipped>
      <source class="org.simbrain.network.neurons.LinearNeuron" reference="../../../neuronList/org.simbrain.network.neurons.LinearNeuron[3]"/>
      <target class="org.simbrain.network.neurons.LinearNeuron" reference="../../../neuronList/org.simbrain.network.neurons.LinearNeuron[2]"/>
      <id>Synapse_2</id>
      <parentNetwork class="org.simbrain.network.interfaces.RootNetwork" reference="../../.."/>
      <strength>-1.0</strength>
      <increment>1.0</increment>
      <upperBound>10.0</upperBound>
      <lowerBound>-10.0</lowerBound>
      <delay>0</delay>
      <sendWeightedInput>true</sendWeightedInput>
    </org.simbrain.network.synapses.ClampedSynapse>
    <org.simbrain.network.synapses.ClampedSynapse>
      <clipped>false</clipped>
      <source class="org.simbrain.network.neurons.LinearNeuron" reference="../../../neuronList/org.simbrain.network.neurons.LinearNeuron[4]"/>
      <target class="org.simbrain.network.neurons.LinearNeuron" reference="../../../neuronList/org.simbrain.network.neurons.LinearNeuron"/>
      <id>Synapse_3</id>
      <parentNetwork class="org.simbrain.network.interfaces.RootNetwork" reference="../../.."/>
      <strength>-1.0</strength>
      <increment>1.0</increment>
      <upperBound>10.0</upperBound>
      <lowerBound>-10.0</lowerBound>
      <delay>0</delay>
      <sendWeightedInput>true</sendWeightedInput>
    </org.simbrain.network.synapses.ClampedSynapse>
    <org.simbrain.network.synapses.ClampedSynapse>
      <clipped>false</clipped>
      <source class="org.simbrain.network.neurons.LinearNeuron" reference="../../../neuronList/org.simbrain.network.neurons.LinearNeuron[4]"/>
      <target class="org.simbrain.network.neurons.LinearNeuron" reference="../../../neuronList/org.simbrain.network.neurons.LinearNeuron[2]"/>
      <id>Synapse_5</id>
      <parentNetwork class="org.simbrain.network.interfaces.RootNetwork" reference="../../.."/>
      <strength>1.0</strength>
      <increment>1.0</increment>
      <upperBound>10.0</upperBound>
      <lowerBound>-10.0</lowerBound>
      <delay>0</delay>
      <sendWeightedInput>true</sendWeightedInput>
    </org.simbrain.network.synapses.ClampedSynapse>
    <org.simbrain.network.synapses.ClampedSynapse>
      <clipped>false</clipped>
      <source class="org.simbrain.network.neurons.LinearNeuron" reference="../../../neuronList/org.simbrain.network.neurons.LinearNeuron[5]"/>
      <target class="org.simbrain.network.neurons.LinearNeuron" reference="../../../neuronList/org.simbrain.network.neurons.LinearNeuron"/>
      <id>Synapse_6</id>
      <parentNetwork class="org.simbrain.network.interfaces.RootNetwork" reference="../../.."/>
      <strength>1.0</strength>
      <increment>1.0</increment>
      <upperBound>10.0</upperBound>
      <lowerBound>-10.0</lowerBound>
      <delay>0</delay>
      <sendWeightedInput>true</sendWeightedInput>
    </org.simbrain.network.synapses.ClampedSynapse>
    <org.simbrain.network.synapses.ClampedSynapse>
      <clipped>false</clipped>
      <source class="org.simbrain.network.neurons.LinearNeuron" reference="../../../neuronList/org.simbrain.network.neurons.LinearNeuron[6]"/>
      <target class="org.simbrain.network.neurons.LinearNeuron" reference="../../../neuronList/org.simbrain.network.neurons.LinearNeuron[2]"/>
      <id>Synapse_7</id>
      <parentNetwork class="org.simbrain.network.interfaces.RootNetwork" reference="../../.."/>
      <strength>1.0</strength>
      <increment>1.0</increment>
      <upperBound>10.0</upperBound>
      <lowerBound>-10.0</lowerBound>
      <delay>0</delay>
      <sendWeightedInput>true</sendWeightedInput>
    </org.simbrain.network.synapses.ClampedSynapse>
    <org.simbrain.network.synapses.ClampedSynapse>
      <clipped>false</clipped>
      <source class="org.simbrain.network.neurons.LinearNeuron" reference="../../../neuronList/org.simbrain.network.neurons.LinearNeuron[5]"/>
      <target class="org.simbrain.network.neurons.LinearNeuron" reference="../../../neuronList/org.simbrain.network.neurons.LinearNeuron[2]"/>
      <id>Synapse_8</id>
      <parentNetwork class="org.simbrain.network.interfaces.RootNetwork" reference="../../.."/>
      <strength>-1.0</strength>
      <increment>1.0</increment>
      <upperBound>10.0</upperBound>
      <lowerBound>-10.0</lowerBound>
      <delay>0</delay>
      <sendWeightedInput>true</sendWeightedInput>
    </org.simbrain.network.synapses.ClampedSynapse>
    <org.simbrain.network.synapses.ClampedSynapse>
      <clipped>false</clipped>
      <source class="org.simbrain.network.neurons.LinearNeuron" reference="../../../neuronList/org.simbrain.network.neurons.LinearNeuron[6]"/>
      <target class="org.simbrain.network.neurons.LinearNeuron" reference="../../../neuronList/org.simbrain.network.neurons.LinearNeuron"/>
      <id>Synapse_9</id>
      <parentNetwork class="org.simbrain.network.interfaces.RootNetwork" reference="../../.."/>
      <strength>-1.0</strength>
      <increment>1.0</increment>
      <upperBound>10.0</upperBound>
      <lowerBound>-10.0</lowerBound>
      <delay>0</delay>
      <sendWeightedInput>true</sendWeightedInput>
    </org.simbrain.network.synapses.ClampedSynapse>
    <org.simbrain.network.synapses.ClampedSynapse>
      <clipped>false</clipped>
      <source class="org.simbrain.network.neurons.BinaryNeuron" reference="../../../neuronList/org.simbrain.network.neurons.BinaryNeuron"/>
      <target class="org.simbrain.network.neurons.LinearNeuron" reference="../../../neuronList/org.simbrain.network.neurons.LinearNeuron[7]"/>
      <id>Synapse_10</id>
      <parentNetwork class="org.simbrain.network.interfaces.RootNetwork" reference="../../.."/>
      <strength>-1.0</strength>
      <increment>1.0</increment>
      <upperBound>10.0</upperBound>
      <lowerBound>-10.0</lowerBound>
      <delay>0</delay>
      <sendWeightedInput>true</sendWeightedInput>
    </org.simbrain.network.synapses.ClampedSynapse>
    <org.simbrain.network.synapses.ClampedSynapse>
      <clipped>false</clipped>
      <source class="org.simbrain.network.neurons.LinearNeuron" reference="../../../neuronList/org.simbrain.network.neurons.LinearNeuron[4]"/>
      <target class="org.simbrain.network.neurons.BinaryNeuron" reference="../../../neuronList/org.simbrain.network.neurons.BinaryNeuron"/>
      <id>Synapse_11</id>
      <parentNetwork class="org.simbrain.network.interfaces.RootNetwork" reference="../../.."/>
      <strength>1.0</strength>
      <increment>1.0</increment>
      <upperBound>10.0</upperBound>
      <lowerBound>-10.0</lowerBound>
      <delay>0</delay>
      <sendWeightedInput>true</sendWeightedInput>
    </org.simbrain.network.synapses.ClampedSynapse>
    <org.simbrain.network.synapses.ClampedSynapse>
      <clipped>false</clipped>
      <source class="org.simbrain.network.neurons.LinearNeuron" reference="../../../neuronList/org.simbrain.network.neurons.LinearNeuron[3]"/>
      <target class="org.simbrain.network.neurons.BinaryNeuron" reference="../../../neuronList/org.simbrain.network.neurons.BinaryNeuron"/>
      <id>Synapse_12</id>
      <parentNetwork class="org.simbrain.network.interfaces.RootNetwork" reference="../../.."/>
      <strength>1.0</strength>
      <increment>1.0</increment>
      <upperBound>10.0</upperBound>
      <lowerBound>-10.0</lowerBound>
      <delay>0</delay>
      <sendWeightedInput>true</sendWeightedInput>
    </org.simbrain.network.synapses.ClampedSynapse>
    <org.simbrain.network.synapses.ClampedSynapse>
      <clipped>false</clipped>
      <source class="org.simbrain.network.neurons.LinearNeuron" reference="../../../neuronList/org.simbrain.network.neurons.LinearNeuron[5]"/>
      <target class="org.simbrain.network.neurons.BinaryNeuron" reference="../../../neuronList/org.simbrain.network.neurons.BinaryNeuron"/>
      <id>Synapse_13</id>
      <parentNetwork class="org.simbrain.network.interfaces.RootNetwork" reference="../../.."/>
      <strength>1.0</strength>
      <increment>1.0</increment>
      <upperBound>10.0</upperBound>
      <lowerBound>-10.0</lowerBound>
      <delay>0</delay>
      <sendWeightedInput>true</sendWeightedInput>
    </org.simbrain.network.synapses.ClampedSynapse>
    <org.simbrain.network.synapses.ClampedSynapse>
      <clipped>false</clipped>
      <source class="org.simbrain.network.neurons.LinearNeuron" reference="../../../neuronList/org.simbrain.network.neurons.LinearNeuron[6]"/>
      <target class="org.simbrain.network.neurons.BinaryNeuron" reference="../../../neuronList/org.simbrain.network.neurons.BinaryNeuron"/>
      <id>Synapse_14</id>
      <parentNetwork class="org.simbrain.network.interfaces.RootNetwork" reference="../../.."/>
      <strength>1.0</strength>
      <increment>1.0</increment>
      <upperBound>10.0</upperBound>
      <lowerBound>-10.0</lowerBound>
      <delay>0</delay>
      <sendWeightedInput>true</sendWeightedInput>
    </org.simbrain.network.synapses.ClampedSynapse>
  </synapseList>
  <networkList/>
  <timeStep defined-in="org.simbrain.network.interfaces.Network">0.2</timeStep>
  <roundOffActivationValues>false</roundOffActivationValues>
  <precision>0</precision>
  <updatePriority>0</updatePriority>
</org.simbrain.network.interfaces.RootNetwork>