<org.simbrain.world.odorworld.OdorWorld>
  <entityList>
    <org.simbrain.world.odorworld.entities.RotatingEntity>
      <imageMap>
        <no-comparator/>
        <entry>
          <double>7.5</double>
          <org.simbrain.world.odorworld.entities.Animation>
            <imageNames>
              <string>Mouse_0.gif</string>
            </imageNames>
            <animTime>0</animTime>
            <totalDuration>39321600</totalDuration>
          </org.simbrain.world.odorworld.entities.Animation>
        </entry>
        <entry>
          <double>22.5</double>
          <org.simbrain.world.odorworld.entities.Animation>
            <imageNames>
              <string>Mouse_15.gif</string>
            </imageNames>
            <animTime>0</animTime>
            <totalDuration>39321600</totalDuration>
          </org.simbrain.world.odorworld.entities.Animation>
        </entry>
        <entry>
          <double>37.5</double>
          <org.simbrain.world.odorworld.entities.Animation>
            <imageNames>
              <string>Mouse_30.gif</string>
            </imageNames>
            <animTime>0</animTime>
            <totalDuration>39321600</totalDuration>
          </org.simbrain.world.odorworld.entities.Animation>
        </entry>
        <entry>
          <double>52.5</double>
          <org.simbrain.world.odorworld.entities.Animation>
            <imageNames>
              <string>Mouse_45.gif</string>
            </imageNames>
            <animTime>0</animTime>
            <totalDuration>39321600</totalDuration>
          </org.simbrain.world.odorworld.entities.Animation>
        </entry>
        <entry>
          <double>67.5</double>
          <org.simbrain.world.odorworld.entities.Animation>
            <imageNames>
              <string>Mouse_60.gif</string>
            </imageNames>
            <animTime>0</animTime>
            <totalDuration>39321600</totalDuration>
          </org.simbrain.world.odorworld.entities.Animation>
        </entry>
        <entry>
          <double>82.5</double>
          <org.simbrain.world.odorworld.entities.Animation>
            <imageNames>
              <string>Mouse_75.gif</string>
            </imageNames>
            <animTime>3793</animTime>
            <totalDuration>5033164800</totalDuration>
          </org.simbrain.world.odorworld.entities.Animation>
        </entry>
        <entry>
          <double>97.5</double>
          <org.simbrain.world.odorworld.entities.Animation>
            <imageNames>
              <string>Mouse_90.gif</string>
            </imageNames>
            <animTime>0</animTime>
            <totalDuration>39321600</totalDuration>
          </org.simbrain.world.odorworld.entities.Animation>
        </entry>
        <entry>
          <double>112.5</double>
          <org.simbrain.world.odorworld.entities.Animation>
            <imageNames>
              <string>Mouse_105.gif</string>
            </imageNames>
            <animTime>0</animTime>
            <totalDuration>39321600</totalDuration>
          </org.simbrain.world.odorworld.entities.Animation>
        </entry>
        <entry>
          <double>127.5</double>
          <org.simbrain.world.odorworld.entities.Animation>
            <imageNames>
              <string>Mouse_120.gif</string>
            </imageNames>
            <animTime>0</animTime>
            <totalDuration>39321600</totalDuration>
          </org.simbrain.world.odorworld.entities.Animation>
        </entry>
        <entry>
          <double>142.5</double>
          <org.simbrain.world.odorworld.entities.Animation>
            <imageNames>
              <string>Mouse_135.gif</string>
            </imageNames>
            <animTime>2321</animTime>
            <totalDuration>629145600</totalDuration>
          </org.simbrain.world.odorworld.entities.Animation>
        </entry>
        <entry>
          <double>157.5</double>
          <org.simbrain.world.odorworld.entities.Animation>
            <imageNames>
              <string>Mouse_150.gif</string>
            </imageNames>
            <animTime>0</animTime>
            <totalDuration>39321600</totalDuration>
          </org.simbrain.world.odorworld.entities.Animation>
        </entry>
        <entry>
          <double>172.5</double>
          <org.simbrain.world.odorworld.entities.Animation>
            <imageNames>
              <string>Mouse_165.gif</string>
            </imageNames>
            <animTime>0</animTime>
            <totalDuration>39321600</totalDuration>
          </org.simbrain.world.odorworld.entities.Animation>
        </entry>
        <entry>
          <double>187.5</double>
          <org.simbrain.world.odorworld.entities.Animation>
            <imageNames>
              <string>Mouse_180.gif</string>
            </imageNames>
            <animTime>0</animTime>
            <totalDuration>39321600</totalDuration>
          </org.simbrain.world.odorworld.entities.Animation>
        </entry>
        <entry>
          <double>202.5</double>
          <org.simbrain.world.odorworld.entities.Animation>
            <imageNames>
              <string>Mouse_195.gif</string>
            </imageNames>
            <animTime>0</animTime>
            <totalDuration>39321600</totalDuration>
          </org.simbrain.world.odorworld.entities.Animation>
        </entry>
        <entry>
          <double>217.5</double>
          <org.simbrain.world.odorworld.entities.Animation>
            <imageNames>
              <string>Mouse_210.gif</string>
            </imageNames>
            <animTime>308</animTime>
            <totalDuration>52428800</totalDuration>
          </org.simbrain.world.odorworld.entities.Animation>
        </entry>
        <entry>
          <double>232.5</double>
          <org.simbrain.world.odorworld.entities.Animation>
            <imageNames>
              <string>Mouse_225.gif</string>
            </imageNames>
            <animTime>851</animTime>
            <totalDuration>314572800</totalDuration>
          </org.simbrain.world.odorworld.entities.Animation>
        </entry>
        <entry>
          <double>247.5</double>
          <org.simbrain.world.odorworld.entities.Animation>
            <imageNames>
              <string>Mouse_240.gif</string>
            </imageNames>
            <animTime>66</animTime>
            <totalDuration>52428800</totalDuration>
          </org.simbrain.world.odorworld.entities.Animation>
        </entry>
        <entry>
          <double>262.5</double>
          <org.simbrain.world.odorworld.entities.Animation>
            <imageNames>
              <string>Mouse_255.gif</string>
            </imageNames>
            <animTime>0</animTime>
            <totalDuration>39321600</totalDuration>
          </org.simbrain.world.odorworld.entities.Animation>
        </entry>
        <entry>
          <double>277.5</double>
          <org.simbrain.world.odorworld.entities.Animation>
            <imageNames>
              <string>Mouse_270.gif</string>
            </imageNames>
            <animTime>0</animTime>
            <totalDuration>39321600</totalDuration>
          </org.simbrain.world.odorworld.entities.Animation>
        </entry>
        <entry>
          <double>292.5</double>
          <org.simbrain.world.odorworld.entities.Animation>
            <imageNames>
              <string>Mouse_285.gif</string>
            </imageNames>
            <animTime>0</animTime>
            <totalDuration>39321600</totalDuration>
          </org.simbrain.world.odorworld.entities.Animation>
        </entry>
        <entry>
          <double>307.5</double>
          <org.simbrain.world.odorworld.entities.Animation>
            <imageNames>
              <string>Mouse_300.gif</string>
            </imageNames>
            <animTime>38</animTime>
            <totalDuration>314572800</totalDuration>
          </org.simbrain.world.odorworld.entities.Animation>
        </entry>
        <entry>
          <double>322.5</double>
          <org.simbrain.world.odorworld.entities.Animation>
            <imageNames>
              <string>Mouse_315.gif</string>
            </imageNames>
            <animTime>0</animTime>
            <totalDuration>39321600</totalDuration>
          </org.simbrain.world.odorworld.entities.Animation>
        </entry>
        <entry>
          <double>337.5</double>
          <org.simbrain.world.odorworld.entities.Animation>
            <imageNames>
              <string>Mouse_330.gif</string>
            </imageNames>
            <animTime>0</animTime>
            <totalDuration>39321600</totalDuration>
          </org.simbrain.world.odorworld.entities.Animation>
        </entry>
        <entry>
          <double>352.5</double>
          <org.simbrain.world.odorworld.entities.Animation>
            <imageNames>
              <string>Mouse_345.gif</string>
            </imageNames>
            <animTime>0</animTime>
            <totalDuration>39321600</totalDuration>
          </org.simbrain.world.odorworld.entities.Animation>
        </entry>
      </imageMap>
      <heading>78.26604965645504</heading>
      <manualMotionTurnIncrement>4.0</manualMotionTurnIncrement>
      <manualStraightMovementIncrement>4.0</manualStraightMovementIncrement>
      <animation reference="../imageMap/entry[6]/org.simbrain.world.odorworld.entities.Animation"/>
      <name>RotatingEntity-1</name>
      <x>170.0</x>
      <y>144.0</y>
      <dx>0.05</dx>
      <dy>0.05</dy>
      <parentWorld reference="../../.."/>
      <sensors>
        <org.simbrain.world.odorworld.sensors.SmellSensor>
          <DEFAULT__RADIUS>23.0</DEFAULT__RADIUS>
          <theta>0.39269908169872414</theta>
          <radius>50.0</radius>
          <parent class="org.simbrain.world.odorworld.entities.RotatingEntity" reference="../../.."/>
          <currentValue>
            <double>9.650691177896803</double>
            <double>0.0</double>
            <double>0.0</double>
            <double>0.0</double>
            <double>0.0</double>
            <double>0.0</double>
            <double>0.0</double>
            <double>0.0</double>
          </currentValue>
          <name>Left</name>
        </org.simbrain.world.odorworld.sensors.SmellSensor>
        <org.simbrain.world.odorworld.sensors.SmellSensor>
          <DEFAULT__RADIUS>23.0</DEFAULT__RADIUS>
          <theta>-0.39269908169872414</theta>
          <radius>50.0</radius>
          <parent class="org.simbrain.world.odorworld.entities.RotatingEntity" reference="../../.."/>
          <currentValue>
            <double>9.650691177896803</double>
            <double>0.0</double>
            <double>0.0</double>
            <double>0.0</double>
            <double>0.0</double>
            <double>0.0</double>
            <double>0.0</double>
            <double>0.0</double>
          </currentValue>
          <name>Right</name>
        </org.simbrain.world.odorworld.sensors.SmellSensor>
      </sensors>
      <effectors>
        <org.simbrain.world.odorworld.effectors.RotationEffector>
          <parentObject reference="../../.."/>
          <turnAmount>0.0</turnAmount>
          <scaleFactor>1.0</scaleFactor>
        </org.simbrain.world.odorworld.effectors.RotationEffector>
        <org.simbrain.world.odorworld.effectors.StraightMovementEffector>
          <movementAmount>10.0</movementAmount>
          <scaleFactor>0.1</scaleFactor>
          <parentObject reference="../../.."/>
          <currentValue>1.0</currentValue>
        </org.simbrain.world.odorworld.effectors.StraightMovementEffector>
        <org.simbrain.world.odorworld.effectors.RotationEffector>
          <parentObject reference="../../.."/>
          <turnAmount>0.0</turnAmount>
          <scaleFactor>1.0</scaleFactor>
        </org.simbrain.world.odorworld.effectors.RotationEffector>
        <org.simbrain.world.odorworld.effectors.StraightMovementEffector>
          <movementAmount>10.0</movementAmount>
          <scaleFactor>0.1</scaleFactor>
          <parentObject reference="../../.."/>
          <currentValue>0.0</currentValue>
        </org.simbrain.world.odorworld.effectors.StraightMovementEffector>
        <org.simbrain.world.odorworld.effectors.RotationEffector>
          <parentObject reference="../../.."/>
          <turnAmount>0.0</turnAmount>
          <scaleFactor>1.0</scaleFactor>
        </org.simbrain.world.odorworld.effectors.RotationEffector>
        <org.simbrain.world.odorworld.effectors.StraightMovementEffector>
          <movementAmount>10.0</movementAmount>
          <scaleFactor>0.1</scaleFactor>
          <parentObject reference="../../.."/>
          <currentValue>0.0</currentValue>
        </org.simbrain.world.odorworld.effectors.StraightMovementEffector>
        <org.simbrain.world.odorworld.effectors.RotationEffector>
          <parentObject reference="../../.."/>
          <turnAmount>0.0</turnAmount>
          <scaleFactor>1.0</scaleFactor>
        </org.simbrain.world.odorworld.effectors.RotationEffector>
        <org.simbrain.world.odorworld.effectors.StraightMovementEffector>
          <movementAmount>10.0</movementAmount>
          <scaleFactor>0.1</scaleFactor>
          <parentObject reference="../../.."/>
          <currentValue>0.0</currentValue>
        </org.simbrain.world.odorworld.effectors.StraightMovementEffector>
      </effectors>
      <behavior class="org.simbrain.world.odorworld.behaviors.StationaryBehavior"/>
      <collision>true</collision>
      <sensorsEnabled>true</sensorsEnabled>
      <effectorsEnabled>true</effectorsEnabled>
      <showSensors>true</showSensors>
    </org.simbrain.world.odorworld.entities.RotatingEntity>
    <org.simbrain.world.odorworld.entities.BasicEntity>
      <images>
        <string>.DS_Store</string>
        <string>Bell.gif</string>
        <string>Bluecheese.gif</string>
        <string>Candle.png</string>
        <string>Fish.gif</string>
        <string>Flax.gif</string>
        <string>Flower.gif</string>
        <string>Gouda.gif</string>
        <string>Pansy.gif</string>
        <string>PinkFlower.gif</string>
        <string>Poison.gif</string>
        <string>Swiss.gif</string>
        <string>Tulip.gif</string>
        <string>.DS_Store</string>
        <string>.svn</string>
        <string>Bell.gif</string>
        <string>Bluecheese.gif</string>
        <string>Candle.png</string>
        <string>Fish.gif</string>
        <string>Flax.gif</string>
        <string>Flower.gif</string>
        <string>Gouda.gif</string>
        <string>Pansy.gif</string>
        <string>PinkFlower.gif</string>
        <string>Poison.gif</string>
        <string>Swiss.gif</string>
        <string>Tulip.gif</string>
        <string>.DS_Store</string>
        <string>.svn</string>
        <string>Bell.gif</string>
        <string>Bluecheese.gif</string>
        <string>Candle.png</string>
        <string>Fish.gif</string>
        <string>Flax.gif</string>
        <string>Flower.gif</string>
        <string>Gouda.gif</string>
        <string>Pansy.gif</string>
        <string>PinkFlower.gif</string>
        <string>Poison.gif</string>
        <string>Swiss.gif</string>
        <string>Tulip.gif</string>
        <string>.DS_Store</string>
        <string>.svn</string>
        <string>Bell.gif</string>
        <string>Bluecheese.gif</string>
        <string>Candle.png</string>
        <string>Fish.gif</string>
        <string>Flax.gif</string>
        <string>Flower.gif</string>
        <string>Gouda.gif</string>
        <string>Pansy.gif</string>
        <string>PinkFlower.gif</string>
        <string>Poison.gif</string>
        <string>Swiss.gif</string>
        <string>Tulip.gif</string>
      </images>
      <currentImage>Swiss.gif</currentImage>
      <animation>
        <imageNames>
          <string>Swiss.gif</string>
        </imageNames>
        <animTime>0</animTime>
        <totalDuration>20480</totalDuration>
      </animation>
      <name>BasicEntity-2</name>
      <x>276.0</x>
      <y>41.0</y>
      <dx>0.05</dx>
      <dy>0.05</dy>
      <parentWorld reference="../../.."/>
      <sensors/>
      <effectors/>
      <behavior class="org.simbrain.world.odorworld.behaviors.StationaryBehavior"/>
      <smellSource>
        <stimulusVector>
          <double>10.0</double>
          <double>0.0</double>
          <double>0.0</double>
          <double>0.0</double>
          <double>0.0</double>
          <double>0.0</double>
        </stimulusVector>
        <location>
          <double>124.0</double>
          <double>173.0</double>
        </location>
        <decayFunction>GAUSSIAN</decayFunction>
        <stimulusDispersion>150.0</stimulusDispersion>
        <peak>0.0</peak>
        <addNoise>false</addNoise>
        <initNoise>0.3</initNoise>
        <noiseLevel>0.3</noiseLevel>
      </smellSource>
      <collision>false</collision>
      <sensorsEnabled>true</sensorsEnabled>
      <effectorsEnabled>true</effectorsEnabled>
      <showSensors>false</showSensors>
    </org.simbrain.world.odorworld.entities.BasicEntity>
    <org.simbrain.world.odorworld.entities.BasicEntity>
      <images>
        <string>.DS_Store</string>
        <string>.svn</string>
        <string>Bell.gif</string>
        <string>Bluecheese.gif</string>
        <string>Candle.png</string>
        <string>Fish.gif</string>
        <string>Flax.gif</string>
        <string>Flower.gif</string>
        <string>Gouda.gif</string>
        <string>Pansy.gif</string>
        <string>PinkFlower.gif</string>
        <string>Poison.gif</string>
        <string>Swiss.gif</string>
        <string>Tulip.gif</string>
        <string>.DS_Store</string>
        <string>.svn</string>
        <string>Bell.gif</string>
        <string>Bluecheese.gif</string>
        <string>Candle.png</string>
        <string>Fish.gif</string>
        <string>Flax.gif</string>
        <string>Flower.gif</string>
        <string>Gouda.gif</string>
        <string>Pansy.gif</string>
        <string>PinkFlower.gif</string>
        <string>Poison.gif</string>
        <string>Swiss.gif</string>
        <string>Tulip.gif</string>
      </images>
      <currentImage>Fish.gif</currentImage>
      <animation>
        <imageNames>
          <string>Fish.gif</string>
        </imageNames>
        <animTime>0</animTime>
        <totalDuration>640</totalDuration>
      </animation>
      <name>BasicEntity-3</name>
      <x>69.0</x>
      <y>247.0</y>
      <dx>0.05</dx>
      <dy>0.05</dy>
      <parentWorld reference="../../.."/>
      <sensors/>
      <effectors/>
      <behavior class="org.simbrain.world.odorworld.behaviors.StationaryBehavior"/>
      <smellSource>
        <stimulusVector>
          <double>0.0</double>
          <double>10.0</double>
          <double>0.0</double>
          <double>0.0</double>
          <double>0.0</double>
          <double>0.0</double>
        </stimulusVector>
        <location>
          <double>235.0</double>
          <double>96.0</double>
        </location>
        <decayFunction reference="../../../org.simbrain.world.odorworld.entities.BasicEntity/smellSource/decayFunction"/>
        <stimulusDispersion>150.0</stimulusDispersion>
        <peak>0.0</peak>
        <addNoise>false</addNoise>
        <initNoise>0.3</initNoise>
        <noiseLevel>0.3</noiseLevel>
      </smellSource>
      <collision>false</collision>
      <sensorsEnabled>true</sensorsEnabled>
      <effectorsEnabled>true</effectorsEnabled>
      <showSensors>false</showSensors>
    </org.simbrain.world.odorworld.entities.BasicEntity>
  </entityList>
  <pointCache>
    <x>0</x>
    <y>0</y>
  </pointCache>
  <renderer/>
  <totalSmellVectorLength>0.0</totalSmellVectorLength>
  <wrapAround>true</wrapAround>
  <objectsBlockMovement>true</objectsBlockMovement>
  <height>344</height>
  <width>361</width>
</org.simbrain.world.odorworld.OdorWorld>