<org.simbrain.world.odorworld.OdorWorld>
  <entityList class="java.util.concurrent.CopyOnWriteArrayList" serialization="custom">
    <java.util.concurrent.CopyOnWriteArrayList>
      <default/>
      <int>5</int>
      <org.simbrain.world.odorworld.entities.RotatingEntity>
        <animation>
          <imageNames>
            <string>rotating/mouse/Mouse_165.gif</string>
          </imageNames>
          <animTime>0</animTime>
          <totalDuration>2</totalDuration>
          <frameDuration>1</frameDuration>
        </animation>
        <name>Agent_1</name>
        <id>Entity_1</id>
        <x>265.0</x>
        <y>130.0</y>
        <dx>0.0</dx>
        <dy>0.0</dy>
        <parentWorld reference="../../../.."/>
        <sensors>
          <org.simbrain.world.odorworld.sensors.SmellSensor>
            <parent class="org.simbrain.world.odorworld.entities.RotatingEntity" reference="../../.."/>
            <id>Sensor_1</id>
            <label>Smell-Left</label>
            <theta>0.39269908169872414</theta>
            <radius>50.0</radius>
            <currentValue>
              <double>0.0</double>
              <double>0.2935636615905563</double>
              <double>0.0</double>
              <double>0.6849818770446314</double>
              <double>0.0</double>
              <double>0.0</double>
              <double>0.0</double>
              <double>0.0</double>
            </currentValue>
          </org.simbrain.world.odorworld.sensors.SmellSensor>
          <org.simbrain.world.odorworld.sensors.SmellSensor>
            <parent class="org.simbrain.world.odorworld.entities.RotatingEntity" reference="../../.."/>
            <id>Sensor_2</id>
            <label>Smell-Center</label>
            <theta>0.0</theta>
            <radius>0.0</radius>
            <currentValue>
              <double>0.0</double>
              <double>0.20888476788705143</double>
              <double>0.12122174094029547</double>
              <double>0.7702485205971428</double>
              <double>0.0</double>
              <double>0.0</double>
              <double>0.0</double>
              <double>0.0</double>
            </currentValue>
          </org.simbrain.world.odorworld.sensors.SmellSensor>
          <org.simbrain.world.odorworld.sensors.SmellSensor>
            <parent class="org.simbrain.world.odorworld.entities.RotatingEntity" reference="../../.."/>
            <id>Sensor_3</id>
            <label>Smell-Right</label>
            <theta>-0.39269908169872414</theta>
            <radius>50.0</radius>
            <currentValue>
              <double>0.0</double>
              <double>0.2621640587424141</double>
              <double>0.05904078927535568</double>
              <double>0.7494779787081295</double>
              <double>0.0</double>
              <double>0.0</double>
              <double>0.0</double>
              <double>0.0</double>
            </currentValue>
          </org.simbrain.world.odorworld.sensors.SmellSensor>
        </sensors>
        <effectors>
          <org.simbrain.world.odorworld.effectors.StraightMovement>
            <parent class="org.simbrain.world.odorworld.entities.RotatingEntity" reference="../../.."/>
            <id>Effector_1</id>
            <label>Go-straight</label>
            <amount>2.0</amount>
            <scalingFactor>1.0</scalingFactor>
          </org.simbrain.world.odorworld.effectors.StraightMovement>
          <org.simbrain.world.odorworld.effectors.Turning>
            <parent class="org.simbrain.world.odorworld.entities.RotatingEntity" reference="../../.."/>
            <id>Effector_2</id>
            <label>Go-left</label>
            <direction>1.0</direction>
            <amount>11.705678790897226</amount>
          </org.simbrain.world.odorworld.effectors.Turning>
          <org.simbrain.world.odorworld.effectors.Turning>
            <parent class="org.simbrain.world.odorworld.entities.RotatingEntity" reference="../../.."/>
            <id>Effector_3</id>
            <label>Go-right</label>
            <direction>-1.0</direction>
            <amount>11.342145142342664</amount>
          </org.simbrain.world.odorworld.effectors.Turning>
        </effectors>
        <behavior class="org.simbrain.world.odorworld.behaviors.StationaryBehavior"/>
        <collision>false</collision>
        <sensorsEnabled>true</sensorsEnabled>
        <effectorsEnabled>true</effectorsEnabled>
        <showSensors>true</showSensors>
        <sensorIDGenerator>
          <rootName>Sensor</rootName>
          <index>4</index>
        </sensorIDGenerator>
        <effectorIDGenerator>
          <rootName>Effector</rootName>
          <index>4</index>
        </effectorIDGenerator>
        <currentlyHeardPhrases/>
        <heading>159.0389854066537</heading>
        <manualMotionTurnIncrement>4.0</manualMotionTurnIncrement>
        <manualStraightMovementIncrement>4.0</manualStraightMovementIncrement>
        <entityType>Mouse</entityType>
      </org.simbrain.world.odorworld.entities.RotatingEntity>
      <org.simbrain.world.odorworld.entities.BasicEntity>
        <animation>
          <imageNames>
            <string>static/Fish.gif</string>
          </imageNames>
          <animTime>0</animTime>
          <totalDuration>8</totalDuration>
          <frameDuration>1</frameDuration>
        </animation>
        <name>Entity_3</name>
        <id>Entity_3</id>
        <x>92.0</x>
        <y>79.0</y>
        <dx>0.0</dx>
        <dy>0.0</dy>
        <parentWorld reference="../../../.."/>
        <sensors/>
        <effectors/>
        <behavior class="org.simbrain.world.odorworld.behaviors.StationaryBehavior"/>
        <smellSource>
          <stimulusVector>
            <double>0.7</double>
            <double>0.0</double>
            <double>0.3</double>
            <double>0.0</double>
            <double>0.0</double>
            <double>0.0</double>
            <double>0.0</double>
            <double>0.0</double>
          </stimulusVector>
          <returnVector reference="../stimulusVector"/>
          <location>
            <double>169.0</double>
            <double>32.0</double>
          </location>
          <decayFunction>GAUSSIAN</decayFunction>
          <stimulusDispersion>150.0</stimulusDispersion>
          <peak>0.0</peak>
          <addNoise>false</addNoise>
          <initNoise>0.3</initNoise>
          <noiseLevel>0.3</noiseLevel>
        </smellSource>
        <collision>false</collision>
        <sensorsEnabled>true</sensorsEnabled>
        <effectorsEnabled>true</effectorsEnabled>
        <showSensors>true</showSensors>
        <sensorIDGenerator>
          <rootName>Sensor</rootName>
          <index>1</index>
        </sensorIDGenerator>
        <effectorIDGenerator>
          <rootName>Effector</rootName>
          <index>1</index>
        </effectorIDGenerator>
        <currentlyHeardPhrases/>
      </org.simbrain.world.odorworld.entities.BasicEntity>
      <org.simbrain.world.odorworld.entities.BasicEntity>
        <animation>
          <imageNames>
            <string>static/Poison.gif</string>
          </imageNames>
          <animTime>0</animTime>
          <totalDuration>8</totalDuration>
          <frameDuration>1</frameDuration>
        </animation>
        <name>Entity_4</name>
        <id>Entity_4</id>
        <x>224.0</x>
        <y>65.0</y>
        <dx>0.0</dx>
        <dy>0.0</dy>
        <parentWorld reference="../../../.."/>
        <sensors/>
        <effectors/>
        <behavior class="org.simbrain.world.odorworld.behaviors.StationaryBehavior"/>
        <smellSource>
          <stimulusVector>
            <double>0.7</double>
            <double>0.0</double>
            <double>0.0</double>
            <double>0.0</double>
            <double>0.3</double>
            <double>0.0</double>
            <double>0.0</double>
            <double>0.0</double>
          </stimulusVector>
          <returnVector reference="../stimulusVector"/>
          <location>
            <double>304.0</double>
            <double>87.0</double>
          </location>
          <decayFunction>GAUSSIAN</decayFunction>
          <stimulusDispersion>150.0</stimulusDispersion>
          <peak>0.0</peak>
          <addNoise>false</addNoise>
          <initNoise>0.3</initNoise>
          <noiseLevel>0.3</noiseLevel>
        </smellSource>
        <collision>false</collision>
        <sensorsEnabled>true</sensorsEnabled>
        <effectorsEnabled>true</effectorsEnabled>
        <showSensors>true</showSensors>
        <sensorIDGenerator>
          <rootName>Sensor</rootName>
          <index>1</index>
        </sensorIDGenerator>
        <effectorIDGenerator>
          <rootName>Effector</rootName>
          <index>1</index>
        </effectorIDGenerator>
        <currentlyHeardPhrases/>
      </org.simbrain.world.odorworld.entities.BasicEntity>
      <org.simbrain.world.odorworld.entities.BasicEntity>
        <animation>
          <imageNames>
            <string>static/Tulip.gif</string>
          </imageNames>
          <animTime>0</animTime>
          <totalDuration>8</totalDuration>
          <frameDuration>1</frameDuration>
        </animation>
        <name>Entity_5</name>
        <id>Entity_5</id>
        <x>86.0</x>
        <y>343.0</y>
        <dx>0.0</dx>
        <dy>0.0</dy>
        <parentWorld reference="../../../.."/>
        <sensors/>
        <effectors/>
        <behavior class="org.simbrain.world.odorworld.behaviors.StationaryBehavior"/>
        <smellSource>
          <stimulusVector>
            <double>0.0</double>
            <double>0.3</double>
            <double>0.0</double>
            <double>0.7</double>
            <double>0.0</double>
            <double>0.0</double>
            <double>0.0</double>
            <double>0.0</double>
          </stimulusVector>
          <returnVector reference="../stimulusVector"/>
          <location>
            <double>80.0</double>
            <double>351.0</double>
          </location>
          <decayFunction>GAUSSIAN</decayFunction>
          <stimulusDispersion>150.0</stimulusDispersion>
          <peak>0.0</peak>
          <addNoise>false</addNoise>
          <initNoise>0.3</initNoise>
          <noiseLevel>0.3</noiseLevel>
        </smellSource>
        <collision>false</collision>
        <sensorsEnabled>true</sensorsEnabled>
        <effectorsEnabled>true</effectorsEnabled>
        <showSensors>true</showSensors>
        <sensorIDGenerator>
          <rootName>Sensor</rootName>
          <index>1</index>
        </sensorIDGenerator>
        <effectorIDGenerator>
          <rootName>Effector</rootName>
          <index>1</index>
        </effectorIDGenerator>
        <currentlyHeardPhrases/>
      </org.simbrain.world.odorworld.entities.BasicEntity>
      <org.simbrain.world.odorworld.entities.BasicEntity>
        <animation>
          <imageNames>
            <string>static/Pansy.gif</string>
          </imageNames>
          <animTime>0</animTime>
          <totalDuration>8</totalDuration>
          <frameDuration>1</frameDuration>
        </animation>
        <name>Entity_6</name>
        <id>Entity_6</id>
        <x>256.0</x>
        <y>348.0</y>
        <dx>0.0</dx>
        <dy>0.0</dy>
        <parentWorld reference="../../../.."/>
        <sensors/>
        <effectors/>
        <behavior class="org.simbrain.world.odorworld.behaviors.StationaryBehavior"/>
        <smellSource>
          <stimulusVector>
            <double>0.0</double>
            <double>0.0</double>
            <double>0.3</double>
            <double>0.7</double>
            <double>0.0</double>
            <double>0.0</double>
            <double>0.0</double>
            <double>0.0</double>
          </stimulusVector>
          <returnVector reference="../stimulusVector"/>
          <location>
            <double>251.0</double>
            <double>370.0</double>
          </location>
          <decayFunction>GAUSSIAN</decayFunction>
          <stimulusDispersion>150.0</stimulusDispersion>
          <peak>0.0</peak>
          <addNoise>false</addNoise>
          <initNoise>0.3</initNoise>
          <noiseLevel>0.3</noiseLevel>
        </smellSource>
        <collision>false</collision>
        <sensorsEnabled>true</sensorsEnabled>
        <effectorsEnabled>true</effectorsEnabled>
        <showSensors>true</showSensors>
        <sensorIDGenerator>
          <rootName>Sensor</rootName>
          <index>1</index>
        </sensorIDGenerator>
        <effectorIDGenerator>
          <rootName>Effector</rootName>
          <index>1</index>
        </effectorIDGenerator>
        <currentlyHeardPhrases/>
      </org.simbrain.world.odorworld.entities.BasicEntity>
    </java.util.concurrent.CopyOnWriteArrayList>
  </entityList>
  <totalSmellVectorLength>3.046309242345563</totalSmellVectorLength>
  <wrapAround>true</wrapAround>
  <objectsBlockMovement>false</objectsBlockMovement>
  <height>443</height>
  <width>375</width>
  <entityIDGenerator>
    <rootName>Entity</rootName>
    <index>7</index>
  </entityIDGenerator>
  <agentNameGenerator>
    <rootName>Agent</rootName>
    <index>2</index>
  </agentNameGenerator>
</org.simbrain.world.odorworld.OdorWorld>