<org.simbrain.world.odorworld.OdorWorld>
  <entityList class="java.util.concurrent.CopyOnWriteArrayList" serialization="custom">
    <java.util.concurrent.CopyOnWriteArrayList>
      <default/>
      <int>4</int>
      <org.simbrain.world.odorworld.entities.RotatingEntity>
        <animation>
          <imageNames>
            <string>rotating/mouse/Mouse_180.gif</string>
          </imageNames>
          <animTime>0</animTime>
          <totalDuration>2</totalDuration>
          <frameDuration>1</frameDuration>
        </animation>
        <name>Agent_1</name>
        <id>Entity_1</id>
        <x>425.30133</x>
        <y>216.00343</y>
        <dx>0.0</dx>
        <dy>0.0</dy>
        <parentWorld reference="../../../.."/>
        <sensors>
          <org.simbrain.world.odorworld.sensors.SmellSensor>
            <parent class="org.simbrain.world.odorworld.entities.RotatingEntity" reference="../../.."/>
            <id>Sensor_1</id>
            <label>Smell-Left</label>
            <theta>0.39269908169872414</theta>
            <radius>50.0</radius>
            <currentValue>
              <double>0.5478931767693077</double>
              <double>0.0</double>
              <double>0.0</double>
              <double>0.0</double>
              <double>0.23481136147256043</double>
              <double>0.0</double>
              <double>0.0</double>
              <double>0.0</double>
            </currentValue>
          </org.simbrain.world.odorworld.sensors.SmellSensor>
          <org.simbrain.world.odorworld.sensors.SmellSensor>
            <parent class="org.simbrain.world.odorworld.entities.RotatingEntity" reference="../../.."/>
            <id>Sensor_2</id>
            <label>Smell-Center</label>
            <theta>0.0</theta>
            <radius>0.0</radius>
            <currentValue>
              <double>0.3407265791719802</double>
              <double>0.0</double>
              <double>0.0</double>
              <double>0.0</double>
              <double>0.1460256767879915</double>
              <double>0.0</double>
              <double>0.0</double>
              <double>0.0</double>
            </currentValue>
          </org.simbrain.world.odorworld.sensors.SmellSensor>
          <org.simbrain.world.odorworld.sensors.SmellSensor>
            <parent class="org.simbrain.world.odorworld.entities.RotatingEntity" reference="../../.."/>
            <id>Sensor_3</id>
            <label>Smell-Right</label>
            <theta>-0.39269908169872414</theta>
            <radius>50.0</radius>
            <currentValue>
              <double>0.4542421087317608</double>
              <double>0.0</double>
              <double>0.0</double>
              <double>0.0</double>
              <double>0.19467518945646892</double>
              <double>0.0</double>
              <double>0.0</double>
              <double>0.0</double>
            </currentValue>
          </org.simbrain.world.odorworld.sensors.SmellSensor>
        </sensors>
        <effectors>
          <org.simbrain.world.odorworld.effectors.StraightMovement>
            <parent class="org.simbrain.world.odorworld.entities.RotatingEntity" reference="../../.."/>
            <id>Effector_1</id>
            <label>Go-straight</label>
            <amount>2.600000000000001</amount>
            <scalingFactor>1.0</scalingFactor>
          </org.simbrain.world.odorworld.effectors.StraightMovement>
          <org.simbrain.world.odorworld.effectors.Turning>
            <parent class="org.simbrain.world.odorworld.entities.RotatingEntity" reference="../../.."/>
            <id>Effector_2</id>
            <label>Go-left</label>
            <direction>1.0</direction>
            <amount>8.326671348517229</amount>
          </org.simbrain.world.odorworld.effectors.Turning>
          <org.simbrain.world.odorworld.effectors.Turning>
            <parent class="org.simbrain.world.odorworld.entities.RotatingEntity" reference="../../.."/>
            <id>Effector_3</id>
            <label>Go-right</label>
            <direction>-1.0</direction>
            <amount>6.657298544402448</amount>
          </org.simbrain.world.odorworld.effectors.Turning>
        </effectors>
        <behavior class="org.simbrain.world.odorworld.behaviors.StationaryBehavior"/>
        <collision>false</collision>
        <sensorsEnabled>true</sensorsEnabled>
        <effectorsEnabled>true</effectorsEnabled>
        <showSensors>true</showSensors>
        <sensorIDGenerator>
          <rootName>Sensor</rootName>
          <index>4</index>
        </sensorIDGenerator>
        <effectorIDGenerator>
          <rootName>Effector</rootName>
          <index>4</index>
        </effectorIDGenerator>
        <currentlyHeardPhrases/>
        <heading>179.3611748851134</heading>
        <manualMotionTurnIncrement>4.0</manualMotionTurnIncrement>
        <manualStraightMovementIncrement>4.0</manualStraightMovementIncrement>
        <entityType>Mouse</entityType>
      </org.simbrain.world.odorworld.entities.RotatingEntity>
      <org.simbrain.world.odorworld.entities.BasicEntity>
        <animation>
          <imageNames>
            <string>static/Swiss.gif</string>
          </imageNames>
          <animTime>0</animTime>
          <totalDuration>1</totalDuration>
          <frameDuration>1</frameDuration>
        </animation>
        <name>Entity_2</name>
        <id>Entity_2</id>
        <x>63.0</x>
        <y>274.0</y>
        <dx>0.0</dx>
        <dy>0.0</dy>
        <parentWorld reference="../../../.."/>
        <sensors/>
        <effectors/>
        <behavior class="org.simbrain.world.odorworld.behaviors.StationaryBehavior"/>
        <smellSource>
          <stimulusVector>
            <double>0.7</double>
            <double>0.3</double>
            <double>0.0</double>
            <double>0.0</double>
            <double>0.0</double>
            <double>0.0</double>
            <double>0.0</double>
            <double>0.0</double>
          </stimulusVector>
          <returnVector reference="../stimulusVector"/>
          <location>
            <double>36.0</double>
            <double>107.0</double>
          </location>
          <decayFunction>GAUSSIAN</decayFunction>
          <stimulusDispersion>200.0</stimulusDispersion>
          <peak>0.0</peak>
          <addNoise>false</addNoise>
          <initNoise>0.3</initNoise>
          <noiseLevel>0.3</noiseLevel>
        </smellSource>
        <collision>false</collision>
        <sensorsEnabled>true</sensorsEnabled>
        <effectorsEnabled>true</effectorsEnabled>
        <showSensors>true</showSensors>
        <sensorIDGenerator>
          <rootName>Sensor</rootName>
          <index>1</index>
        </sensorIDGenerator>
        <effectorIDGenerator>
          <rootName>Effector</rootName>
          <index>1</index>
        </effectorIDGenerator>
        <currentlyHeardPhrases/>
      </org.simbrain.world.odorworld.entities.BasicEntity>
      <org.simbrain.world.odorworld.entities.BasicEntity>
        <animation>
          <imageNames>
            <string>static/Gouda.gif</string>
          </imageNames>
          <animTime>0</animTime>
          <totalDuration>1</totalDuration>
          <frameDuration>1</frameDuration>
        </animation>
        <name>Entity_3</name>
        <id>Entity_3</id>
        <x>176.0</x>
        <y>43.0</y>
        <dx>0.0</dx>
        <dy>0.0</dy>
        <parentWorld reference="../../../.."/>
        <sensors/>
        <effectors/>
        <behavior class="org.simbrain.world.odorworld.behaviors.StationaryBehavior"/>
        <smellSource>
          <stimulusVector>
            <double>0.7</double>
            <double>0.0</double>
            <double>0.3</double>
            <double>0.0</double>
            <double>0.0</double>
            <double>0.0</double>
            <double>0.0</double>
            <double>0.0</double>
          </stimulusVector>
          <returnVector reference="../stimulusVector"/>
          <location>
            <double>169.0</double>
            <double>32.0</double>
          </location>
          <decayFunction>GAUSSIAN</decayFunction>
          <stimulusDispersion>200.0</stimulusDispersion>
          <peak>0.0</peak>
          <addNoise>false</addNoise>
          <initNoise>0.3</initNoise>
          <noiseLevel>0.3</noiseLevel>
        </smellSource>
        <collision>false</collision>
        <sensorsEnabled>true</sensorsEnabled>
        <effectorsEnabled>true</effectorsEnabled>
        <showSensors>true</showSensors>
        <sensorIDGenerator>
          <rootName>Sensor</rootName>
          <index>1</index>
        </sensorIDGenerator>
        <effectorIDGenerator>
          <rootName>Effector</rootName>
          <index>1</index>
        </effectorIDGenerator>
        <currentlyHeardPhrases/>
      </org.simbrain.world.odorworld.entities.BasicEntity>
      <org.simbrain.world.odorworld.entities.BasicEntity>
        <animation>
          <imageNames>
            <string>static/Bluecheese.gif</string>
          </imageNames>
          <animTime>0</animTime>
          <totalDuration>1</totalDuration>
          <frameDuration>1</frameDuration>
        </animation>
        <name>Entity_4</name>
        <id>Entity_4</id>
        <x>321.0</x>
        <y>266.0</y>
        <dx>0.0</dx>
        <dy>0.0</dy>
        <parentWorld reference="../../../.."/>
        <sensors/>
        <effectors/>
        <behavior class="org.simbrain.world.odorworld.behaviors.StationaryBehavior"/>
        <smellSource>
          <stimulusVector>
            <double>0.7</double>
            <double>0.0</double>
            <double>0.0</double>
            <double>0.0</double>
            <double>0.3</double>
            <double>0.0</double>
            <double>0.0</double>
            <double>0.0</double>
          </stimulusVector>
          <returnVector reference="../stimulusVector"/>
          <location>
            <double>304.0</double>
            <double>87.0</double>
          </location>
          <decayFunction>GAUSSIAN</decayFunction>
          <stimulusDispersion>200.0</stimulusDispersion>
          <peak>0.0</peak>
          <addNoise>false</addNoise>
          <initNoise>0.3</initNoise>
          <noiseLevel>0.3</noiseLevel>
        </smellSource>
        <collision>false</collision>
        <sensorsEnabled>true</sensorsEnabled>
        <effectorsEnabled>true</effectorsEnabled>
        <showSensors>true</showSensors>
        <sensorIDGenerator>
          <rootName>Sensor</rootName>
          <index>1</index>
        </sensorIDGenerator>
        <effectorIDGenerator>
          <rootName>Effector</rootName>
          <index>1</index>
        </effectorIDGenerator>
        <currentlyHeardPhrases/>
      </org.simbrain.world.odorworld.entities.BasicEntity>
    </java.util.concurrent.CopyOnWriteArrayList>
  </entityList>
  <totalSmellVectorLength>2.2847319317591723</totalSmellVectorLength>
  <wrapAround>true</wrapAround>
  <objectsBlockMovement>false</objectsBlockMovement>
  <height>372</height>
  <width>441</width>
  <entityIDGenerator>
    <rootName>Entity</rootName>
    <index>8</index>
  </entityIDGenerator>
  <agentNameGenerator>
    <rootName>Agent</rootName>
    <index>3</index>
  </agentNameGenerator>
</org.simbrain.world.odorworld.OdorWorld>