<html>
<body>
<h1>About This Simulation</h1>
This simulation is similar to the avoider simulation relating to <a href= "http://en.wikipedia.org/wiki/Braitenberg_vehicle">Braitenberg vehicles</a>. Braitenbeg vehicles are simple agents that move around in response to environmental stimuli. 

<br><br>
Unlike the avoider simulation in which the mouse agent (vehicle) orients away from the source, this simulation will demonstrate movement similar to vehicle 2b (the "aggressive" vehicle) from Braitenberg's paper, "Vehicles: Experiments in Synthetic" (can be downloaded from the link below); the mouse agent will move to the left if its left sensor is activiated by a source on its left, heading straight towards the source. And if it senses a source on its right, the mouse will move to the right and straight towards the source. 

<br><br>
<h1>Using This Simulation</h1>
Simply press the play button on the top left toolbar and 
observe the behavior of the mouse in the odorWorld
window, while taking note of the activity of the 
neurons in the nework window. Press the stop button to stop
the network from running.

<br>
<h2>Reference</h2>
Braitenberg, V. (1986). <a href= "http://www1.appstate.edu/~kms/classes/psy5150/Documents/Braitenberg1984.pdf">Vehicles: Experiments in synthetic psychology</a>. MIT press.
<h2>Credits</h2>
Jeff Yoshimi and Saraching Chao.
