<html>
 <body>
  <h1>Language Classifier</h1>
  <p>For this assignment I created an IAC network modeling the languages' categorization. Among categories, or features for particular pools, apart from <b>20 languages</b> to illustrate well the selected properties I chose:</p>
  <ul>
   <li><a href="https://en.wikipedia.org/wiki/Language_family">the language family</a> (for <b>Indo-European</b> there is further distinction: <b>Romance</b>, <b>Germanic</b>, <b>Slavic</b> and <b>Others</b>; then <b>Semitic</b> and <b>Other</b>); always bijective</li>
   <li><a href="https://en.wikipedia.org/wiki/Alphabet">script</a> the language uses &ndash; can be <b>Latin</b>, <b>Cyrillic</b>, <b>Arabic / Abjad</b> in general, <b>Logographic / Syllabic</b> like writing systems of Chinese or Japanese, and the <b>Own</b> for languages such as Greek or Armenian; only Serbian uses both Latin and Cyrillic</li>
   <li>typology (<b>Fusional</b>,<sup><a href="https://en.wikipedia.org/wiki/Fusional_language">[source]</a></sup> such as most Indo-European languages; <b>Agglutinative</b>,<sup><a href="https://en.wikipedia.org/wiki/Agglutinative_language">[source]</a></sup> like Japanese or Uralic languages such as Finnish or Hungarian, though I have not included the latter family in the languages; and <b>Analytic</b>,<sup><a href="https://en.wikipedia.org/wiki/Category:Analytic_languages">[source]</a></sup> such as Chinese, or even English and Macedonian inasmuch as they can be categorized at least as <i>relatively more analytic</i>); always bijective</li>
   <li><a href="https://en.wikipedia.org/wiki/List_of_languages_by_type_of_grammatical_genders">noun genders</a> &ndash; number of grammatical genders <b>specifically of nouns</b>, to prevent the ambiguity as for example English has three genders for 3<sup>rd</sup> person singular pronouns, yet no gender (or natural gender) for nouns, in which case it is like <i>1</i>; always bijective</li>
  </ul>
  <p>Among the experiments I conducted with this network, I would like to mention:</p>
  <ol>
   <li>I activated the <i>Indo-European - Others</i> family and after 100 iterations the network correctly responded activating <i>Armenian</i> and <i>Persian</i>, therefore correctly <i>Agglutinative</i> and <i>1</i> gender. Initially, <i>Greek</i> got also fairly activated, which would be correct, but supposedly as differing from other ones by both typology and number of genders, even though it remained partially active in the Instance nodes, it did not persist in the Languages pool. Besides, <i>Own</i> script activated along with <i>Arabic / Abjad</i>, albeit partially, also resembles the truth.</li>
   <li>I activated the <i>Logographic / Syllabic</i> script and after 100 iterations the network correctly matched both <i>Chinese</i> and <i>Japanese</i>, belonging to <i>Other</i> language family, both having only <i>1</i> noun gender and I got correct activation of <i>Agglutinative</i> for <i>Japanese</i> and <i>Analytic</i> for <i>Chinese</i>, of 1 and 0.6, respectively.</li>
   <li>I activated simultaneously the <i>Analytic</i> with <i>3</i> genders and following 100 iterations the network settled down on <i>Indo-European - Slavic</i>, determining concrete languages <i>Macedonian</i> and <i>Serbian</i> as using both <i>Latin</i> and <i>Cyrillic</i>. The best answer would be just <i>Macedonian</i>, but assuming that there is another Slavic language having 3 genders for nouns and even using Cyrillic (unlike Czech) &ndash; <i>Serbian</i>, due to such a similarity the network converged activating <i>Serbian</i> as well, thus propagating activation even to <i>Fusional</i> typology and <i>Latin</i> script.</li>
   <li>
    Finally, I activated several languages (one at a time), i.e., <i>Basque</i>, <i>English</i>, <i>French</i>, <i>Maltese</i>, <i>Serbian</i> and <i>Spanish</i>, and the network recalled correct properties:
    <table>
     <tr><th>Language</th><th>&nbsp;</th><th>Family</th><th>Script</th><th>Typology</th><th>Noun Genders</th></tr>
     <tr><td>Basque</td><td>&rarr;</td><td>Other</td><td>Latin</td><td>Agglutinative</td><td>2</td></tr>
     <tr><td>English</td><td>&rarr;</td><td>Germanic</td><td>Latin</td><td>Analytic</td><td>1</td></tr>
     <tr><td>French</td><td>&rarr;</td><td>Romance</td><td>Latin</td><td>Fusional</td><td>2</td></tr>
     <tr><td>Maltese</td><td>&rarr;</td><td>Semitic</td><td>Latin</td><td>Fusional</td><td>2</td></tr>
     <tr><td>Serbian</td><td>&rarr;</td><td>Slavic</td><td>Latin/1 &amp; Cyrillic/0.5</td><td>Fusional</td><td>3</td></tr>
     <tr><td>Spanish</td><td>&rarr;</td><td>Romance</td><td>Latin</td><td>Fusional</td><td>2</td></tr>
    </table>
   </li>
  </ol>
  <p>As an interesting conclusion I would mention that observably the network does not have any problems upon classifying particular languages. On the other hand, as particular groups represented by other pools are not well-defined in the sense that they would unambiguously overlap (there are numerous exceptions such as Maltese using Latin for writing vs. other Semitic languages, Germanic languages: English and Afrikaans as Analytic vs. Dutch and German as Fusional, Czech as using Latin vs. other Slavic languages in the pool using Cyrillic, etc.), the network does not work as well when having to name languages exhibiting certain common characteristics. This in turn could support connectionists' hypotheses as humans also tend to remember better well-classifiable data with less exceptions.</p>
  <p>Because of higher number of nodes and thus also synapses, the network may look a little bit dense, but in my two previous attempts where I made use of synapses' groups I had lost the work as it just did not save the workspace &mdash; therefore this way was the only option.</p>
  <br><p>(Jozef Franzen, 2015)</p>
 </body>
</html>
