<org.simbrain.network.core.Network>
  <neuronList>
    <org.simbrain.network.core.Neuron>
      <updateRule class="org.simbrain.network.neuron_update_rules.LinearRule">
        <slope>1.0</slope>
        <bias>0.0</bias>
        <noiseGenerator>
          <distributionIndex>0</distributionIndex>
          <upperBound>1.0</upperBound>
          <lowerBound>-1.0</lowerBound>
          <mean>0.5</mean>
          <standardDeviation>0.5</standardDeviation>
          <clipping>true</clipping>
          <randomGenerator serialization="custom">
            <java.util.Random>
              <default>
                <seed>252949826054089</seed>
                <nextNextGaussian>0.0</nextNextGaussian>
                <haveNextNextGaussian>false</haveNextNextGaussian>
              </default>
            </java.util.Random>
          </randomGenerator>
        </noiseGenerator>
        <addNoise>false</addNoise>
        <clipping>true</clipping>
      </updateRule>
      <id>Neuron_1</id>
      <label>left sensor cheese</label>
      <activation>0.0</activation>
      <lowerBound>-1.0</lowerBound>
      <upperBound>100.0</upperBound>
      <increment>0.1</increment>
      <buffer>0.0</buffer>
      <inputValue>0.0</inputValue>
      <parent reference="../../.."/>
      <x>310.44218031449003</x>
      <y>161.33468550982693</y>
      <clamped>false</clamped>
      <targetValue>0.0</targetValue>
      <updatePriority>0</updatePriority>
    </org.simbrain.network.core.Neuron>
    <org.simbrain.network.core.Neuron>
      <updateRule class="org.simbrain.network.neuron_update_rules.LinearRule">
        <slope>1.0</slope>
        <bias>0.0</bias>
        <noiseGenerator>
          <distributionIndex>0</distributionIndex>
          <upperBound>1.0</upperBound>
          <lowerBound>-1.0</lowerBound>
          <mean>0.5</mean>
          <standardDeviation>0.5</standardDeviation>
          <clipping>true</clipping>
          <randomGenerator serialization="custom">
            <java.util.Random>
              <default>
                <seed>252949643684176</seed>
                <nextNextGaussian>0.0</nextNextGaussian>
                <haveNextNextGaussian>false</haveNextNextGaussian>
              </default>
            </java.util.Random>
          </randomGenerator>
        </noiseGenerator>
        <addNoise>false</addNoise>
        <clipping>true</clipping>
      </updateRule>
      <id>Neuron_2</id>
      <label>right sensor cheese</label>
      <activation>0.0</activation>
      <lowerBound>-1.0</lowerBound>
      <upperBound>100.0</upperBound>
      <increment>0.1</increment>
      <buffer>0.0</buffer>
      <inputValue>0.0</inputValue>
      <parent reference="../../.."/>
      <x>412.89978588468523</x>
      <y>161.33468550982693</y>
      <clamped>false</clamped>
      <targetValue>0.0</targetValue>
      <updatePriority>0</updatePriority>
    </org.simbrain.network.core.Neuron>
    <org.simbrain.network.core.Neuron>
      <updateRule class="org.simbrain.network.neuron_update_rules.LinearRule">
        <slope>1.0</slope>
        <bias>0.8</bias>
        <noiseGenerator>
          <distributionIndex>0</distributionIndex>
          <upperBound>1.0</upperBound>
          <lowerBound>-1.0</lowerBound>
          <mean>0.5</mean>
          <standardDeviation>0.5</standardDeviation>
          <clipping>true</clipping>
          <randomGenerator serialization="custom">
            <java.util.Random>
              <default>
                <seed>252948314823483</seed>
                <nextNextGaussian>0.0</nextNextGaussian>
                <haveNextNextGaussian>false</haveNextNextGaussian>
              </default>
            </java.util.Random>
          </randomGenerator>
        </noiseGenerator>
        <addNoise>false</addNoise>
        <clipping>true</clipping>
      </updateRule>
      <id>Neuron_3</id>
      <label>straight</label>
      <activation>0.0</activation>
      <lowerBound>-1.0</lowerBound>
      <upperBound>100.0</upperBound>
      <increment>0.1</increment>
      <buffer>0.8</buffer>
      <inputValue>0.0</inputValue>
      <parent reference="../../.."/>
      <x>202.2249779740068</x>
      <y>43.82748486551468</y>
      <clamped>false</clamped>
      <targetValue>0.0</targetValue>
      <updatePriority>0</updatePriority>
    </org.simbrain.network.core.Neuron>
    <org.simbrain.network.core.Neuron>
      <updateRule class="org.simbrain.network.neuron_update_rules.LinearRule">
        <slope>1.0</slope>
        <bias>0.0</bias>
        <noiseGenerator>
          <distributionIndex>0</distributionIndex>
          <upperBound>1.0</upperBound>
          <lowerBound>-1.0</lowerBound>
          <mean>0.5</mean>
          <standardDeviation>0.5</standardDeviation>
          <clipping>true</clipping>
          <randomGenerator serialization="custom">
            <java.util.Random>
              <default>
                <seed>252948114071690</seed>
                <nextNextGaussian>0.0</nextNextGaussian>
                <haveNextNextGaussian>false</haveNextNextGaussian>
              </default>
            </java.util.Random>
          </randomGenerator>
        </noiseGenerator>
        <addNoise>false</addNoise>
        <clipping>true</clipping>
      </updateRule>
      <id>Neuron_4</id>
      <label>left</label>
      <activation>0.0</activation>
      <lowerBound>-1.0</lowerBound>
      <upperBound>100.0</upperBound>
      <increment>0.1</increment>
      <buffer>0.0</buffer>
      <inputValue>0.0</inputValue>
      <parent reference="../../.."/>
      <x>145.30741374151395</x>
      <y>43.82748486551468</y>
      <clamped>false</clamped>
      <targetValue>0.0</targetValue>
      <updatePriority>0</updatePriority>
    </org.simbrain.network.core.Neuron>
    <org.simbrain.network.core.Neuron>
      <updateRule class="org.simbrain.network.neuron_update_rules.LinearRule">
        <slope>1.0</slope>
        <bias>0.0</bias>
        <noiseGenerator>
          <distributionIndex>0</distributionIndex>
          <upperBound>1.0</upperBound>
          <lowerBound>-1.0</lowerBound>
          <mean>0.5</mean>
          <standardDeviation>0.5</standardDeviation>
          <clipping>true</clipping>
          <randomGenerator serialization="custom">
            <java.util.Random>
              <default>
                <seed>252947874622437</seed>
                <nextNextGaussian>0.0</nextNextGaussian>
                <haveNextNextGaussian>false</haveNextNextGaussian>
              </default>
            </java.util.Random>
          </randomGenerator>
        </noiseGenerator>
        <addNoise>false</addNoise>
        <clipping>true</clipping>
      </updateRule>
      <id>Neuron_5</id>
      <label>right</label>
      <activation>0.0</activation>
      <lowerBound>-1.0</lowerBound>
      <upperBound>100.0</upperBound>
      <increment>0.1</increment>
      <buffer>1.8333333333333333</buffer>
      <inputValue>0.0</inputValue>
      <parent reference="../../.."/>
      <x>259.1425422065001</x>
      <y>43.82748486551468</y>
      <clamped>false</clamped>
      <targetValue>0.0</targetValue>
      <updatePriority>0</updatePriority>
    </org.simbrain.network.core.Neuron>
    <org.simbrain.network.core.Neuron>
      <updateRule class="org.simbrain.network.neuron_update_rules.LinearRule">
        <slope>1.0</slope>
        <bias>0.0</bias>
        <noiseGenerator>
          <distributionIndex>0</distributionIndex>
          <upperBound>1.0</upperBound>
          <lowerBound>-1.0</lowerBound>
          <mean>0.5</mean>
          <standardDeviation>0.5</standardDeviation>
          <clipping>true</clipping>
          <randomGenerator serialization="custom">
            <java.util.Random>
              <default>
                <seed>269619063812622</seed>
                <nextNextGaussian>0.0</nextNextGaussian>
                <haveNextNextGaussian>false</haveNextNextGaussian>
              </default>
            </java.util.Random>
          </randomGenerator>
        </noiseGenerator>
        <addNoise>false</addNoise>
        <clipping>true</clipping>
      </updateRule>
      <id>Neuron_6</id>
      <label>right sensor poison</label>
      <activation>0.0</activation>
      <lowerBound>-1.0</lowerBound>
      <upperBound>100.0</upperBound>
      <increment>0.1</increment>
      <buffer>0.0</buffer>
      <inputValue>0.0</inputValue>
      <parent reference="../../.."/>
      <x>94.18959464981621</x>
      <y>162.8002774478724</y>
      <clamped>false</clamped>
      <targetValue>0.0</targetValue>
      <updatePriority>0</updatePriority>
    </org.simbrain.network.core.Neuron>
    <org.simbrain.network.core.Neuron>
      <updateRule class="org.simbrain.network.neuron_update_rules.LinearRule">
        <slope>1.0</slope>
        <bias>0.0</bias>
        <noiseGenerator>
          <distributionIndex>0</distributionIndex>
          <upperBound>1.0</upperBound>
          <lowerBound>-1.0</lowerBound>
          <mean>0.5</mean>
          <standardDeviation>0.5</standardDeviation>
          <clipping>true</clipping>
          <randomGenerator serialization="custom">
            <java.util.Random>
              <default>
                <seed>269619063875592</seed>
                <nextNextGaussian>0.0</nextNextGaussian>
                <haveNextNextGaussian>false</haveNextNextGaussian>
              </default>
            </java.util.Random>
          </randomGenerator>
        </noiseGenerator>
        <addNoise>false</addNoise>
        <clipping>true</clipping>
      </updateRule>
      <id>Neuron_7</id>
      <label>left sensor poison</label>
      <activation>0.0</activation>
      <lowerBound>-1.0</lowerBound>
      <upperBound>100.0</upperBound>
      <increment>0.1</increment>
      <buffer>1.3333333333333335</buffer>
      <inputValue>0.0</inputValue>
      <parent reference="../../.."/>
      <x>-7.63105192419924</x>
      <y>162.8002774478724</y>
      <clamped>false</clamped>
      <targetValue>0.0</targetValue>
      <updatePriority>0</updatePriority>
    </org.simbrain.network.core.Neuron>
    <org.simbrain.network.core.Neuron>
      <updateRule class="org.simbrain.network.neuron_update_rules.BinaryRule">
        <threshold>12.0</threshold>
        <bias>0.0</bias>
      </updateRule>
      <id>Neuron_9</id>
      <label>Say &quot;No!&quot;</label>
      <activation>0.0</activation>
      <lowerBound>0.0</lowerBound>
      <upperBound>1.0</upperBound>
      <increment>0.1</increment>
      <buffer>0.0</buffer>
      <inputValue>0.0</inputValue>
      <parent reference="../../.."/>
      <x>50.797006356975615</x>
      <y>39.60845863111237</y>
      <clamped>false</clamped>
      <targetValue>0.0</targetValue>
      <updatePriority>0</updatePriority>
    </org.simbrain.network.core.Neuron>
    <org.simbrain.network.core.Neuron>
      <updateRule class="org.simbrain.network.neuron_update_rules.BinaryRule">
        <threshold>39.0</threshold>
        <bias>0.0</bias>
      </updateRule>
      <id>Neuron_10</id>
      <label>Say &quot;Yum!&quot;</label>
      <activation>0.0</activation>
      <lowerBound>0.0</lowerBound>
      <upperBound>1.0</upperBound>
      <increment>0.1</increment>
      <buffer>0.0</buffer>
      <inputValue>0.0</inputValue>
      <parent reference="../../.."/>
      <x>359.6880546556201</x>
      <y>41.423177020896915</y>
      <clamped>false</clamped>
      <targetValue>0.0</targetValue>
      <updatePriority>0</updatePriority>
    </org.simbrain.network.core.Neuron>
  </neuronList>
  <synapseList>
    <org.simbrain.network.core.Synapse>
      <parentNetwork reference="../../.."/>
      <source reference="../../../neuronList/org.simbrain.network.core.Neuron[2]"/>
      <target reference="../../../neuronList/org.simbrain.network.core.Neuron[5]"/>
      <learningRule class="org.simbrain.network.synapse_update_rules.ClampedSynapseRule">
        <clipped>false</clipped>
      </learningRule>
      <id>Synapse_2</id>
      <strength>0.1</strength>
      <increment>1.0</increment>
      <upperBound>10.0</upperBound>
      <lowerBound>-10.0</lowerBound>
      <delay>0</delay>
      <sendWeightedInput>true</sendWeightedInput>
    </org.simbrain.network.core.Synapse>
    <org.simbrain.network.core.Synapse>
      <parentNetwork reference="../../.."/>
      <source reference="../../../neuronList/org.simbrain.network.core.Neuron"/>
      <target reference="../../../neuronList/org.simbrain.network.core.Neuron[4]"/>
      <learningRule class="org.simbrain.network.synapse_update_rules.ClampedSynapseRule">
        <clipped>false</clipped>
      </learningRule>
      <id>Synapse_6</id>
      <strength>0.1</strength>
      <increment>1.0</increment>
      <upperBound>10.0</upperBound>
      <lowerBound>-10.0</lowerBound>
      <delay>0</delay>
      <sendWeightedInput>true</sendWeightedInput>
    </org.simbrain.network.core.Synapse>
    <org.simbrain.network.core.Synapse>
      <parentNetwork reference="../../.."/>
      <source reference="../../../neuronList/org.simbrain.network.core.Neuron[7]"/>
      <target reference="../../../neuronList/org.simbrain.network.core.Neuron[5]"/>
      <learningRule class="org.simbrain.network.synapse_update_rules.ClampedSynapseRule">
        <clipped>false</clipped>
      </learningRule>
      <id>Synapse_7</id>
      <strength>1.0</strength>
      <increment>1.0</increment>
      <upperBound>10.0</upperBound>
      <lowerBound>-10.0</lowerBound>
      <delay>0</delay>
      <sendWeightedInput>true</sendWeightedInput>
    </org.simbrain.network.core.Synapse>
    <org.simbrain.network.core.Synapse>
      <parentNetwork reference="../../.."/>
      <source reference="../../../neuronList/org.simbrain.network.core.Neuron[6]"/>
      <target reference="../../../neuronList/org.simbrain.network.core.Neuron[4]"/>
      <learningRule class="org.simbrain.network.synapse_update_rules.ClampedSynapseRule">
        <clipped>false</clipped>
      </learningRule>
      <id>Synapse_8</id>
      <strength>1.0</strength>
      <increment>1.0</increment>
      <upperBound>10.0</upperBound>
      <lowerBound>-10.0</lowerBound>
      <delay>0</delay>
      <sendWeightedInput>true</sendWeightedInput>
    </org.simbrain.network.core.Synapse>
    <org.simbrain.network.core.Synapse>
      <parentNetwork reference="../../.."/>
      <source reference="../../../neuronList/org.simbrain.network.core.Neuron[6]"/>
      <target reference="../../../neuronList/org.simbrain.network.core.Neuron[8]"/>
      <learningRule class="org.simbrain.network.synapse_update_rules.ClampedSynapseRule">
        <clipped>false</clipped>
      </learningRule>
      <id>Synapse_9</id>
      <strength>1.0</strength>
      <increment>1.0</increment>
      <upperBound>10.0</upperBound>
      <lowerBound>-10.0</lowerBound>
      <delay>0</delay>
      <sendWeightedInput>true</sendWeightedInput>
    </org.simbrain.network.core.Synapse>
    <org.simbrain.network.core.Synapse>
      <parentNetwork reference="../../.."/>
      <source reference="../../../neuronList/org.simbrain.network.core.Neuron[7]"/>
      <target reference="../../../neuronList/org.simbrain.network.core.Neuron[8]"/>
      <learningRule class="org.simbrain.network.synapse_update_rules.ClampedSynapseRule">
        <clipped>false</clipped>
      </learningRule>
      <id>Synapse_10</id>
      <strength>1.0</strength>
      <increment>1.0</increment>
      <upperBound>10.0</upperBound>
      <lowerBound>-10.0</lowerBound>
      <delay>0</delay>
      <sendWeightedInput>true</sendWeightedInput>
    </org.simbrain.network.core.Synapse>
    <org.simbrain.network.core.Synapse>
      <parentNetwork reference="../../.."/>
      <source reference="../../../neuronList/org.simbrain.network.core.Neuron[2]"/>
      <target reference="../../../neuronList/org.simbrain.network.core.Neuron[9]"/>
      <learningRule class="org.simbrain.network.synapse_update_rules.ClampedSynapseRule">
        <clipped>false</clipped>
      </learningRule>
      <id>Synapse_11</id>
      <strength>1.0</strength>
      <increment>1.0</increment>
      <upperBound>10.0</upperBound>
      <lowerBound>-10.0</lowerBound>
      <delay>0</delay>
      <sendWeightedInput>true</sendWeightedInput>
    </org.simbrain.network.core.Synapse>
    <org.simbrain.network.core.Synapse>
      <parentNetwork reference="../../.."/>
      <source reference="../../../neuronList/org.simbrain.network.core.Neuron"/>
      <target reference="../../../neuronList/org.simbrain.network.core.Neuron[9]"/>
      <learningRule class="org.simbrain.network.synapse_update_rules.ClampedSynapseRule">
        <clipped>false</clipped>
      </learningRule>
      <id>Synapse_12</id>
      <strength>1.0</strength>
      <increment>1.0</increment>
      <upperBound>10.0</upperBound>
      <lowerBound>-10.0</lowerBound>
      <delay>0</delay>
      <sendWeightedInput>true</sendWeightedInput>
    </org.simbrain.network.core.Synapse>
  </synapseList>
  <groupList/>
  <textList/>
  <updateManager>
    <actionList>
      <org.simbrain.network.update__actions.BufferedUpdate>
        <network reference="../../../.."/>
      </org.simbrain.network.update__actions.BufferedUpdate>
    </actionList>
    <availableActionList>
      <org.simbrain.network.update__actions.PriorityUpdate>
        <network reference="../../../.."/>
      </org.simbrain.network.update__actions.PriorityUpdate>
    </availableActionList>
    <network reference="../.."/>
  </updateManager>
  <synapseRouter>
    <routingMap/>
    <incomingUnified/>
    <outgoingUnified/>
    <autoRouting>false</autoRouting>
  </synapseRouter>
  <time>0.0</time>
  <timeStep>0.01</timeStep>
  <timeType>DISCRETE</timeType>
  <clampWeights>false</clampWeights>
  <clampNeurons>false</clampNeurons>
  <prioritySortedNeuronList>
    <org.simbrain.network.core.Neuron reference="../../neuronList/org.simbrain.network.core.Neuron"/>
    <org.simbrain.network.core.Neuron reference="../../neuronList/org.simbrain.network.core.Neuron[2]"/>
    <org.simbrain.network.core.Neuron reference="../../neuronList/org.simbrain.network.core.Neuron[3]"/>
    <org.simbrain.network.core.Neuron reference="../../neuronList/org.simbrain.network.core.Neuron[4]"/>
    <org.simbrain.network.core.Neuron reference="../../neuronList/org.simbrain.network.core.Neuron[5]"/>
    <org.simbrain.network.core.Neuron reference="../../neuronList/org.simbrain.network.core.Neuron[6]"/>
    <org.simbrain.network.core.Neuron reference="../../neuronList/org.simbrain.network.core.Neuron[7]"/>
    <org.simbrain.network.core.Neuron reference="../../neuronList/org.simbrain.network.core.Neuron[8]"/>
    <org.simbrain.network.core.Neuron reference="../../neuronList/org.simbrain.network.core.Neuron[9]"/>
  </prioritySortedNeuronList>
  <priorityComparator>
    <outer-class reference="../.."/>
  </priorityComparator>
  <neuronIdGenerator>
    <rootName>Neuron</rootName>
    <index>11</index>
  </neuronIdGenerator>
  <synapseIdGenerator>
    <rootName>Synapse</rootName>
    <index>13</index>
  </synapseIdGenerator>
  <groupIdGenerator>
    <rootName>Group</rootName>
    <index>1</index>
  </groupIdGenerator>
  <roundOffActivationValues>false</roundOffActivationValues>
  <precision>0</precision>
</org.simbrain.network.core.Network>