<Workspace>
  <archivedComponents>
    <Component>
      <className>org.simbrain.docviewer.DocViewerComponent</className>
      <name>DocViewer1</name>
      <uri>components/0_DocViewer1.xml</uri>
      <id>0</id>
      <format>xml</format>
      <desktopComponent>
        <className>org.simbrain.docviewer.DocViewerDesktopComponent</className>
        <uri>guis/0_DocViewer1.xml</uri>
        <format>xml</format>
      </desktopComponent>
    </Component>
    <Component>
      <className>org.simbrain.network.NetworkComponent</className>
      <name>IAC_Network.xml</name>
      <uri>components/1_IAC_Network.xml.xml</uri>
      <id>1</id>
      <format>xml</format>
      <desktopComponent>
        <className>org.simbrain.network.desktop.NetworkDesktopComponent</className>
        <uri>guis/1_IAC_Network.xml.xml</uri>
        <format>xml</format>
      </desktopComponent>
    </Component>
  </archivedComponents>
  <archivedCouplings/>
  <archivedActions>
    <UpdateAction>
      <updateAction class="org.simbrain.workspace.updater.UpdateAllBuffered"/>
    </UpdateAction>
  </archivedActions>
  <workspaceParameters>
    <savedTime>10</savedTime>
    <updateDelay>0</updateDelay>
  </workspaceParameters>
</Workspace>