<org.simbrain.network.core.Network>
  <neuronList>
    <org.simbrain.network.core.Neuron>
      <updateRule class="org.simbrain.network.neuron_update_rules.NakaRushtonRule">
        <increment>0.1</increment>
        <steepness>2.0</steepness>
        <semiSaturationConstant>120.0</semiSaturationConstant>
        <adaptationTimeConstant>1.0</adaptationTimeConstant>
        <adaptationParameter>0.7</adaptationParameter>
        <useAdaptation>false</useAdaptation>
        <timeConstant>0.1</timeConstant>
        <noiseGenerator>
          <distributionIndex>0</distributionIndex>
          <upperBound>1.0</upperBound>
          <lowerBound>-1.0</lowerBound>
          <mean>0.5</mean>
          <standardDeviation>0.5</standardDeviation>
          <clipping>false</clipping>
          <randomGenerator serialization="custom">
            <java.util.Random>
              <default>
                <seed>92334632677961</seed>
                <nextNextGaussian>0.0</nextNextGaussian>
                <haveNextNextGaussian>false</haveNextNextGaussian>
              </default>
            </java.util.Random>
          </randomGenerator>
        </noiseGenerator>
        <addNoise>false</addNoise>
        <s>93.21808160903703</s>
        <a>0.0</a>
        <ceiling>100.0</ceiling>
        <floor>0.0</floor>
      </updateRule>
      <id>Neuron_1</id>
      <label></label>
      <activation>91.07860791342809</activation>
      <buffer>91.07860791342809</buffer>
      <inputValue>0.0</inputValue>
      <parent reference="../../.."/>
      <generator>false</generator>
      <x>10.0</x>
      <y>10.0</y>
      <clamped>false</clamped>
      <targetValue>0.0</targetValue>
      <updatePriority>0</updatePriority>
      <auxValue>0.0</auxValue>
      <increment>0.1</increment>
      <tempIgnoreUpdateFlag>false</tempIgnoreUpdateFlag>
    </org.simbrain.network.core.Neuron>
    <org.simbrain.network.core.Neuron>
      <updateRule class="org.simbrain.network.neuron_update_rules.NakaRushtonRule">
        <increment>0.1</increment>
        <steepness>2.0</steepness>
        <semiSaturationConstant>120.0</semiSaturationConstant>
        <adaptationTimeConstant>1.0</adaptationTimeConstant>
        <adaptationParameter>0.7</adaptationParameter>
        <useAdaptation>false</useAdaptation>
        <timeConstant>0.1</timeConstant>
        <noiseGenerator>
          <distributionIndex>0</distributionIndex>
          <upperBound>1.0</upperBound>
          <lowerBound>-1.0</lowerBound>
          <mean>0.5</mean>
          <standardDeviation>0.5</standardDeviation>
          <clipping>false</clipping>
          <randomGenerator serialization="custom">
            <java.util.Random>
              <default>
                <seed>201003583564305</seed>
                <nextNextGaussian>0.0</nextNextGaussian>
                <haveNextNextGaussian>false</haveNextNextGaussian>
              </default>
            </java.util.Random>
          </randomGenerator>
        </noiseGenerator>
        <addNoise>false</addNoise>
        <s>92.93236901765681</s>
        <a>0.0</a>
        <ceiling>100.0</ceiling>
        <floor>0.0</floor>
      </updateRule>
      <id>Neuron_2</id>
      <label></label>
      <activation>84.78752556462067</activation>
      <buffer>84.78752556462067</buffer>
      <inputValue>0.0</inputValue>
      <parent reference="../../.."/>
      <generator>false</generator>
      <x>80.0</x>
      <y>10.0</y>
      <clamped>false</clamped>
      <targetValue>0.0</targetValue>
      <updatePriority>0</updatePriority>
      <auxValue>0.0</auxValue>
      <increment>0.1</increment>
      <tempIgnoreUpdateFlag>false</tempIgnoreUpdateFlag>
    </org.simbrain.network.core.Neuron>
    <org.simbrain.network.core.Neuron>
      <updateRule class="org.simbrain.network.neuron_update_rules.NakaRushtonRule">
        <increment>0.1</increment>
        <steepness>2.0</steepness>
        <semiSaturationConstant>120.0</semiSaturationConstant>
        <adaptationTimeConstant>1.0</adaptationTimeConstant>
        <adaptationParameter>0.7</adaptationParameter>
        <useAdaptation>false</useAdaptation>
        <timeConstant>0.1</timeConstant>
        <noiseGenerator>
          <distributionIndex>0</distributionIndex>
          <upperBound>1.0</upperBound>
          <lowerBound>-1.0</lowerBound>
          <mean>0.5</mean>
          <standardDeviation>0.5</standardDeviation>
          <clipping>false</clipping>
          <randomGenerator serialization="custom">
            <java.util.Random>
              <default>
                <seed>9659755213777</seed>
                <nextNextGaussian>0.0</nextNextGaussian>
                <haveNextNextGaussian>false</haveNextNextGaussian>
              </default>
            </java.util.Random>
          </randomGenerator>
        </noiseGenerator>
        <addNoise>false</addNoise>
        <s>0.0</s>
        <a>0.0</a>
        <ceiling>100.0</ceiling>
        <floor>0.0</floor>
      </updateRule>
      <id>Neuron_3</id>
      <label></label>
      <activation>8.946308000332538</activation>
      <buffer>8.946308000332538</buffer>
      <inputValue>0.0</inputValue>
      <parent reference="../../.."/>
      <generator>false</generator>
      <x>150.0</x>
      <y>10.0</y>
      <clamped>false</clamped>
      <targetValue>0.0</targetValue>
      <updatePriority>0</updatePriority>
      <auxValue>0.0</auxValue>
      <increment>0.1</increment>
      <tempIgnoreUpdateFlag>false</tempIgnoreUpdateFlag>
    </org.simbrain.network.core.Neuron>
    <org.simbrain.network.core.Neuron>
      <updateRule class="org.simbrain.network.neuron_update_rules.NakaRushtonRule">
        <increment>0.1</increment>
        <steepness>2.0</steepness>
        <semiSaturationConstant>120.0</semiSaturationConstant>
        <adaptationTimeConstant>1.0</adaptationTimeConstant>
        <adaptationParameter>0.7</adaptationParameter>
        <useAdaptation>false</useAdaptation>
        <timeConstant>0.1</timeConstant>
        <noiseGenerator>
          <distributionIndex>0</distributionIndex>
          <upperBound>1.0</upperBound>
          <lowerBound>-1.0</lowerBound>
          <mean>0.5</mean>
          <standardDeviation>0.5</standardDeviation>
          <clipping>false</clipping>
          <randomGenerator serialization="custom">
            <java.util.Random>
              <default>
                <seed>221768322044433</seed>
                <nextNextGaussian>0.0</nextNextGaussian>
                <haveNextNextGaussian>false</haveNextNextGaussian>
              </default>
            </java.util.Random>
          </randomGenerator>
        </noiseGenerator>
        <addNoise>false</addNoise>
        <s>96.21541147100152</s>
        <a>0.0</a>
        <ceiling>100.0</ceiling>
        <floor>0.0</floor>
      </updateRule>
      <id>Neuron_4</id>
      <label></label>
      <activation>75.5479621020045</activation>
      <buffer>75.5479621020045</buffer>
      <inputValue>0.0</inputValue>
      <parent reference="../../.."/>
      <generator>false</generator>
      <x>220.0</x>
      <y>10.0</y>
      <clamped>false</clamped>
      <targetValue>0.0</targetValue>
      <updatePriority>0</updatePriority>
      <auxValue>0.0</auxValue>
      <increment>0.1</increment>
      <tempIgnoreUpdateFlag>false</tempIgnoreUpdateFlag>
    </org.simbrain.network.core.Neuron>
    <org.simbrain.network.core.Neuron>
      <updateRule class="org.simbrain.network.neuron_update_rules.NakaRushtonRule">
        <increment>0.1</increment>
        <steepness>2.0</steepness>
        <semiSaturationConstant>120.0</semiSaturationConstant>
        <adaptationTimeConstant>1.0</adaptationTimeConstant>
        <adaptationParameter>0.7</adaptationParameter>
        <useAdaptation>false</useAdaptation>
        <timeConstant>0.1</timeConstant>
        <noiseGenerator>
          <distributionIndex>0</distributionIndex>
          <upperBound>1.0</upperBound>
          <lowerBound>-1.0</lowerBound>
          <mean>0.5</mean>
          <standardDeviation>0.5</standardDeviation>
          <clipping>false</clipping>
          <randomGenerator serialization="custom">
            <java.util.Random>
              <default>
                <seed>175659302927697</seed>
                <nextNextGaussian>0.0</nextNextGaussian>
                <haveNextNextGaussian>false</haveNextNextGaussian>
              </default>
            </java.util.Random>
          </randomGenerator>
        </noiseGenerator>
        <addNoise>false</addNoise>
        <s>0.0</s>
        <a>0.0</a>
        <ceiling>100.0</ceiling>
        <floor>0.0</floor>
      </updateRule>
      <id>Neuron_5</id>
      <label></label>
      <activation>11.09697475621572</activation>
      <buffer>11.09697475621572</buffer>
      <inputValue>0.0</inputValue>
      <parent reference="../../.."/>
      <generator>false</generator>
      <x>290.0</x>
      <y>10.0</y>
      <clamped>false</clamped>
      <targetValue>0.0</targetValue>
      <updatePriority>0</updatePriority>
      <auxValue>0.0</auxValue>
      <increment>0.1</increment>
      <tempIgnoreUpdateFlag>false</tempIgnoreUpdateFlag>
    </org.simbrain.network.core.Neuron>
    <org.simbrain.network.core.Neuron>
      <updateRule class="org.simbrain.network.neuron_update_rules.NakaRushtonRule">
        <increment>0.1</increment>
        <steepness>2.0</steepness>
        <semiSaturationConstant>120.0</semiSaturationConstant>
        <adaptationTimeConstant>1.0</adaptationTimeConstant>
        <adaptationParameter>0.7</adaptationParameter>
        <useAdaptation>false</useAdaptation>
        <timeConstant>0.1</timeConstant>
        <noiseGenerator>
          <distributionIndex>0</distributionIndex>
          <upperBound>1.0</upperBound>
          <lowerBound>-1.0</lowerBound>
          <mean>0.5</mean>
          <standardDeviation>0.5</standardDeviation>
          <clipping>false</clipping>
          <randomGenerator serialization="custom">
            <java.util.Random>
              <default>
                <seed>256220306008345</seed>
                <nextNextGaussian>0.0</nextNextGaussian>
                <haveNextNextGaussian>false</haveNextNextGaussian>
              </default>
            </java.util.Random>
          </randomGenerator>
        </noiseGenerator>
        <addNoise>false</addNoise>
        <s>89.06963926556196</s>
        <a>0.0</a>
        <ceiling>100.0</ceiling>
        <floor>0.0</floor>
      </updateRule>
      <id>Neuron_6</id>
      <label></label>
      <activation>85.29505384670247</activation>
      <buffer>85.29505384670247</buffer>
      <inputValue>0.0</inputValue>
      <parent reference="../../.."/>
      <generator>false</generator>
      <x>360.0</x>
      <y>10.0</y>
      <clamped>false</clamped>
      <targetValue>0.0</targetValue>
      <updatePriority>0</updatePriority>
      <auxValue>0.0</auxValue>
      <increment>0.1</increment>
      <tempIgnoreUpdateFlag>false</tempIgnoreUpdateFlag>
    </org.simbrain.network.core.Neuron>
    <org.simbrain.network.core.Neuron>
      <updateRule class="org.simbrain.network.neuron_update_rules.NakaRushtonRule">
        <increment>0.1</increment>
        <steepness>2.0</steepness>
        <semiSaturationConstant>120.0</semiSaturationConstant>
        <adaptationTimeConstant>1.0</adaptationTimeConstant>
        <adaptationParameter>0.7</adaptationParameter>
        <useAdaptation>false</useAdaptation>
        <timeConstant>0.1</timeConstant>
        <noiseGenerator>
          <distributionIndex>0</distributionIndex>
          <upperBound>1.0</upperBound>
          <lowerBound>-1.0</lowerBound>
          <mean>0.5</mean>
          <standardDeviation>0.5</standardDeviation>
          <clipping>false</clipping>
          <randomGenerator serialization="custom">
            <java.util.Random>
              <default>
                <seed>197586762282281</seed>
                <nextNextGaussian>0.0</nextNextGaussian>
                <haveNextNextGaussian>false</haveNextNextGaussian>
              </default>
            </java.util.Random>
          </randomGenerator>
        </noiseGenerator>
        <addNoise>false</addNoise>
        <s>99.26670737551812</s>
        <a>0.0</a>
        <ceiling>100.0</ceiling>
        <floor>0.0</floor>
      </updateRule>
      <id>Neuron_7</id>
      <label></label>
      <activation>93.71135665995915</activation>
      <buffer>93.71135665995915</buffer>
      <inputValue>0.0</inputValue>
      <parent reference="../../.."/>
      <generator>false</generator>
      <x>430.0</x>
      <y>10.0</y>
      <clamped>false</clamped>
      <targetValue>0.0</targetValue>
      <updatePriority>0</updatePriority>
      <auxValue>0.0</auxValue>
      <increment>0.1</increment>
      <tempIgnoreUpdateFlag>false</tempIgnoreUpdateFlag>
    </org.simbrain.network.core.Neuron>
    <org.simbrain.network.core.Neuron>
      <updateRule class="org.simbrain.network.neuron_update_rules.NakaRushtonRule">
        <increment>0.1</increment>
        <steepness>2.0</steepness>
        <semiSaturationConstant>120.0</semiSaturationConstant>
        <adaptationTimeConstant>1.0</adaptationTimeConstant>
        <adaptationParameter>0.7</adaptationParameter>
        <useAdaptation>false</useAdaptation>
        <timeConstant>0.1</timeConstant>
        <noiseGenerator>
          <distributionIndex>0</distributionIndex>
          <upperBound>1.0</upperBound>
          <lowerBound>-1.0</lowerBound>
          <mean>0.5</mean>
          <standardDeviation>0.5</standardDeviation>
          <clipping>false</clipping>
          <randomGenerator serialization="custom">
            <java.util.Random>
              <default>
                <seed>17155708736361</seed>
                <nextNextGaussian>0.0</nextNextGaussian>
                <haveNextNextGaussian>false</haveNextNextGaussian>
              </default>
            </java.util.Random>
          </randomGenerator>
        </noiseGenerator>
        <addNoise>false</addNoise>
        <s>93.34770316319499</s>
        <a>0.0</a>
        <ceiling>100.0</ceiling>
        <floor>0.0</floor>
      </updateRule>
      <id>Neuron_8</id>
      <label></label>
      <activation>76.84581492872557</activation>
      <buffer>76.84581492872557</buffer>
      <inputValue>0.0</inputValue>
      <parent reference="../../.."/>
      <generator>false</generator>
      <x>500.0</x>
      <y>10.0</y>
      <clamped>false</clamped>
      <targetValue>0.0</targetValue>
      <updatePriority>0</updatePriority>
      <auxValue>0.0</auxValue>
      <increment>0.1</increment>
      <tempIgnoreUpdateFlag>false</tempIgnoreUpdateFlag>
    </org.simbrain.network.core.Neuron>
  </neuronList>
  <synapseList>
    <org.simbrain.network.core.Synapse>
      <parentNetwork reference="../../.."/>
      <source reference="../../../neuronList/org.simbrain.network.core.Neuron"/>
      <target>
        <updateRule class="org.simbrain.network.neuron_update_rules.LinearRule">
          <increment>0.1</increment>
          <slope>1.0</slope>
          <bias>0.0</bias>
          <noiseGenerator>
            <distributionIndex>0</distributionIndex>
            <upperBound>1.0</upperBound>
            <lowerBound>-1.0</lowerBound>
            <mean>0.5</mean>
            <standardDeviation>0.5</standardDeviation>
            <clipping>false</clipping>
            <randomGenerator serialization="custom">
              <java.util.Random>
                <default>
                  <seed>63994489651433</seed>
                  <nextNextGaussian>0.0</nextNextGaussian>
                  <haveNextNextGaussian>false</haveNextNextGaussian>
                </default>
              </java.util.Random>
            </randomGenerator>
          </noiseGenerator>
          <addNoise>false</addNoise>
          <clipping>true</clipping>
          <upperBound>10.0</upperBound>
          <lowerBound>0.0</lowerBound>
        </updateRule>
        <id>Neuron_9</id>
        <label></label>
        <activation>10.0</activation>
        <buffer>10.0</buffer>
        <inputValue>0.0</inputValue>
        <parent reference="../../../.."/>
        <generator>false</generator>
        <x>105.2511961722488</x>
        <y>-101.99162679425834</y>
        <clamped>false</clamped>
        <targetValue>0.0</targetValue>
        <parentGroup class="org.simbrain.network.groups.NeuronGroup">
          <parentNetwork reference="../../../../.."/>
          <id>Group_1</id>
          <label>Group 1</label>
          <markedForDeletion>false</markedForDeletion>
          <neuronList class="java.util.concurrent.CopyOnWriteArrayList" serialization="custom">
            <java.util.concurrent.CopyOnWriteArrayList>
              <default/>
              <int>5</int>
              <org.simbrain.network.core.Neuron reference="../../../.."/>
              <org.simbrain.network.core.Neuron>
                <updateRule class="org.simbrain.network.neuron_update_rules.LinearRule">
                  <increment>0.1</increment>
                  <slope>1.0</slope>
                  <bias>0.0</bias>
                  <noiseGenerator>
                    <distributionIndex>0</distributionIndex>
                    <upperBound>1.0</upperBound>
                    <lowerBound>-1.0</lowerBound>
                    <mean>0.5</mean>
                    <standardDeviation>0.5</standardDeviation>
                    <clipping>false</clipping>
                    <randomGenerator serialization="custom">
                      <java.util.Random>
                        <default>
                          <seed>245218981092433</seed>
                          <nextNextGaussian>0.0</nextNextGaussian>
                          <haveNextNextGaussian>false</haveNextNextGaussian>
                        </default>
                      </java.util.Random>
                    </randomGenerator>
                  </noiseGenerator>
                  <addNoise>false</addNoise>
                  <clipping>true</clipping>
                  <upperBound>10.0</upperBound>
                  <lowerBound>0.0</lowerBound>
                </updateRule>
                <id>Neuron_10</id>
                <label></label>
                <activation>0.0</activation>
                <buffer>0.0</buffer>
                <inputValue>0.0</inputValue>
                <parent reference="../../../../../../../.."/>
                <generator>false</generator>
                <x>155.25119617224877</x>
                <y>-101.99162679425834</y>
                <clamped>false</clamped>
                <targetValue>0.0</targetValue>
                <parentGroup class="org.simbrain.network.groups.NeuronGroup" reference="../../../.."/>
                <updatePriority>0</updatePriority>
                <auxValue>0.0</auxValue>
                <increment>0.1</increment>
                <tempIgnoreUpdateFlag>false</tempIgnoreUpdateFlag>
              </org.simbrain.network.core.Neuron>
              <org.simbrain.network.core.Neuron>
                <updateRule class="org.simbrain.network.neuron_update_rules.LinearRule">
                  <increment>0.1</increment>
                  <slope>1.0</slope>
                  <bias>0.0</bias>
                  <noiseGenerator>
                    <distributionIndex>0</distributionIndex>
                    <upperBound>1.0</upperBound>
                    <lowerBound>-1.0</lowerBound>
                    <mean>0.5</mean>
                    <standardDeviation>0.5</standardDeviation>
                    <clipping>false</clipping>
                    <randomGenerator serialization="custom">
                      <java.util.Random>
                        <default>
                          <seed>106655321740849</seed>
                          <nextNextGaussian>0.0</nextNextGaussian>
                          <haveNextNextGaussian>false</haveNextNextGaussian>
                        </default>
                      </java.util.Random>
                    </randomGenerator>
                  </noiseGenerator>
                  <addNoise>false</addNoise>
                  <clipping>true</clipping>
                  <upperBound>10.0</upperBound>
                  <lowerBound>0.0</lowerBound>
                </updateRule>
                <id>Neuron_11</id>
                <label></label>
                <activation>10.0</activation>
                <buffer>10.0</buffer>
                <inputValue>0.0</inputValue>
                <parent reference="../../../../../../../.."/>
                <generator>false</generator>
                <x>205.2511961722488</x>
                <y>-101.99162679425834</y>
                <clamped>false</clamped>
                <targetValue>0.0</targetValue>
                <parentGroup class="org.simbrain.network.groups.NeuronGroup" reference="../../../.."/>
                <updatePriority>0</updatePriority>
                <auxValue>0.0</auxValue>
                <increment>0.1</increment>
                <tempIgnoreUpdateFlag>false</tempIgnoreUpdateFlag>
              </org.simbrain.network.core.Neuron>
              <org.simbrain.network.core.Neuron>
                <updateRule class="org.simbrain.network.neuron_update_rules.LinearRule">
                  <increment>0.1</increment>
                  <slope>1.0</slope>
                  <bias>0.0</bias>
                  <noiseGenerator>
                    <distributionIndex>0</distributionIndex>
                    <upperBound>1.0</upperBound>
                    <lowerBound>-1.0</lowerBound>
                    <mean>0.5</mean>
                    <standardDeviation>0.5</standardDeviation>
                    <clipping>false</clipping>
                    <randomGenerator serialization="custom">
                      <java.util.Random>
                        <default>
                          <seed>176453376087921</seed>
                          <nextNextGaussian>0.0</nextNextGaussian>
                          <haveNextNextGaussian>false</haveNextNextGaussian>
                        </default>
                      </java.util.Random>
                    </randomGenerator>
                  </noiseGenerator>
                  <addNoise>false</addNoise>
                  <clipping>true</clipping>
                  <upperBound>10.0</upperBound>
                  <lowerBound>0.0</lowerBound>
                </updateRule>
                <id>Neuron_12</id>
                <label></label>
                <activation>0.0</activation>
                <buffer>0.0</buffer>
                <inputValue>0.0</inputValue>
                <parent reference="../../../../../../../.."/>
                <generator>false</generator>
                <x>255.2511961722488</x>
                <y>-101.99162679425834</y>
                <clamped>false</clamped>
                <targetValue>0.0</targetValue>
                <parentGroup class="org.simbrain.network.groups.NeuronGroup" reference="../../../.."/>
                <updatePriority>0</updatePriority>
                <auxValue>0.0</auxValue>
                <increment>0.1</increment>
                <tempIgnoreUpdateFlag>false</tempIgnoreUpdateFlag>
              </org.simbrain.network.core.Neuron>
              <org.simbrain.network.core.Neuron>
                <updateRule class="org.simbrain.network.neuron_update_rules.LinearRule">
                  <increment>0.1</increment>
                  <slope>1.0</slope>
                  <bias>0.0</bias>
                  <noiseGenerator>
                    <distributionIndex>0</distributionIndex>
                    <upperBound>1.0</upperBound>
                    <lowerBound>-1.0</lowerBound>
                    <mean>0.5</mean>
                    <standardDeviation>0.5</standardDeviation>
                    <clipping>false</clipping>
                    <randomGenerator serialization="custom">
                      <java.util.Random>
                        <default>
                          <seed>270528869560009</seed>
                          <nextNextGaussian>0.0</nextNextGaussian>
                          <haveNextNextGaussian>false</haveNextNextGaussian>
                        </default>
                      </java.util.Random>
                    </randomGenerator>
                  </noiseGenerator>
                  <addNoise>false</addNoise>
                  <clipping>true</clipping>
                  <upperBound>10.0</upperBound>
                  <lowerBound>0.0</lowerBound>
                </updateRule>
                <id>Neuron_13</id>
                <label></label>
                <activation>0.0</activation>
                <buffer>0.0</buffer>
                <inputValue>0.0</inputValue>
                <parent reference="../../../../../../../.."/>
                <generator>false</generator>
                <x>305.2511961722488</x>
                <y>-101.99162679425834</y>
                <clamped>false</clamped>
                <targetValue>0.0</targetValue>
                <parentGroup class="org.simbrain.network.groups.NeuronGroup" reference="../../../.."/>
                <updatePriority>0</updatePriority>
                <auxValue>0.0</auxValue>
                <increment>0.1</increment>
                <tempIgnoreUpdateFlag>false</tempIgnoreUpdateFlag>
              </org.simbrain.network.core.Neuron>
            </java.util.concurrent.CopyOnWriteArrayList>
          </neuronList>
        </parentGroup>
        <updatePriority>0</updatePriority>
        <auxValue>0.0</auxValue>
        <increment>0.1</increment>
        <tempIgnoreUpdateFlag>false</tempIgnoreUpdateFlag>
      </target>
      <learningRule class="org.simbrain.network.synapse_update_rules.ClampedSynapseRule">
        <clipped>false</clipped>
      </learningRule>
      <id>Synapse_71</id>
      <strength>8.87173296644049</strength>
      <psr>808.0250883630677</psr>
      <increment>1.0</increment>
      <upperBound>10.0</upperBound>
      <lowerBound>-10.0</lowerBound>
      <delay>0</delay>
      <sendWeightedInput>true</sendWeightedInput>
      <frozen>false</frozen>
    </org.simbrain.network.core.Synapse>
    <org.simbrain.network.core.Synapse>
      <parentNetwork reference="../../.."/>
      <source reference="../../../neuronList/org.simbrain.network.core.Neuron[2]"/>
      <target reference="../../org.simbrain.network.core.Synapse/target/parentGroup/neuronList/java.util.concurrent.CopyOnWriteArrayList/org.simbrain.network.core.Neuron[2]"/>
      <learningRule class="org.simbrain.network.synapse_update_rules.ClampedSynapseRule">
        <clipped>false</clipped>
      </learningRule>
      <id>Synapse_72</id>
      <strength>-0.3586535823859833</strength>
      <psr>-30.409349785394344</psr>
      <increment>1.0</increment>
      <upperBound>10.0</upperBound>
      <lowerBound>-10.0</lowerBound>
      <delay>0</delay>
      <sendWeightedInput>true</sendWeightedInput>
      <frozen>false</frozen>
    </org.simbrain.network.core.Synapse>
    <org.simbrain.network.core.Synapse>
      <parentNetwork reference="../../.."/>
      <source reference="../../../neuronList/org.simbrain.network.core.Neuron[3]"/>
      <target reference="../../org.simbrain.network.core.Synapse/target/parentGroup/neuronList/java.util.concurrent.CopyOnWriteArrayList/org.simbrain.network.core.Neuron[3]"/>
      <learningRule class="org.simbrain.network.synapse_update_rules.ClampedSynapseRule">
        <clipped>false</clipped>
      </learningRule>
      <id>Synapse_73</id>
      <strength>7.255433016954914</strength>
      <psr>64.90933844546059</psr>
      <increment>1.0</increment>
      <upperBound>10.0</upperBound>
      <lowerBound>-10.0</lowerBound>
      <delay>0</delay>
      <sendWeightedInput>true</sendWeightedInput>
      <frozen>false</frozen>
    </org.simbrain.network.core.Synapse>
    <org.simbrain.network.core.Synapse>
      <parentNetwork reference="../../.."/>
      <source reference="../../../neuronList/org.simbrain.network.core.Neuron[4]"/>
      <target reference="../../org.simbrain.network.core.Synapse/target/parentGroup/neuronList/java.util.concurrent.CopyOnWriteArrayList/org.simbrain.network.core.Neuron[4]"/>
      <learningRule class="org.simbrain.network.synapse_update_rules.ClampedSynapseRule">
        <clipped>false</clipped>
      </learningRule>
      <id>Synapse_74</id>
      <strength>-6.769051213289634</strength>
      <psr>-511.38802452813286</psr>
      <increment>1.0</increment>
      <upperBound>10.0</upperBound>
      <lowerBound>-10.0</lowerBound>
      <delay>0</delay>
      <sendWeightedInput>true</sendWeightedInput>
      <frozen>false</frozen>
    </org.simbrain.network.core.Synapse>
    <org.simbrain.network.core.Synapse>
      <parentNetwork reference="../../.."/>
      <source reference="../../../neuronList/org.simbrain.network.core.Neuron[5]"/>
      <target reference="../../org.simbrain.network.core.Synapse/target/parentGroup/neuronList/java.util.concurrent.CopyOnWriteArrayList/org.simbrain.network.core.Neuron[5]"/>
      <learningRule class="org.simbrain.network.synapse_update_rules.ClampedSynapseRule">
        <clipped>false</clipped>
      </learningRule>
      <id>Synapse_75</id>
      <strength>-5.462046439167212</strength>
      <psr>-60.612191452716516</psr>
      <increment>1.0</increment>
      <upperBound>10.0</upperBound>
      <lowerBound>-10.0</lowerBound>
      <delay>0</delay>
      <sendWeightedInput>true</sendWeightedInput>
      <frozen>false</frozen>
    </org.simbrain.network.core.Synapse>
    <org.simbrain.network.core.Synapse>
      <parentNetwork reference="../../.."/>
      <source reference="../../../neuronList/org.simbrain.network.core.Neuron[6]"/>
      <target reference="../../../neuronList/org.simbrain.network.core.Neuron[6]"/>
      <learningRule class="org.simbrain.network.synapse_update_rules.ClampedSynapseRule">
        <clipped>false</clipped>
      </learningRule>
      <id>Synapse_76</id>
      <strength>8.542486463025718</strength>
      <psr>725.0491378658232</psr>
      <increment>1.0</increment>
      <upperBound>10.0</upperBound>
      <lowerBound>-10.0</lowerBound>
      <delay>0</delay>
      <sendWeightedInput>true</sendWeightedInput>
      <frozen>false</frozen>
    </org.simbrain.network.core.Synapse>
    <org.simbrain.network.core.Synapse>
      <parentNetwork reference="../../.."/>
      <source reference="../../../neuronList/org.simbrain.network.core.Neuron[6]"/>
      <target reference="../../../neuronList/org.simbrain.network.core.Neuron[3]"/>
      <learningRule class="org.simbrain.network.synapse_update_rules.ClampedSynapseRule">
        <clipped>false</clipped>
      </learningRule>
      <id>Synapse_77</id>
      <strength>7.071086611062803</strength>
      <psr>600.1631109766754</psr>
      <increment>1.0</increment>
      <upperBound>10.0</upperBound>
      <lowerBound>-10.0</lowerBound>
      <delay>0</delay>
      <sendWeightedInput>true</sendWeightedInput>
      <frozen>false</frozen>
    </org.simbrain.network.core.Synapse>
    <org.simbrain.network.core.Synapse>
      <parentNetwork reference="../../.."/>
      <source reference="../../../neuronList/org.simbrain.network.core.Neuron[6]"/>
      <target reference="../../../neuronList/org.simbrain.network.core.Neuron[2]"/>
      <learningRule class="org.simbrain.network.synapse_update_rules.ClampedSynapseRule">
        <clipped>false</clipped>
      </learningRule>
      <id>Synapse_78</id>
      <strength>-8.464325100536584</strength>
      <psr>-718.4151409923776</psr>
      <increment>1.0</increment>
      <upperBound>10.0</upperBound>
      <lowerBound>-10.0</lowerBound>
      <delay>0</delay>
      <sendWeightedInput>true</sendWeightedInput>
      <frozen>false</frozen>
    </org.simbrain.network.core.Synapse>
    <org.simbrain.network.core.Synapse>
      <parentNetwork reference="../../.."/>
      <source reference="../../../neuronList/org.simbrain.network.core.Neuron[6]"/>
      <target reference="../../../neuronList/org.simbrain.network.core.Neuron[4]"/>
      <learningRule class="org.simbrain.network.synapse_update_rules.ClampedSynapseRule">
        <clipped>false</clipped>
      </learningRule>
      <id>Synapse_79</id>
      <strength>9.93336387893023</strength>
      <psr>843.1007702147283</psr>
      <increment>1.0</increment>
      <upperBound>10.0</upperBound>
      <lowerBound>-10.0</lowerBound>
      <delay>0</delay>
      <sendWeightedInput>true</sendWeightedInput>
      <frozen>false</frozen>
    </org.simbrain.network.core.Synapse>
    <org.simbrain.network.core.Synapse>
      <parentNetwork reference="../../.."/>
      <source reference="../../../neuronList/org.simbrain.network.core.Neuron[6]"/>
      <target reference="../../../neuronList/org.simbrain.network.core.Neuron[5]"/>
      <learningRule class="org.simbrain.network.synapse_update_rules.ClampedSynapseRule">
        <clipped>false</clipped>
      </learningRule>
      <id>Synapse_80</id>
      <strength>1.3150436044400031</strength>
      <psr>111.61518789430693</psr>
      <increment>1.0</increment>
      <upperBound>10.0</upperBound>
      <lowerBound>-10.0</lowerBound>
      <delay>0</delay>
      <sendWeightedInput>true</sendWeightedInput>
      <frozen>false</frozen>
    </org.simbrain.network.core.Synapse>
    <org.simbrain.network.core.Synapse>
      <parentNetwork reference="../../.."/>
      <source reference="../../../neuronList/org.simbrain.network.core.Neuron[6]"/>
      <target reference="../../../neuronList/org.simbrain.network.core.Neuron[7]"/>
      <learningRule class="org.simbrain.network.synapse_update_rules.ClampedSynapseRule">
        <clipped>false</clipped>
      </learningRule>
      <id>Synapse_81</id>
      <strength>9.529838775138401</strength>
      <psr>808.8513125330766</psr>
      <increment>1.0</increment>
      <upperBound>10.0</upperBound>
      <lowerBound>-10.0</lowerBound>
      <delay>0</delay>
      <sendWeightedInput>true</sendWeightedInput>
      <frozen>false</frozen>
    </org.simbrain.network.core.Synapse>
    <org.simbrain.network.core.Synapse>
      <parentNetwork reference="../../.."/>
      <source reference="../../../neuronList/org.simbrain.network.core.Neuron[6]"/>
      <target reference="../../../neuronList/org.simbrain.network.core.Neuron[8]"/>
      <learningRule class="org.simbrain.network.synapse_update_rules.ClampedSynapseRule">
        <clipped>false</clipped>
      </learningRule>
      <id>Synapse_82</id>
      <strength>7.242122748366981</strength>
      <psr>614.679915238882</psr>
      <increment>1.0</increment>
      <upperBound>10.0</upperBound>
      <lowerBound>-10.0</lowerBound>
      <delay>0</delay>
      <sendWeightedInput>true</sendWeightedInput>
      <frozen>false</frozen>
    </org.simbrain.network.core.Synapse>
    <org.simbrain.network.core.Synapse>
      <parentNetwork reference="../../.."/>
      <source reference="../../../neuronList/org.simbrain.network.core.Neuron[6]"/>
      <target reference="../../../neuronList/org.simbrain.network.core.Neuron"/>
      <learningRule class="org.simbrain.network.synapse_update_rules.ClampedSynapseRule">
        <clipped>false</clipped>
      </learningRule>
      <id>Synapse_83</id>
      <strength>-6.439172613011448</strength>
      <psr>-546.528996193402</psr>
      <increment>1.0</increment>
      <upperBound>10.0</upperBound>
      <lowerBound>-10.0</lowerBound>
      <delay>0</delay>
      <sendWeightedInput>true</sendWeightedInput>
      <frozen>false</frozen>
    </org.simbrain.network.core.Synapse>
    <org.simbrain.network.core.Synapse>
      <parentNetwork reference="../../.."/>
      <source reference="../../../neuronList/org.simbrain.network.core.Neuron[3]"/>
      <target reference="../../../neuronList/org.simbrain.network.core.Neuron[6]"/>
      <learningRule class="org.simbrain.network.synapse_update_rules.ClampedSynapseRule">
        <clipped>false</clipped>
      </learningRule>
      <id>Synapse_84</id>
      <strength>7.922190891417355</strength>
      <psr>78.74928861338738</psr>
      <increment>1.0</increment>
      <upperBound>10.0</upperBound>
      <lowerBound>-10.0</lowerBound>
      <delay>0</delay>
      <sendWeightedInput>true</sendWeightedInput>
      <frozen>false</frozen>
    </org.simbrain.network.core.Synapse>
    <org.simbrain.network.core.Synapse>
      <parentNetwork reference="../../.."/>
      <source reference="../../../neuronList/org.simbrain.network.core.Neuron[3]"/>
      <target reference="../../../neuronList/org.simbrain.network.core.Neuron[3]"/>
      <learningRule class="org.simbrain.network.synapse_update_rules.ClampedSynapseRule">
        <clipped>false</clipped>
      </learningRule>
      <id>Synapse_85</id>
      <strength>4.493196417162826</strength>
      <psr>44.66391005992143</psr>
      <increment>1.0</increment>
      <upperBound>10.0</upperBound>
      <lowerBound>-10.0</lowerBound>
      <delay>0</delay>
      <sendWeightedInput>true</sendWeightedInput>
      <frozen>false</frozen>
    </org.simbrain.network.core.Synapse>
    <org.simbrain.network.core.Synapse>
      <parentNetwork reference="../../.."/>
      <source reference="../../../neuronList/org.simbrain.network.core.Neuron[3]"/>
      <target reference="../../../neuronList/org.simbrain.network.core.Neuron[2]"/>
      <learningRule class="org.simbrain.network.synapse_update_rules.ClampedSynapseRule">
        <clipped>false</clipped>
      </learningRule>
      <id>Synapse_86</id>
      <strength>8.055071256147347</strength>
      <psr>80.0701649134663</psr>
      <increment>1.0</increment>
      <upperBound>10.0</upperBound>
      <lowerBound>-10.0</lowerBound>
      <delay>0</delay>
      <sendWeightedInput>true</sendWeightedInput>
      <frozen>false</frozen>
    </org.simbrain.network.core.Synapse>
    <org.simbrain.network.core.Synapse>
      <parentNetwork reference="../../.."/>
      <source reference="../../../neuronList/org.simbrain.network.core.Neuron[3]"/>
      <target reference="../../../neuronList/org.simbrain.network.core.Neuron[4]"/>
      <learningRule class="org.simbrain.network.synapse_update_rules.ClampedSynapseRule">
        <clipped>false</clipped>
      </learningRule>
      <id>Synapse_87</id>
      <strength>-5.056951808147239</strength>
      <psr>-50.26783157613748</psr>
      <increment>1.0</increment>
      <upperBound>10.0</upperBound>
      <lowerBound>-10.0</lowerBound>
      <delay>0</delay>
      <sendWeightedInput>true</sendWeightedInput>
      <frozen>false</frozen>
    </org.simbrain.network.core.Synapse>
    <org.simbrain.network.core.Synapse>
      <parentNetwork reference="../../.."/>
      <source reference="../../../neuronList/org.simbrain.network.core.Neuron[3]"/>
      <target reference="../../../neuronList/org.simbrain.network.core.Neuron[5]"/>
      <learningRule class="org.simbrain.network.synapse_update_rules.ClampedSynapseRule">
        <clipped>false</clipped>
      </learningRule>
      <id>Synapse_88</id>
      <strength>-0.0973662352195177</strength>
      <psr>-0.9678536990073676</psr>
      <increment>1.0</increment>
      <upperBound>10.0</upperBound>
      <lowerBound>-10.0</lowerBound>
      <delay>0</delay>
      <sendWeightedInput>true</sendWeightedInput>
      <frozen>false</frozen>
    </org.simbrain.network.core.Synapse>
    <org.simbrain.network.core.Synapse>
      <parentNetwork reference="../../.."/>
      <source reference="../../../neuronList/org.simbrain.network.core.Neuron[3]"/>
      <target reference="../../../neuronList/org.simbrain.network.core.Neuron[7]"/>
      <learningRule class="org.simbrain.network.synapse_update_rules.ClampedSynapseRule">
        <clipped>false</clipped>
      </learningRule>
      <id>Synapse_89</id>
      <strength>2.519237701685956</strength>
      <psr>25.0420848948138</psr>
      <increment>1.0</increment>
      <upperBound>10.0</upperBound>
      <lowerBound>-10.0</lowerBound>
      <delay>0</delay>
      <sendWeightedInput>true</sendWeightedInput>
      <frozen>false</frozen>
    </org.simbrain.network.core.Synapse>
    <org.simbrain.network.core.Synapse>
      <parentNetwork reference="../../.."/>
      <source reference="../../../neuronList/org.simbrain.network.core.Neuron[3]"/>
      <target reference="../../../neuronList/org.simbrain.network.core.Neuron[8]"/>
      <learningRule class="org.simbrain.network.synapse_update_rules.ClampedSynapseRule">
        <clipped>false</clipped>
      </learningRule>
      <id>Synapse_90</id>
      <strength>-8.432441388383518</strength>
      <psr>-83.82135317247852</psr>
      <increment>1.0</increment>
      <upperBound>10.0</upperBound>
      <lowerBound>-10.0</lowerBound>
      <delay>0</delay>
      <sendWeightedInput>true</sendWeightedInput>
      <frozen>false</frozen>
    </org.simbrain.network.core.Synapse>
    <org.simbrain.network.core.Synapse>
      <parentNetwork reference="../../.."/>
      <source reference="../../../neuronList/org.simbrain.network.core.Neuron[3]"/>
      <target reference="../../../neuronList/org.simbrain.network.core.Neuron"/>
      <learningRule class="org.simbrain.network.synapse_update_rules.ClampedSynapseRule">
        <clipped>false</clipped>
      </learningRule>
      <id>Synapse_91</id>
      <strength>4.959302172794281</strength>
      <psr>49.29716078281779</psr>
      <increment>1.0</increment>
      <upperBound>10.0</upperBound>
      <lowerBound>-10.0</lowerBound>
      <delay>0</delay>
      <sendWeightedInput>true</sendWeightedInput>
      <frozen>false</frozen>
    </org.simbrain.network.core.Synapse>
    <org.simbrain.network.core.Synapse>
      <parentNetwork reference="../../.."/>
      <source reference="../../../neuronList/org.simbrain.network.core.Neuron[2]"/>
      <target reference="../../../neuronList/org.simbrain.network.core.Neuron[6]"/>
      <learningRule class="org.simbrain.network.synapse_update_rules.ClampedSynapseRule">
        <clipped>false</clipped>
      </learningRule>
      <id>Synapse_92</id>
      <strength>-6.725268445358155</strength>
      <psr>-564.1326192767317</psr>
      <increment>1.0</increment>
      <upperBound>10.0</upperBound>
      <lowerBound>-10.0</lowerBound>
      <delay>0</delay>
      <sendWeightedInput>true</sendWeightedInput>
      <frozen>false</frozen>
    </org.simbrain.network.core.Synapse>
    <org.simbrain.network.core.Synapse>
      <parentNetwork reference="../../.."/>
      <source reference="../../../neuronList/org.simbrain.network.core.Neuron[2]"/>
      <target reference="../../../neuronList/org.simbrain.network.core.Neuron[3]"/>
      <learningRule class="org.simbrain.network.synapse_update_rules.ClampedSynapseRule">
        <clipped>false</clipped>
      </learningRule>
      <id>Synapse_93</id>
      <strength>-6.554496973931679</strength>
      <psr>-549.8078739886752</psr>
      <increment>1.0</increment>
      <upperBound>10.0</upperBound>
      <lowerBound>-10.0</lowerBound>
      <delay>0</delay>
      <sendWeightedInput>true</sendWeightedInput>
      <frozen>false</frozen>
    </org.simbrain.network.core.Synapse>
    <org.simbrain.network.core.Synapse>
      <parentNetwork reference="../../.."/>
      <source reference="../../../neuronList/org.simbrain.network.core.Neuron[2]"/>
      <target reference="../../../neuronList/org.simbrain.network.core.Neuron[2]"/>
      <learningRule class="org.simbrain.network.synapse_update_rules.ClampedSynapseRule">
        <clipped>false</clipped>
      </learningRule>
      <id>Synapse_94</id>
      <strength>-8.431035243466706</strength>
      <psr>-707.2166759966437</psr>
      <increment>1.0</increment>
      <upperBound>10.0</upperBound>
      <lowerBound>-10.0</lowerBound>
      <delay>0</delay>
      <sendWeightedInput>true</sendWeightedInput>
      <frozen>false</frozen>
    </org.simbrain.network.core.Synapse>
    <org.simbrain.network.core.Synapse>
      <parentNetwork reference="../../.."/>
      <source reference="../../../neuronList/org.simbrain.network.core.Neuron[2]"/>
      <target reference="../../../neuronList/org.simbrain.network.core.Neuron[4]"/>
      <learningRule class="org.simbrain.network.synapse_update_rules.ClampedSynapseRule">
        <clipped>false</clipped>
      </learningRule>
      <id>Synapse_95</id>
      <strength>8.712031687074369</strength>
      <psr>730.7873722488133</psr>
      <increment>1.0</increment>
      <upperBound>10.0</upperBound>
      <lowerBound>-10.0</lowerBound>
      <delay>0</delay>
      <sendWeightedInput>true</sendWeightedInput>
      <frozen>false</frozen>
    </org.simbrain.network.core.Synapse>
    <org.simbrain.network.core.Synapse>
      <parentNetwork reference="../../.."/>
      <source reference="../../../neuronList/org.simbrain.network.core.Neuron[2]"/>
      <target reference="../../../neuronList/org.simbrain.network.core.Neuron[5]"/>
      <learningRule class="org.simbrain.network.synapse_update_rules.ClampedSynapseRule">
        <clipped>false</clipped>
      </learningRule>
      <id>Synapse_96</id>
      <strength>-9.413153122128445</strength>
      <psr>-789.5992211440217</psr>
      <increment>1.0</increment>
      <upperBound>10.0</upperBound>
      <lowerBound>-10.0</lowerBound>
      <delay>0</delay>
      <sendWeightedInput>true</sendWeightedInput>
      <frozen>false</frozen>
    </org.simbrain.network.core.Synapse>
    <org.simbrain.network.core.Synapse>
      <parentNetwork reference="../../.."/>
      <source reference="../../../neuronList/org.simbrain.network.core.Neuron[2]"/>
      <target reference="../../../neuronList/org.simbrain.network.core.Neuron[7]"/>
      <learningRule class="org.simbrain.network.synapse_update_rules.ClampedSynapseRule">
        <clipped>false</clipped>
      </learningRule>
      <id>Synapse_97</id>
      <strength>0.6053152557010719</strength>
      <psr>50.77538293991845</psr>
      <increment>1.0</increment>
      <upperBound>10.0</upperBound>
      <lowerBound>-10.0</lowerBound>
      <delay>0</delay>
      <sendWeightedInput>true</sendWeightedInput>
      <frozen>false</frozen>
    </org.simbrain.network.core.Synapse>
    <org.simbrain.network.core.Synapse>
      <parentNetwork reference="../../.."/>
      <source reference="../../../neuronList/org.simbrain.network.core.Neuron[2]"/>
      <target reference="../../../neuronList/org.simbrain.network.core.Neuron[8]"/>
      <learningRule class="org.simbrain.network.synapse_update_rules.ClampedSynapseRule">
        <clipped>false</clipped>
      </learningRule>
      <id>Synapse_98</id>
      <strength>-0.4043835619414171</strength>
      <psr>-33.92072150635427</psr>
      <increment>1.0</increment>
      <upperBound>10.0</upperBound>
      <lowerBound>-10.0</lowerBound>
      <delay>0</delay>
      <sendWeightedInput>true</sendWeightedInput>
      <frozen>false</frozen>
    </org.simbrain.network.core.Synapse>
    <org.simbrain.network.core.Synapse>
      <parentNetwork reference="../../.."/>
      <source reference="../../../neuronList/org.simbrain.network.core.Neuron[2]"/>
      <target reference="../../../neuronList/org.simbrain.network.core.Neuron"/>
      <learningRule class="org.simbrain.network.synapse_update_rules.ClampedSynapseRule">
        <clipped>false</clipped>
      </learningRule>
      <id>Synapse_99</id>
      <strength>5.944888855371428</strength>
      <psr>498.6723947955557</psr>
      <increment>1.0</increment>
      <upperBound>10.0</upperBound>
      <lowerBound>-10.0</lowerBound>
      <delay>0</delay>
      <sendWeightedInput>true</sendWeightedInput>
      <frozen>false</frozen>
    </org.simbrain.network.core.Synapse>
    <org.simbrain.network.core.Synapse>
      <parentNetwork reference="../../.."/>
      <source reference="../../../neuronList/org.simbrain.network.core.Neuron[4]"/>
      <target reference="../../../neuronList/org.simbrain.network.core.Neuron[6]"/>
      <learningRule class="org.simbrain.network.synapse_update_rules.ClampedSynapseRule">
        <clipped>false</clipped>
      </learningRule>
      <id>Synapse_100</id>
      <strength>-6.5590052818514</strength>
      <psr>-480.4574925075294</psr>
      <increment>1.0</increment>
      <upperBound>10.0</upperBound>
      <lowerBound>-10.0</lowerBound>
      <delay>0</delay>
      <sendWeightedInput>true</sendWeightedInput>
      <frozen>false</frozen>
    </org.simbrain.network.core.Synapse>
    <org.simbrain.network.core.Synapse>
      <parentNetwork reference="../../.."/>
      <source reference="../../../neuronList/org.simbrain.network.core.Neuron[4]"/>
      <target reference="../../../neuronList/org.simbrain.network.core.Neuron[3]"/>
      <learningRule class="org.simbrain.network.synapse_update_rules.ClampedSynapseRule">
        <clipped>false</clipped>
      </learningRule>
      <id>Synapse_101</id>
      <strength>-8.103693082862444</strength>
      <psr>-593.6083127445957</psr>
      <increment>1.0</increment>
      <upperBound>10.0</upperBound>
      <lowerBound>-10.0</lowerBound>
      <delay>0</delay>
      <sendWeightedInput>true</sendWeightedInput>
      <frozen>false</frozen>
    </org.simbrain.network.core.Synapse>
    <org.simbrain.network.core.Synapse>
      <parentNetwork reference="../../.."/>
      <source reference="../../../neuronList/org.simbrain.network.core.Neuron[4]"/>
      <target reference="../../../neuronList/org.simbrain.network.core.Neuron[2]"/>
      <learningRule class="org.simbrain.network.synapse_update_rules.ClampedSynapseRule">
        <clipped>false</clipped>
      </learningRule>
      <id>Synapse_102</id>
      <strength>2.6377038656006064</strength>
      <psr>193.2159726644045</psr>
      <increment>1.0</increment>
      <upperBound>10.0</upperBound>
      <lowerBound>-10.0</lowerBound>
      <delay>0</delay>
      <sendWeightedInput>true</sendWeightedInput>
      <frozen>false</frozen>
    </org.simbrain.network.core.Synapse>
    <org.simbrain.network.core.Synapse>
      <parentNetwork reference="../../.."/>
      <source reference="../../../neuronList/org.simbrain.network.core.Neuron[4]"/>
      <target reference="../../../neuronList/org.simbrain.network.core.Neuron[4]"/>
      <learningRule class="org.simbrain.network.synapse_update_rules.ClampedSynapseRule">
        <clipped>false</clipped>
      </learningRule>
      <id>Synapse_103</id>
      <strength>0.29920954622427587</strength>
      <psr>21.917571664563916</psr>
      <increment>1.0</increment>
      <upperBound>10.0</upperBound>
      <lowerBound>-10.0</lowerBound>
      <delay>0</delay>
      <sendWeightedInput>true</sendWeightedInput>
      <frozen>false</frozen>
    </org.simbrain.network.core.Synapse>
    <org.simbrain.network.core.Synapse>
      <parentNetwork reference="../../.."/>
      <source reference="../../../neuronList/org.simbrain.network.core.Neuron[4]"/>
      <target reference="../../../neuronList/org.simbrain.network.core.Neuron[5]"/>
      <learningRule class="org.simbrain.network.synapse_update_rules.ClampedSynapseRule">
        <clipped>false</clipped>
      </learningRule>
      <id>Synapse_104</id>
      <strength>-2.889452646637986</strength>
      <psr>-211.65696834613155</psr>
      <increment>1.0</increment>
      <upperBound>10.0</upperBound>
      <lowerBound>-10.0</lowerBound>
      <delay>0</delay>
      <sendWeightedInput>true</sendWeightedInput>
      <frozen>false</frozen>
    </org.simbrain.network.core.Synapse>
    <org.simbrain.network.core.Synapse>
      <parentNetwork reference="../../.."/>
      <source reference="../../../neuronList/org.simbrain.network.core.Neuron[4]"/>
      <target reference="../../../neuronList/org.simbrain.network.core.Neuron[7]"/>
      <learningRule class="org.simbrain.network.synapse_update_rules.ClampedSynapseRule">
        <clipped>false</clipped>
      </learningRule>
      <id>Synapse_105</id>
      <strength>-5.275342882773488</strength>
      <psr>-386.42719507909294</psr>
      <increment>1.0</increment>
      <upperBound>10.0</upperBound>
      <lowerBound>-10.0</lowerBound>
      <delay>0</delay>
      <sendWeightedInput>true</sendWeightedInput>
      <frozen>false</frozen>
    </org.simbrain.network.core.Synapse>
    <org.simbrain.network.core.Synapse>
      <parentNetwork reference="../../.."/>
      <source reference="../../../neuronList/org.simbrain.network.core.Neuron[4]"/>
      <target reference="../../../neuronList/org.simbrain.network.core.Neuron[8]"/>
      <learningRule class="org.simbrain.network.synapse_update_rules.ClampedSynapseRule">
        <clipped>false</clipped>
      </learningRule>
      <id>Synapse_106</id>
      <strength>0.3425693474005147</strength>
      <psr>25.093745558859116</psr>
      <increment>1.0</increment>
      <upperBound>10.0</upperBound>
      <lowerBound>-10.0</lowerBound>
      <delay>0</delay>
      <sendWeightedInput>true</sendWeightedInput>
      <frozen>false</frozen>
    </org.simbrain.network.core.Synapse>
    <org.simbrain.network.core.Synapse>
      <parentNetwork reference="../../.."/>
      <source reference="../../../neuronList/org.simbrain.network.core.Neuron[4]"/>
      <target reference="../../../neuronList/org.simbrain.network.core.Neuron"/>
      <learningRule class="org.simbrain.network.synapse_update_rules.ClampedSynapseRule">
        <clipped>false</clipped>
      </learningRule>
      <id>Synapse_107</id>
      <strength>-5.776458367377741</strength>
      <psr>-423.13469550691616</psr>
      <increment>1.0</increment>
      <upperBound>10.0</upperBound>
      <lowerBound>-10.0</lowerBound>
      <delay>0</delay>
      <sendWeightedInput>true</sendWeightedInput>
      <frozen>false</frozen>
    </org.simbrain.network.core.Synapse>
    <org.simbrain.network.core.Synapse>
      <parentNetwork reference="../../.."/>
      <source reference="../../../neuronList/org.simbrain.network.core.Neuron[5]"/>
      <target reference="../../../neuronList/org.simbrain.network.core.Neuron[6]"/>
      <learningRule class="org.simbrain.network.synapse_update_rules.ClampedSynapseRule">
        <clipped>false</clipped>
      </learningRule>
      <id>Synapse_108</id>
      <strength>-1.1017670530529795</strength>
      <psr>-13.584756861065667</psr>
      <increment>1.0</increment>
      <upperBound>10.0</upperBound>
      <lowerBound>-10.0</lowerBound>
      <delay>0</delay>
      <sendWeightedInput>true</sendWeightedInput>
      <frozen>false</frozen>
    </org.simbrain.network.core.Synapse>
    <org.simbrain.network.core.Synapse>
      <parentNetwork reference="../../.."/>
      <source reference="../../../neuronList/org.simbrain.network.core.Neuron[5]"/>
      <target reference="../../../neuronList/org.simbrain.network.core.Neuron[3]"/>
      <learningRule class="org.simbrain.network.synapse_update_rules.ClampedSynapseRule">
        <clipped>false</clipped>
      </learningRule>
      <id>Synapse_109</id>
      <strength>-9.953549704144711</strength>
      <psr>-122.72698866848036</psr>
      <increment>1.0</increment>
      <upperBound>10.0</upperBound>
      <lowerBound>-10.0</lowerBound>
      <delay>0</delay>
      <sendWeightedInput>true</sendWeightedInput>
      <frozen>false</frozen>
    </org.simbrain.network.core.Synapse>
    <org.simbrain.network.core.Synapse>
      <parentNetwork reference="../../.."/>
      <source reference="../../../neuronList/org.simbrain.network.core.Neuron[5]"/>
      <target reference="../../../neuronList/org.simbrain.network.core.Neuron[2]"/>
      <learningRule class="org.simbrain.network.synapse_update_rules.ClampedSynapseRule">
        <clipped>false</clipped>
      </learningRule>
      <id>Synapse_110</id>
      <strength>1.6366079362488613</strength>
      <psr>20.17932994930658</psr>
      <increment>1.0</increment>
      <upperBound>10.0</upperBound>
      <lowerBound>-10.0</lowerBound>
      <delay>0</delay>
      <sendWeightedInput>true</sendWeightedInput>
      <frozen>false</frozen>
    </org.simbrain.network.core.Synapse>
    <org.simbrain.network.core.Synapse>
      <parentNetwork reference="../../.."/>
      <source reference="../../../neuronList/org.simbrain.network.core.Neuron[5]"/>
      <target reference="../../../neuronList/org.simbrain.network.core.Neuron[4]"/>
      <learningRule class="org.simbrain.network.synapse_update_rules.ClampedSynapseRule">
        <clipped>false</clipped>
      </learningRule>
      <id>Synapse_111</id>
      <strength>1.9007093151804906</strength>
      <psr>23.43569254384664</psr>
      <increment>1.0</increment>
      <upperBound>10.0</upperBound>
      <lowerBound>-10.0</lowerBound>
      <delay>0</delay>
      <sendWeightedInput>true</sendWeightedInput>
      <frozen>false</frozen>
    </org.simbrain.network.core.Synapse>
    <org.simbrain.network.core.Synapse>
      <parentNetwork reference="../../.."/>
      <source reference="../../../neuronList/org.simbrain.network.core.Neuron[5]"/>
      <target reference="../../../neuronList/org.simbrain.network.core.Neuron[5]"/>
      <learningRule class="org.simbrain.network.synapse_update_rules.ClampedSynapseRule">
        <clipped>false</clipped>
      </learningRule>
      <id>Synapse_112</id>
      <strength>-6.1136988956519005</strength>
      <psr>-75.38173590239231</psr>
      <increment>1.0</increment>
      <upperBound>10.0</upperBound>
      <lowerBound>-10.0</lowerBound>
      <delay>0</delay>
      <sendWeightedInput>true</sendWeightedInput>
      <frozen>false</frozen>
    </org.simbrain.network.core.Synapse>
    <org.simbrain.network.core.Synapse>
      <parentNetwork reference="../../.."/>
      <source reference="../../../neuronList/org.simbrain.network.core.Neuron[5]"/>
      <target reference="../../../neuronList/org.simbrain.network.core.Neuron[7]"/>
      <learningRule class="org.simbrain.network.synapse_update_rules.ClampedSynapseRule">
        <clipped>false</clipped>
      </learningRule>
      <id>Synapse_113</id>
      <strength>-5.730686842334318</strength>
      <psr>-70.65920802795723</psr>
      <increment>1.0</increment>
      <upperBound>10.0</upperBound>
      <lowerBound>-10.0</lowerBound>
      <delay>0</delay>
      <sendWeightedInput>true</sendWeightedInput>
      <frozen>false</frozen>
    </org.simbrain.network.core.Synapse>
    <org.simbrain.network.core.Synapse>
      <parentNetwork reference="../../.."/>
      <source reference="../../../neuronList/org.simbrain.network.core.Neuron[5]"/>
      <target reference="../../../neuronList/org.simbrain.network.core.Neuron[8]"/>
      <learningRule class="org.simbrain.network.synapse_update_rules.ClampedSynapseRule">
        <clipped>false</clipped>
      </learningRule>
      <id>Synapse_114</id>
      <strength>-2.141202737671728</strength>
      <psr>-26.400969697647955</psr>
      <increment>1.0</increment>
      <upperBound>10.0</upperBound>
      <lowerBound>-10.0</lowerBound>
      <delay>0</delay>
      <sendWeightedInput>true</sendWeightedInput>
      <frozen>false</frozen>
    </org.simbrain.network.core.Synapse>
    <org.simbrain.network.core.Synapse>
      <parentNetwork reference="../../.."/>
      <source reference="../../../neuronList/org.simbrain.network.core.Neuron[5]"/>
      <target reference="../../../neuronList/org.simbrain.network.core.Neuron"/>
      <learningRule class="org.simbrain.network.synapse_update_rules.ClampedSynapseRule">
        <clipped>false</clipped>
      </learningRule>
      <id>Synapse_115</id>
      <strength>2.2657320338075735</strength>
      <psr>27.936412426124388</psr>
      <increment>1.0</increment>
      <upperBound>10.0</upperBound>
      <lowerBound>-10.0</lowerBound>
      <delay>0</delay>
      <sendWeightedInput>true</sendWeightedInput>
      <frozen>false</frozen>
    </org.simbrain.network.core.Synapse>
    <org.simbrain.network.core.Synapse>
      <parentNetwork reference="../../.."/>
      <source reference="../../../neuronList/org.simbrain.network.core.Neuron[7]"/>
      <target reference="../../../neuronList/org.simbrain.network.core.Neuron[6]"/>
      <learningRule class="org.simbrain.network.synapse_update_rules.ClampedSynapseRule">
        <clipped>false</clipped>
      </learningRule>
      <id>Synapse_116</id>
      <strength>4.762008814950686</strength>
      <psr>443.31490324486487</psr>
      <increment>1.0</increment>
      <upperBound>10.0</upperBound>
      <lowerBound>-10.0</lowerBound>
      <delay>0</delay>
      <sendWeightedInput>true</sendWeightedInput>
      <frozen>false</frozen>
    </org.simbrain.network.core.Synapse>
    <org.simbrain.network.core.Synapse>
      <parentNetwork reference="../../.."/>
      <source reference="../../../neuronList/org.simbrain.network.core.Neuron[7]"/>
      <target reference="../../../neuronList/org.simbrain.network.core.Neuron[3]"/>
      <learningRule class="org.simbrain.network.synapse_update_rules.ClampedSynapseRule">
        <clipped>false</clipped>
      </learningRule>
      <id>Synapse_117</id>
      <strength>-7.8054311624933455</strength>
      <psr>-726.6395538205286</psr>
      <increment>1.0</increment>
      <upperBound>10.0</upperBound>
      <lowerBound>-10.0</lowerBound>
      <delay>0</delay>
      <sendWeightedInput>true</sendWeightedInput>
      <frozen>false</frozen>
    </org.simbrain.network.core.Synapse>
    <org.simbrain.network.core.Synapse>
      <parentNetwork reference="../../.."/>
      <source reference="../../../neuronList/org.simbrain.network.core.Neuron[7]"/>
      <target reference="../../../neuronList/org.simbrain.network.core.Neuron[2]"/>
      <learningRule class="org.simbrain.network.synapse_update_rules.ClampedSynapseRule">
        <clipped>false</clipped>
      </learningRule>
      <id>Synapse_118</id>
      <strength>8.563431211918456</strength>
      <psr>797.2048827874753</psr>
      <increment>1.0</increment>
      <upperBound>10.0</upperBound>
      <lowerBound>-10.0</lowerBound>
      <delay>0</delay>
      <sendWeightedInput>true</sendWeightedInput>
      <frozen>false</frozen>
    </org.simbrain.network.core.Synapse>
    <org.simbrain.network.core.Synapse>
      <parentNetwork reference="../../.."/>
      <source reference="../../../neuronList/org.simbrain.network.core.Neuron[7]"/>
      <target reference="../../../neuronList/org.simbrain.network.core.Neuron[4]"/>
      <learningRule class="org.simbrain.network.synapse_update_rules.ClampedSynapseRule">
        <clipped>false</clipped>
      </learningRule>
      <id>Synapse_119</id>
      <strength>1.682305793891711</strength>
      <psr>156.61273618518126</psr>
      <increment>1.0</increment>
      <upperBound>10.0</upperBound>
      <lowerBound>-10.0</lowerBound>
      <delay>0</delay>
      <sendWeightedInput>true</sendWeightedInput>
      <frozen>false</frozen>
    </org.simbrain.network.core.Synapse>
    <org.simbrain.network.core.Synapse>
      <parentNetwork reference="../../.."/>
      <source reference="../../../neuronList/org.simbrain.network.core.Neuron[7]"/>
      <target reference="../../../neuronList/org.simbrain.network.core.Neuron[5]"/>
      <learningRule class="org.simbrain.network.synapse_update_rules.ClampedSynapseRule">
        <clipped>false</clipped>
      </learningRule>
      <id>Synapse_120</id>
      <strength>-3.2819224483072373</strength>
      <psr>-305.5276017256889</psr>
      <increment>1.0</increment>
      <upperBound>10.0</upperBound>
      <lowerBound>-10.0</lowerBound>
      <delay>0</delay>
      <sendWeightedInput>true</sendWeightedInput>
      <frozen>false</frozen>
    </org.simbrain.network.core.Synapse>
    <org.simbrain.network.core.Synapse>
      <parentNetwork reference="../../.."/>
      <source reference="../../../neuronList/org.simbrain.network.core.Neuron[7]"/>
      <target reference="../../../neuronList/org.simbrain.network.core.Neuron[7]"/>
      <learningRule class="org.simbrain.network.synapse_update_rules.ClampedSynapseRule">
        <clipped>false</clipped>
      </learningRule>
      <id>Synapse_121</id>
      <strength>9.403694504922008</strength>
      <psr>875.4284340057313</psr>
      <increment>1.0</increment>
      <upperBound>10.0</upperBound>
      <lowerBound>-10.0</lowerBound>
      <delay>0</delay>
      <sendWeightedInput>true</sendWeightedInput>
      <frozen>false</frozen>
    </org.simbrain.network.core.Synapse>
    <org.simbrain.network.core.Synapse>
      <parentNetwork reference="../../.."/>
      <source reference="../../../neuronList/org.simbrain.network.core.Neuron[7]"/>
      <target reference="../../../neuronList/org.simbrain.network.core.Neuron[8]"/>
      <learningRule class="org.simbrain.network.synapse_update_rules.ClampedSynapseRule">
        <clipped>false</clipped>
      </learningRule>
      <id>Synapse_122</id>
      <strength>3.4782646558311683</strength>
      <psr>323.805901937583</psr>
      <increment>1.0</increment>
      <upperBound>10.0</upperBound>
      <lowerBound>-10.0</lowerBound>
      <delay>0</delay>
      <sendWeightedInput>true</sendWeightedInput>
      <frozen>false</frozen>
    </org.simbrain.network.core.Synapse>
    <org.simbrain.network.core.Synapse>
      <parentNetwork reference="../../.."/>
      <source reference="../../../neuronList/org.simbrain.network.core.Neuron[7]"/>
      <target reference="../../../neuronList/org.simbrain.network.core.Neuron"/>
      <learningRule class="org.simbrain.network.synapse_update_rules.ClampedSynapseRule">
        <clipped>false</clipped>
      </learningRule>
      <id>Synapse_123</id>
      <strength>-2.349328698189785</strength>
      <psr>-218.7086301181436</psr>
      <increment>1.0</increment>
      <upperBound>10.0</upperBound>
      <lowerBound>-10.0</lowerBound>
      <delay>0</delay>
      <sendWeightedInput>true</sendWeightedInput>
      <frozen>false</frozen>
    </org.simbrain.network.core.Synapse>
    <org.simbrain.network.core.Synapse>
      <parentNetwork reference="../../.."/>
      <source reference="../../../neuronList/org.simbrain.network.core.Neuron[8]"/>
      <target reference="../../../neuronList/org.simbrain.network.core.Neuron[6]"/>
      <learningRule class="org.simbrain.network.synapse_update_rules.ClampedSynapseRule">
        <clipped>false</clipped>
      </learningRule>
      <id>Synapse_124</id>
      <strength>4.6457160017881876</strength>
      <psr>348.4857113925456</psr>
      <increment>1.0</increment>
      <upperBound>10.0</upperBound>
      <lowerBound>-10.0</lowerBound>
      <delay>0</delay>
      <sendWeightedInput>true</sendWeightedInput>
      <frozen>false</frozen>
    </org.simbrain.network.core.Synapse>
    <org.simbrain.network.core.Synapse>
      <parentNetwork reference="../../.."/>
      <source reference="../../../neuronList/org.simbrain.network.core.Neuron[8]"/>
      <target reference="../../../neuronList/org.simbrain.network.core.Neuron[3]"/>
      <learningRule class="org.simbrain.network.synapse_update_rules.ClampedSynapseRule">
        <clipped>false</clipped>
      </learningRule>
      <id>Synapse_125</id>
      <strength>4.546952221446972</strength>
      <psr>341.07721585842825</psr>
      <increment>1.0</increment>
      <upperBound>10.0</upperBound>
      <lowerBound>-10.0</lowerBound>
      <delay>0</delay>
      <sendWeightedInput>true</sendWeightedInput>
      <frozen>false</frozen>
    </org.simbrain.network.core.Synapse>
    <org.simbrain.network.core.Synapse>
      <parentNetwork reference="../../.."/>
      <source reference="../../../neuronList/org.simbrain.network.core.Neuron[8]"/>
      <target reference="../../../neuronList/org.simbrain.network.core.Neuron[2]"/>
      <learningRule class="org.simbrain.network.synapse_update_rules.ClampedSynapseRule">
        <clipped>false</clipped>
      </learningRule>
      <id>Synapse_126</id>
      <strength>3.180199423567709</strength>
      <psr>238.55398351203073</psr>
      <increment>1.0</increment>
      <upperBound>10.0</upperBound>
      <lowerBound>-10.0</lowerBound>
      <delay>0</delay>
      <sendWeightedInput>true</sendWeightedInput>
      <frozen>false</frozen>
    </org.simbrain.network.core.Synapse>
    <org.simbrain.network.core.Synapse>
      <parentNetwork reference="../../.."/>
      <source reference="../../../neuronList/org.simbrain.network.core.Neuron[8]"/>
      <target reference="../../../neuronList/org.simbrain.network.core.Neuron[4]"/>
      <learningRule class="org.simbrain.network.synapse_update_rules.ClampedSynapseRule">
        <clipped>false</clipped>
      </learningRule>
      <id>Synapse_127</id>
      <strength>-3.087166504584702</strength>
      <psr>-231.575372907715</psr>
      <increment>1.0</increment>
      <upperBound>10.0</upperBound>
      <lowerBound>-10.0</lowerBound>
      <delay>0</delay>
      <sendWeightedInput>true</sendWeightedInput>
      <frozen>false</frozen>
    </org.simbrain.network.core.Synapse>
    <org.simbrain.network.core.Synapse>
      <parentNetwork reference="../../.."/>
      <source reference="../../../neuronList/org.simbrain.network.core.Neuron[8]"/>
      <target reference="../../../neuronList/org.simbrain.network.core.Neuron[5]"/>
      <learningRule class="org.simbrain.network.synapse_update_rules.ClampedSynapseRule">
        <clipped>false</clipped>
      </learningRule>
      <id>Synapse_128</id>
      <strength>-2.943152765569814</strength>
      <psr>-220.77257517501113</psr>
      <increment>1.0</increment>
      <upperBound>10.0</upperBound>
      <lowerBound>-10.0</lowerBound>
      <delay>0</delay>
      <sendWeightedInput>true</sendWeightedInput>
      <frozen>false</frozen>
    </org.simbrain.network.core.Synapse>
    <org.simbrain.network.core.Synapse>
      <parentNetwork reference="../../.."/>
      <source reference="../../../neuronList/org.simbrain.network.core.Neuron[8]"/>
      <target reference="../../../neuronList/org.simbrain.network.core.Neuron[7]"/>
      <learningRule class="org.simbrain.network.synapse_update_rules.ClampedSynapseRule">
        <clipped>false</clipped>
      </learningRule>
      <id>Synapse_129</id>
      <strength>-1.2341936678740417</strength>
      <psr>-92.5796708579928</psr>
      <increment>1.0</increment>
      <upperBound>10.0</upperBound>
      <lowerBound>-10.0</lowerBound>
      <delay>0</delay>
      <sendWeightedInput>true</sendWeightedInput>
      <frozen>false</frozen>
    </org.simbrain.network.core.Synapse>
    <org.simbrain.network.core.Synapse>
      <parentNetwork reference="../../.."/>
      <source reference="../../../neuronList/org.simbrain.network.core.Neuron[8]"/>
      <target reference="../../../neuronList/org.simbrain.network.core.Neuron[8]"/>
      <learningRule class="org.simbrain.network.synapse_update_rules.ClampedSynapseRule">
        <clipped>false</clipped>
      </learningRule>
      <id>Synapse_130</id>
      <strength>-8.468975893729025</strength>
      <psr>-635.2771215365909</psr>
      <increment>1.0</increment>
      <upperBound>10.0</upperBound>
      <lowerBound>-10.0</lowerBound>
      <delay>0</delay>
      <sendWeightedInput>true</sendWeightedInput>
      <frozen>false</frozen>
    </org.simbrain.network.core.Synapse>
    <org.simbrain.network.core.Synapse>
      <parentNetwork reference="../../.."/>
      <source reference="../../../neuronList/org.simbrain.network.core.Neuron[8]"/>
      <target reference="../../../neuronList/org.simbrain.network.core.Neuron"/>
      <learningRule class="org.simbrain.network.synapse_update_rules.ClampedSynapseRule">
        <clipped>false</clipped>
      </learningRule>
      <id>Synapse_131</id>
      <strength>6.758453657986184</strength>
      <psr>506.96696268353804</psr>
      <increment>1.0</increment>
      <upperBound>10.0</upperBound>
      <lowerBound>-10.0</lowerBound>
      <delay>0</delay>
      <sendWeightedInput>true</sendWeightedInput>
      <frozen>false</frozen>
    </org.simbrain.network.core.Synapse>
    <org.simbrain.network.core.Synapse>
      <parentNetwork reference="../../.."/>
      <source reference="../../../neuronList/org.simbrain.network.core.Neuron"/>
      <target reference="../../../neuronList/org.simbrain.network.core.Neuron[6]"/>
      <learningRule class="org.simbrain.network.synapse_update_rules.ClampedSynapseRule">
        <clipped>false</clipped>
      </learningRule>
      <id>Synapse_132</id>
      <strength>-2.145182985373535</strength>
      <psr>-194.87032863078502</psr>
      <increment>1.0</increment>
      <upperBound>10.0</upperBound>
      <lowerBound>-10.0</lowerBound>
      <delay>0</delay>
      <sendWeightedInput>true</sendWeightedInput>
      <frozen>false</frozen>
    </org.simbrain.network.core.Synapse>
    <org.simbrain.network.core.Synapse>
      <parentNetwork reference="../../.."/>
      <source reference="../../../neuronList/org.simbrain.network.core.Neuron"/>
      <target reference="../../../neuronList/org.simbrain.network.core.Neuron[3]"/>
      <learningRule class="org.simbrain.network.synapse_update_rules.ClampedSynapseRule">
        <clipped>false</clipped>
      </learningRule>
      <id>Synapse_133</id>
      <strength>-5.355676848660531</strength>
      <psr>-486.51444406129986</psr>
      <increment>1.0</increment>
      <upperBound>10.0</upperBound>
      <lowerBound>-10.0</lowerBound>
      <delay>0</delay>
      <sendWeightedInput>true</sendWeightedInput>
      <frozen>false</frozen>
    </org.simbrain.network.core.Synapse>
    <org.simbrain.network.core.Synapse>
      <parentNetwork reference="../../.."/>
      <source reference="../../../neuronList/org.simbrain.network.core.Neuron"/>
      <target reference="../../../neuronList/org.simbrain.network.core.Neuron[2]"/>
      <learningRule class="org.simbrain.network.synapse_update_rules.ClampedSynapseRule">
        <clipped>false</clipped>
      </learningRule>
      <id>Synapse_134</id>
      <strength>5.851399064739555</strength>
      <psr>531.546290675578</psr>
      <increment>1.0</increment>
      <upperBound>10.0</upperBound>
      <lowerBound>-10.0</lowerBound>
      <delay>0</delay>
      <sendWeightedInput>true</sendWeightedInput>
      <frozen>false</frozen>
    </org.simbrain.network.core.Synapse>
    <org.simbrain.network.core.Synapse>
      <parentNetwork reference="../../.."/>
      <source reference="../../../neuronList/org.simbrain.network.core.Neuron"/>
      <target reference="../../../neuronList/org.simbrain.network.core.Neuron[4]"/>
      <learningRule class="org.simbrain.network.synapse_update_rules.ClampedSynapseRule">
        <clipped>false</clipped>
      </learningRule>
      <id>Synapse_135</id>
      <strength>-9.785866454303074</strength>
      <psr>-888.9568045660025</psr>
      <increment>1.0</increment>
      <upperBound>10.0</upperBound>
      <lowerBound>-10.0</lowerBound>
      <delay>0</delay>
      <sendWeightedInput>true</sendWeightedInput>
      <frozen>false</frozen>
    </org.simbrain.network.core.Synapse>
    <org.simbrain.network.core.Synapse>
      <parentNetwork reference="../../.."/>
      <source reference="../../../neuronList/org.simbrain.network.core.Neuron"/>
      <target reference="../../../neuronList/org.simbrain.network.core.Neuron[5]"/>
      <learningRule class="org.simbrain.network.synapse_update_rules.ClampedSynapseRule">
        <clipped>false</clipped>
      </learningRule>
      <id>Synapse_136</id>
      <strength>-9.36402398706501</strength>
      <psr>-850.63625998701</psr>
      <increment>1.0</increment>
      <upperBound>10.0</upperBound>
      <lowerBound>-10.0</lowerBound>
      <delay>0</delay>
      <sendWeightedInput>true</sendWeightedInput>
      <frozen>false</frozen>
    </org.simbrain.network.core.Synapse>
    <org.simbrain.network.core.Synapse>
      <parentNetwork reference="../../.."/>
      <source reference="../../../neuronList/org.simbrain.network.core.Neuron"/>
      <target reference="../../../neuronList/org.simbrain.network.core.Neuron[7]"/>
      <learningRule class="org.simbrain.network.synapse_update_rules.ClampedSynapseRule">
        <clipped>false</clipped>
      </learningRule>
      <id>Synapse_137</id>
      <strength>2.0448770796090177</strength>
      <psr>185.75845101791256</psr>
      <increment>1.0</increment>
      <upperBound>10.0</upperBound>
      <lowerBound>-10.0</lowerBound>
      <delay>0</delay>
      <sendWeightedInput>true</sendWeightedInput>
      <frozen>false</frozen>
    </org.simbrain.network.core.Synapse>
    <org.simbrain.network.core.Synapse>
      <parentNetwork reference="../../.."/>
      <source reference="../../../neuronList/org.simbrain.network.core.Neuron"/>
      <target reference="../../../neuronList/org.simbrain.network.core.Neuron[8]"/>
      <learningRule class="org.simbrain.network.synapse_update_rules.ClampedSynapseRule">
        <clipped>false</clipped>
      </learningRule>
      <id>Synapse_138</id>
      <strength>2.9211380537458513</strength>
      <psr>265.3587765661982</psr>
      <increment>1.0</increment>
      <upperBound>10.0</upperBound>
      <lowerBound>-10.0</lowerBound>
      <delay>0</delay>
      <sendWeightedInput>true</sendWeightedInput>
      <frozen>false</frozen>
    </org.simbrain.network.core.Synapse>
    <org.simbrain.network.core.Synapse>
      <parentNetwork reference="../../.."/>
      <source reference="../../../neuronList/org.simbrain.network.core.Neuron"/>
      <target reference="../../../neuronList/org.simbrain.network.core.Neuron"/>
      <learningRule class="org.simbrain.network.synapse_update_rules.ClampedSynapseRule">
        <clipped>false</clipped>
      </learningRule>
      <id>Synapse_139</id>
      <strength>6.058855885212623</strength>
      <psr>550.3918525963692</psr>
      <increment>1.0</increment>
      <upperBound>10.0</upperBound>
      <lowerBound>-10.0</lowerBound>
      <delay>0</delay>
      <sendWeightedInput>true</sendWeightedInput>
      <frozen>false</frozen>
    </org.simbrain.network.core.Synapse>
  </synapseList>
  <groupList>
    <org.simbrain.network.groups.NeuronGroup reference="../../synapseList/org.simbrain.network.core.Synapse/target/parentGroup"/>
  </groupList>
  <textList/>
  <updateManager>
    <actionList class="java.util.concurrent.CopyOnWriteArrayList" serialization="custom">
      <java.util.concurrent.CopyOnWriteArrayList>
        <default/>
        <int>2</int>
        <org.simbrain.network.update__actions.BufferedUpdate>
          <network reference="../../../../.."/>
        </org.simbrain.network.update__actions.BufferedUpdate>
        <org.simbrain.network.update__actions.UpdateGroup>
          <group class="org.simbrain.network.groups.NeuronGroup" reference="../../../../../synapseList/org.simbrain.network.core.Synapse/target/parentGroup"/>
        </org.simbrain.network.update__actions.UpdateGroup>
      </java.util.concurrent.CopyOnWriteArrayList>
    </actionList>
    <network reference="../.."/>
  </updateManager>
  <time>0.0</time>
  <timeStep>0.01</timeStep>
  <weightRandomizer>
    <distributionIndex>0</distributionIndex>
    <upperBound>10.0</upperBound>
    <lowerBound>-10.0</lowerBound>
    <mean>0.5</mean>
    <standardDeviation>0.5</standardDeviation>
    <clipping>false</clipping>
    <randomGenerator serialization="custom">
      <java.util.Random>
        <default>
          <seed>137510611094721</seed>
          <nextNextGaussian>0.0</nextNextGaussian>
          <haveNextNextGaussian>false</haveNextNextGaussian>
        </default>
      </java.util.Random>
    </randomGenerator>
  </weightRandomizer>
  <timeType>CONTINUOUS</timeType>
  <clampWeights>false</clampWeights>
  <clampNeurons>false</clampNeurons>
  <prioritySortedNeuronList>
    <org.simbrain.network.core.Neuron reference="../../neuronList/org.simbrain.network.core.Neuron"/>
    <org.simbrain.network.core.Neuron reference="../../neuronList/org.simbrain.network.core.Neuron[2]"/>
    <org.simbrain.network.core.Neuron reference="../../neuronList/org.simbrain.network.core.Neuron[3]"/>
    <org.simbrain.network.core.Neuron reference="../../neuronList/org.simbrain.network.core.Neuron[4]"/>
    <org.simbrain.network.core.Neuron reference="../../neuronList/org.simbrain.network.core.Neuron[5]"/>
    <org.simbrain.network.core.Neuron reference="../../neuronList/org.simbrain.network.core.Neuron[6]"/>
    <org.simbrain.network.core.Neuron reference="../../neuronList/org.simbrain.network.core.Neuron[7]"/>
    <org.simbrain.network.core.Neuron reference="../../neuronList/org.simbrain.network.core.Neuron[8]"/>
  </prioritySortedNeuronList>
  <priorityComparator>
    <outer-class reference="../.."/>
  </priorityComparator>
  <neuronIdGenerator>
    <rootName>Neuron</rootName>
    <index>14</index>
  </neuronIdGenerator>
  <synapseIdGenerator>
    <rootName>Synapse</rootName>
    <index>140</index>
  </synapseIdGenerator>
  <groupIdGenerator>
    <rootName>Group</rootName>
    <index>2</index>
  </groupIdGenerator>
</org.simbrain.network.core.Network>