<org.simbrain.plot.barchart.BarChartModel>
  <dataset serialization="custom">
    <org.jfree.data.general.AbstractDataset>
      <default>
        <group>
          <id>NOID</id>
        </group>
      </default>
    </org.jfree.data.general.AbstractDataset>
    <org.jfree.data.category.DefaultCategoryDataset>
      <default>
        <data>
          <rowKeys>
            <int>1</int>
          </rowKeys>
          <columnKeys>
            <int>1</int>
            <int>2</int>
            <int>3</int>
            <int>4</int>
            <int>5</int>
            <int>6</int>
            <int>7</int>
            <int>8</int>
            <int>0</int>
          </columnKeys>
          <rows>
            <org.jfree.data.DefaultKeyedValues>
              <keys>
                <int>1</int>
                <int>2</int>
                <int>3</int>
                <int>4</int>
                <int>5</int>
                <int>6</int>
                <int>7</int>
                <int>8</int>
                <int>0</int>
              </keys>
              <values>
                <double>83.88254295872777</double>
                <double>9.940342222591708</double>
                <double>73.25157883878262</double>
                <double>12.329971951350801</double>
                <double>84.8756554668292</double>
                <double>93.09409546934148</double>
                <double>75.0122717915623</double>
                <double>0.0</double>
                <double>90.84088861391598</double>
              </values>
              <indexMap>
                <entry>
                  <int>0</int>
                  <int>8</int>
                </entry>
                <entry>
                  <int>1</int>
                  <int>0</int>
                </entry>
                <entry>
                  <int>2</int>
                  <int>1</int>
                </entry>
                <entry>
                  <int>3</int>
                  <int>2</int>
                </entry>
                <entry>
                  <int>4</int>
                  <int>3</int>
                </entry>
                <entry>
                  <int>5</int>
                  <int>4</int>
                </entry>
                <entry>
                  <int>6</int>
                  <int>5</int>
                </entry>
                <entry>
                  <int>7</int>
                  <int>6</int>
                </entry>
                <entry>
                  <int>8</int>
                  <int>7</int>
                </entry>
              </indexMap>
            </org.jfree.data.DefaultKeyedValues>
          </rows>
          <sortRowKeys>false</sortRowKeys>
        </data>
      </default>
    </org.jfree.data.category.DefaultCategoryDataset>
  </dataset>
  <barColor>
    <red>0</red>
    <green>0</green>
    <blue>255</blue>
    <alpha>255</alpha>
  </barColor>
  <autoRange>false</autoRange>
  <upperBound>100.0</upperBound>
  <lowerBound>0.0</lowerBound>
</org.simbrain.plot.barchart.BarChartModel>