<org.simbrain.plot.piechart.PieChartModel>
  <dataset serialization="custom">
    <org.jfree.data.general.AbstractDataset>
      <default>
        <group>
          <id>NOID</id>
        </group>
      </default>
    </org.jfree.data.general.AbstractDataset>
    <org.jfree.data.general.DefaultPieDataset>
      <default>
        <data>
          <keys>
            <int>1</int>
            <int>2</int>
            <int>3</int>
            <int>4</int>
            <int>5</int>
            <int>6</int>
            <int>0</int>
          </keys>
          <values>
            <double>4.62855571328932</double>
            <double>0.5484982472344174</double>
            <double>4.041949633173742</double>
            <double>0.6803556509749782</double>
            <double>4.683354678737633</double>
            <double>1.0</double>
            <double>5.012510340811877</double>
          </values>
          <indexMap>
            <entry>
              <int>0</int>
              <int>6</int>
            </entry>
            <entry>
              <int>1</int>
              <int>0</int>
            </entry>
            <entry>
              <int>2</int>
              <int>1</int>
            </entry>
            <entry>
              <int>3</int>
              <int>2</int>
            </entry>
            <entry>
              <int>4</int>
              <int>3</int>
            </entry>
            <entry>
              <int>5</int>
              <int>4</int>
            </entry>
            <entry>
              <int>6</int>
              <int>5</int>
            </entry>
          </indexMap>
        </data>
      </default>
    </org.jfree.data.general.DefaultPieDataset>
  </dataset>
  <total>20.59522426422197</total>
</org.simbrain.plot.piechart.PieChartModel>