<org.simbrain.plot.scatterplot.ScatterPlotModel>
  <dataset serialization="custom">
    <org.jfree.data.general.AbstractDataset>
      <default>
        <group>
          <id>NOID</id>
        </group>
      </default>
    </org.jfree.data.general.AbstractDataset>
    <org.jfree.data.xy.XYSeriesCollection>
      <default>
        <data>
          <org.jfree.data.xy.XYSeries>
            <key class="int">1</key>
            <listeners serialization="custom">
              <javax.swing.event.EventListenerList>
                <default/>
                <string>org.jfree.data.general.SeriesChangeListener</string>
                <org.jfree.data.xy.XYSeriesCollection reference="../../../../../../.."/>
                <null/>
              </javax.swing.event.EventListenerList>
            </listeners>
            <propertyChangeSupport serialization="custom">
              <java.beans.PropertyChangeSupport>
                <default>
                  <source class="org.jfree.data.xy.XYSeries" reference="../../../.."/>
                  <propertyChangeSupportSerializedDataVersion>2</propertyChangeSupportSerializedDataVersion>
                </default>
                <null/>
              </java.beans.PropertyChangeSupport>
            </propertyChangeSupport>
            <vetoableChangeSupport serialization="custom">
              <java.beans.VetoableChangeSupport>
                <default>
                  <source class="org.jfree.data.xy.XYSeries" reference="../../../.."/>
                  <vetoableChangeSupportSerializedDataVersion>2</vetoableChangeSupportSerializedDataVersion>
                </default>
                <org.jfree.data.xy.XYSeriesCollection reference="../../../../../../.."/>
                <null/>
              </java.beans.VetoableChangeSupport>
            </vetoableChangeSupport>
            <notify>true</notify>
            <data>
              <org.jfree.data.xy.XYDataItem>
                <x class="double">90.84088861391598</x>
                <y class="double">83.88254295872777</y>
              </org.jfree.data.xy.XYDataItem>
            </data>
            <maximumItemCount>2147483647</maximumItemCount>
            <autoSort>true</autoSort>
            <allowDuplicateXValues>true</allowDuplicateXValues>
            <minX>90.84088861391598</minX>
            <maxX>90.84088861391598</maxX>
            <minY>83.88254295872777</minY>
            <maxY>83.88254295872777</maxY>
          </org.jfree.data.xy.XYSeries>
          <org.jfree.data.xy.XYSeries>
            <key class="int">2</key>
            <listeners serialization="custom">
              <javax.swing.event.EventListenerList>
                <default/>
                <string>org.jfree.data.general.SeriesChangeListener</string>
                <org.jfree.data.xy.XYSeriesCollection reference="../../../../../../.."/>
                <null/>
              </javax.swing.event.EventListenerList>
            </listeners>
            <propertyChangeSupport serialization="custom">
              <java.beans.PropertyChangeSupport>
                <default>
                  <source class="org.jfree.data.xy.XYSeries" reference="../../../.."/>
                  <propertyChangeSupportSerializedDataVersion>2</propertyChangeSupportSerializedDataVersion>
                </default>
                <null/>
              </java.beans.PropertyChangeSupport>
            </propertyChangeSupport>
            <vetoableChangeSupport serialization="custom">
              <java.beans.VetoableChangeSupport>
                <default>
                  <source class="org.jfree.data.xy.XYSeries" reference="../../../.."/>
                  <vetoableChangeSupportSerializedDataVersion>2</vetoableChangeSupportSerializedDataVersion>
                </default>
                <org.jfree.data.xy.XYSeriesCollection reference="../../../../../../.."/>
                <null/>
              </java.beans.VetoableChangeSupport>
            </vetoableChangeSupport>
            <notify>true</notify>
            <data>
              <org.jfree.data.xy.XYDataItem>
                <x class="double">9.940342222591708</x>
                <y class="double">73.25157883878262</y>
              </org.jfree.data.xy.XYDataItem>
            </data>
            <maximumItemCount>2147483647</maximumItemCount>
            <autoSort>true</autoSort>
            <allowDuplicateXValues>true</allowDuplicateXValues>
            <minX>9.940342222591708</minX>
            <maxX>9.940342222591708</maxX>
            <minY>73.25157883878262</minY>
            <maxY>73.25157883878262</maxY>
          </org.jfree.data.xy.XYSeries>
          <org.jfree.data.xy.XYSeries>
            <key class="int">3</key>
            <listeners serialization="custom">
              <javax.swing.event.EventListenerList>
                <default/>
                <string>org.jfree.data.general.SeriesChangeListener</string>
                <org.jfree.data.xy.XYSeriesCollection reference="../../../../../../.."/>
                <null/>
              </javax.swing.event.EventListenerList>
            </listeners>
            <propertyChangeSupport serialization="custom">
              <java.beans.PropertyChangeSupport>
                <default>
                  <source class="org.jfree.data.xy.XYSeries" reference="../../../.."/>
                  <propertyChangeSupportSerializedDataVersion>2</propertyChangeSupportSerializedDataVersion>
                </default>
                <null/>
              </java.beans.PropertyChangeSupport>
            </propertyChangeSupport>
            <vetoableChangeSupport serialization="custom">
              <java.beans.VetoableChangeSupport>
                <default>
                  <source class="org.jfree.data.xy.XYSeries" reference="../../../.."/>
                  <vetoableChangeSupportSerializedDataVersion>2</vetoableChangeSupportSerializedDataVersion>
                </default>
                <org.jfree.data.xy.XYSeriesCollection reference="../../../../../../.."/>
                <null/>
              </java.beans.VetoableChangeSupport>
            </vetoableChangeSupport>
            <notify>true</notify>
            <data>
              <org.jfree.data.xy.XYDataItem>
                <x class="double">12.329971951350801</x>
                <y class="double">84.8756554668292</y>
              </org.jfree.data.xy.XYDataItem>
            </data>
            <maximumItemCount>2147483647</maximumItemCount>
            <autoSort>true</autoSort>
            <allowDuplicateXValues>true</allowDuplicateXValues>
            <minX>12.329971951350801</minX>
            <maxX>12.329971951350801</maxX>
            <minY>84.8756554668292</minY>
            <maxY>84.8756554668292</maxY>
          </org.jfree.data.xy.XYSeries>
          <org.jfree.data.xy.XYSeries>
            <key class="int">4</key>
            <listeners serialization="custom">
              <javax.swing.event.EventListenerList>
                <default/>
                <string>org.jfree.data.general.SeriesChangeListener</string>
                <org.jfree.data.xy.XYSeriesCollection reference="../../../../../../.."/>
                <null/>
              </javax.swing.event.EventListenerList>
            </listeners>
            <propertyChangeSupport serialization="custom">
              <java.beans.PropertyChangeSupport>
                <default>
                  <source class="org.jfree.data.xy.XYSeries" reference="../../../.."/>
                  <propertyChangeSupportSerializedDataVersion>2</propertyChangeSupportSerializedDataVersion>
                </default>
                <null/>
              </java.beans.PropertyChangeSupport>
            </propertyChangeSupport>
            <vetoableChangeSupport serialization="custom">
              <java.beans.VetoableChangeSupport>
                <default>
                  <source class="org.jfree.data.xy.XYSeries" reference="../../../.."/>
                  <vetoableChangeSupportSerializedDataVersion>2</vetoableChangeSupportSerializedDataVersion>
                </default>
                <org.jfree.data.xy.XYSeriesCollection reference="../../../../../../.."/>
                <null/>
              </java.beans.VetoableChangeSupport>
            </vetoableChangeSupport>
            <notify>true</notify>
            <data>
              <org.jfree.data.xy.XYDataItem>
                <x class="double">93.09409546934148</x>
                <y class="double">75.0122717915623</y>
              </org.jfree.data.xy.XYDataItem>
            </data>
            <maximumItemCount>2147483647</maximumItemCount>
            <autoSort>true</autoSort>
            <allowDuplicateXValues>true</allowDuplicateXValues>
            <minX>93.09409546934148</minX>
            <maxX>93.09409546934148</maxX>
            <minY>75.0122717915623</minY>
            <maxY>75.0122717915623</maxY>
          </org.jfree.data.xy.XYSeries>
          <org.jfree.data.xy.XYSeries>
            <key class="int">5</key>
            <listeners serialization="custom">
              <javax.swing.event.EventListenerList>
                <default/>
                <string>org.jfree.data.general.SeriesChangeListener</string>
                <org.jfree.data.xy.XYSeriesCollection reference="../../../../../../.."/>
                <null/>
              </javax.swing.event.EventListenerList>
            </listeners>
            <propertyChangeSupport serialization="custom">
              <java.beans.PropertyChangeSupport>
                <default>
                  <source class="org.jfree.data.xy.XYSeries" reference="../../../.."/>
                  <propertyChangeSupportSerializedDataVersion>2</propertyChangeSupportSerializedDataVersion>
                </default>
                <null/>
              </java.beans.PropertyChangeSupport>
            </propertyChangeSupport>
            <vetoableChangeSupport serialization="custom">
              <java.beans.VetoableChangeSupport>
                <default>
                  <source class="org.jfree.data.xy.XYSeries" reference="../../../.."/>
                  <vetoableChangeSupportSerializedDataVersion>2</vetoableChangeSupportSerializedDataVersion>
                </default>
                <org.jfree.data.xy.XYSeriesCollection reference="../../../../../../.."/>
                <null/>
              </java.beans.VetoableChangeSupport>
            </vetoableChangeSupport>
            <notify>true</notify>
            <data>
              <org.jfree.data.xy.XYDataItem>
                <x class="double">0.0</x>
                <y class="double">0.0</y>
              </org.jfree.data.xy.XYDataItem>
            </data>
            <maximumItemCount>2147483647</maximumItemCount>
            <autoSort>true</autoSort>
            <allowDuplicateXValues>true</allowDuplicateXValues>
            <minX>0.0</minX>
            <maxX>0.0</maxX>
            <minY>0.0</minY>
            <maxY>0.0</maxY>
          </org.jfree.data.xy.XYSeries>
        </data>
        <intervalDelegate>
          <dataset class="org.jfree.data.xy.XYSeriesCollection" reference="../../../.."/>
          <autoWidth>false</autoWidth>
          <intervalPositionFactor>0.5</intervalPositionFactor>
          <fixedIntervalWidth>1.0</fixedIntervalWidth>
          <autoIntervalWidth>Infinity</autoIntervalWidth>
        </intervalDelegate>
      </default>
    </org.jfree.data.xy.XYSeriesCollection>
  </dataset>
  <showHistory>false</showHistory>
  <autoDomain>true</autoDomain>
  <autoRange>true</autoRange>
  <upperRangeBoundary>10.0</upperRangeBoundary>
  <lowerRangeBoundary>0.0</lowerRangeBoundary>
  <upperDomainBoundary>10.0</upperDomainBoundary>
  <lowerDomainBoundary>0.0</lowerDomainBoundary>
  <dotSize>5</dotSize>
  <chartSeriesPaint class="linked-list">
    <awt-color>
      <red>255</red>
      <green>0</green>
      <blue>0</blue>
      <alpha>255</alpha>
    </awt-color>
    <awt-color>
      <red>0</red>
      <green>0</green>
      <blue>255</blue>
      <alpha>255</alpha>
    </awt-color>
    <awt-color>
      <red>0</red>
      <green>255</green>
      <blue>0</blue>
      <alpha>255</alpha>
    </awt-color>
    <awt-color>
      <red>255</red>
      <green>255</green>
      <blue>0</blue>
      <alpha>255</alpha>
    </awt-color>
    <awt-color>
      <red>255</red>
      <green>175</green>
      <blue>175</blue>
      <alpha>255</alpha>
    </awt-color>
  </chartSeriesPaint>
</org.simbrain.plot.scatterplot.ScatterPlotModel>