<org.simbrain.plot.histogram.HistogramModel>
  <data>
    <double-array>
      <double>0.0</double>
      <double>0.0</double>
      <double>0.0</double>
      <double>10.0</double>
      <double>10.0</double>
    </double-array>
    <double-array>
      <double>0.0</double>
    </double-array>
    <double-array>
      <double>0.0</double>
    </double-array>
    <double-array>
      <double>0.0</double>
    </double-array>
  </data>
  <dataSet serialization="custom">
    <org.jfree.data.general.AbstractDataset>
      <default>
        <group>
          <id>NOID</id>
        </group>
      </default>
    </org.jfree.data.general.AbstractDataset>
    <org.simbrain.plot.histogram.OverwritableHistogramDataset>
      <default>
        <list>
          <map>
            <entry>
              <string>bin width</string>
              <double>0.6666666666666666</double>
            </entry>
            <entry>
              <string>bins</string>
              <list>
                <org.jfree.data.statistics.HistogramBin>
                  <count>3</count>
                  <startBoundary>0.0</startBoundary>
                  <endBoundary>0.6666666666666666</endBoundary>
                </org.jfree.data.statistics.HistogramBin>
                <org.jfree.data.statistics.HistogramBin>
                  <count>0</count>
                  <startBoundary>0.6666666666666666</startBoundary>
                  <endBoundary>1.3333333333333333</endBoundary>
                </org.jfree.data.statistics.HistogramBin>
                <org.jfree.data.statistics.HistogramBin>
                  <count>0</count>
                  <startBoundary>1.3333333333333333</startBoundary>
                  <endBoundary>2.0</endBoundary>
                </org.jfree.data.statistics.HistogramBin>
                <org.jfree.data.statistics.HistogramBin>
                  <count>0</count>
                  <startBoundary>2.0</startBoundary>
                  <endBoundary>2.6666666666666665</endBoundary>
                </org.jfree.data.statistics.HistogramBin>
                <org.jfree.data.statistics.HistogramBin>
                  <count>0</count>
                  <startBoundary>2.6666666666666665</startBoundary>
                  <endBoundary>3.333333333333333</endBoundary>
                </org.jfree.data.statistics.HistogramBin>
                <org.jfree.data.statistics.HistogramBin>
                  <count>0</count>
                  <startBoundary>3.333333333333333</startBoundary>
                  <endBoundary>4.0</endBoundary>
                </org.jfree.data.statistics.HistogramBin>
                <org.jfree.data.statistics.HistogramBin>
                  <count>0</count>
                  <startBoundary>4.0</startBoundary>
                  <endBoundary>4.666666666666666</endBoundary>
                </org.jfree.data.statistics.HistogramBin>
                <org.jfree.data.statistics.HistogramBin>
                  <count>0</count>
                  <startBoundary>4.666666666666666</startBoundary>
                  <endBoundary>5.333333333333333</endBoundary>
                </org.jfree.data.statistics.HistogramBin>
                <org.jfree.data.statistics.HistogramBin>
                  <count>0</count>
                  <startBoundary>5.333333333333333</startBoundary>
                  <endBoundary>6.0</endBoundary>
                </org.jfree.data.statistics.HistogramBin>
                <org.jfree.data.statistics.HistogramBin>
                  <count>0</count>
                  <startBoundary>6.0</startBoundary>
                  <endBoundary>6.666666666666666</endBoundary>
                </org.jfree.data.statistics.HistogramBin>
                <org.jfree.data.statistics.HistogramBin>
                  <count>0</count>
                  <startBoundary>6.666666666666666</startBoundary>
                  <endBoundary>7.333333333333333</endBoundary>
                </org.jfree.data.statistics.HistogramBin>
                <org.jfree.data.statistics.HistogramBin>
                  <count>0</count>
                  <startBoundary>7.333333333333333</startBoundary>
                  <endBoundary>8.0</endBoundary>
                </org.jfree.data.statistics.HistogramBin>
                <org.jfree.data.statistics.HistogramBin>
                  <count>0</count>
                  <startBoundary>8.0</startBoundary>
                  <endBoundary>8.666666666666666</endBoundary>
                </org.jfree.data.statistics.HistogramBin>
                <org.jfree.data.statistics.HistogramBin>
                  <count>0</count>
                  <startBoundary>8.666666666666666</startBoundary>
                  <endBoundary>9.333333333333332</endBoundary>
                </org.jfree.data.statistics.HistogramBin>
                <org.jfree.data.statistics.HistogramBin>
                  <count>2</count>
                  <startBoundary>9.333333333333332</startBoundary>
                  <endBoundary>10.0</endBoundary>
                </org.jfree.data.statistics.HistogramBin>
              </list>
            </entry>
            <entry>
              <string>key</string>
              <string>Hist 1</string>
            </entry>
            <entry>
              <string>values.length</string>
              <int>5</int>
            </entry>
          </map>
          <map>
            <entry>
              <string>bin width</string>
              <double>0.0</double>
            </entry>
            <entry>
              <string>bins</string>
              <list>
                <org.jfree.data.statistics.HistogramBin>
                  <count>0</count>
                  <startBoundary>0.0</startBoundary>
                  <endBoundary>0.0</endBoundary>
                </org.jfree.data.statistics.HistogramBin>
                <org.jfree.data.statistics.HistogramBin>
                  <count>0</count>
                  <startBoundary>0.0</startBoundary>
                  <endBoundary>0.0</endBoundary>
                </org.jfree.data.statistics.HistogramBin>
                <org.jfree.data.statistics.HistogramBin>
                  <count>0</count>
                  <startBoundary>0.0</startBoundary>
                  <endBoundary>0.0</endBoundary>
                </org.jfree.data.statistics.HistogramBin>
                <org.jfree.data.statistics.HistogramBin>
                  <count>0</count>
                  <startBoundary>0.0</startBoundary>
                  <endBoundary>0.0</endBoundary>
                </org.jfree.data.statistics.HistogramBin>
                <org.jfree.data.statistics.HistogramBin>
                  <count>0</count>
                  <startBoundary>0.0</startBoundary>
                  <endBoundary>0.0</endBoundary>
                </org.jfree.data.statistics.HistogramBin>
                <org.jfree.data.statistics.HistogramBin>
                  <count>0</count>
                  <startBoundary>0.0</startBoundary>
                  <endBoundary>0.0</endBoundary>
                </org.jfree.data.statistics.HistogramBin>
                <org.jfree.data.statistics.HistogramBin>
                  <count>0</count>
                  <startBoundary>0.0</startBoundary>
                  <endBoundary>0.0</endBoundary>
                </org.jfree.data.statistics.HistogramBin>
                <org.jfree.data.statistics.HistogramBin>
                  <count>0</count>
                  <startBoundary>0.0</startBoundary>
                  <endBoundary>0.0</endBoundary>
                </org.jfree.data.statistics.HistogramBin>
                <org.jfree.data.statistics.HistogramBin>
                  <count>0</count>
                  <startBoundary>0.0</startBoundary>
                  <endBoundary>0.0</endBoundary>
                </org.jfree.data.statistics.HistogramBin>
                <org.jfree.data.statistics.HistogramBin>
                  <count>0</count>
                  <startBoundary>0.0</startBoundary>
                  <endBoundary>0.0</endBoundary>
                </org.jfree.data.statistics.HistogramBin>
                <org.jfree.data.statistics.HistogramBin>
                  <count>0</count>
                  <startBoundary>0.0</startBoundary>
                  <endBoundary>0.0</endBoundary>
                </org.jfree.data.statistics.HistogramBin>
                <org.jfree.data.statistics.HistogramBin>
                  <count>0</count>
                  <startBoundary>0.0</startBoundary>
                  <endBoundary>0.0</endBoundary>
                </org.jfree.data.statistics.HistogramBin>
                <org.jfree.data.statistics.HistogramBin>
                  <count>0</count>
                  <startBoundary>0.0</startBoundary>
                  <endBoundary>0.0</endBoundary>
                </org.jfree.data.statistics.HistogramBin>
                <org.jfree.data.statistics.HistogramBin>
                  <count>0</count>
                  <startBoundary>0.0</startBoundary>
                  <endBoundary>0.0</endBoundary>
                </org.jfree.data.statistics.HistogramBin>
                <org.jfree.data.statistics.HistogramBin>
                  <count>1</count>
                  <startBoundary>0.0</startBoundary>
                  <endBoundary>0.0</endBoundary>
                </org.jfree.data.statistics.HistogramBin>
              </list>
            </entry>
            <entry>
              <string>key</string>
              <string>Hist 2</string>
            </entry>
            <entry>
              <string>values.length</string>
              <int>1</int>
            </entry>
          </map>
          <map>
            <entry>
              <string>bin width</string>
              <double>0.0</double>
            </entry>
            <entry>
              <string>bins</string>
              <list>
                <org.jfree.data.statistics.HistogramBin>
                  <count>0</count>
                  <startBoundary>0.0</startBoundary>
                  <endBoundary>0.0</endBoundary>
                </org.jfree.data.statistics.HistogramBin>
                <org.jfree.data.statistics.HistogramBin>
                  <count>0</count>
                  <startBoundary>0.0</startBoundary>
                  <endBoundary>0.0</endBoundary>
                </org.jfree.data.statistics.HistogramBin>
                <org.jfree.data.statistics.HistogramBin>
                  <count>0</count>
                  <startBoundary>0.0</startBoundary>
                  <endBoundary>0.0</endBoundary>
                </org.jfree.data.statistics.HistogramBin>
                <org.jfree.data.statistics.HistogramBin>
                  <count>0</count>
                  <startBoundary>0.0</startBoundary>
                  <endBoundary>0.0</endBoundary>
                </org.jfree.data.statistics.HistogramBin>
                <org.jfree.data.statistics.HistogramBin>
                  <count>0</count>
                  <startBoundary>0.0</startBoundary>
                  <endBoundary>0.0</endBoundary>
                </org.jfree.data.statistics.HistogramBin>
                <org.jfree.data.statistics.HistogramBin>
                  <count>0</count>
                  <startBoundary>0.0</startBoundary>
                  <endBoundary>0.0</endBoundary>
                </org.jfree.data.statistics.HistogramBin>
                <org.jfree.data.statistics.HistogramBin>
                  <count>0</count>
                  <startBoundary>0.0</startBoundary>
                  <endBoundary>0.0</endBoundary>
                </org.jfree.data.statistics.HistogramBin>
                <org.jfree.data.statistics.HistogramBin>
                  <count>0</count>
                  <startBoundary>0.0</startBoundary>
                  <endBoundary>0.0</endBoundary>
                </org.jfree.data.statistics.HistogramBin>
                <org.jfree.data.statistics.HistogramBin>
                  <count>0</count>
                  <startBoundary>0.0</startBoundary>
                  <endBoundary>0.0</endBoundary>
                </org.jfree.data.statistics.HistogramBin>
                <org.jfree.data.statistics.HistogramBin>
                  <count>0</count>
                  <startBoundary>0.0</startBoundary>
                  <endBoundary>0.0</endBoundary>
                </org.jfree.data.statistics.HistogramBin>
                <org.jfree.data.statistics.HistogramBin>
                  <count>0</count>
                  <startBoundary>0.0</startBoundary>
                  <endBoundary>0.0</endBoundary>
                </org.jfree.data.statistics.HistogramBin>
                <org.jfree.data.statistics.HistogramBin>
                  <count>0</count>
                  <startBoundary>0.0</startBoundary>
                  <endBoundary>0.0</endBoundary>
                </org.jfree.data.statistics.HistogramBin>
                <org.jfree.data.statistics.HistogramBin>
                  <count>0</count>
                  <startBoundary>0.0</startBoundary>
                  <endBoundary>0.0</endBoundary>
                </org.jfree.data.statistics.HistogramBin>
                <org.jfree.data.statistics.HistogramBin>
                  <count>0</count>
                  <startBoundary>0.0</startBoundary>
                  <endBoundary>0.0</endBoundary>
                </org.jfree.data.statistics.HistogramBin>
                <org.jfree.data.statistics.HistogramBin>
                  <count>1</count>
                  <startBoundary>0.0</startBoundary>
                  <endBoundary>0.0</endBoundary>
                </org.jfree.data.statistics.HistogramBin>
              </list>
            </entry>
            <entry>
              <string>key</string>
              <string>Hist 3</string>
            </entry>
            <entry>
              <string>values.length</string>
              <int>1</int>
            </entry>
          </map>
          <map>
            <entry>
              <string>bin width</string>
              <double>0.0</double>
            </entry>
            <entry>
              <string>bins</string>
              <list>
                <org.jfree.data.statistics.HistogramBin>
                  <count>0</count>
                  <startBoundary>0.0</startBoundary>
                  <endBoundary>0.0</endBoundary>
                </org.jfree.data.statistics.HistogramBin>
                <org.jfree.data.statistics.HistogramBin>
                  <count>0</count>
                  <startBoundary>0.0</startBoundary>
                  <endBoundary>0.0</endBoundary>
                </org.jfree.data.statistics.HistogramBin>
                <org.jfree.data.statistics.HistogramBin>
                  <count>0</count>
                  <startBoundary>0.0</startBoundary>
                  <endBoundary>0.0</endBoundary>
                </org.jfree.data.statistics.HistogramBin>
                <org.jfree.data.statistics.HistogramBin>
                  <count>0</count>
                  <startBoundary>0.0</startBoundary>
                  <endBoundary>0.0</endBoundary>
                </org.jfree.data.statistics.HistogramBin>
                <org.jfree.data.statistics.HistogramBin>
                  <count>0</count>
                  <startBoundary>0.0</startBoundary>
                  <endBoundary>0.0</endBoundary>
                </org.jfree.data.statistics.HistogramBin>
                <org.jfree.data.statistics.HistogramBin>
                  <count>0</count>
                  <startBoundary>0.0</startBoundary>
                  <endBoundary>0.0</endBoundary>
                </org.jfree.data.statistics.HistogramBin>
                <org.jfree.data.statistics.HistogramBin>
                  <count>0</count>
                  <startBoundary>0.0</startBoundary>
                  <endBoundary>0.0</endBoundary>
                </org.jfree.data.statistics.HistogramBin>
                <org.jfree.data.statistics.HistogramBin>
                  <count>0</count>
                  <startBoundary>0.0</startBoundary>
                  <endBoundary>0.0</endBoundary>
                </org.jfree.data.statistics.HistogramBin>
                <org.jfree.data.statistics.HistogramBin>
                  <count>0</count>
                  <startBoundary>0.0</startBoundary>
                  <endBoundary>0.0</endBoundary>
                </org.jfree.data.statistics.HistogramBin>
                <org.jfree.data.statistics.HistogramBin>
                  <count>0</count>
                  <startBoundary>0.0</startBoundary>
                  <endBoundary>0.0</endBoundary>
                </org.jfree.data.statistics.HistogramBin>
                <org.jfree.data.statistics.HistogramBin>
                  <count>0</count>
                  <startBoundary>0.0</startBoundary>
                  <endBoundary>0.0</endBoundary>
                </org.jfree.data.statistics.HistogramBin>
                <org.jfree.data.statistics.HistogramBin>
                  <count>0</count>
                  <startBoundary>0.0</startBoundary>
                  <endBoundary>0.0</endBoundary>
                </org.jfree.data.statistics.HistogramBin>
                <org.jfree.data.statistics.HistogramBin>
                  <count>0</count>
                  <startBoundary>0.0</startBoundary>
                  <endBoundary>0.0</endBoundary>
                </org.jfree.data.statistics.HistogramBin>
                <org.jfree.data.statistics.HistogramBin>
                  <count>0</count>
                  <startBoundary>0.0</startBoundary>
                  <endBoundary>0.0</endBoundary>
                </org.jfree.data.statistics.HistogramBin>
                <org.jfree.data.statistics.HistogramBin>
                  <count>1</count>
                  <startBoundary>0.0</startBoundary>
                  <endBoundary>0.0</endBoundary>
                </org.jfree.data.statistics.HistogramBin>
              </list>
            </entry>
            <entry>
              <string>key</string>
              <string>Hist 4</string>
            </entry>
            <entry>
              <string>values.length</string>
              <int>1</int>
            </entry>
          </map>
        </list>
        <type>
          <name>FREQUENCY</name>
        </type>
      </default>
    </org.simbrain.plot.histogram.OverwritableHistogramDataset>
  </dataSet>
  <dataNames>
    <string>Hist 1</string>
    <string>Hist 2</string>
    <string>Hist 3</string>
    <string>Hist 4</string>
  </dataNames>
  <bins>15</bins>
  <sortedFlag>false</sortedFlag>
</org.simbrain.plot.histogram.HistogramModel>