<html>
<body>
<b>Chart Demo</b>
<br>
Shows how most of the charts work.  All plots represent activation of the loose neurons in the network.   The histogram represents activation of the neuron group above.
<br>
<br>
<b> Suggested use </b>
<br>
Suggest pressing play, then tweaking the weights and activations in the neuron.  Press "N" then "R" to change activations only; Press "a" then "r" to change both weights
and activations.  Or select the wand tool and pass it over the neurons.
</body>
</html>
