<html>
<body>
I created an IAC network to model a person's conceptual understanding of the various games within my household. I have four pools. The first group descibes the owner of the various games, the second describes the type of game, the third which describes the number of players each game can play, and lastly approximately how long each game will take to play at minimum.
<br><br>
I used 6 general concepts to describe the types of games. Deck building game refers to a type of play in which your hand/deck is created by purchasing or gaining cards within the game. Living Card Game refers to a game that comes with a set number of decks, but will add decks or cards later as "expansions". Strategy games are games whose overall objective is to win through certain tactics and cooperative games are based on a certain player vs. game type mechanic.

<br><br>

I conducted several experiments regarding my simulation and found the following:
<br><br>
1. When I activated the Alivia node and ran the network, it responded at first with the correct number of games relating to myself, however after further activation of the network, would drop those that did not share the strong characteristics of "my" games. The network decided that I am most related to party games that play 2-6 players in under 30 minutes, and thus only own/play Palabra, Phase 10, Unstable Unicorns and Yogi, despite also owning 5 others that do not fit this description.
<br><br>
2. The similar thing happened when I activated the Blake node. All the corresponding games relating to Blake activated only once however, before the network "learned" what games Blake was associated with. After 100 iterations, the network descided that Blake is related to party and strategy games that are able to play 2-6 players in a minimum of 30 minutes or more. He is most related to Cards Against Humanity, Dominos, Medieval Mastery, Sheriff of Nottingham, and Superfight.
<br><br>
3. When the Keddoe node was activated, again, the proper games associated with Keddoe were activated once before the network continued to learn and decided that the games most associated with Keddoe were party games or strategy games that can play 2-4 or 2-6 players in 30 minutes or more. He is most related to Ascendants of Aetheros, Karate Fight, Tentacle Bento and Three Dragon Ante.
<br><br>
I found it initially facinating that while the neural network was rather accurate in regards to the types of games I play (I do infact like playing quick games that can accomodate a larger amount of people despite also owning some games that don't), it wasn't as accurate for Blake and Keddoe. By their own admission, Keddoe likes playing Deck building type games and Blake loves to play strategy games that tend to take longer to play (meaning 60 or more minutes or 120 or more minutes). However, after taking into consideration that the neural network I created doesn't take into account how often one plays certain games over others (Keddoe has explained that he hasn't actually played Three Dragon Ante in a few years), I can understand why the network learned the way it did since it is taking into account all of the games that are associated with the person, and then taking into account the similar characteristics within that category.
<br><br>
(Alivia Harris, COGS 110, Spring 2018)

</body>
</html>
