<Workspace>
  <archivedComponents>
    <Component>
      <className>org.simbrain.network.NetworkComponent</className>
      <name>Network1</name>
      <uri>components/0_Network1.xml</uri>
      <id>0</id>
      <format>xml</format>
      <desktopComponent>
        <className>org.simbrain.network.desktop.NetworkDesktopComponent</className>
        <uri>guis/0_Network1.xml</uri>
        <format>xml</format>
      </desktopComponent>
    </Component>
    <Component>
      <className>org.simbrain.world.textworld.ReaderComponent</className>
      <name>Reader1</name>
      <uri>components/1_Reader1.xml</uri>
      <id>1</id>
      <format>xml</format>
      <desktopComponent>
        <className>org.simbrain.world.textworld.ReaderComponentDesktopGui</className>
        <uri>guis/1_Reader1.xml</uri>
        <format>xml</format>
      </desktopComponent>
    </Component>
  </archivedComponents>
  <archivedCouplings>
    <Coupling>
      <archivedProducer>
        <parentComponentRef>components/1_Reader1.xml</parentComponentRef>
        <methodBaseName>matchCurrentLetter</methodBaseName>
        <dataType>double</dataType>
        <argumentDataTypes>
          <java-class>char</java-class>
        </argumentDataTypes>
        <argumentValues>
          <char>a</char>
        </argumentValues>
        <description>Letter a</description>
      </archivedProducer>
      <archivedConsumer>
        <parentComponentRef>components/0_Network1.xml</parentComponentRef>
        <baseObjectKey>Neuron_1</baseObjectKey>
        <methodBaseName>setInputValue</methodBaseName>
        <dataType>double</dataType>
        <argumentDataTypes>
          <java-class>double</java-class>
        </argumentDataTypes>
        <description>Neuron_1:setInputValue &lt;double&gt;</description>
      </archivedConsumer>
    </Coupling>
    <Coupling>
      <archivedProducer>
        <parentComponentRef>components/1_Reader1.xml</parentComponentRef>
        <methodBaseName>matchCurrentLetter</methodBaseName>
        <dataType>double</dataType>
        <argumentDataTypes>
          <java-class>char</java-class>
        </argumentDataTypes>
        <argumentValues>
          <char>b</char>
        </argumentValues>
        <description>Letter b</description>
      </archivedProducer>
      <archivedConsumer>
        <parentComponentRef>components/0_Network1.xml</parentComponentRef>
        <baseObjectKey>Neuron_2</baseObjectKey>
        <methodBaseName>setInputValue</methodBaseName>
        <dataType>double</dataType>
        <argumentDataTypes>
          <java-class>double</java-class>
        </argumentDataTypes>
        <description>Neuron_2:setInputValue &lt;double&gt;</description>
      </archivedConsumer>
    </Coupling>
    <Coupling>
      <archivedProducer>
        <parentComponentRef>components/1_Reader1.xml</parentComponentRef>
        <methodBaseName>matchCurrentLetter</methodBaseName>
        <dataType>double</dataType>
        <argumentDataTypes>
          <java-class>char</java-class>
        </argumentDataTypes>
        <argumentValues>
          <char>c</char>
        </argumentValues>
        <description>Letter c</description>
      </archivedProducer>
      <archivedConsumer>
        <parentComponentRef>components/0_Network1.xml</parentComponentRef>
        <baseObjectKey>Neuron_3</baseObjectKey>
        <methodBaseName>setInputValue</methodBaseName>
        <dataType>double</dataType>
        <argumentDataTypes>
          <java-class>double</java-class>
        </argumentDataTypes>
        <description>Neuron_3:setInputValue &lt;double&gt;</description>
      </archivedConsumer>
    </Coupling>
    <Coupling>
      <archivedProducer>
        <parentComponentRef>components/1_Reader1.xml</parentComponentRef>
        <methodBaseName>matchCurrentLetter</methodBaseName>
        <dataType>double</dataType>
        <argumentDataTypes>
          <java-class>char</java-class>
        </argumentDataTypes>
        <argumentValues>
          <char>d</char>
        </argumentValues>
        <description>Letter d</description>
      </archivedProducer>
      <archivedConsumer>
        <parentComponentRef>components/0_Network1.xml</parentComponentRef>
        <baseObjectKey>Neuron_4</baseObjectKey>
        <methodBaseName>setInputValue</methodBaseName>
        <dataType>double</dataType>
        <argumentDataTypes>
          <java-class>double</java-class>
        </argumentDataTypes>
        <description>Neuron_4:setInputValue &lt;double&gt;</description>
      </archivedConsumer>
    </Coupling>
    <Coupling>
      <archivedProducer>
        <parentComponentRef>components/1_Reader1.xml</parentComponentRef>
        <methodBaseName>matchCurrentLetter</methodBaseName>
        <dataType>double</dataType>
        <argumentDataTypes>
          <java-class>char</java-class>
        </argumentDataTypes>
        <argumentValues>
          <char>e</char>
        </argumentValues>
        <description>Letter e</description>
      </archivedProducer>
      <archivedConsumer>
        <parentComponentRef>components/0_Network1.xml</parentComponentRef>
        <baseObjectKey>Neuron_5</baseObjectKey>
        <methodBaseName>setInputValue</methodBaseName>
        <dataType>double</dataType>
        <argumentDataTypes>
          <java-class>double</java-class>
        </argumentDataTypes>
        <description>Neuron_5:setInputValue &lt;double&gt;</description>
      </archivedConsumer>
    </Coupling>
    <Coupling>
      <archivedProducer>
        <parentComponentRef>components/1_Reader1.xml</parentComponentRef>
        <methodBaseName>matchCurrentLetter</methodBaseName>
        <dataType>double</dataType>
        <argumentDataTypes>
          <java-class>char</java-class>
        </argumentDataTypes>
        <argumentValues>
          <char>f</char>
        </argumentValues>
        <description>Letter f</description>
      </archivedProducer>
      <archivedConsumer>
        <parentComponentRef>components/0_Network1.xml</parentComponentRef>
        <baseObjectKey>Neuron_6</baseObjectKey>
        <methodBaseName>setInputValue</methodBaseName>
        <dataType>double</dataType>
        <argumentDataTypes>
          <java-class>double</java-class>
        </argumentDataTypes>
        <description>Neuron_6:setInputValue &lt;double&gt;</description>
      </archivedConsumer>
    </Coupling>
    <Coupling>
      <archivedProducer>
        <parentComponentRef>components/1_Reader1.xml</parentComponentRef>
        <methodBaseName>matchCurrentLetter</methodBaseName>
        <dataType>double</dataType>
        <argumentDataTypes>
          <java-class>char</java-class>
        </argumentDataTypes>
        <argumentValues>
          <char>g</char>
        </argumentValues>
        <description>Letter g</description>
      </archivedProducer>
      <archivedConsumer>
        <parentComponentRef>components/0_Network1.xml</parentComponentRef>
        <baseObjectKey>Neuron_7</baseObjectKey>
        <methodBaseName>setInputValue</methodBaseName>
        <dataType>double</dataType>
        <argumentDataTypes>
          <java-class>double</java-class>
        </argumentDataTypes>
        <description>Neuron_7:setInputValue &lt;double&gt;</description>
      </archivedConsumer>
    </Coupling>
    <Coupling>
      <archivedProducer>
        <parentComponentRef>components/1_Reader1.xml</parentComponentRef>
        <methodBaseName>matchCurrentLetter</methodBaseName>
        <dataType>double</dataType>
        <argumentDataTypes>
          <java-class>char</java-class>
        </argumentDataTypes>
        <argumentValues>
          <char>h</char>
        </argumentValues>
        <description>Letter h</description>
      </archivedProducer>
      <archivedConsumer>
        <parentComponentRef>components/0_Network1.xml</parentComponentRef>
        <baseObjectKey>Neuron_8</baseObjectKey>
        <methodBaseName>setInputValue</methodBaseName>
        <dataType>double</dataType>
        <argumentDataTypes>
          <java-class>double</java-class>
        </argumentDataTypes>
        <description>Neuron_8:setInputValue &lt;double&gt;</description>
      </archivedConsumer>
    </Coupling>
    <Coupling>
      <archivedProducer>
        <parentComponentRef>components/1_Reader1.xml</parentComponentRef>
        <methodBaseName>matchCurrentLetter</methodBaseName>
        <dataType>double</dataType>
        <argumentDataTypes>
          <java-class>char</java-class>
        </argumentDataTypes>
        <argumentValues>
          <char>i</char>
        </argumentValues>
        <description>Letter i</description>
      </archivedProducer>
      <archivedConsumer>
        <parentComponentRef>components/0_Network1.xml</parentComponentRef>
        <baseObjectKey>Neuron_9</baseObjectKey>
        <methodBaseName>setInputValue</methodBaseName>
        <dataType>double</dataType>
        <argumentDataTypes>
          <java-class>double</java-class>
        </argumentDataTypes>
        <description>Neuron_9:setInputValue &lt;double&gt;</description>
      </archivedConsumer>
    </Coupling>
    <Coupling>
      <archivedProducer>
        <parentComponentRef>components/1_Reader1.xml</parentComponentRef>
        <methodBaseName>matchCurrentLetter</methodBaseName>
        <dataType>double</dataType>
        <argumentDataTypes>
          <java-class>char</java-class>
        </argumentDataTypes>
        <argumentValues>
          <char>j</char>
        </argumentValues>
        <description>Letter j</description>
      </archivedProducer>
      <archivedConsumer>
        <parentComponentRef>components/0_Network1.xml</parentComponentRef>
        <baseObjectKey>Neuron_10</baseObjectKey>
        <methodBaseName>setInputValue</methodBaseName>
        <dataType>double</dataType>
        <argumentDataTypes>
          <java-class>double</java-class>
        </argumentDataTypes>
        <description>Neuron_10:setInputValue &lt;double&gt;</description>
      </archivedConsumer>
    </Coupling>
    <Coupling>
      <archivedProducer>
        <parentComponentRef>components/1_Reader1.xml</parentComponentRef>
        <methodBaseName>matchCurrentLetter</methodBaseName>
        <dataType>double</dataType>
        <argumentDataTypes>
          <java-class>char</java-class>
        </argumentDataTypes>
        <argumentValues>
          <char>k</char>
        </argumentValues>
        <description>Letter k</description>
      </archivedProducer>
      <archivedConsumer>
        <parentComponentRef>components/0_Network1.xml</parentComponentRef>
        <baseObjectKey>Neuron_11</baseObjectKey>
        <methodBaseName>setInputValue</methodBaseName>
        <dataType>double</dataType>
        <argumentDataTypes>
          <java-class>double</java-class>
        </argumentDataTypes>
        <description>Neuron_11:setInputValue &lt;double&gt;</description>
      </archivedConsumer>
    </Coupling>
    <Coupling>
      <archivedProducer>
        <parentComponentRef>components/1_Reader1.xml</parentComponentRef>
        <methodBaseName>matchCurrentLetter</methodBaseName>
        <dataType>double</dataType>
        <argumentDataTypes>
          <java-class>char</java-class>
        </argumentDataTypes>
        <argumentValues>
          <char>l</char>
        </argumentValues>
        <description>Letter l</description>
      </archivedProducer>
      <archivedConsumer>
        <parentComponentRef>components/0_Network1.xml</parentComponentRef>
        <baseObjectKey>Neuron_12</baseObjectKey>
        <methodBaseName>setInputValue</methodBaseName>
        <dataType>double</dataType>
        <argumentDataTypes>
          <java-class>double</java-class>
        </argumentDataTypes>
        <description>Neuron_12:setInputValue &lt;double&gt;</description>
      </archivedConsumer>
    </Coupling>
    <Coupling>
      <archivedProducer>
        <parentComponentRef>components/1_Reader1.xml</parentComponentRef>
        <methodBaseName>matchCurrentLetter</methodBaseName>
        <dataType>double</dataType>
        <argumentDataTypes>
          <java-class>char</java-class>
        </argumentDataTypes>
        <argumentValues>
          <char>m</char>
        </argumentValues>
        <description>Letter m</description>
      </archivedProducer>
      <archivedConsumer>
        <parentComponentRef>components/0_Network1.xml</parentComponentRef>
        <baseObjectKey>Neuron_13</baseObjectKey>
        <methodBaseName>setInputValue</methodBaseName>
        <dataType>double</dataType>
        <argumentDataTypes>
          <java-class>double</java-class>
        </argumentDataTypes>
        <description>Neuron_13:setInputValue &lt;double&gt;</description>
      </archivedConsumer>
    </Coupling>
    <Coupling>
      <archivedProducer>
        <parentComponentRef>components/1_Reader1.xml</parentComponentRef>
        <methodBaseName>matchCurrentLetter</methodBaseName>
        <dataType>double</dataType>
        <argumentDataTypes>
          <java-class>char</java-class>
        </argumentDataTypes>
        <argumentValues>
          <char>n</char>
        </argumentValues>
        <description>Letter n</description>
      </archivedProducer>
      <archivedConsumer>
        <parentComponentRef>components/0_Network1.xml</parentComponentRef>
        <baseObjectKey>Neuron_14</baseObjectKey>
        <methodBaseName>setInputValue</methodBaseName>
        <dataType>double</dataType>
        <argumentDataTypes>
          <java-class>double</java-class>
        </argumentDataTypes>
        <description>Neuron_14:setInputValue &lt;double&gt;</description>
      </archivedConsumer>
    </Coupling>
    <Coupling>
      <archivedProducer>
        <parentComponentRef>components/1_Reader1.xml</parentComponentRef>
        <methodBaseName>matchCurrentLetter</methodBaseName>
        <dataType>double</dataType>
        <argumentDataTypes>
          <java-class>char</java-class>
        </argumentDataTypes>
        <argumentValues>
          <char>o</char>
        </argumentValues>
        <description>Letter o</description>
      </archivedProducer>
      <archivedConsumer>
        <parentComponentRef>components/0_Network1.xml</parentComponentRef>
        <baseObjectKey>Neuron_15</baseObjectKey>
        <methodBaseName>setInputValue</methodBaseName>
        <dataType>double</dataType>
        <argumentDataTypes>
          <java-class>double</java-class>
        </argumentDataTypes>
        <description>Neuron_15:setInputValue &lt;double&gt;</description>
      </archivedConsumer>
    </Coupling>
    <Coupling>
      <archivedProducer>
        <parentComponentRef>components/1_Reader1.xml</parentComponentRef>
        <methodBaseName>matchCurrentLetter</methodBaseName>
        <dataType>double</dataType>
        <argumentDataTypes>
          <java-class>char</java-class>
        </argumentDataTypes>
        <argumentValues>
          <char>p</char>
        </argumentValues>
        <description>Letter p</description>
      </archivedProducer>
      <archivedConsumer>
        <parentComponentRef>components/0_Network1.xml</parentComponentRef>
        <baseObjectKey>Neuron_16</baseObjectKey>
        <methodBaseName>setInputValue</methodBaseName>
        <dataType>double</dataType>
        <argumentDataTypes>
          <java-class>double</java-class>
        </argumentDataTypes>
        <description>Neuron_16:setInputValue &lt;double&gt;</description>
      </archivedConsumer>
    </Coupling>
    <Coupling>
      <archivedProducer>
        <parentComponentRef>components/1_Reader1.xml</parentComponentRef>
        <methodBaseName>matchCurrentLetter</methodBaseName>
        <dataType>double</dataType>
        <argumentDataTypes>
          <java-class>char</java-class>
        </argumentDataTypes>
        <argumentValues>
          <char>q</char>
        </argumentValues>
        <description>Letter q</description>
      </archivedProducer>
      <archivedConsumer>
        <parentComponentRef>components/0_Network1.xml</parentComponentRef>
        <baseObjectKey>Neuron_17</baseObjectKey>
        <methodBaseName>setInputValue</methodBaseName>
        <dataType>double</dataType>
        <argumentDataTypes>
          <java-class>double</java-class>
        </argumentDataTypes>
        <description>Neuron_17:setInputValue &lt;double&gt;</description>
      </archivedConsumer>
    </Coupling>
    <Coupling>
      <archivedProducer>
        <parentComponentRef>components/1_Reader1.xml</parentComponentRef>
        <methodBaseName>matchCurrentLetter</methodBaseName>
        <dataType>double</dataType>
        <argumentDataTypes>
          <java-class>char</java-class>
        </argumentDataTypes>
        <argumentValues>
          <char>r</char>
        </argumentValues>
        <description>Letter r</description>
      </archivedProducer>
      <archivedConsumer>
        <parentComponentRef>components/0_Network1.xml</parentComponentRef>
        <baseObjectKey>Neuron_18</baseObjectKey>
        <methodBaseName>setInputValue</methodBaseName>
        <dataType>double</dataType>
        <argumentDataTypes>
          <java-class>double</java-class>
        </argumentDataTypes>
        <description>Neuron_18:setInputValue &lt;double&gt;</description>
      </archivedConsumer>
    </Coupling>
    <Coupling>
      <archivedProducer>
        <parentComponentRef>components/1_Reader1.xml</parentComponentRef>
        <methodBaseName>matchCurrentLetter</methodBaseName>
        <dataType>double</dataType>
        <argumentDataTypes>
          <java-class>char</java-class>
        </argumentDataTypes>
        <argumentValues>
          <char>s</char>
        </argumentValues>
        <description>Letter s</description>
      </archivedProducer>
      <archivedConsumer>
        <parentComponentRef>components/0_Network1.xml</parentComponentRef>
        <baseObjectKey>Neuron_19</baseObjectKey>
        <methodBaseName>setInputValue</methodBaseName>
        <dataType>double</dataType>
        <argumentDataTypes>
          <java-class>double</java-class>
        </argumentDataTypes>
        <description>Neuron_19:setInputValue &lt;double&gt;</description>
      </archivedConsumer>
    </Coupling>
    <Coupling>
      <archivedProducer>
        <parentComponentRef>components/1_Reader1.xml</parentComponentRef>
        <methodBaseName>matchCurrentLetter</methodBaseName>
        <dataType>double</dataType>
        <argumentDataTypes>
          <java-class>char</java-class>
        </argumentDataTypes>
        <argumentValues>
          <char>t</char>
        </argumentValues>
        <description>Letter t</description>
      </archivedProducer>
      <archivedConsumer>
        <parentComponentRef>components/0_Network1.xml</parentComponentRef>
        <baseObjectKey>Neuron_20</baseObjectKey>
        <methodBaseName>setInputValue</methodBaseName>
        <dataType>double</dataType>
        <argumentDataTypes>
          <java-class>double</java-class>
        </argumentDataTypes>
        <description>Neuron_20:setInputValue &lt;double&gt;</description>
      </archivedConsumer>
    </Coupling>
    <Coupling>
      <archivedProducer>
        <parentComponentRef>components/1_Reader1.xml</parentComponentRef>
        <methodBaseName>matchCurrentLetter</methodBaseName>
        <dataType>double</dataType>
        <argumentDataTypes>
          <java-class>char</java-class>
        </argumentDataTypes>
        <argumentValues>
          <char>u</char>
        </argumentValues>
        <description>Letter u</description>
      </archivedProducer>
      <archivedConsumer>
        <parentComponentRef>components/0_Network1.xml</parentComponentRef>
        <baseObjectKey>Neuron_21</baseObjectKey>
        <methodBaseName>setInputValue</methodBaseName>
        <dataType>double</dataType>
        <argumentDataTypes>
          <java-class>double</java-class>
        </argumentDataTypes>
        <description>Neuron_21:setInputValue &lt;double&gt;</description>
      </archivedConsumer>
    </Coupling>
    <Coupling>
      <archivedProducer>
        <parentComponentRef>components/1_Reader1.xml</parentComponentRef>
        <methodBaseName>matchCurrentLetter</methodBaseName>
        <dataType>double</dataType>
        <argumentDataTypes>
          <java-class>char</java-class>
        </argumentDataTypes>
        <argumentValues>
          <char>v</char>
        </argumentValues>
        <description>Letter v</description>
      </archivedProducer>
      <archivedConsumer>
        <parentComponentRef>components/0_Network1.xml</parentComponentRef>
        <baseObjectKey>Neuron_22</baseObjectKey>
        <methodBaseName>setInputValue</methodBaseName>
        <dataType>double</dataType>
        <argumentDataTypes>
          <java-class>double</java-class>
        </argumentDataTypes>
        <description>Neuron_22:setInputValue &lt;double&gt;</description>
      </archivedConsumer>
    </Coupling>
    <Coupling>
      <archivedProducer>
        <parentComponentRef>components/1_Reader1.xml</parentComponentRef>
        <methodBaseName>matchCurrentLetter</methodBaseName>
        <dataType>double</dataType>
        <argumentDataTypes>
          <java-class>char</java-class>
        </argumentDataTypes>
        <argumentValues>
          <char>w</char>
        </argumentValues>
        <description>Letter w</description>
      </archivedProducer>
      <archivedConsumer>
        <parentComponentRef>components/0_Network1.xml</parentComponentRef>
        <baseObjectKey>Neuron_23</baseObjectKey>
        <methodBaseName>setInputValue</methodBaseName>
        <dataType>double</dataType>
        <argumentDataTypes>
          <java-class>double</java-class>
        </argumentDataTypes>
        <description>Neuron_23:setInputValue &lt;double&gt;</description>
      </archivedConsumer>
    </Coupling>
    <Coupling>
      <archivedProducer>
        <parentComponentRef>components/1_Reader1.xml</parentComponentRef>
        <methodBaseName>matchCurrentLetter</methodBaseName>
        <dataType>double</dataType>
        <argumentDataTypes>
          <java-class>char</java-class>
        </argumentDataTypes>
        <argumentValues>
          <char>x</char>
        </argumentValues>
        <description>Letter x</description>
      </archivedProducer>
      <archivedConsumer>
        <parentComponentRef>components/0_Network1.xml</parentComponentRef>
        <baseObjectKey>Neuron_24</baseObjectKey>
        <methodBaseName>setInputValue</methodBaseName>
        <dataType>double</dataType>
        <argumentDataTypes>
          <java-class>double</java-class>
        </argumentDataTypes>
        <description>Neuron_24:setInputValue &lt;double&gt;</description>
      </archivedConsumer>
    </Coupling>
    <Coupling>
      <archivedProducer>
        <parentComponentRef>components/1_Reader1.xml</parentComponentRef>
        <methodBaseName>matchCurrentLetter</methodBaseName>
        <dataType>double</dataType>
        <argumentDataTypes>
          <java-class>char</java-class>
        </argumentDataTypes>
        <argumentValues>
          <char>y</char>
        </argumentValues>
        <description>Letter y</description>
      </archivedProducer>
      <archivedConsumer>
        <parentComponentRef>components/0_Network1.xml</parentComponentRef>
        <baseObjectKey>Neuron_25</baseObjectKey>
        <methodBaseName>setInputValue</methodBaseName>
        <dataType>double</dataType>
        <argumentDataTypes>
          <java-class>double</java-class>
        </argumentDataTypes>
        <description>Neuron_25:setInputValue &lt;double&gt;</description>
      </archivedConsumer>
    </Coupling>
    <Coupling>
      <archivedProducer>
        <parentComponentRef>components/1_Reader1.xml</parentComponentRef>
        <methodBaseName>matchCurrentLetter</methodBaseName>
        <dataType>double</dataType>
        <argumentDataTypes>
          <java-class>char</java-class>
        </argumentDataTypes>
        <argumentValues>
          <char>z</char>
        </argumentValues>
        <description>Letter z</description>
      </archivedProducer>
      <archivedConsumer>
        <parentComponentRef>components/0_Network1.xml</parentComponentRef>
        <baseObjectKey>Neuron_26</baseObjectKey>
        <methodBaseName>setInputValue</methodBaseName>
        <dataType>double</dataType>
        <argumentDataTypes>
          <java-class>double</java-class>
        </argumentDataTypes>
        <description>Neuron_26:setInputValue &lt;double&gt;</description>
      </archivedConsumer>
    </Coupling>
  </archivedCouplings>
  <archivedActions>
    <UpdateAction>
      <updateAction class="org.simbrain.workspace.updater.UpdateAllBuffered"/>
    </UpdateAction>
  </archivedActions>
  <archivedAvailableActions>
    <UpdateAction>
      <updateAction class="org.simbrain.workspace.updater.UpdateComponent"/>
    </UpdateAction>
    <UpdateAction>
      <updateAction class="org.simbrain.workspace.updater.UpdateComponent"/>
    </UpdateAction>
    <UpdateAction>
      <updateAction class="org.simbrain.workspace.updater.UpdateCoupling"/>
    </UpdateAction>
    <UpdateAction>
      <updateAction class="org.simbrain.workspace.updater.UpdateCoupling"/>
    </UpdateAction>
    <UpdateAction>
      <updateAction class="org.simbrain.workspace.updater.UpdateCoupling"/>
    </UpdateAction>
    <UpdateAction>
      <updateAction class="org.simbrain.workspace.updater.UpdateComponent"/>
      <componentId>components/0_Network1.xml</componentId>
    </UpdateAction>
    <UpdateAction>
      <updateAction class="org.simbrain.workspace.updater.UpdateComponent"/>
      <componentId>components/1_Reader1.xml</componentId>
    </UpdateAction>
    <UpdateAction>
      <updateAction class="org.simbrain.workspace.updater.UpdateCoupling"/>
      <couplingId>Reader1:null:matchCurrentLetter-Network1:Neuron_1:setInputValue</couplingId>
    </UpdateAction>
    <UpdateAction>
      <updateAction class="org.simbrain.workspace.updater.UpdateCoupling"/>
      <couplingId>Reader1:null:matchCurrentLetter-Network1:Neuron_2:setInputValue</couplingId>
    </UpdateAction>
    <UpdateAction>
      <updateAction class="org.simbrain.workspace.updater.UpdateCoupling"/>
      <couplingId>Reader1:null:matchCurrentLetter-Network1:Neuron_3:setInputValue</couplingId>
    </UpdateAction>
    <UpdateAction>
      <updateAction class="org.simbrain.workspace.updater.UpdateCoupling"/>
      <couplingId>Reader1:null:matchCurrentLetter-Network1:Neuron_4:setInputValue</couplingId>
    </UpdateAction>
    <UpdateAction>
      <updateAction class="org.simbrain.workspace.updater.UpdateCoupling"/>
      <couplingId>Reader1:null:matchCurrentLetter-Network1:Neuron_5:setInputValue</couplingId>
    </UpdateAction>
    <UpdateAction>
      <updateAction class="org.simbrain.workspace.updater.UpdateCoupling"/>
      <couplingId>Reader1:null:matchCurrentLetter-Network1:Neuron_6:setInputValue</couplingId>
    </UpdateAction>
    <UpdateAction>
      <updateAction class="org.simbrain.workspace.updater.UpdateCoupling"/>
      <couplingId>Reader1:null:matchCurrentLetter-Network1:Neuron_7:setInputValue</couplingId>
    </UpdateAction>
    <UpdateAction>
      <updateAction class="org.simbrain.workspace.updater.UpdateCoupling"/>
      <couplingId>Reader1:null:matchCurrentLetter-Network1:Neuron_8:setInputValue</couplingId>
    </UpdateAction>
    <UpdateAction>
      <updateAction class="org.simbrain.workspace.updater.UpdateCoupling"/>
      <couplingId>Reader1:null:matchCurrentLetter-Network1:Neuron_9:setInputValue</couplingId>
    </UpdateAction>
    <UpdateAction>
      <updateAction class="org.simbrain.workspace.updater.UpdateCoupling"/>
      <couplingId>Reader1:null:matchCurrentLetter-Network1:Neuron_10:setInputValue</couplingId>
    </UpdateAction>
    <UpdateAction>
      <updateAction class="org.simbrain.workspace.updater.UpdateCoupling"/>
      <couplingId>Reader1:null:matchCurrentLetter-Network1:Neuron_11:setInputValue</couplingId>
    </UpdateAction>
    <UpdateAction>
      <updateAction class="org.simbrain.workspace.updater.UpdateCoupling"/>
      <couplingId>Reader1:null:matchCurrentLetter-Network1:Neuron_12:setInputValue</couplingId>
    </UpdateAction>
    <UpdateAction>
      <updateAction class="org.simbrain.workspace.updater.UpdateCoupling"/>
      <couplingId>Reader1:null:matchCurrentLetter-Network1:Neuron_13:setInputValue</couplingId>
    </UpdateAction>
    <UpdateAction>
      <updateAction class="org.simbrain.workspace.updater.UpdateCoupling"/>
      <couplingId>Reader1:null:matchCurrentLetter-Network1:Neuron_14:setInputValue</couplingId>
    </UpdateAction>
    <UpdateAction>
      <updateAction class="org.simbrain.workspace.updater.UpdateCoupling"/>
      <couplingId>Reader1:null:matchCurrentLetter-Network1:Neuron_15:setInputValue</couplingId>
    </UpdateAction>
    <UpdateAction>
      <updateAction class="org.simbrain.workspace.updater.UpdateCoupling"/>
      <couplingId>Reader1:null:matchCurrentLetter-Network1:Neuron_16:setInputValue</couplingId>
    </UpdateAction>
    <UpdateAction>
      <updateAction class="org.simbrain.workspace.updater.UpdateCoupling"/>
      <couplingId>Reader1:null:matchCurrentLetter-Network1:Neuron_17:setInputValue</couplingId>
    </UpdateAction>
    <UpdateAction>
      <updateAction class="org.simbrain.workspace.updater.UpdateCoupling"/>
      <couplingId>Reader1:null:matchCurrentLetter-Network1:Neuron_18:setInputValue</couplingId>
    </UpdateAction>
    <UpdateAction>
      <updateAction class="org.simbrain.workspace.updater.UpdateCoupling"/>
      <couplingId>Reader1:null:matchCurrentLetter-Network1:Neuron_19:setInputValue</couplingId>
    </UpdateAction>
    <UpdateAction>
      <updateAction class="org.simbrain.workspace.updater.UpdateCoupling"/>
      <couplingId>Reader1:null:matchCurrentLetter-Network1:Neuron_20:setInputValue</couplingId>
    </UpdateAction>
    <UpdateAction>
      <updateAction class="org.simbrain.workspace.updater.UpdateCoupling"/>
      <couplingId>Reader1:null:matchCurrentLetter-Network1:Neuron_21:setInputValue</couplingId>
    </UpdateAction>
    <UpdateAction>
      <updateAction class="org.simbrain.workspace.updater.UpdateCoupling"/>
      <couplingId>Reader1:null:matchCurrentLetter-Network1:Neuron_22:setInputValue</couplingId>
    </UpdateAction>
    <UpdateAction>
      <updateAction class="org.simbrain.workspace.updater.UpdateCoupling"/>
      <couplingId>Reader1:null:matchCurrentLetter-Network1:Neuron_23:setInputValue</couplingId>
    </UpdateAction>
    <UpdateAction>
      <updateAction class="org.simbrain.workspace.updater.UpdateCoupling"/>
      <couplingId>Reader1:null:matchCurrentLetter-Network1:Neuron_24:setInputValue</couplingId>
    </UpdateAction>
    <UpdateAction>
      <updateAction class="org.simbrain.workspace.updater.UpdateCoupling"/>
      <couplingId>Reader1:null:matchCurrentLetter-Network1:Neuron_25:setInputValue</couplingId>
    </UpdateAction>
    <UpdateAction>
      <updateAction class="org.simbrain.workspace.updater.UpdateCoupling"/>
      <couplingId>Reader1:null:matchCurrentLetter-Network1:Neuron_26:setInputValue</couplingId>
    </UpdateAction>
  </archivedAvailableActions>
  <workspaceParameters>
    <updateDelay>0</updateDelay>
  </workspaceParameters>
</Workspace>