<org.simbrain.world.odorworld.OdorWorld>
  <entityList class="java.util.concurrent.CopyOnWriteArrayList" serialization="custom">
    <java.util.concurrent.CopyOnWriteArrayList>
      <default/>
      <int>2</int>
      <org.simbrain.world.odorworld.entities.OdorWorldEntity>
        <entityType>MOUSE</entityType>
        <name>Entity_1</name>
        <id>Entity_1</id>
        <x>80.0</x>
        <y>180.0</y>
        <collisionBound>
          <collisionRadius>30.0</collisionRadius>
          <location>
            <x>80.0</x>
            <y>180.0</y>
          </location>
          <centerLocation>
            <x>100.0</x>
            <y>200.0</y>
          </centerLocation>
          <collisionBounds>
            <entry>
              <string>left</string>
              <java.awt.geom.Line2D_-Double>
                <x1>80.0</x1>
                <y1>180.0</y1>
                <x2>80.0</x2>
                <y2>220.0</y2>
              </java.awt.geom.Line2D_-Double>
            </entry>
            <entry>
              <string>up</string>
              <java.awt.geom.Line2D_-Double>
                <x1>80.0</x1>
                <y1>180.0</y1>
                <x2>120.0</x2>
                <y2>180.0</y2>
              </java.awt.geom.Line2D_-Double>
            </entry>
            <entry>
              <string>right</string>
              <java.awt.geom.Line2D_-Double>
                <x1>120.0</x1>
                <y1>180.0</y1>
                <x2>120.0</x2>
                <y2>220.0</y2>
              </java.awt.geom.Line2D_-Double>
            </entry>
            <entry>
              <string>down</string>
              <java.awt.geom.Line2D_-Double>
                <x1>80.0</x1>
                <y1>220.0</y1>
                <x2>120.0</x2>
                <y2>220.0</y2>
              </java.awt.geom.Line2D_-Double>
            </entry>
          </collisionBounds>
          <velocity>
            <x>0.0</x>
            <y>0.0</y>
          </velocity>
          <shape>
            <x>80.0</x>
            <y>180.0</y>
            <width>40.0</width>
            <height>40.0</height>
          </shape>
        </collisionBound>
        <dx>0.0</dx>
        <dy>0.0</dy>
        <manualStraightMovementIncrement>1.0</manualStraightMovementIncrement>
        <manualMovementVelocity>
          <x>0.0</x>
          <y>0.0</y>
        </manualMovementVelocity>
        <manualMode>false</manualMode>
        <heading>0.0</heading>
        <dtheta>0.0</dtheta>
        <manualMotionTurnIncrement>1.0</manualMotionTurnIncrement>
        <parentWorld reference="../../../.."/>
        <sensors>
          <org.simbrain.world.odorworld.sensors.ObjectSensor>
            <theta>0.0</theta>
            <radius>32.0</radius>
            <relativeLocation>
              <x>0.0</x>
              <y>0.0</y>
            </relativeLocation>
            <parent reference="../../.."/>
            <id>Sensor_1</id>
            <label></label>
            <events>
              <changeSupport serialization="custom">
                <java.beans.PropertyChangeSupport>
                  <default>
                    <source class="org.simbrain.world.odorworld.sensors.ObjectSensor" reference="../../../../.."/>
                    <propertyChangeSupportSerializedDataVersion>2</propertyChangeSupportSerializedDataVersion>
                  </default>
                  <null/>
                </java.beans.PropertyChangeSupport>
              </changeSupport>
              <attribute class="org.simbrain.world.odorworld.sensors.ObjectSensor" reference="../.."/>
            </events>
            <value>0.0</value>
            <baseValue>1.0</baseValue>
            <decayFunction class="org.simbrain.util.math.DecayFunctions.LinearDecayFunction">
              <dispersion>200.0</dispersion>
              <peakDistance>0.0</peakDistance>
              <randomizer class="org.simbrain.util.math.ProbDistributions.UniformDistribution">
                <floor>0.0</floor>
                <ceil>1.0</ceil>
                <polarity>BOTH</polarity>
              </randomizer>
              <addNoise>false</addNoise>
            </decayFunction>
            <objectType>SWISS</objectType>
            <showLabel>false</showLabel>
          </org.simbrain.world.odorworld.sensors.ObjectSensor>
          <org.simbrain.world.odorworld.sensors.ObjectSensor>
            <theta>2.0943951023931953</theta>
            <radius>32.0</radius>
            <relativeLocation>
              <x>0.0</x>
              <y>0.0</y>
            </relativeLocation>
            <parent reference="../../.."/>
            <id>Sensor_2</id>
            <label></label>
            <events>
              <changeSupport serialization="custom">
                <java.beans.PropertyChangeSupport>
                  <default>
                    <source class="org.simbrain.world.odorworld.sensors.ObjectSensor" reference="../../../../.."/>
                    <propertyChangeSupportSerializedDataVersion>2</propertyChangeSupportSerializedDataVersion>
                  </default>
                  <null/>
                </java.beans.PropertyChangeSupport>
              </changeSupport>
              <attribute class="org.simbrain.world.odorworld.sensors.ObjectSensor" reference="../.."/>
            </events>
            <value>0.0</value>
            <baseValue>1.0</baseValue>
            <decayFunction class="org.simbrain.util.math.DecayFunctions.LinearDecayFunction">
              <dispersion>200.0</dispersion>
              <peakDistance>0.0</peakDistance>
              <randomizer class="org.simbrain.util.math.ProbDistributions.UniformDistribution">
                <floor>0.0</floor>
                <ceil>1.0</ceil>
                <polarity>BOTH</polarity>
              </randomizer>
              <addNoise>false</addNoise>
            </decayFunction>
            <objectType>SWISS</objectType>
            <showLabel>false</showLabel>
          </org.simbrain.world.odorworld.sensors.ObjectSensor>
          <org.simbrain.world.odorworld.sensors.ObjectSensor>
            <theta>4.1887902047863905</theta>
            <radius>32.0</radius>
            <relativeLocation>
              <x>0.0</x>
              <y>0.0</y>
            </relativeLocation>
            <parent reference="../../.."/>
            <id>Sensor_3</id>
            <label></label>
            <events>
              <changeSupport serialization="custom">
                <java.beans.PropertyChangeSupport>
                  <default>
                    <source class="org.simbrain.world.odorworld.sensors.ObjectSensor" reference="../../../../.."/>
                    <propertyChangeSupportSerializedDataVersion>2</propertyChangeSupportSerializedDataVersion>
                  </default>
                  <null/>
                </java.beans.PropertyChangeSupport>
              </changeSupport>
              <attribute class="org.simbrain.world.odorworld.sensors.ObjectSensor" reference="../.."/>
            </events>
            <value>0.0</value>
            <baseValue>1.0</baseValue>
            <decayFunction class="org.simbrain.util.math.DecayFunctions.LinearDecayFunction">
              <dispersion>200.0</dispersion>
              <peakDistance>0.0</peakDistance>
              <randomizer class="org.simbrain.util.math.ProbDistributions.UniformDistribution">
                <floor>0.0</floor>
                <ceil>1.0</ceil>
                <polarity>BOTH</polarity>
              </randomizer>
              <addNoise>false</addNoise>
            </decayFunction>
            <objectType>SWISS</objectType>
            <showLabel>false</showLabel>
          </org.simbrain.world.odorworld.sensors.ObjectSensor>
        </sensors>
        <effectors>
          <org.simbrain.world.odorworld.effectors.StraightMovement>
            <parent reference="../../.."/>
            <id>Effector_1</id>
            <label></label>
            <events>
              <changeSupport serialization="custom">
                <java.beans.PropertyChangeSupport>
                  <default>
                    <source class="org.simbrain.world.odorworld.effectors.StraightMovement" reference="../../../../.."/>
                    <propertyChangeSupportSerializedDataVersion>2</propertyChangeSupportSerializedDataVersion>
                  </default>
                  <null/>
                </java.beans.PropertyChangeSupport>
              </changeSupport>
              <attribute class="org.simbrain.world.odorworld.effectors.StraightMovement" reference="../.."/>
            </events>
            <amount>0.0</amount>
            <scalingFactor>1.0</scalingFactor>
          </org.simbrain.world.odorworld.effectors.StraightMovement>
          <org.simbrain.world.odorworld.effectors.Turning>
            <parent reference="../../.."/>
            <id>Effector_2</id>
            <label></label>
            <events>
              <changeSupport serialization="custom">
                <java.beans.PropertyChangeSupport>
                  <default>
                    <source class="org.simbrain.world.odorworld.effectors.Turning" reference="../../../../.."/>
                    <propertyChangeSupportSerializedDataVersion>2</propertyChangeSupportSerializedDataVersion>
                  </default>
                  <null/>
                </java.beans.PropertyChangeSupport>
              </changeSupport>
              <attribute class="org.simbrain.world.odorworld.effectors.Turning" reference="../.."/>
            </events>
            <direction>-1.0</direction>
            <amount>0.0</amount>
          </org.simbrain.world.odorworld.effectors.Turning>
          <org.simbrain.world.odorworld.effectors.Turning>
            <parent reference="../../.."/>
            <id>Effector_3</id>
            <label></label>
            <events>
              <changeSupport serialization="custom">
                <java.beans.PropertyChangeSupport>
                  <default>
                    <source class="org.simbrain.world.odorworld.effectors.Turning" reference="../../../../.."/>
                    <propertyChangeSupportSerializedDataVersion>2</propertyChangeSupportSerializedDataVersion>
                  </default>
                  <null/>
                </java.beans.PropertyChangeSupport>
              </changeSupport>
              <attribute class="org.simbrain.world.odorworld.effectors.Turning" reference="../.."/>
            </events>
            <direction>1.0</direction>
            <amount>0.0</amount>
          </org.simbrain.world.odorworld.effectors.Turning>
        </effectors>
        <smellSource>
          <stimulusVector>
            <double>0.40066707936437584</double>
            <double>0.1616217822349556</double>
            <double>0.30608467839228115</double>
            <double>0.47467843191997083</double>
            <double>0.08256275519265521</double>
            <double>0.6842404306641044</double>
            <double>0.5280284492957518</double>
            <double>0.9812602728297117</double>
            <double>0.7994026168019001</double>
            <double>0.24386075897071657</double>
          </stimulusVector>
          <decayFunction class="org.simbrain.util.math.DecayFunctions.LinearDecayFunction">
            <dispersion>70.0</dispersion>
            <peakDistance>0.0</peakDistance>
            <randomizer class="org.simbrain.util.math.ProbDistributions.UniformDistribution">
              <floor>0.0</floor>
              <ceil>1.0</ceil>
              <polarity>BOTH</polarity>
            </randomizer>
            <addNoise>false</addNoise>
          </decayFunction>
        </smellSource>
        <sensorsEnabled>true</sensorsEnabled>
        <effectorsEnabled>true</effectorsEnabled>
        <showSensors>true</showSensors>
        <currentlyHeardPhrases/>
        <updateHeadingBasedOnVelocity>false</updateHeadingBasedOnVelocity>
        <edible>false</edible>
        <energyLevel>10000.0</energyLevel>
        <calories>1000.0</calories>
        <tileCollision>
          <x>0</x>
          <y>0</y>
          <outer-class reference="../.."/>
        </tileCollision>
      </org.simbrain.world.odorworld.entities.OdorWorldEntity>
      <org.simbrain.world.odorworld.entities.OdorWorldEntity>
        <entityType>SWISS</entityType>
        <name>Entity_2</name>
        <id>Entity_2</id>
        <x>134.0</x>
        <y>184.0</y>
        <collisionBound>
          <collisionRadius>24.0</collisionRadius>
          <location>
            <x>134.0</x>
            <y>184.0</y>
          </location>
          <centerLocation>
            <x>150.0</x>
            <y>200.0</y>
          </centerLocation>
          <collisionBounds>
            <entry>
              <string>left</string>
              <java.awt.geom.Line2D_-Double>
                <x1>134.0</x1>
                <y1>184.0</y1>
                <x2>134.0</x2>
                <y2>216.0</y2>
              </java.awt.geom.Line2D_-Double>
            </entry>
            <entry>
              <string>up</string>
              <java.awt.geom.Line2D_-Double>
                <x1>134.0</x1>
                <y1>184.0</y1>
                <x2>166.0</x2>
                <y2>184.0</y2>
              </java.awt.geom.Line2D_-Double>
            </entry>
            <entry>
              <string>right</string>
              <java.awt.geom.Line2D_-Double>
                <x1>166.0</x1>
                <y1>184.0</y1>
                <x2>166.0</x2>
                <y2>216.0</y2>
              </java.awt.geom.Line2D_-Double>
            </entry>
            <entry>
              <string>down</string>
              <java.awt.geom.Line2D_-Double>
                <x1>134.0</x1>
                <y1>216.0</y1>
                <x2>166.0</x2>
                <y2>216.0</y2>
              </java.awt.geom.Line2D_-Double>
            </entry>
          </collisionBounds>
          <velocity>
            <x>0.0</x>
            <y>0.0</y>
          </velocity>
          <shape>
            <x>134.0</x>
            <y>184.0</y>
            <width>32.0</width>
            <height>32.0</height>
          </shape>
        </collisionBound>
        <dx>0.0</dx>
        <dy>0.0</dy>
        <manualStraightMovementIncrement>1.0</manualStraightMovementIncrement>
        <manualMovementVelocity>
          <x>0.0</x>
          <y>0.0</y>
        </manualMovementVelocity>
        <manualMode>false</manualMode>
        <heading>0.0</heading>
        <dtheta>0.0</dtheta>
        <manualMotionTurnIncrement>1.0</manualMotionTurnIncrement>
        <parentWorld reference="../../../.."/>
        <sensors/>
        <effectors/>
        <smellSource>
          <stimulusVector>
            <double>0.2780004020289595</double>
            <double>0.08083162656630649</double>
            <double>0.8610403634854843</double>
            <double>0.34879234213451604</double>
            <double>0.39652813477839977</double>
            <double>0.44881454833402</double>
            <double>0.6737585461599542</double>
            <double>0.6526777075679504</double>
            <double>0.604861696302919</double>
            <double>0.7728736195957266</double>
          </stimulusVector>
          <decayFunction class="org.simbrain.util.math.DecayFunctions.LinearDecayFunction">
            <dispersion>70.0</dispersion>
            <peakDistance>0.0</peakDistance>
            <randomizer class="org.simbrain.util.math.ProbDistributions.UniformDistribution">
              <floor>0.0</floor>
              <ceil>1.0</ceil>
              <polarity>BOTH</polarity>
            </randomizer>
            <addNoise>false</addNoise>
          </decayFunction>
        </smellSource>
        <sensorsEnabled>false</sensorsEnabled>
        <effectorsEnabled>false</effectorsEnabled>
        <showSensors>true</showSensors>
        <currentlyHeardPhrases/>
        <updateHeadingBasedOnVelocity>false</updateHeadingBasedOnVelocity>
        <edible>false</edible>
        <energyLevel>10000.0</energyLevel>
        <calories>1000.0</calories>
        <tileCollision>
          <x>0</x>
          <y>0</y>
          <outer-class reference="../.."/>
        </tileCollision>
      </org.simbrain.world.odorworld.entities.OdorWorldEntity>
    </java.util.concurrent.CopyOnWriteArrayList>
  </entityList>
  <tileMap version="1.0" tiledversion="1.1.6" width="14" height="14" tilewidth="32" tileheight="32">
    <tileset firstgid="1" name="RoguelikeTileSet" tilewidth="32" tileheight="32" spacing="2" margin="0" tilecount="1767" columns="57" offsetX="0" offsetY="0">
      <image source="tileset_kenney.png" width="1936" height="1052"/>
      <tile id="5">
        <properties>
          <property name="type" value="Grass"/>
        </properties>
      </tile>
      <tile id="62">
        <properties>
          <property name="type" value="Grass"/>
        </properties>
      </tile>
      <tile id="293">
        <properties>
          <property name="smell" value="1, 0.45, 0.22, 0.45, 0.02"/>
        </properties>
      </tile>
      <tile id="406">
        <properties>
          <property name="label" value="DirtRoadTurnDownRight"/>
          <property name="type" value="DirtRoad"/>
        </properties>
      </tile>
    </tileset>
    <layer name="Tile Layer 1" width="14" height="14">
      <data encoding="csv">
0,0,0,0,0,0,0,0,0,0,0,0,0,0,
0,0,0,0,0,0,0,0,0,0,0,0,0,0,
0,0,0,0,0,0,0,0,0,0,0,0,0,0,
0,0,0,0,0,0,0,0,0,0,0,0,0,0,
0,0,0,0,0,0,0,0,0,0,0,0,0,0,
0,0,0,0,0,0,0,0,0,0,0,0,0,0,
0,0,0,0,0,0,0,0,0,0,0,0,0,0,
0,0,0,0,0,0,0,0,0,0,0,0,0,0,
0,0,0,0,0,0,0,0,0,0,0,0,0,0,
0,0,0,0,0,0,0,0,0,0,0,0,0,0,
0,0,0,0,0,0,0,0,0,0,0,0,0,0,
0,0,0,0,0,0,0,0,0,0,0,0,0,0,
0,0,0,0,0,0,0,0,0,0,0,0,0,0,
0,0,0,0,0,0,0,0,0,0,0,0,0,0
</data>
    </layer>
    <guiEnabled>false</guiEnabled>
  </tileMap>
  <wrapAround>true</wrapAround>
  <objectsBlockMovement>true</objectsBlockMovement>
  <entityIDGenerator>
    <rootName>Entity</rootName>
    <index>
      <value>3</value>
    </index>
  </entityIDGenerator>
  <sensorIDGenerator>
    <rootName>Sensor</rootName>
    <index>
      <value>4</value>
    </index>
  </sensorIDGenerator>
  <effectorIDGenerator>
    <rootName>Effector</rootName>
    <index>
      <value>4</value>
    </index>
  </effectorIDGenerator>
  <agentIdGenerator>
    <rootName>Agent</rootName>
    <index>
      <value>1</value>
    </index>
  </agentIdGenerator>
  <lastClickedPosition class="java.awt.geom.Point2D$Double">
    <x>50.0</x>
    <y>50.0</y>
  </lastClickedPosition>
  <worldBoundary>
    <collisionRadius>336.0</collisionRadius>
    <location>
      <x>0.0</x>
      <y>0.0</y>
    </location>
    <centerLocation>
      <x>224.0</x>
      <y>224.0</y>
    </centerLocation>
    <collisionBounds>
      <entry>
        <string>left</string>
        <java.awt.geom.Line2D_-Double>
          <x1>0.0</x1>
          <y1>0.0</y1>
          <x2>0.0</x2>
          <y2>448.0</y2>
        </java.awt.geom.Line2D_-Double>
      </entry>
      <entry>
        <string>up</string>
        <java.awt.geom.Line2D_-Double>
          <x1>0.0</x1>
          <y1>0.0</y1>
          <x2>448.0</x2>
          <y2>0.0</y2>
        </java.awt.geom.Line2D_-Double>
      </entry>
      <entry>
        <string>right</string>
        <java.awt.geom.Line2D_-Double>
          <x1>448.0</x1>
          <y1>0.0</y1>
          <x2>448.0</x2>
          <y2>448.0</y2>
        </java.awt.geom.Line2D_-Double>
      </entry>
      <entry>
        <string>down</string>
        <java.awt.geom.Line2D_-Double>
          <x1>0.0</x1>
          <y1>448.0</y1>
          <x2>448.0</x2>
          <y2>448.0</y2>
        </java.awt.geom.Line2D_-Double>
      </entry>
    </collisionBounds>
    <velocity>
      <x>0.0</x>
      <y>0.0</y>
    </velocity>
    <shape>
      <x>0.0</x>
      <y>0.0</y>
      <width>448.0</width>
      <height>448.0</height>
    </shape>
  </worldBoundary>
</org.simbrain.world.odorworld.OdorWorld>