<org.simbrain.network.core.Network>
  <looseNeurons>
    <org.simbrain.network.core.Neuron>
      <updateRule class="org.simbrain.network.neuron_update_rules.LinearRule">
        <slope>1.0</slope>
        <bias>0.0</bias>
        <noiseGenerator class="org.simbrain.util.math.ProbDistributions.UniformDistribution">
          <floor>0.0</floor>
          <ceil>1.0</ceil>
          <polarity>BOTH</polarity>
        </noiseGenerator>
        <addNoise>false</addNoise>
        <clipping>false</clipping>
        <upperBound>100.0</upperBound>
        <lowerBound>-1.0</lowerBound>
      </updateRule>
      <id>Neuron_1</id>
      <label></label>
      <activation>45.0</activation>
      <increment>0.1</increment>
      <spike>false</spike>
      <buffer>0.0</buffer>
      <spkBuffer>false</spkBuffer>
      <inputValue>0.0</inputValue>
      <parent reference="../../.."/>
      <x>107.0</x>
      <y>78.0</y>
      <z>0.0</z>
      <clamped>true</clamped>
      <polarity>BOTH</polarity>
      <targetValue>0.0</targetValue>
      <lastActivation>0.0</lastActivation>
      <updatePriority>0</updatePriority>
      <auxValue>0.0</auxValue>
    </org.simbrain.network.core.Neuron>
    <org.simbrain.network.core.Neuron>
      <updateRule class="org.simbrain.network.neuron_update_rules.MorrisLecarRule">
        <lastSpikeTime>0.0</lastSpikeTime>
        <appliedInput>0.0</appliedInput>
        <g__Ca>4.0</g__Ca>
        <g__K>8.0</g__K>
        <g__L>2.0</g__L>
        <vRest__Ca>120.0</vRest__Ca>
        <vRest__k>-80.0</vRest__k>
        <vRest__L>-60.0</vRest__L>
        <cMembrane>5.0</cMembrane>
        <v__m1>-1.2</v__m1>
        <v__m2>18.0</v__m2>
        <v__w1>2.0</v__w1>
        <v__w2>17.4</v__w2>
        <w__K>0.0</w__K>
        <phi>0.06667</phi>
        <i__bg>46.0</i__bg>
        <threshold>40.0</threshold>
        <addNoise>false</addNoise>
        <noiseGenerator class="org.simbrain.util.math.ProbDistributions.NormalDistribution">
          <mean>1.0</mean>
          <standardDeviation>1.0</standardDeviation>
          <floor>-Infinity</floor>
          <ceil>Infinity</ceil>
          <clipping>false</clipping>
          <polarity>BOTH</polarity>
        </noiseGenerator>
      </updateRule>
      <id>Neuron_2</id>
      <label>Morris-Lecar (red)</label>
      <activation>-39.889</activation>
      <increment>0.1</increment>
      <spike>false</spike>
      <buffer>0.0</buffer>
      <spkBuffer>false</spkBuffer>
      <inputValue>0.0</inputValue>
      <parent reference="../../.."/>
      <x>200.94174199891776</x>
      <y>78.7582012258285</y>
      <z>0.0</z>
      <clamped>false</clamped>
      <polarity>BOTH</polarity>
      <targetValue>0.0</targetValue>
      <lastActivation>0.0</lastActivation>
      <updatePriority>0</updatePriority>
      <auxValue>0.0</auxValue>
    </org.simbrain.network.core.Neuron>
    <org.simbrain.network.core.Neuron>
      <updateRule class="org.simbrain.network.neuron_update_rules.LinearRule">
        <slope>1.0</slope>
        <bias>0.0</bias>
        <noiseGenerator class="org.simbrain.util.math.ProbDistributions.UniformDistribution">
          <floor>0.0</floor>
          <ceil>1.0</ceil>
          <polarity>BOTH</polarity>
        </noiseGenerator>
        <addNoise>false</addNoise>
        <clipping>false</clipping>
        <upperBound>100.0</upperBound>
        <lowerBound>-1.0</lowerBound>
      </updateRule>
      <id>Neuron_3</id>
      <label></label>
      <activation>0.8</activation>
      <increment>0.1</increment>
      <spike>false</spike>
      <buffer>0.0</buffer>
      <spkBuffer>false</spkBuffer>
      <inputValue>0.0</inputValue>
      <parent reference="../../.."/>
      <x>107.03828121436226</x>
      <y>135.5516767872684</y>
      <z>0.0</z>
      <clamped>true</clamped>
      <polarity>BOTH</polarity>
      <targetValue>0.0</targetValue>
      <lastActivation>0.0</lastActivation>
      <updatePriority>0</updatePriority>
      <auxValue>0.0</auxValue>
    </org.simbrain.network.core.Neuron>
    <org.simbrain.network.core.Neuron>
      <updateRule class="org.simbrain.network.neuron_update_rules.AdExIFRule">
        <lastSpikeTime>0.0</lastSpikeTime>
        <appliedInput>0.0</appliedInput>
        <v__Reset>-48.0</v__Reset>
        <v__Th>-50.4</v__Th>
        <v__Peak>20.0</v__Peak>
        <g__L>30.0</g__L>
        <g__e__bar>10.0</g__e__bar>
        <g__i__bar>10.0</g__i__bar>
        <leakReversal>-70.6</leakReversal>
        <exReversal>0.0</exReversal>
        <inReversal>-75.0</inReversal>
        <v__mem>-70.6</v__mem>
        <w>200.0</w>
        <b>0.0805</b>
        <tauW>40.0</tauW>
        <slopeFactor>2.0</slopeFactor>
        <a>4.0</a>
        <memCapacitance>281.0</memCapacitance>
        <i__bg>0.0</i__bg>
        <addNoise>false</addNoise>
        <noiseGenerator class="org.simbrain.util.math.ProbDistributions.UniformDistribution">
          <floor>0.0</floor>
          <ceil>1.0</ceil>
          <polarity>BOTH</polarity>
        </noiseGenerator>
        <refractoryPeriod>1.0</refractoryPeriod>
        <ei>
          <double>0.0</double>
          <double>0.0</double>
        </ei>
      </updateRule>
      <id>Neuron_4</id>
      <label>AdEx (blue)</label>
      <activation>-48.929</activation>
      <increment>0.1</increment>
      <spike>false</spike>
      <buffer>0.0</buffer>
      <spkBuffer>false</spkBuffer>
      <inputValue>0.0</inputValue>
      <parent reference="../../.."/>
      <x>200.9800232132806</x>
      <y>136.30987801309692</y>
      <z>0.0</z>
      <clamped>false</clamped>
      <polarity>BOTH</polarity>
      <targetValue>0.0</targetValue>
      <lastActivation>0.0</lastActivation>
      <updatePriority>0</updatePriority>
      <auxValue>0.0</auxValue>
    </org.simbrain.network.core.Neuron>
    <org.simbrain.network.core.Neuron>
      <updateRule class="org.simbrain.network.neuron_update_rules.LinearRule">
        <slope>1.0</slope>
        <bias>0.0</bias>
        <noiseGenerator class="org.simbrain.util.math.ProbDistributions.UniformDistribution">
          <floor>0.0</floor>
          <ceil>1.0</ceil>
          <polarity>BOTH</polarity>
        </noiseGenerator>
        <addNoise>false</addNoise>
        <clipping>false</clipping>
        <upperBound>100.0</upperBound>
        <lowerBound>-1.0</lowerBound>
      </updateRule>
      <id>Neuron_5</id>
      <label></label>
      <activation>35.0</activation>
      <increment>0.1</increment>
      <spike>false</spike>
      <buffer>0.0</buffer>
      <spkBuffer>false</spkBuffer>
      <inputValue>0.0</inputValue>
      <parent reference="../../.."/>
      <x>106.25067197266964</x>
      <y>192.7924878744767</y>
      <z>0.0</z>
      <clamped>true</clamped>
      <polarity>BOTH</polarity>
      <targetValue>0.0</targetValue>
      <lastActivation>0.0</lastActivation>
      <updatePriority>0</updatePriority>
      <auxValue>0.0</auxValue>
    </org.simbrain.network.core.Neuron>
    <org.simbrain.network.core.Neuron>
      <updateRule class="org.simbrain.network.neuron_update_rules.IntegrateAndFireRule">
        <lastSpikeTime>0.0</lastSpikeTime>
        <appliedInput>0.0</appliedInput>
        <resistance>1.0</resistance>
        <timeConstant>10.0</timeConstant>
        <threshold>0.0</threshold>
        <resetPotential>-40.0</resetPotential>
        <restingPotential>-55.0</restingPotential>
        <backgroundCurrent>25.0</backgroundCurrent>
        <refractoryPeriod>3.0</refractoryPeriod>
        <noiseGenerator class="org.simbrain.util.math.ProbDistributions.UniformDistribution">
          <floor>0.0</floor>
          <ceil>1.0</ceil>
          <polarity>BOTH</polarity>
        </noiseGenerator>
        <addNoise>false</addNoise>
        <memPotential>0.0</memPotential>
        <randSpkChance>0.0</randSpkChance>
      </updateRule>
      <id>Neuron_6</id>
      <label>LIF (green)</label>
      <activation>-21.152</activation>
      <increment>0.1</increment>
      <spike>false</spike>
      <buffer>0.0</buffer>
      <spkBuffer>false</spkBuffer>
      <inputValue>0.0</inputValue>
      <parent reference="../../.."/>
      <x>200.19241397158754</x>
      <y>193.5506891003052</y>
      <z>0.0</z>
      <clamped>false</clamped>
      <polarity>BOTH</polarity>
      <targetValue>0.0</targetValue>
      <lastActivation>0.0</lastActivation>
      <updatePriority>0</updatePriority>
      <auxValue>0.0</auxValue>
    </org.simbrain.network.core.Neuron>
    <org.simbrain.network.core.Neuron>
      <updateRule class="org.simbrain.network.neuron_update_rules.LinearRule">
        <slope>1.0</slope>
        <bias>0.0</bias>
        <noiseGenerator class="org.simbrain.util.math.ProbDistributions.UniformDistribution">
          <floor>0.0</floor>
          <ceil>1.0</ceil>
          <polarity>BOTH</polarity>
        </noiseGenerator>
        <addNoise>false</addNoise>
        <clipping>false</clipping>
        <upperBound>100.0</upperBound>
        <lowerBound>-1.0</lowerBound>
      </updateRule>
      <id>Neuron_7</id>
      <label></label>
      <activation>15.0</activation>
      <increment>0.1</increment>
      <spike>false</spike>
      <buffer>0.0</buffer>
      <spkBuffer>false</spkBuffer>
      <inputValue>0.0</inputValue>
      <parent reference="../../.."/>
      <x>106.2889531870319</x>
      <y>250.3441646617451</y>
      <z>0.0</z>
      <clamped>true</clamped>
      <polarity>BOTH</polarity>
      <targetValue>0.0</targetValue>
      <lastActivation>0.0</lastActivation>
      <updatePriority>0</updatePriority>
      <auxValue>0.0</auxValue>
    </org.simbrain.network.core.Neuron>
    <org.simbrain.network.core.Neuron>
      <updateRule class="org.simbrain.network.neuron_update_rules.IzhikevichRule">
        <lastSpikeTime>0.0</lastSpikeTime>
        <appliedInput>0.0</appliedInput>
        <recovery>0.0</recovery>
        <a>0.02</a>
        <b>0.2</b>
        <c>-55.0</c>
        <d>2.0</d>
        <iBg>0.0</iBg>
        <threshold>30.0</threshold>
        <noiseGenerator class="org.simbrain.util.math.ProbDistributions.UniformDistribution">
          <floor>0.0</floor>
          <ceil>1.0</ceil>
          <polarity>BOTH</polarity>
        </noiseGenerator>
        <addNoise>false</addNoise>
        <inputs>0.0</inputs>
        <refractoryPeriod>0.0</refractoryPeriod>
        <timeStep>0.0</timeStep>
        <val>0.0</val>
      </updateRule>
      <id>Neuron_8</id>
      <label>Izhikevich (yellow)</label>
      <activation>-59.31</activation>
      <increment>0.1</increment>
      <spike>false</spike>
      <buffer>0.0</buffer>
      <spkBuffer>false</spkBuffer>
      <inputValue>0.0</inputValue>
      <parent reference="../../.."/>
      <x>200.23069518595037</x>
      <y>251.7512226894377</y>
      <z>0.0</z>
      <clamped>false</clamped>
      <polarity>BOTH</polarity>
      <targetValue>0.0</targetValue>
      <lastActivation>0.0</lastActivation>
      <updatePriority>0</updatePriority>
      <auxValue>0.0</auxValue>
    </org.simbrain.network.core.Neuron>
  </looseNeurons>
  <looseSynapses class="linked-hash-set">
    <org.simbrain.network.core.Synapse>
      <strength>1.0</strength>
      <parentNetwork reference="../../.."/>
      <source reference="../../../looseNeurons/org.simbrain.network.core.Neuron"/>
      <target reference="../../../looseNeurons/org.simbrain.network.core.Neuron[2]"/>
      <learningRule class="org.simbrain.network.synapse_update_rules.StaticSynapseRule">
        <clipped>false</clipped>
      </learningRule>
      <spikeResponder class="org.simbrain.network.synapse_update_rules.spikeresponders.NonResponder">
        <value>0.0</value>
      </spikeResponder>
      <id>Synapse_1</id>
      <psr>0.0</psr>
      <increment>1.0</increment>
      <upperBound>10.0</upperBound>
      <lowerBound>-10.0</lowerBound>
      <delay>0</delay>
      <enabled>true</enabled>
      <frozen>false</frozen>
      <dlyPtr>0</dlyPtr>
      <dlyVal>0.0</dlyVal>
      <isTemplate>false</isTemplate>
    </org.simbrain.network.core.Synapse>
    <org.simbrain.network.core.Synapse>
      <strength>1.0</strength>
      <parentNetwork reference="../../.."/>
      <source reference="../../../looseNeurons/org.simbrain.network.core.Neuron[3]"/>
      <target reference="../../../looseNeurons/org.simbrain.network.core.Neuron[4]"/>
      <learningRule class="org.simbrain.network.synapse_update_rules.StaticSynapseRule" reference="../../org.simbrain.network.core.Synapse/learningRule"/>
      <spikeResponder class="org.simbrain.network.synapse_update_rules.spikeresponders.NonResponder">
        <value>0.0</value>
      </spikeResponder>
      <id>Synapse_2</id>
      <psr>0.0</psr>
      <increment>1.0</increment>
      <upperBound>10.0</upperBound>
      <lowerBound>-10.0</lowerBound>
      <delay>0</delay>
      <enabled>true</enabled>
      <frozen>false</frozen>
      <dlyPtr>0</dlyPtr>
      <dlyVal>0.0</dlyVal>
      <isTemplate>false</isTemplate>
    </org.simbrain.network.core.Synapse>
    <org.simbrain.network.core.Synapse>
      <strength>1.0</strength>
      <parentNetwork reference="../../.."/>
      <source reference="../../../looseNeurons/org.simbrain.network.core.Neuron[5]"/>
      <target reference="../../../looseNeurons/org.simbrain.network.core.Neuron[6]"/>
      <learningRule class="org.simbrain.network.synapse_update_rules.StaticSynapseRule" reference="../../org.simbrain.network.core.Synapse/learningRule"/>
      <spikeResponder class="org.simbrain.network.synapse_update_rules.spikeresponders.NonResponder">
        <value>0.0</value>
      </spikeResponder>
      <id>Synapse_3</id>
      <psr>0.0</psr>
      <increment>1.0</increment>
      <upperBound>10.0</upperBound>
      <lowerBound>-10.0</lowerBound>
      <delay>0</delay>
      <enabled>true</enabled>
      <frozen>false</frozen>
      <dlyPtr>0</dlyPtr>
      <dlyVal>0.0</dlyVal>
      <isTemplate>false</isTemplate>
    </org.simbrain.network.core.Synapse>
    <org.simbrain.network.core.Synapse>
      <strength>1.0</strength>
      <parentNetwork reference="../../.."/>
      <source reference="../../../looseNeurons/org.simbrain.network.core.Neuron[7]"/>
      <target reference="../../../looseNeurons/org.simbrain.network.core.Neuron[8]"/>
      <learningRule class="org.simbrain.network.synapse_update_rules.StaticSynapseRule" reference="../../org.simbrain.network.core.Synapse/learningRule"/>
      <spikeResponder class="org.simbrain.network.synapse_update_rules.spikeresponders.NonResponder">
        <value>0.0</value>
      </spikeResponder>
      <id>Synapse_4</id>
      <psr>0.0</psr>
      <increment>1.0</increment>
      <upperBound>10.0</upperBound>
      <lowerBound>-10.0</lowerBound>
      <delay>0</delay>
      <enabled>true</enabled>
      <frozen>false</frozen>
      <dlyPtr>0</dlyPtr>
      <dlyVal>0.0</dlyVal>
      <isTemplate>false</isTemplate>
    </org.simbrain.network.core.Synapse>
  </looseSynapses>
  <weightMatrices/>
  <neuronCollectionSet/>
  <multiLayerNetworks/>
  <neuronGroups/>
  <synapseGroups/>
  <subnetworks/>
  <textList/>
  <naList/>
  <updateManager>
    <actionList>
      <org.simbrain.network.update__actions.BufferedUpdate>
        <network reference="../../../.."/>
      </org.simbrain.network.update__actions.BufferedUpdate>
    </actionList>
    <network reference="../.."/>
  </updateManager>
  <time>0.0</time>
  <timeStep>0.1</timeStep>
  <isRunning>
    <value>0</value>
  </isRunning>
  <timeType>CONTINUOUS</timeType>
  <prioritySortedNeuronList>
    <org.simbrain.network.core.Neuron reference="../../looseNeurons/org.simbrain.network.core.Neuron"/>
    <org.simbrain.network.core.Neuron reference="../../looseNeurons/org.simbrain.network.core.Neuron[2]"/>
    <org.simbrain.network.core.Neuron reference="../../looseNeurons/org.simbrain.network.core.Neuron[3]"/>
    <org.simbrain.network.core.Neuron reference="../../looseNeurons/org.simbrain.network.core.Neuron[4]"/>
    <org.simbrain.network.core.Neuron reference="../../looseNeurons/org.simbrain.network.core.Neuron[5]"/>
    <org.simbrain.network.core.Neuron reference="../../looseNeurons/org.simbrain.network.core.Neuron[6]"/>
    <org.simbrain.network.core.Neuron reference="../../looseNeurons/org.simbrain.network.core.Neuron[7]"/>
    <org.simbrain.network.core.Neuron reference="../../looseNeurons/org.simbrain.network.core.Neuron[8]"/>
  </prioritySortedNeuronList>
  <priorityComparator>
    <outer-class reference="../.."/>
  </priorityComparator>
  <idManager>
    <idMap>
      <entry>
        <java-class>org.simbrain.network.core.Neuron</java-class>
        <org.simbrain.util.SimpleId>
          <rootName>Neuron</rootName>
          <index>
            <value>9</value>
          </index>
        </org.simbrain.util.SimpleId>
      </entry>
      <entry>
        <java-class>org.simbrain.network.groups.NeuronGroup</java-class>
        <org.simbrain.util.SimpleId>
          <rootName>NeuronGroup</rootName>
          <index>
            <value>1</value>
          </index>
        </org.simbrain.util.SimpleId>
      </entry>
      <entry>
        <java-class>org.simbrain.network.dl4j.MultiLayerNet</java-class>
        <org.simbrain.util.SimpleId>
          <rootName>MultiLayerNet</rootName>
          <index>
            <value>1</value>
          </index>
        </org.simbrain.util.SimpleId>
      </entry>
      <entry>
        <java-class>org.simbrain.network.groups.NeuronCollection</java-class>
        <org.simbrain.util.SimpleId>
          <rootName>NeuronCollection</rootName>
          <index>
            <value>1</value>
          </index>
        </org.simbrain.util.SimpleId>
      </entry>
      <entry>
        <java-class>org.simbrain.network.core.Synapse</java-class>
        <org.simbrain.util.SimpleId>
          <rootName>Synapse</rootName>
          <index>
            <value>5</value>
          </index>
        </org.simbrain.util.SimpleId>
      </entry>
      <entry>
        <java-class>org.simbrain.network.groups.SynapseGroup</java-class>
        <org.simbrain.util.SimpleId>
          <rootName>SynapseGroup</rootName>
          <index>
            <value>1</value>
          </index>
        </org.simbrain.util.SimpleId>
      </entry>
      <entry>
        <java-class>org.simbrain.network.dl4j.NeuronArray</java-class>
        <org.simbrain.util.SimpleId>
          <rootName>NeuronArray</rootName>
          <index>
            <value>1</value>
          </index>
        </org.simbrain.util.SimpleId>
      </entry>
      <entry>
        <java-class>org.simbrain.network.dl4j.WeightMatrix</java-class>
        <org.simbrain.util.SimpleId>
          <rootName>WeightMatrix</rootName>
          <index>
            <value>1</value>
          </index>
        </org.simbrain.util.SimpleId>
      </entry>
      <entry>
        <java-class>org.simbrain.network.groups.Subnetwork</java-class>
        <org.simbrain.util.SimpleId>
          <rootName>Subnetwork</rootName>
          <index>
            <value>1</value>
          </index>
        </org.simbrain.util.SimpleId>
      </entry>
    </idMap>
  </idManager>
  <name>Network1</name>
  <iterCount>0</iterCount>
  <updateFreq>1</updateFreq>
  <oneOffRun>false</oneOffRun>
</org.simbrain.network.core.Network>