<org.simbrain.plot.timeseries.TimeSeriesModel>
  <dataset serialization="custom">
    <org.jfree.data.general.AbstractDataset>
      <default>
        <group>
          <id>NOID</id>
        </group>
      </default>
    </org.jfree.data.general.AbstractDataset>
    <org.jfree.data.xy.XYSeriesCollection>
      <default>
        <data>
          <org.jfree.data.xy.XYSeries>
            <key class="string">Series 1</key>
            <description>Series 1</description>
            <listeners serialization="custom">
              <javax.swing.event.EventListenerList>
                <default/>
                <string>org.jfree.data.general.SeriesChangeListener</string>
                <org.jfree.data.xy.XYSeriesCollection reference="../../../../../../.."/>
                <null/>
              </javax.swing.event.EventListenerList>
            </listeners>
            <propertyChangeSupport serialization="custom">
              <java.beans.PropertyChangeSupport>
                <default>
                  <source class="org.jfree.data.xy.XYSeries" reference="../../../.."/>
                  <propertyChangeSupportSerializedDataVersion>2</propertyChangeSupportSerializedDataVersion>
                </default>
                <null/>
              </java.beans.PropertyChangeSupport>
            </propertyChangeSupport>
            <notify>true</notify>
            <data/>
            <maximumItemCount>100</maximumItemCount>
            <autoSort>true</autoSort>
            <allowDuplicateXValues>true</allowDuplicateXValues>
          </org.jfree.data.xy.XYSeries>
          <org.jfree.data.xy.XYSeries>
            <key class="string">Series 2</key>
            <description>Series 2</description>
            <listeners serialization="custom">
              <javax.swing.event.EventListenerList>
                <default/>
                <string>org.jfree.data.general.SeriesChangeListener</string>
                <org.jfree.data.xy.XYSeriesCollection reference="../../../../../../.."/>
                <null/>
              </javax.swing.event.EventListenerList>
            </listeners>
            <propertyChangeSupport serialization="custom">
              <java.beans.PropertyChangeSupport>
                <default>
                  <source class="org.jfree.data.xy.XYSeries" reference="../../../.."/>
                  <propertyChangeSupportSerializedDataVersion>2</propertyChangeSupportSerializedDataVersion>
                </default>
                <null/>
              </java.beans.PropertyChangeSupport>
            </propertyChangeSupport>
            <notify>true</notify>
            <data/>
            <maximumItemCount>100</maximumItemCount>
            <autoSort>true</autoSort>
            <allowDuplicateXValues>true</allowDuplicateXValues>
          </org.jfree.data.xy.XYSeries>
          <org.jfree.data.xy.XYSeries>
            <key class="string">Series 3</key>
            <description>Series 3</description>
            <listeners serialization="custom">
              <javax.swing.event.EventListenerList>
                <default/>
                <string>org.jfree.data.general.SeriesChangeListener</string>
                <org.jfree.data.xy.XYSeriesCollection reference="../../../../../../.."/>
                <null/>
              </javax.swing.event.EventListenerList>
            </listeners>
            <propertyChangeSupport serialization="custom">
              <java.beans.PropertyChangeSupport>
                <default>
                  <source class="org.jfree.data.xy.XYSeries" reference="../../../.."/>
                  <propertyChangeSupportSerializedDataVersion>2</propertyChangeSupportSerializedDataVersion>
                </default>
                <null/>
              </java.beans.PropertyChangeSupport>
            </propertyChangeSupport>
            <notify>true</notify>
            <data/>
            <maximumItemCount>100</maximumItemCount>
            <autoSort>true</autoSort>
            <allowDuplicateXValues>true</allowDuplicateXValues>
          </org.jfree.data.xy.XYSeries>
          <org.jfree.data.xy.XYSeries>
            <key class="string">Series 4</key>
            <description>Series 4</description>
            <listeners serialization="custom">
              <javax.swing.event.EventListenerList>
                <default/>
                <string>org.jfree.data.general.SeriesChangeListener</string>
                <org.jfree.data.xy.XYSeriesCollection reference="../../../../../../.."/>
                <null/>
              </javax.swing.event.EventListenerList>
            </listeners>
            <propertyChangeSupport serialization="custom">
              <java.beans.PropertyChangeSupport>
                <default>
                  <source class="org.jfree.data.xy.XYSeries" reference="../../../.."/>
                  <propertyChangeSupportSerializedDataVersion>2</propertyChangeSupportSerializedDataVersion>
                </default>
                <null/>
              </java.beans.PropertyChangeSupport>
            </propertyChangeSupport>
            <notify>true</notify>
            <data/>
            <maximumItemCount>100</maximumItemCount>
            <autoSort>true</autoSort>
            <allowDuplicateXValues>true</allowDuplicateXValues>
          </org.jfree.data.xy.XYSeries>
        </data>
        <intervalDelegate>
          <dataset class="org.jfree.data.xy.XYSeriesCollection" reference="../../../.."/>
          <autoWidth>false</autoWidth>
          <intervalPositionFactor>0.5</intervalPositionFactor>
          <fixedIntervalWidth>1.0</fixedIntervalWidth>
          <autoIntervalWidth>Infinity</autoIntervalWidth>
        </intervalDelegate>
      </default>
    </org.jfree.data.xy.XYSeriesCollection>
  </dataset>
  <autoRange>true</autoRange>
  <rangeUpperBound>1.0</rangeUpperBound>
  <rangeLowerBound>0.0</rangeLowerBound>
  <fixedWidth>true</fixedWidth>
  <windowSize>1500</windowSize>
  <seriesNames/>
  <timeSeriesList>
    <org.simbrain.plot.timeseries.TimeSeriesModel_-ScalarTimeSeries>
      <series reference="../../../dataset/org.jfree.data.xy.XYSeriesCollection/default/data/org.jfree.data.xy.XYSeries"/>
      <outer-class reference="../../.."/>
    </org.simbrain.plot.timeseries.TimeSeriesModel_-ScalarTimeSeries>
    <org.simbrain.plot.timeseries.TimeSeriesModel_-ScalarTimeSeries>
      <series reference="../../../dataset/org.jfree.data.xy.XYSeriesCollection/default/data/org.jfree.data.xy.XYSeries[2]"/>
      <outer-class reference="../../.."/>
    </org.simbrain.plot.timeseries.TimeSeriesModel_-ScalarTimeSeries>
    <org.simbrain.plot.timeseries.TimeSeriesModel_-ScalarTimeSeries>
      <series reference="../../../dataset/org.jfree.data.xy.XYSeriesCollection/default/data/org.jfree.data.xy.XYSeries[3]"/>
      <outer-class reference="../../.."/>
    </org.simbrain.plot.timeseries.TimeSeriesModel_-ScalarTimeSeries>
    <org.simbrain.plot.timeseries.TimeSeriesModel_-ScalarTimeSeries>
      <series reference="../../../dataset/org.jfree.data.xy.XYSeriesCollection/default/data/org.jfree.data.xy.XYSeries[4]"/>
      <outer-class reference="../../.."/>
    </org.simbrain.plot.timeseries.TimeSeriesModel_-ScalarTimeSeries>
  </timeSeriesList>
  <isArrayMode>false</isArrayMode>
</org.simbrain.plot.timeseries.TimeSeriesModel>