<org.simbrain.network.core.Network>
  <neuronList>
    <org.simbrain.network.core.Neuron>
      <updateRule class="org.simbrain.network.neuron_update_rules.LinearRule">
        <inputType>WEIGHTED</inputType>
        <increment>0.1</increment>
        <slope>1.0</slope>
        <bias>0.0</bias>
        <noiseGenerator>
          <pdf>UNIFORM</pdf>
          <param1>0.0</param1>
          <param2>1.0</param2>
          <upperBound>1.0</upperBound>
          <lowerBound>0.0</lowerBound>
          <clipping>false</clipping>
        </noiseGenerator>
        <addNoise>false</addNoise>
        <clipping>true</clipping>
        <upperBound>1.0</upperBound>
        <lowerBound>-1.0</lowerBound>
      </updateRule>
      <id>Neuron_1</id>
      <label>Left</label>
      <activation>0.0</activation>
      <buffer>0.0</buffer>
      <inputValue>0.0</inputValue>
      <parent reference="../../.."/>
      <generator>false</generator>
      <x>206.0</x>
      <y>148.0</y>
      <z>0.0</z>
      <clamped>false</clamped>
      <targetValue>0.0</targetValue>
      <updatePriority>0</updatePriority>
      <auxValue>0.0</auxValue>
    </org.simbrain.network.core.Neuron>
    <org.simbrain.network.core.Neuron>
      <updateRule class="org.simbrain.network.neuron_update_rules.LinearRule">
        <inputType>WEIGHTED</inputType>
        <increment>0.1</increment>
        <slope>1.0</slope>
        <bias>0.0</bias>
        <noiseGenerator>
          <pdf>UNIFORM</pdf>
          <param1>0.0</param1>
          <param2>1.0</param2>
          <upperBound>1.0</upperBound>
          <lowerBound>0.0</lowerBound>
          <clipping>false</clipping>
        </noiseGenerator>
        <addNoise>false</addNoise>
        <clipping>true</clipping>
        <upperBound>1.0</upperBound>
        <lowerBound>-1.0</lowerBound>
      </updateRule>
      <id>Neuron_2</id>
      <label>Straight</label>
      <activation>1.0</activation>
      <buffer>0.0</buffer>
      <inputValue>0.0</inputValue>
      <parent reference="../../.."/>
      <generator>false</generator>
      <x>263.8151698709596</x>
      <y>122.15584062390236</y>
      <z>0.0</z>
      <clamped>true</clamped>
      <targetValue>0.0</targetValue>
      <updatePriority>0</updatePriority>
      <auxValue>0.0</auxValue>
    </org.simbrain.network.core.Neuron>
    <org.simbrain.network.core.Neuron>
      <updateRule class="org.simbrain.network.neuron_update_rules.LinearRule">
        <inputType>WEIGHTED</inputType>
        <increment>0.1</increment>
        <slope>1.0</slope>
        <bias>0.0</bias>
        <noiseGenerator>
          <pdf>UNIFORM</pdf>
          <param1>0.0</param1>
          <param2>1.0</param2>
          <upperBound>1.0</upperBound>
          <lowerBound>0.0</lowerBound>
          <clipping>false</clipping>
        </noiseGenerator>
        <addNoise>false</addNoise>
        <clipping>true</clipping>
        <upperBound>1.0</upperBound>
        <lowerBound>-1.0</lowerBound>
      </updateRule>
      <id>Neuron_3</id>
      <label>Blonde-Left</label>
      <activation>0.0</activation>
      <buffer>0.0</buffer>
      <inputValue>0.0</inputValue>
      <parent reference="../../.."/>
      <generator>false</generator>
      <x>126.65171218805722</x>
      <y>290.0433986747859</y>
      <z>0.0</z>
      <clamped>false</clamped>
      <targetValue>0.0</targetValue>
      <updatePriority>0</updatePriority>
      <auxValue>0.0</auxValue>
    </org.simbrain.network.core.Neuron>
    <org.simbrain.network.core.Neuron>
      <updateRule class="org.simbrain.network.neuron_update_rules.LinearRule">
        <inputType>WEIGHTED</inputType>
        <increment>0.1</increment>
        <slope>1.0</slope>
        <bias>0.0</bias>
        <noiseGenerator>
          <pdf>UNIFORM</pdf>
          <param1>0.0</param1>
          <param2>1.0</param2>
          <upperBound>1.0</upperBound>
          <lowerBound>0.0</lowerBound>
          <clipping>false</clipping>
        </noiseGenerator>
        <addNoise>false</addNoise>
        <clipping>true</clipping>
        <upperBound>1.0</upperBound>
        <lowerBound>-1.0</lowerBound>
      </updateRule>
      <id>Neuron_4</id>
      <label>Blonde-Right</label>
      <activation>0.0</activation>
      <buffer>0.0</buffer>
      <inputValue>0.0</inputValue>
      <parent reference="../../.."/>
      <generator>false</generator>
      <x>176.41665184297247</x>
      <y>330.7305082201305</y>
      <z>0.0</z>
      <clamped>false</clamped>
      <targetValue>0.0</targetValue>
      <updatePriority>0</updatePriority>
      <auxValue>0.0</auxValue>
    </org.simbrain.network.core.Neuron>
    <org.simbrain.network.core.Neuron>
      <updateRule class="org.simbrain.network.neuron_update_rules.LinearRule">
        <inputType>WEIGHTED</inputType>
        <increment>0.1</increment>
        <slope>1.0</slope>
        <bias>0.0</bias>
        <noiseGenerator>
          <pdf>UNIFORM</pdf>
          <param1>0.0</param1>
          <param2>1.0</param2>
          <upperBound>1.0</upperBound>
          <lowerBound>0.0</lowerBound>
          <clipping>false</clipping>
        </noiseGenerator>
        <addNoise>false</addNoise>
        <clipping>true</clipping>
        <upperBound>1.0</upperBound>
        <lowerBound>-1.0</lowerBound>
      </updateRule>
      <id>Neuron_5</id>
      <label>RIght</label>
      <activation>0.0</activation>
      <buffer>0.0</buffer>
      <inputValue>0.0</inputValue>
      <parent reference="../../.."/>
      <generator>false</generator>
      <x>321.22765361399576</x>
      <y>149.39025658613477</y>
      <z>0.0</z>
      <clamped>false</clamped>
      <targetValue>0.0</targetValue>
      <updatePriority>0</updatePriority>
      <auxValue>0.0</auxValue>
    </org.simbrain.network.core.Neuron>
    <org.simbrain.network.core.Neuron>
      <updateRule class="org.simbrain.network.neuron_update_rules.LinearRule">
        <inputType>WEIGHTED</inputType>
        <increment>0.1</increment>
        <slope>1.0</slope>
        <bias>0.0</bias>
        <noiseGenerator>
          <pdf>UNIFORM</pdf>
          <param1>0.0</param1>
          <param2>1.0</param2>
          <upperBound>1.0</upperBound>
          <lowerBound>0.0</lowerBound>
          <clipping>false</clipping>
        </noiseGenerator>
        <addNoise>false</addNoise>
        <clipping>true</clipping>
        <upperBound>1.0</upperBound>
        <lowerBound>-1.0</lowerBound>
      </updateRule>
      <id>Neuron_6</id>
      <label>Brunette-Left</label>
      <activation>0.0</activation>
      <buffer>0.0</buffer>
      <inputValue>0.0</inputValue>
      <parent reference="../../.."/>
      <generator>false</generator>
      <x>322.67586066383706</x>
      <y>267.5820334845034</y>
      <z>0.0</z>
      <clamped>false</clamped>
      <targetValue>0.0</targetValue>
      <updatePriority>0</updatePriority>
      <auxValue>0.0</auxValue>
    </org.simbrain.network.core.Neuron>
    <org.simbrain.network.core.Neuron>
      <updateRule class="org.simbrain.network.neuron_update_rules.LinearRule">
        <inputType>WEIGHTED</inputType>
        <increment>0.1</increment>
        <slope>1.0</slope>
        <bias>0.0</bias>
        <noiseGenerator>
          <pdf>UNIFORM</pdf>
          <param1>0.0</param1>
          <param2>1.0</param2>
          <upperBound>1.0</upperBound>
          <lowerBound>0.0</lowerBound>
          <clipping>false</clipping>
        </noiseGenerator>
        <addNoise>false</addNoise>
        <clipping>true</clipping>
        <upperBound>1.0</upperBound>
        <lowerBound>-1.0</lowerBound>
      </updateRule>
      <id>Neuron_7</id>
      <label>Brunette-Right</label>
      <activation>0.0</activation>
      <buffer>0.0</buffer>
      <inputValue>0.0</inputValue>
      <parent reference="../../.."/>
      <generator>false</generator>
      <x>412.10114971372843</x>
      <y>267.9042392551706</y>
      <z>0.0</z>
      <clamped>false</clamped>
      <targetValue>0.0</targetValue>
      <updatePriority>0</updatePriority>
      <auxValue>0.0</auxValue>
    </org.simbrain.network.core.Neuron>
    <org.simbrain.network.core.Neuron>
      <updateRule class="org.simbrain.network.neuron_update_rules.LinearRule">
        <inputType>WEIGHTED</inputType>
        <increment>0.1</increment>
        <slope>1.0</slope>
        <bias>0.0</bias>
        <noiseGenerator>
          <pdf>UNIFORM</pdf>
          <param1>0.0</param1>
          <param2>1.0</param2>
          <upperBound>1.0</upperBound>
          <lowerBound>0.0</lowerBound>
          <clipping>false</clipping>
        </noiseGenerator>
        <addNoise>false</addNoise>
        <clipping>true</clipping>
        <upperBound>1.0</upperBound>
        <lowerBound>-1.0</lowerBound>
      </updateRule>
      <id>Neuron_8</id>
      <label></label>
      <activation>0.0</activation>
      <buffer>0.0</buffer>
      <inputValue>0.0</inputValue>
      <parent reference="../../.."/>
      <generator>false</generator>
      <x>228.4818975417985</x>
      <y>237.81578930222108</y>
      <z>0.0</z>
      <clamped>false</clamped>
      <targetValue>0.0</targetValue>
      <updatePriority>0</updatePriority>
      <auxValue>0.0</auxValue>
    </org.simbrain.network.core.Neuron>
  </neuronList>
  <synapseList class="linked-hash-set">
    <org.simbrain.network.core.Synapse>
      <parentNetwork reference="../../.."/>
      <source reference="../../../neuronList/org.simbrain.network.core.Neuron[6]"/>
      <target reference="../../../neuronList/org.simbrain.network.core.Neuron"/>
      <learningRule class="org.simbrain.network.synapse_update_rules.StaticSynapseRule">
        <clipped>false</clipped>
      </learningRule>
      <id>Synapse_2</id>
      <strength>3.0</strength>
      <psr>0.0</psr>
      <increment>1.0</increment>
      <upperBound>10.0</upperBound>
      <lowerBound>-10.0</lowerBound>
      <delay>0</delay>
      <enabled>true</enabled>
      <frozen>false</frozen>
    </org.simbrain.network.core.Synapse>
    <org.simbrain.network.core.Synapse>
      <parentNetwork reference="../../.."/>
      <source reference="../../../neuronList/org.simbrain.network.core.Neuron[7]"/>
      <target reference="../../../neuronList/org.simbrain.network.core.Neuron[5]"/>
      <learningRule class="org.simbrain.network.synapse_update_rules.StaticSynapseRule">
        <clipped>false</clipped>
      </learningRule>
      <id>Synapse_4</id>
      <strength>4.0</strength>
      <psr>0.0</psr>
      <increment>1.0</increment>
      <upperBound>10.0</upperBound>
      <lowerBound>-10.0</lowerBound>
      <delay>0</delay>
      <enabled>true</enabled>
      <frozen>false</frozen>
    </org.simbrain.network.core.Synapse>
    <org.simbrain.network.core.Synapse>
      <parentNetwork reference="../../.."/>
      <source reference="../../../neuronList/org.simbrain.network.core.Neuron[7]"/>
      <target reference="../../../neuronList/org.simbrain.network.core.Neuron"/>
      <learningRule class="org.simbrain.network.synapse_update_rules.StaticSynapseRule">
        <clipped>false</clipped>
      </learningRule>
      <id>Synapse_5</id>
      <strength>-3.0</strength>
      <psr>-0.0</psr>
      <increment>1.0</increment>
      <upperBound>10.0</upperBound>
      <lowerBound>-10.0</lowerBound>
      <delay>0</delay>
      <enabled>true</enabled>
      <frozen>false</frozen>
    </org.simbrain.network.core.Synapse>
    <org.simbrain.network.core.Synapse>
      <parentNetwork reference="../../.."/>
      <source reference="../../../neuronList/org.simbrain.network.core.Neuron[6]"/>
      <target reference="../../../neuronList/org.simbrain.network.core.Neuron[5]"/>
      <learningRule class="org.simbrain.network.synapse_update_rules.StaticSynapseRule">
        <clipped>false</clipped>
      </learningRule>
      <id>Synapse_6</id>
      <strength>-4.0</strength>
      <psr>-0.0</psr>
      <increment>1.0</increment>
      <upperBound>10.0</upperBound>
      <lowerBound>-10.0</lowerBound>
      <delay>0</delay>
      <enabled>true</enabled>
      <frozen>false</frozen>
    </org.simbrain.network.core.Synapse>
  </synapseList>
  <groupList/>
  <textList/>
  <updateManager>
    <actionList class="java.util.concurrent.CopyOnWriteArrayList" serialization="custom">
      <java.util.concurrent.CopyOnWriteArrayList>
        <default/>
        <int>1</int>
        <org.simbrain.network.update__actions.BufferedUpdate>
          <network reference="../../../../.."/>
        </org.simbrain.network.update__actions.BufferedUpdate>
      </java.util.concurrent.CopyOnWriteArrayList>
    </actionList>
    <network reference="../.."/>
  </updateManager>
  <time>0.0</time>
  <timeStep>0.1</timeStep>
  <timeType>DISCRETE</timeType>
  <prioritySortedNeuronList>
    <org.simbrain.network.core.Neuron reference="../../neuronList/org.simbrain.network.core.Neuron"/>
    <org.simbrain.network.core.Neuron reference="../../neuronList/org.simbrain.network.core.Neuron[2]"/>
    <org.simbrain.network.core.Neuron reference="../../neuronList/org.simbrain.network.core.Neuron[3]"/>
    <org.simbrain.network.core.Neuron reference="../../neuronList/org.simbrain.network.core.Neuron[4]"/>
    <org.simbrain.network.core.Neuron reference="../../neuronList/org.simbrain.network.core.Neuron[5]"/>
    <org.simbrain.network.core.Neuron reference="../../neuronList/org.simbrain.network.core.Neuron[6]"/>
    <org.simbrain.network.core.Neuron reference="../../neuronList/org.simbrain.network.core.Neuron[7]"/>
    <org.simbrain.network.core.Neuron reference="../../neuronList/org.simbrain.network.core.Neuron[8]"/>
  </prioritySortedNeuronList>
  <priorityComparator>
    <outer-class reference="../.."/>
  </priorityComparator>
  <neuronIdGenerator>
    <rootName>Neuron</rootName>
    <index>9</index>
  </neuronIdGenerator>
  <synapseIdGenerator>
    <rootName>Synapse</rootName>
    <index>7</index>
  </synapseIdGenerator>
  <groupIdGenerator>
    <rootName>Group</rootName>
    <index>1</index>
  </groupIdGenerator>
</org.simbrain.network.core.Network>