<html>
<body>
<h1>Hopfield Network</h1>
<br>
<a href="http://en.wikipedia.org/wiki/Hopfield_network"> 
Hopfield networks</a> learn patterns by a Hebbian rule.
<br><br>
This network has been pre-trained on 4 letters: 
A, D, I and Z.  
You can double click on the main interaction
box (the yellow tab labelled "Hopfield
network") and go to the validate tab to try the inputs.
Click the "test row" button to verify that
the different training patterns work.
<br><br>   
Now try putting in partial patterns or degraded versions
of the 4  patterns it has been trained on. To do this
again go to the validate tab, click on test row, and
then close that dialog,  click on individual neurons,
and press the up and down buttons to add or remove
activation.
<br><br>
To test patterns you can also clear all the neurons
by pressing "N" then "C", and then use the wand 
tool to activate neurons in a pattern resembling
the letterss A, D, I and Z. 
<br><br>
Hopfield nets can remember about 14% of the number of nodes
they have, so this 80 node network can remember about 10
letters in principle, though in practice they interfere
quite a bit.  Try making a larger network that can 
store more patterns.
</body>
</html>
