<org.simbrain.network.core.Network>
  <neuronList>
    <org.simbrain.network.core.Neuron>
      <updateRule class="org.simbrain.network.neuron_update_rules.LinearRule">
        <inputType>WEIGHTED</inputType>
        <increment>0.1</increment>
        <slope>1.0</slope>
        <bias>0.0</bias>
        <noiseGenerator>
          <pdf>UNIFORM</pdf>
          <param1>0.0</param1>
          <param2>1.0</param2>
          <upperBound>1.0</upperBound>
          <lowerBound>0.0</lowerBound>
          <clipping>false</clipping>
        </noiseGenerator>
        <addNoise>false</addNoise>
        <clipping>true</clipping>
        <upperBound>1.0</upperBound>
        <lowerBound>-1.0</lowerBound>
      </updateRule>
      <id>Neuron_1</id>
      <label></label>
      <activation>0.0</activation>
      <spike>false</spike>
      <buffer>0.12771087580532406</buffer>
      <spkBuffer>false</spkBuffer>
      <inputValue>0.0</inputValue>
      <parent reference="../../.."/>
      <x>132.0</x>
      <y>110.0</y>
      <z>0.0</z>
      <clamped>false</clamped>
      <polarity>BOTH</polarity>
      <targetValue>0.0</targetValue>
      <lastActivation>0.0</lastActivation>
      <updatePriority>0</updatePriority>
      <auxValue>0.0</auxValue>
    </org.simbrain.network.core.Neuron>
    <org.simbrain.network.core.Neuron>
      <updateRule class="org.simbrain.network.neuron_update_rules.LinearRule">
        <inputType>WEIGHTED</inputType>
        <increment>0.1</increment>
        <slope>1.0</slope>
        <bias>0.0</bias>
        <noiseGenerator>
          <pdf>UNIFORM</pdf>
          <param1>0.0</param1>
          <param2>1.0</param2>
          <upperBound>1.0</upperBound>
          <lowerBound>0.0</lowerBound>
          <clipping>false</clipping>
        </noiseGenerator>
        <addNoise>false</addNoise>
        <clipping>true</clipping>
        <upperBound>1.0</upperBound>
        <lowerBound>-1.0</lowerBound>
      </updateRule>
      <id>Neuron_2</id>
      <label></label>
      <activation>0.0</activation>
      <spike>false</spike>
      <buffer>0.2662368939553023</buffer>
      <spkBuffer>false</spkBuffer>
      <inputValue>0.0</inputValue>
      <parent reference="../../.."/>
      <x>240.93420029378723</x>
      <y>110.73744923528903</y>
      <z>0.0</z>
      <clamped>false</clamped>
      <polarity>BOTH</polarity>
      <targetValue>0.0</targetValue>
      <lastActivation>0.0</lastActivation>
      <updatePriority>0</updatePriority>
      <auxValue>0.0</auxValue>
    </org.simbrain.network.core.Neuron>
    <org.simbrain.network.core.Neuron>
      <updateRule class="org.simbrain.network.neuron_update_rules.LinearRule">
        <inputType>WEIGHTED</inputType>
        <increment>0.1</increment>
        <slope>1.0</slope>
        <bias>1.0</bias>
        <noiseGenerator>
          <pdf>UNIFORM</pdf>
          <param1>0.0</param1>
          <param2>1.0</param2>
          <upperBound>1.0</upperBound>
          <lowerBound>0.0</lowerBound>
          <clipping>false</clipping>
        </noiseGenerator>
        <addNoise>false</addNoise>
        <clipping>true</clipping>
        <upperBound>5.0</upperBound>
        <lowerBound>-1.0</lowerBound>
      </updateRule>
      <id>Neuron_3</id>
      <label>straight</label>
      <activation>0.9999999999999999</activation>
      <spike>false</spike>
      <buffer>1.0</buffer>
      <spkBuffer>false</spkBuffer>
      <inputValue>0.0</inputValue>
      <parent reference="../../.."/>
      <x>186.4671001468936</x>
      <y>38.47210187439493</y>
      <z>0.0</z>
      <clamped>false</clamped>
      <polarity>BOTH</polarity>
      <targetValue>0.0</targetValue>
      <lastActivation>0.0</lastActivation>
      <updatePriority>0</updatePriority>
      <auxValue>0.0</auxValue>
    </org.simbrain.network.core.Neuron>
    <org.simbrain.network.core.Neuron>
      <updateRule class="org.simbrain.network.neuron_update_rules.LinearRule">
        <inputType>WEIGHTED</inputType>
        <increment>0.1</increment>
        <slope>1.0</slope>
        <bias>0.0</bias>
        <noiseGenerator>
          <pdf>UNIFORM</pdf>
          <param1>0.0</param1>
          <param2>1.0</param2>
          <upperBound>1.0</upperBound>
          <lowerBound>0.0</lowerBound>
          <clipping>false</clipping>
        </noiseGenerator>
        <addNoise>false</addNoise>
        <clipping>true</clipping>
        <upperBound>200.0</upperBound>
        <lowerBound>-200.0</lowerBound>
      </updateRule>
      <id>Neuron_4</id>
      <label>left</label>
      <activation>0.0</activation>
      <spike>false</spike>
      <buffer>12.77108713850081</buffer>
      <spkBuffer>false</spkBuffer>
      <inputValue>0.0</inputValue>
      <parent reference="../../.."/>
      <x>132.59795415744946</x>
      <y>38.12890171828053</y>
      <z>0.0</z>
      <clamped>false</clamped>
      <polarity>BOTH</polarity>
      <targetValue>0.0</targetValue>
      <lastActivation>0.0</lastActivation>
      <updatePriority>0</updatePriority>
      <auxValue>0.0</auxValue>
    </org.simbrain.network.core.Neuron>
    <org.simbrain.network.core.Neuron>
      <updateRule class="org.simbrain.network.neuron_update_rules.LinearRule">
        <inputType>WEIGHTED</inputType>
        <increment>0.1</increment>
        <slope>1.0</slope>
        <bias>0.0</bias>
        <noiseGenerator>
          <pdf>UNIFORM</pdf>
          <param1>0.0</param1>
          <param2>1.0</param2>
          <upperBound>1.0</upperBound>
          <lowerBound>0.0</lowerBound>
          <clipping>false</clipping>
        </noiseGenerator>
        <addNoise>false</addNoise>
        <clipping>true</clipping>
        <upperBound>200.0</upperBound>
        <lowerBound>-200.0</lowerBound>
      </updateRule>
      <id>Neuron_5</id>
      <label>right</label>
      <activation>0.0</activation>
      <spike>false</spike>
      <buffer>13.311844529491399</buffer>
      <spkBuffer>false</spkBuffer>
      <inputValue>0.0</inputValue>
      <parent reference="../../.."/>
      <x>240.93420029378723</x>
      <y>38.80736706911852</y>
      <z>0.0</z>
      <clamped>false</clamped>
      <polarity>BOTH</polarity>
      <targetValue>0.0</targetValue>
      <lastActivation>0.0</lastActivation>
      <updatePriority>0</updatePriority>
      <auxValue>0.0</auxValue>
    </org.simbrain.network.core.Neuron>
  </neuronList>
  <synapseList class="linked-hash-set">
    <org.simbrain.network.core.Synapse>
      <parentNetwork reference="../../.."/>
      <source reference="../../../neuronList/org.simbrain.network.core.Neuron"/>
      <target reference="../../../neuronList/org.simbrain.network.core.Neuron[4]"/>
      <learningRule class="org.simbrain.network.synapse_update_rules.StaticSynapseRule">
        <clipped>false</clipped>
      </learningRule>
      <id>Synapse_1</id>
      <strength>100.0</strength>
      <psr>12.77108713850081</psr>
      <increment>1.0</increment>
      <upperBound>300.0</upperBound>
      <lowerBound>-300.0</lowerBound>
      <delay>0</delay>
      <enabled>true</enabled>
      <frozen>false</frozen>
      <dlyPtr>0</dlyPtr>
      <dlyVal>0.0</dlyVal>
      <isTemplate>false</isTemplate>
    </org.simbrain.network.core.Synapse>
    <org.simbrain.network.core.Synapse>
      <parentNetwork reference="../../.."/>
      <source reference="../../../neuronList/org.simbrain.network.core.Neuron[2]"/>
      <target reference="../../../neuronList/org.simbrain.network.core.Neuron[5]"/>
      <learningRule class="org.simbrain.network.synapse_update_rules.StaticSynapseRule">
        <clipped>false</clipped>
      </learningRule>
      <id>Synapse_2</id>
      <strength>50.0</strength>
      <psr>13.311844529491399</psr>
      <increment>1.0</increment>
      <upperBound>300.0</upperBound>
      <lowerBound>-300.0</lowerBound>
      <delay>0</delay>
      <enabled>true</enabled>
      <frozen>false</frozen>
      <dlyPtr>0</dlyPtr>
      <dlyVal>0.0</dlyVal>
      <isTemplate>false</isTemplate>
    </org.simbrain.network.core.Synapse>
  </synapseList>
  <groupList/>
  <textList/>
  <updateManager>
    <actionList class="java.util.concurrent.CopyOnWriteArrayList" serialization="custom">
      <java.util.concurrent.CopyOnWriteArrayList>
        <default/>
        <int>1</int>
        <org.simbrain.network.update__actions.BufferedUpdate>
          <network reference="../../../../.."/>
        </org.simbrain.network.update__actions.BufferedUpdate>
      </java.util.concurrent.CopyOnWriteArrayList>
    </actionList>
    <network reference="../.."/>
  </updateManager>
  <time>0.0</time>
  <timeStep>0.1</timeStep>
  <timeType>DISCRETE</timeType>
  <prioritySortedNeuronList>
    <org.simbrain.network.core.Neuron reference="../../neuronList/org.simbrain.network.core.Neuron"/>
    <org.simbrain.network.core.Neuron reference="../../neuronList/org.simbrain.network.core.Neuron[2]"/>
    <org.simbrain.network.core.Neuron reference="../../neuronList/org.simbrain.network.core.Neuron[3]"/>
    <org.simbrain.network.core.Neuron reference="../../neuronList/org.simbrain.network.core.Neuron[4]"/>
    <org.simbrain.network.core.Neuron reference="../../neuronList/org.simbrain.network.core.Neuron[5]"/>
  </prioritySortedNeuronList>
  <priorityComparator>
    <outer-class reference="../.."/>
  </priorityComparator>
  <neuronIdGenerator>
    <rootName>Neuron</rootName>
    <index>6</index>
  </neuronIdGenerator>
  <synapseIdGenerator>
    <rootName>Synapse</rootName>
    <index>3</index>
  </synapseIdGenerator>
  <groupIdGenerator>
    <rootName>Group</rootName>
    <index>1</index>
  </groupIdGenerator>
  <fireUpdates>true</fireUpdates>
  <name>vehicle1.xml</name>
</org.simbrain.network.core.Network>