<html>
<body>
<h1>Hopfield Network</h1>
<a href="http://en.wikipedia.org/wiki/Hopfield_network"> 
Hopfield networks</a> learn patterns by a Hebbian rule.
<br><br>
This network has been pre-trained on 4 letters.  
You can double click on the main tab labelled Hopfield
network and go to validate to try the inputs.   
Try putting in partial patterns or degraded versions
of the 4 letters it has been trained on.
<br><br>
Hopfield nets can remember about 14% of the number of nodes
they have, so this 80 node network can remember about 10
letters in principle, though in practice they interfere
quite a bit.  Try making a larger network that can 
store more patterns.
</body>
</html>
