<Workspace>
  <archivedComponents>
    <Component>
      <className>org.simbrain.network.NetworkComponent</className>
      <name>vehicle.xml</name>
      <uri>components/0_vehicle.xml.xml</uri>
      <id>0</id>
      <format>xml</format>
      <desktopComponent>
        <className>org.simbrain.network.desktop.NetworkDesktopComponent</className>
        <uri>guis/0_vehicle.xml.xml</uri>
        <format>xml</format>
      </desktopComponent>
    </Component>
    <Component>
      <className>org.simbrain.world.odorworld.OdorWorldComponent</className>
      <name>OdorWorld1</name>
      <uri>components/1_OdorWorld1.xml</uri>
      <id>1</id>
      <format>xml</format>
      <desktopComponent>
        <className>org.simbrain.world.odorworld.OdorWorldDesktopComponent</className>
        <uri>guis/1_OdorWorld1.xml</uri>
        <format>xml</format>
      </desktopComponent>
    </Component>
    <Component>
      <className>org.simbrain.network.NetworkComponent</className>
      <name>vehicle2.xml</name>
      <uri>components/2_vehicle2.xml.xml</uri>
      <id>2</id>
      <format>xml</format>
      <desktopComponent>
        <className>org.simbrain.network.desktop.NetworkDesktopComponent</className>
        <uri>guis/2_vehicle2.xml.xml</uri>
        <format>xml</format>
      </desktopComponent>
    </Component>
  </archivedComponents>
  <archivedCouplings>
    <Coupling>
      <archivedProducer>
        <parentComponentRef>components/0_vehicle.xml.xml</parentComponentRef>
        <baseObjectKey>Neuron_3</baseObjectKey>
        <methodBaseName>getActivation</methodBaseName>
        <dataType>double</dataType>
        <description>Neuron_3:getActivation &lt;double&gt;</description>
      </archivedProducer>
      <archivedConsumer>
        <parentComponentRef>components/1_OdorWorld1.xml</parentComponentRef>
        <baseObjectKey>Entity_1</baseObjectKey>
        <methodBaseName>goStraight</methodBaseName>
        <dataType>double</dataType>
        <argumentDataTypes>
          <java-class>double</java-class>
        </argumentDataTypes>
        <description>Agent_1:goStraight</description>
      </archivedConsumer>
    </Coupling>
    <Coupling>
      <archivedProducer>
        <parentComponentRef>components/0_vehicle.xml.xml</parentComponentRef>
        <baseObjectKey>Neuron_4</baseObjectKey>
        <methodBaseName>getActivation</methodBaseName>
        <dataType>double</dataType>
        <description>Neuron_4:getActivation &lt;double&gt;</description>
      </archivedProducer>
      <archivedConsumer>
        <parentComponentRef>components/1_OdorWorld1.xml</parentComponentRef>
        <baseObjectKey>Entity_1</baseObjectKey>
        <methodBaseName>turnLeft</methodBaseName>
        <dataType>double</dataType>
        <argumentDataTypes>
          <java-class>double</java-class>
        </argumentDataTypes>
        <description>Agent_1:turnLeft</description>
      </archivedConsumer>
    </Coupling>
    <Coupling>
      <archivedProducer>
        <parentComponentRef>components/0_vehicle.xml.xml</parentComponentRef>
        <baseObjectKey>Neuron_5</baseObjectKey>
        <methodBaseName>getActivation</methodBaseName>
        <dataType>double</dataType>
        <description>Neuron_5:getActivation &lt;double&gt;</description>
      </archivedProducer>
      <archivedConsumer>
        <parentComponentRef>components/1_OdorWorld1.xml</parentComponentRef>
        <baseObjectKey>Entity_1</baseObjectKey>
        <methodBaseName>turnRight</methodBaseName>
        <dataType>double</dataType>
        <argumentDataTypes>
          <java-class>double</java-class>
        </argumentDataTypes>
        <description>Agent_1:turnRight</description>
      </archivedConsumer>
    </Coupling>
    <Coupling>
      <archivedProducer>
        <parentComponentRef>components/1_OdorWorld1.xml</parentComponentRef>
        <baseObjectKey>Agent_1:sensor:Sensor_1</baseObjectKey>
        <methodBaseName>getCurrentValue</methodBaseName>
        <dataType>double</dataType>
        <argumentDataTypes>
          <java-class>int</java-class>
        </argumentDataTypes>
        <argumentValues>
          <int>0</int>
        </argumentValues>
        <description>Agent_1:Smell-Left-1</description>
      </archivedProducer>
      <archivedConsumer>
        <parentComponentRef>components/0_vehicle.xml.xml</parentComponentRef>
        <baseObjectKey>Neuron_1</baseObjectKey>
        <methodBaseName>setInputValue</methodBaseName>
        <dataType>double</dataType>
        <argumentDataTypes>
          <java-class>double</java-class>
        </argumentDataTypes>
        <description>Neuron_1:setInputValue &lt;double&gt;</description>
      </archivedConsumer>
    </Coupling>
    <Coupling>
      <archivedProducer>
        <parentComponentRef>components/1_OdorWorld1.xml</parentComponentRef>
        <baseObjectKey>Agent_1:sensor:Sensor_3</baseObjectKey>
        <methodBaseName>getCurrentValue</methodBaseName>
        <dataType>double</dataType>
        <argumentDataTypes>
          <java-class>int</java-class>
        </argumentDataTypes>
        <argumentValues>
          <int>0</int>
        </argumentValues>
        <description>Agent_1:Smell-Right-1</description>
      </archivedProducer>
      <archivedConsumer>
        <parentComponentRef>components/0_vehicle.xml.xml</parentComponentRef>
        <baseObjectKey>Neuron_2</baseObjectKey>
        <methodBaseName>setInputValue</methodBaseName>
        <dataType>double</dataType>
        <argumentDataTypes>
          <java-class>double</java-class>
        </argumentDataTypes>
        <description>Neuron_2:setInputValue &lt;double&gt;</description>
      </archivedConsumer>
    </Coupling>
    <Coupling>
      <archivedProducer>
        <parentComponentRef>components/2_vehicle2.xml.xml</parentComponentRef>
        <baseObjectKey>Neuron_4</baseObjectKey>
        <methodBaseName>getActivation</methodBaseName>
        <dataType>double</dataType>
        <description>Neuron_4:getActivation &lt;double&gt;</description>
      </archivedProducer>
      <archivedConsumer>
        <parentComponentRef>components/1_OdorWorld1.xml</parentComponentRef>
        <baseObjectKey>Entity_7</baseObjectKey>
        <methodBaseName>turnLeft</methodBaseName>
        <dataType>double</dataType>
        <argumentDataTypes>
          <java-class>double</java-class>
        </argumentDataTypes>
        <description>Agent_2:turnLeft</description>
      </archivedConsumer>
    </Coupling>
    <Coupling>
      <archivedProducer>
        <parentComponentRef>components/2_vehicle2.xml.xml</parentComponentRef>
        <baseObjectKey>Neuron_5</baseObjectKey>
        <methodBaseName>getActivation</methodBaseName>
        <dataType>double</dataType>
        <description>Neuron_5:getActivation &lt;double&gt;</description>
      </archivedProducer>
      <archivedConsumer>
        <parentComponentRef>components/1_OdorWorld1.xml</parentComponentRef>
        <baseObjectKey>Entity_7</baseObjectKey>
        <methodBaseName>turnRight</methodBaseName>
        <dataType>double</dataType>
        <argumentDataTypes>
          <java-class>double</java-class>
        </argumentDataTypes>
        <description>Agent_2:turnRight</description>
      </archivedConsumer>
    </Coupling>
    <Coupling>
      <archivedProducer>
        <parentComponentRef>components/2_vehicle2.xml.xml</parentComponentRef>
        <baseObjectKey>Neuron_3</baseObjectKey>
        <methodBaseName>getActivation</methodBaseName>
        <dataType>double</dataType>
        <description>Neuron_3:getActivation &lt;double&gt;</description>
      </archivedProducer>
      <archivedConsumer>
        <parentComponentRef>components/1_OdorWorld1.xml</parentComponentRef>
        <baseObjectKey>Entity_7</baseObjectKey>
        <methodBaseName>goStraight</methodBaseName>
        <dataType>double</dataType>
        <argumentDataTypes>
          <java-class>double</java-class>
        </argumentDataTypes>
        <description>Agent_2:goStraight</description>
      </archivedConsumer>
    </Coupling>
    <Coupling>
      <archivedProducer>
        <parentComponentRef>components/1_OdorWorld1.xml</parentComponentRef>
        <baseObjectKey>Agent_2:sensor:Sensor_1</baseObjectKey>
        <methodBaseName>getCurrentValue</methodBaseName>
        <dataType>double</dataType>
        <argumentDataTypes>
          <java-class>int</java-class>
        </argumentDataTypes>
        <argumentValues>
          <int>0</int>
        </argumentValues>
        <description>Agent_2:Smell-Left-1</description>
      </archivedProducer>
      <archivedConsumer>
        <parentComponentRef>components/2_vehicle2.xml.xml</parentComponentRef>
        <baseObjectKey>Neuron_1</baseObjectKey>
        <methodBaseName>setInputValue</methodBaseName>
        <dataType>double</dataType>
        <argumentDataTypes>
          <java-class>double</java-class>
        </argumentDataTypes>
        <description>Neuron_1:setInputValue &lt;double&gt;</description>
      </archivedConsumer>
    </Coupling>
    <Coupling>
      <archivedProducer>
        <parentComponentRef>components/1_OdorWorld1.xml</parentComponentRef>
        <baseObjectKey>Agent_2:sensor:Sensor_3</baseObjectKey>
        <methodBaseName>getCurrentValue</methodBaseName>
        <dataType>double</dataType>
        <argumentDataTypes>
          <java-class>int</java-class>
        </argumentDataTypes>
        <argumentValues>
          <int>0</int>
        </argumentValues>
        <description>Agent_2:Smell-Right-1</description>
      </archivedProducer>
      <archivedConsumer>
        <parentComponentRef>components/2_vehicle2.xml.xml</parentComponentRef>
        <baseObjectKey>Neuron_2</baseObjectKey>
        <methodBaseName>setInputValue</methodBaseName>
        <dataType>double</dataType>
        <argumentDataTypes>
          <java-class>double</java-class>
        </argumentDataTypes>
        <description>Neuron_2:setInputValue &lt;double&gt;</description>
      </archivedConsumer>
    </Coupling>
  </archivedCouplings>
  <archivedActions>
    <UpdateAction>
      <updateAction class="org.simbrain.workspace.updater.UpdateAllBuffered"/>
    </UpdateAction>
  </archivedActions>
  <archivedAvailableActions>
    <UpdateAction>
      <updateAction class="org.simbrain.workspace.updater.UpdateComponent"/>
    </UpdateAction>
    <UpdateAction>
      <updateAction class="org.simbrain.workspace.updater.UpdateComponent"/>
    </UpdateAction>
    <UpdateAction>
      <updateAction class="org.simbrain.workspace.updater.UpdateCoupling"/>
    </UpdateAction>
    <UpdateAction>
      <updateAction class="org.simbrain.workspace.updater.UpdateCoupling"/>
    </UpdateAction>
    <UpdateAction>
      <updateAction class="org.simbrain.workspace.updater.UpdateCoupling"/>
    </UpdateAction>
    <UpdateAction>
      <updateAction class="org.simbrain.workspace.updater.UpdateComponent"/>
      <componentId>components/0_vehicle.xml.xml</componentId>
    </UpdateAction>
    <UpdateAction>
      <updateAction class="org.simbrain.workspace.updater.UpdateComponent"/>
      <componentId>components/1_OdorWorld1.xml</componentId>
    </UpdateAction>
    <UpdateAction>
      <updateAction class="org.simbrain.workspace.updater.UpdateCoupling"/>
      <couplingId>vehicle.xml:Neuron_3:getActivation-OdorWorld1:Entity_1:goStraight</couplingId>
    </UpdateAction>
    <UpdateAction>
      <updateAction class="org.simbrain.workspace.updater.UpdateCoupling"/>
      <couplingId>vehicle.xml:Neuron_4:getActivation-OdorWorld1:Entity_1:turnLeft</couplingId>
    </UpdateAction>
    <UpdateAction>
      <updateAction class="org.simbrain.workspace.updater.UpdateCoupling"/>
      <couplingId>vehicle.xml:Neuron_5:getActivation-OdorWorld1:Entity_1:turnRight</couplingId>
    </UpdateAction>
    <UpdateAction>
      <updateAction class="org.simbrain.workspace.updater.UpdateCoupling"/>
      <couplingId>OdorWorld1:Agent_1:sensor:Sensor_1:getCurrentValue-vehicle.xml:Neuron_1:setInputValue</couplingId>
    </UpdateAction>
    <UpdateAction>
      <updateAction class="org.simbrain.workspace.updater.UpdateCoupling"/>
      <couplingId>OdorWorld1:Agent_1:sensor:Sensor_3:getCurrentValue-vehicle.xml:Neuron_2:setInputValue</couplingId>
    </UpdateAction>
    <UpdateAction>
      <updateAction class="org.simbrain.workspace.updater.UpdateComponent"/>
      <componentId>components/2_vehicle2.xml.xml</componentId>
    </UpdateAction>
    <UpdateAction>
      <updateAction class="org.simbrain.workspace.updater.UpdateCoupling"/>
      <couplingId>vehicle2.xml:Neuron_4:getActivation-OdorWorld1:Entity_7:turnLeft</couplingId>
    </UpdateAction>
    <UpdateAction>
      <updateAction class="org.simbrain.workspace.updater.UpdateCoupling"/>
      <couplingId>vehicle2.xml:Neuron_5:getActivation-OdorWorld1:Entity_7:turnRight</couplingId>
    </UpdateAction>
    <UpdateAction>
      <updateAction class="org.simbrain.workspace.updater.UpdateCoupling"/>
      <couplingId>vehicle2.xml:Neuron_3:getActivation-OdorWorld1:Entity_7:goStraight</couplingId>
    </UpdateAction>
    <UpdateAction>
      <updateAction class="org.simbrain.workspace.updater.UpdateCoupling"/>
    </UpdateAction>
    <UpdateAction>
      <updateAction class="org.simbrain.workspace.updater.UpdateCoupling"/>
    </UpdateAction>
    <UpdateAction>
      <updateAction class="org.simbrain.workspace.updater.UpdateCoupling"/>
      <couplingId>OdorWorld1:Agent_2:sensor:Sensor_1:getCurrentValue-vehicle2.xml:Neuron_1:setInputValue</couplingId>
    </UpdateAction>
    <UpdateAction>
      <updateAction class="org.simbrain.workspace.updater.UpdateCoupling"/>
      <couplingId>OdorWorld1:Agent_2:sensor:Sensor_3:getCurrentValue-vehicle2.xml:Neuron_2:setInputValue</couplingId>
    </UpdateAction>
  </archivedAvailableActions>
  <workspaceParameters>
    <updateDelay>0</updateDelay>
  </workspaceParameters>
</Workspace>