<org.simbrain.world.odorworld.OdorWorld>
  <entityList class="java.util.concurrent.CopyOnWriteArrayList" serialization="custom">
    <java.util.concurrent.CopyOnWriteArrayList>
      <default/>
      <int>2</int>
      <org.simbrain.world.odorworld.entities.RotatingEntity>
        <animation>
          <imageNames>
            <string>rotating/mouse/Mouse_45.gif</string>
          </imageNames>
          <animTime>0</animTime>
          <totalDuration>2</totalDuration>
          <frameDuration>1</frameDuration>
        </animation>
        <name>Agent_1</name>
        <id>Entity_1</id>
        <x>121.17586</x>
        <y>283.2397</y>
        <dx>0.0</dx>
        <dy>0.0</dy>
        <parentWorld reference="../../../.."/>
        <sensors>
          <org.simbrain.world.odorworld.sensors.SmellSensor>
            <parent class="org.simbrain.world.odorworld.entities.RotatingEntity" reference="../../.."/>
            <id>Sensor_1</id>
            <label>Smell-Left</label>
            <DEFAULT__RADIUS>23.0</DEFAULT__RADIUS>
            <theta>0.39269908169872414</theta>
            <radius>50.0</radius>
            <currentValue>
              <double>0.37921306143880873</double>
              <double>0.0</double>
              <double>0.0</double>
              <double>0.0</double>
              <double>0.0</double>
              <double>0.0</double>
              <double>0.0</double>
              <double>0.0</double>
            </currentValue>
          </org.simbrain.world.odorworld.sensors.SmellSensor>
          <org.simbrain.world.odorworld.sensors.SmellSensor>
            <parent class="org.simbrain.world.odorworld.entities.RotatingEntity" reference="../../.."/>
            <id>Sensor_2</id>
            <label>Smell-Center</label>
            <DEFAULT__RADIUS>23.0</DEFAULT__RADIUS>
            <theta>0.0</theta>
            <radius>0.0</radius>
            <currentValue>
              <double>0.482431506494693</double>
              <double>0.0</double>
              <double>0.0</double>
              <double>0.0</double>
              <double>0.0</double>
              <double>0.0</double>
              <double>0.0</double>
              <double>0.0</double>
            </currentValue>
          </org.simbrain.world.odorworld.sensors.SmellSensor>
          <org.simbrain.world.odorworld.sensors.SmellSensor>
            <parent class="org.simbrain.world.odorworld.entities.RotatingEntity" reference="../../.."/>
            <id>Sensor_3</id>
            <label>Smell-Right</label>
            <DEFAULT__RADIUS>23.0</DEFAULT__RADIUS>
            <theta>-0.39269908169872414</theta>
            <radius>50.0</radius>
            <currentValue>
              <double>0.5349714820242564</double>
              <double>0.0</double>
              <double>0.0</double>
              <double>0.0</double>
              <double>0.0</double>
              <double>0.0</double>
              <double>0.0</double>
              <double>0.0</double>
            </currentValue>
          </org.simbrain.world.odorworld.sensors.SmellSensor>
        </sensors>
        <effectors/>
        <behavior class="org.simbrain.world.odorworld.behaviors.StationaryBehavior"/>
        <smellSource>
          <stimulusVector>
            <double>1.0</double>
            <double>0.0</double>
          </stimulusVector>
          <returnVector reference="../stimulusVector"/>
          <location>
            <double>324.6703186035156</double>
            <double>343.77471923828125</double>
          </location>
          <decayFunction>GAUSSIAN</decayFunction>
          <stimulusDispersion>270.0</stimulusDispersion>
          <peak>0.0</peak>
          <addNoise>false</addNoise>
          <initNoise>0.3</initNoise>
          <noiseLevel>0.3</noiseLevel>
        </smellSource>
        <collision>false</collision>
        <sensorsEnabled>true</sensorsEnabled>
        <effectorsEnabled>true</effectorsEnabled>
        <showSensors>true</showSensors>
        <sensorIDGenerator>
          <rootName>Sensor</rootName>
          <index>4</index>
        </sensorIDGenerator>
        <effectorIDGenerator>
          <rootName>Effector</rootName>
          <index>1</index>
        </effectorIDGenerator>
        <heading>52.00319085966814</heading>
        <manualMotionTurnIncrement>4.0</manualMotionTurnIncrement>
        <manualStraightMovementIncrement>4.0</manualStraightMovementIncrement>
        <entityType>Mouse</entityType>
      </org.simbrain.world.odorworld.entities.RotatingEntity>
      <org.simbrain.world.odorworld.entities.RotatingEntity>
        <animation>
          <imageNames>
            <string>rotating/mouse/Mouse_30.gif</string>
          </imageNames>
          <animTime>0</animTime>
          <totalDuration>2</totalDuration>
          <frameDuration>1</frameDuration>
        </animation>
        <name>Agent_2</name>
        <id>Entity_7</id>
        <x>249.50902</x>
        <y>383.9145</y>
        <dx>0.0</dx>
        <dy>0.0</dy>
        <parentWorld reference="../../../.."/>
        <sensors>
          <org.simbrain.world.odorworld.sensors.SmellSensor>
            <parent class="org.simbrain.world.odorworld.entities.RotatingEntity" reference="../../.."/>
            <id>Sensor_1</id>
            <label>Smell-Left</label>
            <DEFAULT__RADIUS>23.0</DEFAULT__RADIUS>
            <theta>0.39269908169872414</theta>
            <radius>50.0</radius>
            <currentValue>
              <double>0.4441324842475297</double>
              <double>0.0</double>
              <double>0.0</double>
              <double>0.0</double>
              <double>0.0</double>
              <double>0.0</double>
              <double>0.0</double>
              <double>0.0</double>
            </currentValue>
          </org.simbrain.world.odorworld.sensors.SmellSensor>
          <org.simbrain.world.odorworld.sensors.SmellSensor>
            <parent class="org.simbrain.world.odorworld.entities.RotatingEntity" reference="../../.."/>
            <id>Sensor_2</id>
            <label>Smell-Center</label>
            <DEFAULT__RADIUS>23.0</DEFAULT__RADIUS>
            <theta>0.0</theta>
            <radius>0.0</radius>
            <currentValue>
              <double>0.482431506494693</double>
              <double>0.0</double>
              <double>0.0</double>
              <double>0.0</double>
              <double>0.0</double>
              <double>0.0</double>
              <double>0.0</double>
              <double>0.0</double>
            </currentValue>
          </org.simbrain.world.odorworld.sensors.SmellSensor>
          <org.simbrain.world.odorworld.sensors.SmellSensor>
            <parent class="org.simbrain.world.odorworld.entities.RotatingEntity" reference="../../.."/>
            <id>Sensor_3</id>
            <label>Smell-Right</label>
            <DEFAULT__RADIUS>23.0</DEFAULT__RADIUS>
            <theta>-0.39269908169872414</theta>
            <radius>50.0</radius>
            <currentValue>
              <double>0.32645887244215843</double>
              <double>0.0</double>
              <double>0.0</double>
              <double>0.0</double>
              <double>0.0</double>
              <double>0.0</double>
              <double>0.0</double>
              <double>0.0</double>
            </currentValue>
          </org.simbrain.world.odorworld.sensors.SmellSensor>
        </sensors>
        <effectors/>
        <behavior class="org.simbrain.world.odorworld.behaviors.StationaryBehavior"/>
        <smellSource>
          <stimulusVector>
            <double>1.0</double>
            <double>0.0</double>
          </stimulusVector>
          <returnVector reference="../stimulusVector"/>
          <location>
            <double>107.0</double>
            <double>62.0</double>
          </location>
          <decayFunction>GAUSSIAN</decayFunction>
          <stimulusDispersion>270.0</stimulusDispersion>
          <peak>0.0</peak>
          <addNoise>false</addNoise>
          <initNoise>0.3</initNoise>
          <noiseLevel>0.3</noiseLevel>
        </smellSource>
        <collision>false</collision>
        <sensorsEnabled>true</sensorsEnabled>
        <effectorsEnabled>true</effectorsEnabled>
        <showSensors>true</showSensors>
        <sensorIDGenerator>
          <rootName>Sensor</rootName>
          <index>4</index>
        </sensorIDGenerator>
        <effectorIDGenerator>
          <rootName>Effector</rootName>
          <index>1</index>
        </effectorIDGenerator>
        <heading>27.25119079441839</heading>
        <manualMotionTurnIncrement>4.0</manualMotionTurnIncrement>
        <manualStraightMovementIncrement>4.0</manualStraightMovementIncrement>
        <entityType>Mouse</entityType>
      </org.simbrain.world.odorworld.entities.RotatingEntity>
    </java.util.concurrent.CopyOnWriteArrayList>
  </entityList>
  <totalSmellVectorLength>2.0</totalSmellVectorLength>
  <wrapAround>true</wrapAround>
  <objectsBlockMovement>false</objectsBlockMovement>
  <height>502</height>
  <width>594</width>
  <entityIDGenerator>
    <rootName>Entity</rootName>
    <index>8</index>
  </entityIDGenerator>
  <agentNameGenerator>
    <rootName>Agent</rootName>
    <index>3</index>
  </agentNameGenerator>
</org.simbrain.world.odorworld.OdorWorld>