<ArchivedWorkspace>
  <archivedComponents>
    <ArchivedWorkspaceComponent>
      <className>org.simbrain.docviewer.DocViewerComponent</className>
      <name>DocViewer1</name>
      <uri>components/0_DocViewer1.xml</uri>
      <id>0</id>
      <format>xml</format>
      <desktopComponent>
        <className>org.simbrain.docviewer.DocViewerDesktopComponent</className>
        <uri>guis/0_DocViewer1.xml</uri>
        <format>xml</format>
      </desktopComponent>
    </ArchivedWorkspaceComponent>
    <ArchivedWorkspaceComponent>
      <className>org.simbrain.network.NetworkComponent</className>
      <name>Network1</name>
      <uri>components/1_Network1.xml</uri>
      <id>1</id>
      <format>xml</format>
      <desktopComponent>
        <className>org.simbrain.network.desktop.NetworkDesktopComponent</className>
        <uri>guis/1_Network1.xml</uri>
        <format>xml</format>
      </desktopComponent>
    </ArchivedWorkspaceComponent>
    <ArchivedWorkspaceComponent>
      <className>org.simbrain.world.odorworld.OdorWorldComponent</className>
      <name>OdorWorld1</name>
      <uri>components/2_OdorWorld1.xml</uri>
      <id>2</id>
      <format>xml</format>
      <desktopComponent>
        <className>org.simbrain.world.odorworld.OdorWorldDesktopComponent</className>
        <uri>guis/2_OdorWorld1.xml</uri>
        <format>xml</format>
      </desktopComponent>
    </ArchivedWorkspaceComponent>
  </archivedComponents>
  <archivedCouplings>
    <org.simbrain.workspace.serialization.ArchivedCoupling>
      <producer>
        <componentId>Network1</componentId>
        <attributeId>Neuron_10</attributeId>
        <methodName>getActivation</methodName>
      </producer>
      <consumer>
        <componentId>OdorWorld1</componentId>
        <attributeId>Effector_9</attributeId>
        <methodName>setAmount</methodName>
      </consumer>
    </org.simbrain.workspace.serialization.ArchivedCoupling>
    <org.simbrain.workspace.serialization.ArchivedCoupling>
      <producer>
        <componentId>Network1</componentId>
        <attributeId>Neuron_6</attributeId>
        <methodName>getActivation</methodName>
      </producer>
      <consumer>
        <componentId>OdorWorld1</componentId>
        <attributeId>Effector_10</attributeId>
        <methodName>setAmount</methodName>
      </consumer>
    </org.simbrain.workspace.serialization.ArchivedCoupling>
    <org.simbrain.workspace.serialization.ArchivedCoupling>
      <producer>
        <componentId>Network1</componentId>
        <attributeId>Neuron_8</attributeId>
        <methodName>getActivation</methodName>
      </producer>
      <consumer>
        <componentId>OdorWorld1</componentId>
        <attributeId>Effector_8</attributeId>
        <methodName>setAmount</methodName>
      </consumer>
    </org.simbrain.workspace.serialization.ArchivedCoupling>
    <org.simbrain.workspace.serialization.ArchivedCoupling>
      <producer>
        <componentId>Network1</componentId>
        <attributeId>Neuron_9</attributeId>
        <methodName>getActivation</methodName>
      </producer>
      <consumer>
        <componentId>OdorWorld1</componentId>
        <attributeId>Effector_7</attributeId>
        <methodName>setAmount</methodName>
      </consumer>
    </org.simbrain.workspace.serialization.ArchivedCoupling>
    <org.simbrain.workspace.serialization.ArchivedCoupling>
      <producer>
        <componentId>OdorWorld1</componentId>
        <attributeId>Sensor_10</attributeId>
        <methodName>getValue</methodName>
      </producer>
      <consumer>
        <componentId>Network1</componentId>
        <attributeId>Neuron_1</attributeId>
        <methodName>setInputValue</methodName>
      </consumer>
    </org.simbrain.workspace.serialization.ArchivedCoupling>
    <org.simbrain.workspace.serialization.ArchivedCoupling>
      <producer>
        <componentId>OdorWorld1</componentId>
        <attributeId>Sensor_11</attributeId>
        <methodName>getCurrentValue</methodName>
      </producer>
      <consumer>
        <componentId>Network1</componentId>
        <attributeId>Neuron_11</attributeId>
        <methodName>setInputValue</methodName>
      </consumer>
    </org.simbrain.workspace.serialization.ArchivedCoupling>
    <org.simbrain.workspace.serialization.ArchivedCoupling>
      <producer>
        <componentId>OdorWorld1</componentId>
        <attributeId>Sensor_12</attributeId>
        <methodName>getCurrentValue</methodName>
      </producer>
      <consumer>
        <componentId>Network1</componentId>
        <attributeId>Neuron_2</attributeId>
        <methodName>setInputValue</methodName>
      </consumer>
    </org.simbrain.workspace.serialization.ArchivedCoupling>
    <org.simbrain.workspace.serialization.ArchivedCoupling>
      <producer>
        <componentId>OdorWorld1</componentId>
        <attributeId>Sensor_13</attributeId>
        <methodName>getCurrentValue</methodName>
      </producer>
      <consumer>
        <componentId>Network1</componentId>
        <attributeId>Neuron_12</attributeId>
        <methodName>setInputValue</methodName>
      </consumer>
    </org.simbrain.workspace.serialization.ArchivedCoupling>
  </archivedCouplings>
  <archivedActions>
    <ArchivedUpdateAction>
      <updateAction class="org.simbrain.workspace.updater.UpdateAllAction"/>
    </ArchivedUpdateAction>
    <ArchivedUpdateAction>
      <updateAction class="org.simbrain.workspace.updater.SynchronizedTaskUpdateAction"/>
    </ArchivedUpdateAction>
  </archivedActions>
  <workspaceParameters>
    <savedTime>0</savedTime>
    <updateDelay>0</updateDelay>
  </workspaceParameters>
</ArchivedWorkspace>