<org.simbrain.network.core.Network>
  <neuronList/>
  <synapseList class="linked-hash-set"/>
  <groupList>
    <org.simbrain.network.groups.NeuronGroup>
      <parentNetwork reference="../../.."/>
      <id>Group_3</id>
      <label>Local Rep</label>
      <stateInfo></stateInfo>
      <markedForDeletion>false</markedForDeletion>
      <isSpikingNeuronGroup>false</isSpikingNeuronGroup>
      <neuronList>
        <org.simbrain.network.core.Neuron>
          <updateRule class="org.simbrain.network.neuron_update_rules.LinearRule">
            <inputType>WEIGHTED</inputType>
            <increment>0.1</increment>
            <slope>1.0</slope>
            <bias>0.0</bias>
            <noiseGenerator>
              <pdf>UNIFORM</pdf>
              <param1>0.0</param1>
              <param2>1.0</param2>
              <upperBound>1.0</upperBound>
              <lowerBound>0.0</lowerBound>
              <clipping>false</clipping>
            </noiseGenerator>
            <addNoise>false</addNoise>
            <clipping>true</clipping>
            <upperBound>1.0</upperBound>
            <lowerBound>-1.0</lowerBound>
          </updateRule>
          <id>Neuron_24</id>
          <label>Gouda</label>
          <activation>0.0</activation>
          <spike>false</spike>
          <buffer>0.0</buffer>
          <spkBuffer>false</spkBuffer>
          <inputValue>0.0</inputValue>
          <parent reference="../../../../.."/>
          <x>-12.861108480515181</x>
          <y>92.94398723453999</y>
          <z>0.0</z>
          <clamped>false</clamped>
          <polarity>BOTH</polarity>
          <targetValue>0.0</targetValue>
          <lastActivation>0.0</lastActivation>
          <parentGroup class="org.simbrain.network.groups.NeuronGroup" reference="../../.."/>
          <updatePriority>0</updatePriority>
          <auxValue>0.0</auxValue>
        </org.simbrain.network.core.Neuron>
        <org.simbrain.network.core.Neuron>
          <updateRule class="org.simbrain.network.neuron_update_rules.LinearRule">
            <inputType>WEIGHTED</inputType>
            <increment>0.1</increment>
            <slope>1.0</slope>
            <bias>0.0</bias>
            <noiseGenerator>
              <pdf>UNIFORM</pdf>
              <param1>0.0</param1>
              <param2>1.0</param2>
              <upperBound>1.0</upperBound>
              <lowerBound>0.0</lowerBound>
              <clipping>false</clipping>
            </noiseGenerator>
            <addNoise>false</addNoise>
            <clipping>true</clipping>
            <upperBound>1.0</upperBound>
            <lowerBound>-1.0</lowerBound>
          </updateRule>
          <id>Neuron_25</id>
          <label>Blue</label>
          <activation>0.0</activation>
          <spike>false</spike>
          <buffer>0.0</buffer>
          <spkBuffer>false</spkBuffer>
          <inputValue>0.0</inputValue>
          <parent reference="../../../../.."/>
          <x>32.13889151948482</x>
          <y>92.47995011157015</y>
          <z>0.0</z>
          <clamped>false</clamped>
          <polarity>BOTH</polarity>
          <targetValue>0.0</targetValue>
          <lastActivation>0.0</lastActivation>
          <parentGroup class="org.simbrain.network.groups.NeuronGroup" reference="../../.."/>
          <updatePriority>0</updatePriority>
          <auxValue>0.0</auxValue>
        </org.simbrain.network.core.Neuron>
        <org.simbrain.network.core.Neuron>
          <updateRule class="org.simbrain.network.neuron_update_rules.LinearRule">
            <inputType>WEIGHTED</inputType>
            <increment>0.1</increment>
            <slope>1.0</slope>
            <bias>0.0</bias>
            <noiseGenerator>
              <pdf>UNIFORM</pdf>
              <param1>0.0</param1>
              <param2>1.0</param2>
              <upperBound>1.0</upperBound>
              <lowerBound>0.0</lowerBound>
              <clipping>false</clipping>
            </noiseGenerator>
            <addNoise>false</addNoise>
            <clipping>true</clipping>
            <upperBound>1.0</upperBound>
            <lowerBound>-1.0</lowerBound>
          </updateRule>
          <id>Neuron_26</id>
          <label>Fish</label>
          <activation>0.0</activation>
          <spike>false</spike>
          <buffer>0.0</buffer>
          <spkBuffer>false</spkBuffer>
          <inputValue>0.0</inputValue>
          <parent reference="../../../../.."/>
          <x>77.13889151948483</x>
          <y>92.47995011157015</y>
          <z>0.0</z>
          <clamped>false</clamped>
          <polarity>BOTH</polarity>
          <targetValue>0.0</targetValue>
          <lastActivation>0.0</lastActivation>
          <parentGroup class="org.simbrain.network.groups.NeuronGroup" reference="../../.."/>
          <updatePriority>0</updatePriority>
          <auxValue>0.0</auxValue>
        </org.simbrain.network.core.Neuron>
        <org.simbrain.network.core.Neuron>
          <updateRule class="org.simbrain.network.neuron_update_rules.LinearRule">
            <inputType>WEIGHTED</inputType>
            <increment>0.1</increment>
            <slope>1.0</slope>
            <bias>0.0</bias>
            <noiseGenerator>
              <pdf>UNIFORM</pdf>
              <param1>0.0</param1>
              <param2>1.0</param2>
              <upperBound>1.0</upperBound>
              <lowerBound>0.0</lowerBound>
              <clipping>false</clipping>
            </noiseGenerator>
            <addNoise>false</addNoise>
            <clipping>true</clipping>
            <upperBound>1.0</upperBound>
            <lowerBound>-1.0</lowerBound>
          </updateRule>
          <id>Neuron_27</id>
          <label>Poison</label>
          <activation>0.0</activation>
          <spike>false</spike>
          <buffer>0.0</buffer>
          <spkBuffer>false</spkBuffer>
          <inputValue>0.0</inputValue>
          <parent reference="../../../../.."/>
          <x>122.13889151948483</x>
          <y>92.47995011157015</y>
          <z>0.0</z>
          <clamped>false</clamped>
          <polarity>BOTH</polarity>
          <targetValue>0.0</targetValue>
          <lastActivation>0.0</lastActivation>
          <parentGroup class="org.simbrain.network.groups.NeuronGroup" reference="../../.."/>
          <updatePriority>0</updatePriority>
          <auxValue>0.0</auxValue>
        </org.simbrain.network.core.Neuron>
      </neuronList>
      <layout class="org.simbrain.network.layouts.LineLayout">
        <orientation>HORIZONTAL</orientation>
        <spacing>50.0</spacing>
        <initialX>0.0</initialX>
        <initialY>0.0</initialY>
      </layout>
      <incomingSgs/>
      <outgoingSgs/>
      <gridThreshold>10</gridThreshold>
      <betweenNeuronInterval>50</betweenNeuronInterval>
      <recordAsSpikes>false</recordAsSpikes>
      <recording>false</recording>
      <inputMode>false</inputMode>
      <inputIndex>0</inputIndex>
      <writeCounter>0</writeCounter>
      <fileNum>0</fileNum>
    </org.simbrain.network.groups.NeuronGroup>
  </groupList>
  <textList/>
  <updateManager>
    <actionList class="java.util.concurrent.CopyOnWriteArrayList" serialization="custom">
      <java.util.concurrent.CopyOnWriteArrayList>
        <default/>
        <int>2</int>
        <org.simbrain.network.update__actions.BufferedUpdate>
          <network reference="../../../../.."/>
        </org.simbrain.network.update__actions.BufferedUpdate>
        <org.simbrain.network.update__actions.UpdateGroup>
          <group class="org.simbrain.network.groups.NeuronGroup" reference="../../../../../groupList/org.simbrain.network.groups.NeuronGroup"/>
        </org.simbrain.network.update__actions.UpdateGroup>
      </java.util.concurrent.CopyOnWriteArrayList>
    </actionList>
    <network reference="../.."/>
  </updateManager>
  <time>0.0</time>
  <timeStep>0.1</timeStep>
  <timeType>DISCRETE</timeType>
  <prioritySortedNeuronList>
    <org.simbrain.network.core.Neuron reference="../../groupList/org.simbrain.network.groups.NeuronGroup/neuronList/org.simbrain.network.core.Neuron"/>
    <org.simbrain.network.core.Neuron reference="../../groupList/org.simbrain.network.groups.NeuronGroup/neuronList/org.simbrain.network.core.Neuron[2]"/>
    <org.simbrain.network.core.Neuron reference="../../groupList/org.simbrain.network.groups.NeuronGroup/neuronList/org.simbrain.network.core.Neuron[3]"/>
    <org.simbrain.network.core.Neuron reference="../../groupList/org.simbrain.network.groups.NeuronGroup/neuronList/org.simbrain.network.core.Neuron[4]"/>
  </prioritySortedNeuronList>
  <priorityComparator>
    <outer-class reference="../.."/>
  </priorityComparator>
  <neuronIdGenerator>
    <rootName>Neuron</rootName>
    <index>28</index>
  </neuronIdGenerator>
  <synapseIdGenerator>
    <rootName>Synapse</rootName>
    <index>91</index>
  </synapseIdGenerator>
  <groupIdGenerator>
    <rootName>Group</rootName>
    <index>4</index>
  </groupIdGenerator>
  <fireUpdates>true</fireUpdates>
  <name>Network2</name>
</org.simbrain.network.core.Network>