<org.simbrain.world.odorworld.OdorWorld>
  <entityList>
    <org.simbrain.world.odorworld.entities.RotatingEntity>
      <animation>
        <imageNames>
          <string>rotating/mouse/Mouse_135.gif</string>
        </imageNames>
        <animTime>0</animTime>
        <totalDuration>2</totalDuration>
        <frameDuration>1</frameDuration>
      </animation>
      <name>Agent_1</name>
      <id>Entity_1</id>
      <x>215.0</x>
      <y>224.0</y>
      <dx>0.0</dx>
      <dy>0.0</dy>
      <parentWorld reference="../../.."/>
      <sensors>
        <org.simbrain.world.odorworld.sensors.SmellSensor>
          <parent class="org.simbrain.world.odorworld.entities.RotatingEntity" reference="../../.."/>
          <id>Left</id>
          <label>Left</label>
          <DEFAULT__RADIUS>23.0</DEFAULT__RADIUS>
          <theta>0.39269908169872414</theta>
          <radius>50.0</radius>
          <currentValue>
            <double>61.13333333333333</double>
            <double>0.0</double>
            <double>26.2</double>
            <double>61.13333333333333</double>
            <double>0.0</double>
            <double>0.0</double>
            <double>0.0</double>
            <double>0.0</double>
          </currentValue>
        </org.simbrain.world.odorworld.sensors.SmellSensor>
        <org.simbrain.world.odorworld.sensors.SmellSensor>
          <parent class="org.simbrain.world.odorworld.entities.RotatingEntity" reference="../../.."/>
          <id>Center</id>
          <label>Center</label>
          <DEFAULT__RADIUS>23.0</DEFAULT__RADIUS>
          <theta>0.0</theta>
          <radius>0.0</radius>
          <currentValue>
            <double>48.06666666666666</double>
            <double>0.0</double>
            <double>20.599999999999998</double>
            <double>48.06666666666666</double>
            <double>0.0</double>
            <double>0.0</double>
            <double>0.0</double>
            <double>0.0</double>
          </currentValue>
        </org.simbrain.world.odorworld.sensors.SmellSensor>
        <org.simbrain.world.odorworld.sensors.SmellSensor>
          <parent class="org.simbrain.world.odorworld.entities.RotatingEntity" reference="../../.."/>
          <id>Right</id>
          <label>Right</label>
          <DEFAULT__RADIUS>23.0</DEFAULT__RADIUS>
          <theta>-0.39269908169872414</theta>
          <radius>50.0</radius>
          <currentValue>
            <double>61.13333333333333</double>
            <double>0.0</double>
            <double>26.2</double>
            <double>61.13333333333333</double>
            <double>0.0</double>
            <double>0.0</double>
            <double>0.0</double>
            <double>0.0</double>
          </currentValue>
        </org.simbrain.world.odorworld.sensors.SmellSensor>
      </sensors>
      <effectors/>
      <behavior class="org.simbrain.world.odorworld.behaviors.StationaryBehavior"/>
      <collision>false</collision>
      <sensorsEnabled>true</sensorsEnabled>
      <effectorsEnabled>true</effectorsEnabled>
      <showSensors>true</showSensors>
      <sensorIDGenerator>
        <rootName>Sensor</rootName>
        <index>1</index>
      </sensorIDGenerator>
      <effectorIDGenerator>
        <rootName>Effector</rootName>
        <index>1</index>
      </effectorIDGenerator>
      <heading>141.26335540852338</heading>
      <manualMotionTurnIncrement>4.0</manualMotionTurnIncrement>
      <manualStraightMovementIncrement>4.0</manualStraightMovementIncrement>
      <entityType>Mouse</entityType>
    </org.simbrain.world.odorworld.entities.RotatingEntity>
    <org.simbrain.world.odorworld.entities.BasicEntity>
      <animation>
        <imageNames>
          <string>static/Candle.png</string>
        </imageNames>
        <animTime>0</animTime>
        <totalDuration>16</totalDuration>
        <frameDuration>0</frameDuration>
      </animation>
      <name>candle</name>
      <id>Entity_20</id>
      <x>116.0</x>
      <y>134.0</y>
      <dx>0.0</dx>
      <dy>0.0</dy>
      <parentWorld reference="../../.."/>
      <sensors/>
      <effectors/>
      <behavior class="org.simbrain.world.odorworld.behaviors.StationaryBehavior"/>
      <smellSource>
        <stimulusVector>
          <double>70.0</double>
          <double>0.0</double>
          <double>30.0</double>
          <double>70.0</double>
          <double>0.0</double>
          <double>0.0</double>
        </stimulusVector>
        <returnVector reference="../stimulusVector"/>
        <location>
          <double>149.0</double>
          <double>78.0</double>
        </location>
        <decayFunction>LINEAR</decayFunction>
        <stimulusDispersion>150.0</stimulusDispersion>
        <peak>0.0</peak>
        <addNoise>false</addNoise>
        <initNoise>0.3</initNoise>
        <noiseLevel>0.3</noiseLevel>
      </smellSource>
      <collision>false</collision>
      <sensorsEnabled>true</sensorsEnabled>
      <effectorsEnabled>true</effectorsEnabled>
      <showSensors>true</showSensors>
      <sensorIDGenerator>
        <rootName>Sensor</rootName>
        <index>1</index>
      </sensorIDGenerator>
      <effectorIDGenerator>
        <rootName>Effector</rootName>
        <index>1</index>
      </effectorIDGenerator>
    </org.simbrain.world.odorworld.entities.BasicEntity>
  </entityList>
  <totalSmellVectorLength>103.440804327886</totalSmellVectorLength>
  <wrapAround>true</wrapAround>
  <objectsBlockMovement>true</objectsBlockMovement>
  <height>315</height>
  <width>310</width>
  <entityIDGenerator>
    <rootName>Entity</rootName>
    <index>21</index>
  </entityIDGenerator>
  <agentNameGenerator>
    <rootName>Agent</rootName>
    <index>1</index>
  </agentNameGenerator>
</org.simbrain.world.odorworld.OdorWorld>