<html>
<body>
A simple model of the Rescorla-Wagner learning rule
<br><br>
To run: (1) press run.   (2) When the rat reaches the candle the simulation will stop. If it never reaches
the candle press "stop"  manually.   (3) When the simulation is stopped,  press reward or punish, and then either reward or punish
the mouse in the dialog that appears.
<br><br>
In this way you can "train" the mouse to either seek or avoid the candle.
<br><br>
The Rescorla-Wagner rule is applied as soon as you press reward or punish. Observe changes in the CR (conditioned response) unit when you do.
<br><br>
Changes in the condiioned response also update the movement network.  When the CR is positive, the movement network
is a "pursuer" which makes the mouse seek the candle (notice the sensor-->motor weights).  When CR is negative the movement network is an "avoider" which makes the
mouse avoid the candle.   The speed of forward movement is determined by the CR.  The larger the absolute value of the CR the faster the mouse moves.
<br><br>
The salience fields are related to the RW model.
<br><br>
Background.  "The Rescorla-Wagner model, arguably the
most influential model of animal learning to date, explained puzzling behavioral phenomena such
as blocking, overshadowing and conditioned inhibition...  by postulating that learning
occurs only when events violate expectations" (Niv)
</body>
</html>
