<org.simbrain.network.core.Network>
  <neuronList/>
  <synapseList class="linked-hash-set">
    <org.simbrain.network.core.Synapse>
      <parentNetwork reference="../../.."/>
      <source>
        <updateRule class="org.simbrain.network.neuron_update_rules.LinearRule">
          <inputType>WEIGHTED</inputType>
          <increment>0.1</increment>
          <slope>1.0</slope>
          <bias>0.0</bias>
          <noiseGenerator>
            <pdf>UNIFORM</pdf>
            <param1>0.0</param1>
            <param2>1.0</param2>
            <upperBound>1.0</upperBound>
            <lowerBound>0.0</lowerBound>
            <clipping>false</clipping>
          </noiseGenerator>
          <addNoise>false</addNoise>
          <clipping>true</clipping>
          <upperBound>1.0</upperBound>
          <lowerBound>-1.0</lowerBound>
        </updateRule>
        <id>Neuron_1</id>
        <label></label>
        <activation>0.0</activation>
        <spike>false</spike>
        <buffer>-1.0</buffer>
        <spkBuffer>false</spkBuffer>
        <inputValue>0.0</inputValue>
        <parent reference="../../../.."/>
        <x>-3.850077013189865</x>
        <y>-37.1660447761194</y>
        <z>0.0</z>
        <clamped>false</clamped>
        <polarity>BOTH</polarity>
        <targetValue>0.0</targetValue>
        <parentGroup class="org.simbrain.network.groups.NeuronGroup">
          <parentNetwork reference="../../../../.."/>
          <id>Group_2</id>
          <label>Olfaction</label>
          <stateInfo></stateInfo>
          <markedForDeletion>false</markedForDeletion>
          <parentGroup class="org.simbrain.network.subnetworks.FeedForward">
            <parentNetwork reference="../../../../../.."/>
            <id>Group_1</id>
            <label>Simple Associator</label>
            <stateInfo></stateInfo>
            <markedForDeletion>false</markedForDeletion>
            <neuronGroupList class="java.util.concurrent.CopyOnWriteArrayList" serialization="custom">
              <java.util.concurrent.CopyOnWriteArrayList>
                <default/>
                <int>2</int>
                <org.simbrain.network.groups.NeuronGroup reference="../../../.."/>
                <org.simbrain.network.groups.NeuronGroup>
                  <parentNetwork reference="../../../../../../../../.."/>
                  <id>Group_3</id>
                  <label>Vision</label>
                  <stateInfo></stateInfo>
                  <markedForDeletion>false</markedForDeletion>
                  <parentGroup class="org.simbrain.network.subnetworks.FeedForward" reference="../../../.."/>
                  <updateRule>Sigmoidal (Discrete)</updateRule>
                  <isSpikingNeuronGroup>false</isSpikingNeuronGroup>
                  <neuronList class="java.util.concurrent.CopyOnWriteArrayList" serialization="custom">
                    <java.util.concurrent.CopyOnWriteArrayList>
                      <default/>
                      <int>4</int>
                      <org.simbrain.network.core.Neuron>
                        <updateRule class="org.simbrain.network.neuron_update_rules.LinearRule">
                          <inputType>WEIGHTED</inputType>
                          <increment>0.1</increment>
                          <slope>1.0</slope>
                          <bias>0.0</bias>
                          <noiseGenerator>
                            <pdf>UNIFORM</pdf>
                            <param1>0.0</param1>
                            <param2>1.0</param2>
                            <upperBound>1.0</upperBound>
                            <lowerBound>0.0</lowerBound>
                            <clipping>false</clipping>
                          </noiseGenerator>
                          <addNoise>false</addNoise>
                          <clipping>true</clipping>
                          <upperBound>1.0</upperBound>
                          <lowerBound>-1.0</lowerBound>
                        </updateRule>
                        <id>Neuron_5</id>
                        <label></label>
                        <activation>0.0</activation>
                        <spike>false</spike>
                        <buffer>1.0</buffer>
                        <spkBuffer>false</spkBuffer>
                        <inputValue>0.0</inputValue>
                        <parent reference="../../../../../../../../../../../.."/>
                        <x>-2.92092589378688</x>
                        <y>-200.0</y>
                        <z>0.0</z>
                        <clamped>false</clamped>
                        <polarity>BOTH</polarity>
                        <targetValue>0.0</targetValue>
                        <parentGroup class="org.simbrain.network.groups.NeuronGroup" reference="../../../.."/>
                        <updatePriority>1</updatePriority>
                        <auxValue>0.0</auxValue>
                      </org.simbrain.network.core.Neuron>
                      <org.simbrain.network.core.Neuron>
                        <updateRule class="org.simbrain.network.neuron_update_rules.LinearRule">
                          <inputType>WEIGHTED</inputType>
                          <increment>0.1</increment>
                          <slope>1.0</slope>
                          <bias>0.0</bias>
                          <noiseGenerator>
                            <pdf>UNIFORM</pdf>
                            <param1>0.0</param1>
                            <param2>1.0</param2>
                            <upperBound>1.0</upperBound>
                            <lowerBound>0.0</lowerBound>
                            <clipping>false</clipping>
                          </noiseGenerator>
                          <addNoise>false</addNoise>
                          <clipping>true</clipping>
                          <upperBound>1.0</upperBound>
                          <lowerBound>-1.0</lowerBound>
                        </updateRule>
                        <id>Neuron_6</id>
                        <label></label>
                        <activation>0.0</activation>
                        <spike>false</spike>
                        <buffer>-1.0</buffer>
                        <spkBuffer>false</spkBuffer>
                        <inputValue>0.0</inputValue>
                        <parent reference="../../../../../../../../../../../.."/>
                        <x>47.07907410621311</x>
                        <y>-200.0</y>
                        <z>0.0</z>
                        <clamped>false</clamped>
                        <polarity>BOTH</polarity>
                        <targetValue>0.0</targetValue>
                        <parentGroup class="org.simbrain.network.groups.NeuronGroup" reference="../../../.."/>
                        <updatePriority>1</updatePriority>
                        <auxValue>0.0</auxValue>
                      </org.simbrain.network.core.Neuron>
                      <org.simbrain.network.core.Neuron>
                        <updateRule class="org.simbrain.network.neuron_update_rules.LinearRule">
                          <inputType>WEIGHTED</inputType>
                          <increment>0.1</increment>
                          <slope>1.0</slope>
                          <bias>0.0</bias>
                          <noiseGenerator>
                            <pdf>UNIFORM</pdf>
                            <param1>0.0</param1>
                            <param2>1.0</param2>
                            <upperBound>1.0</upperBound>
                            <lowerBound>0.0</lowerBound>
                            <clipping>false</clipping>
                          </noiseGenerator>
                          <addNoise>false</addNoise>
                          <clipping>true</clipping>
                          <upperBound>1.0</upperBound>
                          <lowerBound>-1.0</lowerBound>
                        </updateRule>
                        <id>Neuron_7</id>
                        <label></label>
                        <activation>0.0</activation>
                        <spike>false</spike>
                        <buffer>-1.0</buffer>
                        <spkBuffer>false</spkBuffer>
                        <inputValue>0.0</inputValue>
                        <parent reference="../../../../../../../../../../../.."/>
                        <x>97.07907410621311</x>
                        <y>-200.0</y>
                        <z>0.0</z>
                        <clamped>false</clamped>
                        <polarity>BOTH</polarity>
                        <targetValue>0.0</targetValue>
                        <parentGroup class="org.simbrain.network.groups.NeuronGroup" reference="../../../.."/>
                        <updatePriority>1</updatePriority>
                        <auxValue>0.0</auxValue>
                      </org.simbrain.network.core.Neuron>
                      <org.simbrain.network.core.Neuron>
                        <updateRule class="org.simbrain.network.neuron_update_rules.LinearRule">
                          <inputType>WEIGHTED</inputType>
                          <increment>0.1</increment>
                          <slope>1.0</slope>
                          <bias>0.0</bias>
                          <noiseGenerator>
                            <pdf>UNIFORM</pdf>
                            <param1>0.0</param1>
                            <param2>1.0</param2>
                            <upperBound>1.0</upperBound>
                            <lowerBound>0.0</lowerBound>
                            <clipping>false</clipping>
                          </noiseGenerator>
                          <addNoise>false</addNoise>
                          <clipping>true</clipping>
                          <upperBound>1.0</upperBound>
                          <lowerBound>-1.0</lowerBound>
                        </updateRule>
                        <id>Neuron_8</id>
                        <label></label>
                        <activation>0.0</activation>
                        <spike>false</spike>
                        <buffer>1.0</buffer>
                        <spkBuffer>false</spkBuffer>
                        <inputValue>0.0</inputValue>
                        <parent reference="../../../../../../../../../../../.."/>
                        <x>147.07907410621314</x>
                        <y>-200.0</y>
                        <z>0.0</z>
                        <clamped>false</clamped>
                        <polarity>BOTH</polarity>
                        <targetValue>0.0</targetValue>
                        <parentGroup class="org.simbrain.network.groups.NeuronGroup" reference="../../../.."/>
                        <updatePriority>1</updatePriority>
                        <auxValue>0.0</auxValue>
                      </org.simbrain.network.core.Neuron>
                    </java.util.concurrent.CopyOnWriteArrayList>
                  </neuronList>
                  <layout class="org.simbrain.network.layouts.LineLayout">
                    <orientation>HORIZONTAL</orientation>
                    <spacing>50.0</spacing>
                    <initialX>0.0</initialX>
                    <initialY>0.0</initialY>
                  </layout>
                  <incomingSgs/>
                  <outgoingSgs/>
                  <gridThreshold>10</gridThreshold>
                  <betweenNeuronInterval>50</betweenNeuronInterval>
                  <recordAsSpikes>false</recordAsSpikes>
                  <recording>false</recording>
                  <inputMode>false</inputMode>
                  <inputIndex>0</inputIndex>
                  <writeCounter>0</writeCounter>
                  <subsamplingIndices>
                    <int>2</int>
                    <int>3</int>
                    <int>0</int>
                    <int>1</int>
                  </subsamplingIndices>
                  <fileNum>0</fileNum>
                </org.simbrain.network.groups.NeuronGroup>
              </java.util.concurrent.CopyOnWriteArrayList>
            </neuronGroupList>
            <synapseGroupList class="java.util.concurrent.CopyOnWriteArrayList" serialization="custom">
              <java.util.concurrent.CopyOnWriteArrayList>
                <default/>
                <int>0</int>
              </java.util.concurrent.CopyOnWriteArrayList>
            </synapseGroupList>
            <displayNeuronGroups>true</displayNeuronGroups>
            <numMembers>24</numMembers>
            <betweenLayerInterval>200</betweenLayerInterval>
          </parentGroup>
          <updateRule>Linear</updateRule>
          <isSpikingNeuronGroup>false</isSpikingNeuronGroup>
          <neuronList class="java.util.concurrent.CopyOnWriteArrayList" serialization="custom">
            <java.util.concurrent.CopyOnWriteArrayList>
              <default/>
              <int>4</int>
              <org.simbrain.network.core.Neuron reference="../../../.."/>
              <org.simbrain.network.core.Neuron>
                <updateRule class="org.simbrain.network.neuron_update_rules.LinearRule">
                  <inputType>WEIGHTED</inputType>
                  <increment>0.1</increment>
                  <slope>1.0</slope>
                  <bias>0.0</bias>
                  <noiseGenerator>
                    <pdf>UNIFORM</pdf>
                    <param1>0.0</param1>
                    <param2>1.0</param2>
                    <upperBound>1.0</upperBound>
                    <lowerBound>0.0</lowerBound>
                    <clipping>false</clipping>
                  </noiseGenerator>
                  <addNoise>false</addNoise>
                  <clipping>true</clipping>
                  <upperBound>1.0</upperBound>
                  <lowerBound>-1.0</lowerBound>
                </updateRule>
                <id>Neuron_2</id>
                <label></label>
                <activation>0.0</activation>
                <spike>false</spike>
                <buffer>-1.0</buffer>
                <spkBuffer>false</spkBuffer>
                <inputValue>0.0</inputValue>
                <parent reference="../../../../../../../.."/>
                <x>46.149922986810125</x>
                <y>-37.1660447761194</y>
                <z>0.0</z>
                <clamped>false</clamped>
                <polarity>BOTH</polarity>
                <targetValue>0.0</targetValue>
                <parentGroup class="org.simbrain.network.groups.NeuronGroup" reference="../../../.."/>
                <updatePriority>0</updatePriority>
                <auxValue>0.0</auxValue>
              </org.simbrain.network.core.Neuron>
              <org.simbrain.network.core.Neuron>
                <updateRule class="org.simbrain.network.neuron_update_rules.LinearRule">
                  <inputType>WEIGHTED</inputType>
                  <increment>0.1</increment>
                  <slope>1.0</slope>
                  <bias>0.0</bias>
                  <noiseGenerator>
                    <pdf>UNIFORM</pdf>
                    <param1>0.0</param1>
                    <param2>1.0</param2>
                    <upperBound>1.0</upperBound>
                    <lowerBound>0.0</lowerBound>
                    <clipping>false</clipping>
                  </noiseGenerator>
                  <addNoise>false</addNoise>
                  <clipping>true</clipping>
                  <upperBound>1.0</upperBound>
                  <lowerBound>-1.0</lowerBound>
                </updateRule>
                <id>Neuron_3</id>
                <label></label>
                <activation>0.0</activation>
                <spike>false</spike>
                <buffer>1.0</buffer>
                <spkBuffer>false</spkBuffer>
                <inputValue>0.0</inputValue>
                <parent reference="../../../../../../../.."/>
                <x>96.14992298681013</x>
                <y>-37.1660447761194</y>
                <z>0.0</z>
                <clamped>false</clamped>
                <polarity>BOTH</polarity>
                <targetValue>0.0</targetValue>
                <parentGroup class="org.simbrain.network.groups.NeuronGroup" reference="../../../.."/>
                <updatePriority>0</updatePriority>
                <auxValue>0.0</auxValue>
              </org.simbrain.network.core.Neuron>
              <org.simbrain.network.core.Neuron>
                <updateRule class="org.simbrain.network.neuron_update_rules.LinearRule">
                  <inputType>WEIGHTED</inputType>
                  <increment>0.1</increment>
                  <slope>1.0</slope>
                  <bias>0.0</bias>
                  <noiseGenerator>
                    <pdf>UNIFORM</pdf>
                    <param1>0.0</param1>
                    <param2>1.0</param2>
                    <upperBound>1.0</upperBound>
                    <lowerBound>0.0</lowerBound>
                    <clipping>false</clipping>
                  </noiseGenerator>
                  <addNoise>false</addNoise>
                  <clipping>true</clipping>
                  <upperBound>1.0</upperBound>
                  <lowerBound>-1.0</lowerBound>
                </updateRule>
                <id>Neuron_4</id>
                <label></label>
                <activation>0.0</activation>
                <spike>false</spike>
                <buffer>1.0</buffer>
                <spkBuffer>false</spkBuffer>
                <inputValue>0.0</inputValue>
                <parent reference="../../../../../../../.."/>
                <x>146.14992298681017</x>
                <y>-37.1660447761194</y>
                <z>0.0</z>
                <clamped>false</clamped>
                <polarity>BOTH</polarity>
                <targetValue>0.0</targetValue>
                <parentGroup class="org.simbrain.network.groups.NeuronGroup" reference="../../../.."/>
                <updatePriority>0</updatePriority>
                <auxValue>0.0</auxValue>
              </org.simbrain.network.core.Neuron>
            </java.util.concurrent.CopyOnWriteArrayList>
          </neuronList>
          <layout class="org.simbrain.network.layouts.LineLayout">
            <orientation>HORIZONTAL</orientation>
            <spacing>50.0</spacing>
            <initialX>0.0</initialX>
            <initialY>0.0</initialY>
          </layout>
          <incomingSgs/>
          <outgoingSgs/>
          <gridThreshold>10</gridThreshold>
          <betweenNeuronInterval>50</betweenNeuronInterval>
          <recordAsSpikes>false</recordAsSpikes>
          <recording>false</recording>
          <inputMode>false</inputMode>
          <inputIndex>0</inputIndex>
          <writeCounter>0</writeCounter>
          <subsamplingIndices>
            <int>0</int>
            <int>2</int>
            <int>3</int>
            <int>1</int>
          </subsamplingIndices>
          <fileNum>0</fileNum>
        </parentGroup>
        <updatePriority>0</updatePriority>
        <auxValue>0.0</auxValue>
      </source>
      <target reference="../source/parentGroup/parentGroup/neuronGroupList/java.util.concurrent.CopyOnWriteArrayList/org.simbrain.network.groups.NeuronGroup[2]/neuronList/java.util.concurrent.CopyOnWriteArrayList/org.simbrain.network.core.Neuron"/>
      <learningRule class="org.simbrain.network.synapse_update_rules.HebbianRule">
        <learningRate>0.25</learningRate>
      </learningRule>
      <id>Synapse_17</id>
      <strength>0.0</strength>
      <psr>-0.0</psr>
      <increment>1.0</increment>
      <upperBound>10.0</upperBound>
      <lowerBound>-10.0</lowerBound>
      <delay>0</delay>
      <enabled>true</enabled>
      <frozen>true</frozen>
      <dlyPtr>0</dlyPtr>
      <dlyVal>0.0</dlyVal>
      <isTemplate>false</isTemplate>
    </org.simbrain.network.core.Synapse>
    <org.simbrain.network.core.Synapse>
      <parentNetwork reference="../../.."/>
      <source reference="../../org.simbrain.network.core.Synapse/source"/>
      <target reference="../../org.simbrain.network.core.Synapse/source/parentGroup/parentGroup/neuronGroupList/java.util.concurrent.CopyOnWriteArrayList/org.simbrain.network.groups.NeuronGroup[2]/neuronList/java.util.concurrent.CopyOnWriteArrayList/org.simbrain.network.core.Neuron[2]"/>
      <learningRule class="org.simbrain.network.synapse_update_rules.HebbianRule">
        <learningRate>0.25</learningRate>
      </learningRule>
      <id>Synapse_18</id>
      <strength>0.0</strength>
      <psr>-0.0</psr>
      <increment>1.0</increment>
      <upperBound>10.0</upperBound>
      <lowerBound>-10.0</lowerBound>
      <delay>0</delay>
      <enabled>true</enabled>
      <frozen>true</frozen>
      <dlyPtr>0</dlyPtr>
      <dlyVal>0.0</dlyVal>
      <isTemplate>false</isTemplate>
    </org.simbrain.network.core.Synapse>
    <org.simbrain.network.core.Synapse>
      <parentNetwork reference="../../.."/>
      <source reference="../../org.simbrain.network.core.Synapse/source"/>
      <target reference="../../org.simbrain.network.core.Synapse/source/parentGroup/parentGroup/neuronGroupList/java.util.concurrent.CopyOnWriteArrayList/org.simbrain.network.groups.NeuronGroup[2]/neuronList/java.util.concurrent.CopyOnWriteArrayList/org.simbrain.network.core.Neuron[3]"/>
      <learningRule class="org.simbrain.network.synapse_update_rules.HebbianRule">
        <learningRate>0.25</learningRate>
      </learningRule>
      <id>Synapse_19</id>
      <strength>1.0</strength>
      <psr>-1.0</psr>
      <increment>1.0</increment>
      <upperBound>10.0</upperBound>
      <lowerBound>-10.0</lowerBound>
      <delay>0</delay>
      <enabled>true</enabled>
      <frozen>true</frozen>
      <dlyPtr>0</dlyPtr>
      <dlyVal>0.0</dlyVal>
      <isTemplate>false</isTemplate>
    </org.simbrain.network.core.Synapse>
    <org.simbrain.network.core.Synapse>
      <parentNetwork reference="../../.."/>
      <source reference="../../org.simbrain.network.core.Synapse/source"/>
      <target reference="../../org.simbrain.network.core.Synapse/source/parentGroup/parentGroup/neuronGroupList/java.util.concurrent.CopyOnWriteArrayList/org.simbrain.network.groups.NeuronGroup[2]/neuronList/java.util.concurrent.CopyOnWriteArrayList/org.simbrain.network.core.Neuron[4]"/>
      <learningRule class="org.simbrain.network.synapse_update_rules.HebbianRule">
        <learningRate>0.25</learningRate>
      </learningRule>
      <id>Synapse_20</id>
      <strength>-1.0</strength>
      <psr>1.0</psr>
      <increment>1.0</increment>
      <upperBound>10.0</upperBound>
      <lowerBound>-10.0</lowerBound>
      <delay>0</delay>
      <enabled>true</enabled>
      <frozen>true</frozen>
      <dlyPtr>0</dlyPtr>
      <dlyVal>0.0</dlyVal>
      <isTemplate>false</isTemplate>
    </org.simbrain.network.core.Synapse>
    <org.simbrain.network.core.Synapse>
      <parentNetwork reference="../../.."/>
      <source reference="../../org.simbrain.network.core.Synapse/source/parentGroup/neuronList/java.util.concurrent.CopyOnWriteArrayList/org.simbrain.network.core.Neuron[2]"/>
      <target reference="../../org.simbrain.network.core.Synapse/source/parentGroup/parentGroup/neuronGroupList/java.util.concurrent.CopyOnWriteArrayList/org.simbrain.network.groups.NeuronGroup[2]/neuronList/java.util.concurrent.CopyOnWriteArrayList/org.simbrain.network.core.Neuron"/>
      <learningRule class="org.simbrain.network.synapse_update_rules.HebbianRule">
        <learningRate>0.25</learningRate>
      </learningRule>
      <id>Synapse_21</id>
      <strength>-1.0</strength>
      <psr>1.0</psr>
      <increment>1.0</increment>
      <upperBound>10.0</upperBound>
      <lowerBound>-10.0</lowerBound>
      <delay>0</delay>
      <enabled>true</enabled>
      <frozen>true</frozen>
      <dlyPtr>0</dlyPtr>
      <dlyVal>0.0</dlyVal>
      <isTemplate>false</isTemplate>
    </org.simbrain.network.core.Synapse>
    <org.simbrain.network.core.Synapse>
      <parentNetwork reference="../../.."/>
      <source reference="../../org.simbrain.network.core.Synapse/source/parentGroup/neuronList/java.util.concurrent.CopyOnWriteArrayList/org.simbrain.network.core.Neuron[2]"/>
      <target reference="../../org.simbrain.network.core.Synapse/source/parentGroup/parentGroup/neuronGroupList/java.util.concurrent.CopyOnWriteArrayList/org.simbrain.network.groups.NeuronGroup[2]/neuronList/java.util.concurrent.CopyOnWriteArrayList/org.simbrain.network.core.Neuron[2]"/>
      <learningRule class="org.simbrain.network.synapse_update_rules.HebbianRule">
        <learningRate>0.25</learningRate>
      </learningRule>
      <id>Synapse_22</id>
      <strength>1.0</strength>
      <psr>-1.0</psr>
      <increment>1.0</increment>
      <upperBound>10.0</upperBound>
      <lowerBound>-10.0</lowerBound>
      <delay>0</delay>
      <enabled>true</enabled>
      <frozen>true</frozen>
      <dlyPtr>0</dlyPtr>
      <dlyVal>0.0</dlyVal>
      <isTemplate>false</isTemplate>
    </org.simbrain.network.core.Synapse>
    <org.simbrain.network.core.Synapse>
      <parentNetwork reference="../../.."/>
      <source reference="../../org.simbrain.network.core.Synapse/source/parentGroup/neuronList/java.util.concurrent.CopyOnWriteArrayList/org.simbrain.network.core.Neuron[2]"/>
      <target reference="../../org.simbrain.network.core.Synapse/source/parentGroup/parentGroup/neuronGroupList/java.util.concurrent.CopyOnWriteArrayList/org.simbrain.network.groups.NeuronGroup[2]/neuronList/java.util.concurrent.CopyOnWriteArrayList/org.simbrain.network.core.Neuron[3]"/>
      <learningRule class="org.simbrain.network.synapse_update_rules.HebbianRule">
        <learningRate>0.25</learningRate>
      </learningRule>
      <id>Synapse_23</id>
      <strength>0.0</strength>
      <psr>-0.0</psr>
      <increment>1.0</increment>
      <upperBound>10.0</upperBound>
      <lowerBound>-10.0</lowerBound>
      <delay>0</delay>
      <enabled>true</enabled>
      <frozen>true</frozen>
      <dlyPtr>0</dlyPtr>
      <dlyVal>0.0</dlyVal>
      <isTemplate>false</isTemplate>
    </org.simbrain.network.core.Synapse>
    <org.simbrain.network.core.Synapse>
      <parentNetwork reference="../../.."/>
      <source reference="../../org.simbrain.network.core.Synapse/source/parentGroup/neuronList/java.util.concurrent.CopyOnWriteArrayList/org.simbrain.network.core.Neuron[2]"/>
      <target reference="../../org.simbrain.network.core.Synapse/source/parentGroup/parentGroup/neuronGroupList/java.util.concurrent.CopyOnWriteArrayList/org.simbrain.network.groups.NeuronGroup[2]/neuronList/java.util.concurrent.CopyOnWriteArrayList/org.simbrain.network.core.Neuron[4]"/>
      <learningRule class="org.simbrain.network.synapse_update_rules.HebbianRule">
        <learningRate>0.25</learningRate>
      </learningRule>
      <id>Synapse_24</id>
      <strength>0.0</strength>
      <psr>-0.0</psr>
      <increment>1.0</increment>
      <upperBound>10.0</upperBound>
      <lowerBound>-10.0</lowerBound>
      <delay>0</delay>
      <enabled>true</enabled>
      <frozen>true</frozen>
      <dlyPtr>0</dlyPtr>
      <dlyVal>0.0</dlyVal>
      <isTemplate>false</isTemplate>
    </org.simbrain.network.core.Synapse>
    <org.simbrain.network.core.Synapse>
      <parentNetwork reference="../../.."/>
      <source reference="../../org.simbrain.network.core.Synapse/source/parentGroup/neuronList/java.util.concurrent.CopyOnWriteArrayList/org.simbrain.network.core.Neuron[3]"/>
      <target reference="../../org.simbrain.network.core.Synapse/source/parentGroup/parentGroup/neuronGroupList/java.util.concurrent.CopyOnWriteArrayList/org.simbrain.network.groups.NeuronGroup[2]/neuronList/java.util.concurrent.CopyOnWriteArrayList/org.simbrain.network.core.Neuron"/>
      <learningRule class="org.simbrain.network.synapse_update_rules.HebbianRule">
        <learningRate>0.25</learningRate>
      </learningRule>
      <id>Synapse_25</id>
      <strength>0.0</strength>
      <psr>0.0</psr>
      <increment>1.0</increment>
      <upperBound>10.0</upperBound>
      <lowerBound>-10.0</lowerBound>
      <delay>0</delay>
      <enabled>true</enabled>
      <frozen>true</frozen>
      <dlyPtr>0</dlyPtr>
      <dlyVal>0.0</dlyVal>
      <isTemplate>false</isTemplate>
    </org.simbrain.network.core.Synapse>
    <org.simbrain.network.core.Synapse>
      <parentNetwork reference="../../.."/>
      <source reference="../../org.simbrain.network.core.Synapse/source/parentGroup/neuronList/java.util.concurrent.CopyOnWriteArrayList/org.simbrain.network.core.Neuron[3]"/>
      <target reference="../../org.simbrain.network.core.Synapse/source/parentGroup/parentGroup/neuronGroupList/java.util.concurrent.CopyOnWriteArrayList/org.simbrain.network.groups.NeuronGroup[2]/neuronList/java.util.concurrent.CopyOnWriteArrayList/org.simbrain.network.core.Neuron[2]"/>
      <learningRule class="org.simbrain.network.synapse_update_rules.HebbianRule">
        <learningRate>0.25</learningRate>
      </learningRule>
      <id>Synapse_26</id>
      <strength>0.0</strength>
      <psr>0.0</psr>
      <increment>1.0</increment>
      <upperBound>10.0</upperBound>
      <lowerBound>-10.0</lowerBound>
      <delay>0</delay>
      <enabled>true</enabled>
      <frozen>true</frozen>
      <dlyPtr>0</dlyPtr>
      <dlyVal>0.0</dlyVal>
      <isTemplate>false</isTemplate>
    </org.simbrain.network.core.Synapse>
    <org.simbrain.network.core.Synapse>
      <parentNetwork reference="../../.."/>
      <source reference="../../org.simbrain.network.core.Synapse/source/parentGroup/neuronList/java.util.concurrent.CopyOnWriteArrayList/org.simbrain.network.core.Neuron[3]"/>
      <target reference="../../org.simbrain.network.core.Synapse/source/parentGroup/parentGroup/neuronGroupList/java.util.concurrent.CopyOnWriteArrayList/org.simbrain.network.groups.NeuronGroup[2]/neuronList/java.util.concurrent.CopyOnWriteArrayList/org.simbrain.network.core.Neuron[3]"/>
      <learningRule class="org.simbrain.network.synapse_update_rules.HebbianRule">
        <learningRate>0.25</learningRate>
      </learningRule>
      <id>Synapse_27</id>
      <strength>-1.0</strength>
      <psr>-1.0</psr>
      <increment>1.0</increment>
      <upperBound>10.0</upperBound>
      <lowerBound>-10.0</lowerBound>
      <delay>0</delay>
      <enabled>true</enabled>
      <frozen>true</frozen>
      <dlyPtr>0</dlyPtr>
      <dlyVal>0.0</dlyVal>
      <isTemplate>false</isTemplate>
    </org.simbrain.network.core.Synapse>
    <org.simbrain.network.core.Synapse>
      <parentNetwork reference="../../.."/>
      <source reference="../../org.simbrain.network.core.Synapse/source/parentGroup/neuronList/java.util.concurrent.CopyOnWriteArrayList/org.simbrain.network.core.Neuron[3]"/>
      <target reference="../../org.simbrain.network.core.Synapse/source/parentGroup/parentGroup/neuronGroupList/java.util.concurrent.CopyOnWriteArrayList/org.simbrain.network.groups.NeuronGroup[2]/neuronList/java.util.concurrent.CopyOnWriteArrayList/org.simbrain.network.core.Neuron[4]"/>
      <learningRule class="org.simbrain.network.synapse_update_rules.HebbianRule">
        <learningRate>0.25</learningRate>
      </learningRule>
      <id>Synapse_28</id>
      <strength>1.0</strength>
      <psr>1.0</psr>
      <increment>1.0</increment>
      <upperBound>10.0</upperBound>
      <lowerBound>-10.0</lowerBound>
      <delay>0</delay>
      <enabled>true</enabled>
      <frozen>true</frozen>
      <dlyPtr>0</dlyPtr>
      <dlyVal>0.0</dlyVal>
      <isTemplate>false</isTemplate>
    </org.simbrain.network.core.Synapse>
    <org.simbrain.network.core.Synapse>
      <parentNetwork reference="../../.."/>
      <source reference="../../org.simbrain.network.core.Synapse/source/parentGroup/neuronList/java.util.concurrent.CopyOnWriteArrayList/org.simbrain.network.core.Neuron[4]"/>
      <target reference="../../org.simbrain.network.core.Synapse/source/parentGroup/parentGroup/neuronGroupList/java.util.concurrent.CopyOnWriteArrayList/org.simbrain.network.groups.NeuronGroup[2]/neuronList/java.util.concurrent.CopyOnWriteArrayList/org.simbrain.network.core.Neuron"/>
      <learningRule class="org.simbrain.network.synapse_update_rules.HebbianRule">
        <learningRate>0.25</learningRate>
      </learningRule>
      <id>Synapse_29</id>
      <strength>1.0</strength>
      <psr>1.0</psr>
      <increment>1.0</increment>
      <upperBound>10.0</upperBound>
      <lowerBound>-10.0</lowerBound>
      <delay>0</delay>
      <enabled>true</enabled>
      <frozen>true</frozen>
      <dlyPtr>0</dlyPtr>
      <dlyVal>0.0</dlyVal>
      <isTemplate>false</isTemplate>
    </org.simbrain.network.core.Synapse>
    <org.simbrain.network.core.Synapse>
      <parentNetwork reference="../../.."/>
      <source reference="../../org.simbrain.network.core.Synapse/source/parentGroup/neuronList/java.util.concurrent.CopyOnWriteArrayList/org.simbrain.network.core.Neuron[4]"/>
      <target reference="../../org.simbrain.network.core.Synapse/source/parentGroup/parentGroup/neuronGroupList/java.util.concurrent.CopyOnWriteArrayList/org.simbrain.network.groups.NeuronGroup[2]/neuronList/java.util.concurrent.CopyOnWriteArrayList/org.simbrain.network.core.Neuron[2]"/>
      <learningRule class="org.simbrain.network.synapse_update_rules.HebbianRule">
        <learningRate>0.25</learningRate>
      </learningRule>
      <id>Synapse_30</id>
      <strength>-1.0</strength>
      <psr>-1.0</psr>
      <increment>1.0</increment>
      <upperBound>10.0</upperBound>
      <lowerBound>-10.0</lowerBound>
      <delay>0</delay>
      <enabled>true</enabled>
      <frozen>true</frozen>
      <dlyPtr>0</dlyPtr>
      <dlyVal>0.0</dlyVal>
      <isTemplate>false</isTemplate>
    </org.simbrain.network.core.Synapse>
    <org.simbrain.network.core.Synapse>
      <parentNetwork reference="../../.."/>
      <source reference="../../org.simbrain.network.core.Synapse/source/parentGroup/neuronList/java.util.concurrent.CopyOnWriteArrayList/org.simbrain.network.core.Neuron[4]"/>
      <target reference="../../org.simbrain.network.core.Synapse/source/parentGroup/parentGroup/neuronGroupList/java.util.concurrent.CopyOnWriteArrayList/org.simbrain.network.groups.NeuronGroup[2]/neuronList/java.util.concurrent.CopyOnWriteArrayList/org.simbrain.network.core.Neuron[3]"/>
      <learningRule class="org.simbrain.network.synapse_update_rules.HebbianRule">
        <learningRate>0.25</learningRate>
      </learningRule>
      <id>Synapse_31</id>
      <strength>0.0</strength>
      <psr>0.0</psr>
      <increment>1.0</increment>
      <upperBound>10.0</upperBound>
      <lowerBound>-10.0</lowerBound>
      <delay>0</delay>
      <enabled>true</enabled>
      <frozen>true</frozen>
      <dlyPtr>0</dlyPtr>
      <dlyVal>0.0</dlyVal>
      <isTemplate>false</isTemplate>
    </org.simbrain.network.core.Synapse>
    <org.simbrain.network.core.Synapse>
      <parentNetwork reference="../../.."/>
      <source reference="../../org.simbrain.network.core.Synapse/source/parentGroup/neuronList/java.util.concurrent.CopyOnWriteArrayList/org.simbrain.network.core.Neuron[4]"/>
      <target reference="../../org.simbrain.network.core.Synapse/source/parentGroup/parentGroup/neuronGroupList/java.util.concurrent.CopyOnWriteArrayList/org.simbrain.network.groups.NeuronGroup[2]/neuronList/java.util.concurrent.CopyOnWriteArrayList/org.simbrain.network.core.Neuron[4]"/>
      <learningRule class="org.simbrain.network.synapse_update_rules.HebbianRule">
        <learningRate>0.25</learningRate>
      </learningRule>
      <id>Synapse_32</id>
      <strength>0.0</strength>
      <psr>0.0</psr>
      <increment>1.0</increment>
      <upperBound>10.0</upperBound>
      <lowerBound>-10.0</lowerBound>
      <delay>0</delay>
      <enabled>true</enabled>
      <frozen>true</frozen>
      <dlyPtr>0</dlyPtr>
      <dlyVal>0.0</dlyVal>
      <isTemplate>false</isTemplate>
    </org.simbrain.network.core.Synapse>
  </synapseList>
  <groupList>
    <org.simbrain.network.subnetworks.FeedForward reference="../../synapseList/org.simbrain.network.core.Synapse/source/parentGroup/parentGroup"/>
  </groupList>
  <textList/>
  <updateManager>
    <actionList>
      <org.simbrain.network.update__actions.BufferedUpdate>
        <network reference="../../../.."/>
      </org.simbrain.network.update__actions.BufferedUpdate>
      <org.simbrain.network.update__actions.UpdateGroup>
        <group class="org.simbrain.network.subnetworks.FeedForward" reference="../../../../synapseList/org.simbrain.network.core.Synapse/source/parentGroup/parentGroup"/>
      </org.simbrain.network.update__actions.UpdateGroup>
    </actionList>
    <network reference="../.."/>
  </updateManager>
  <time>0.0</time>
  <timeStep>0.1</timeStep>
  <timeType>DISCRETE</timeType>
  <prioritySortedNeuronList/>
  <priorityComparator>
    <outer-class reference="../.."/>
  </priorityComparator>
  <neuronIdGenerator>
    <rootName>Neuron</rootName>
    <index>9</index>
  </neuronIdGenerator>
  <synapseIdGenerator>
    <rootName>Synapse</rootName>
    <index>33</index>
  </synapseIdGenerator>
  <groupIdGenerator>
    <rootName>Group</rootName>
    <index>5</index>
  </groupIdGenerator>
  <fireUpdates>true</fireUpdates>
  <name>Network1</name>
</org.simbrain.network.core.Network>