<org.simbrain.util.table.NumericTable>
  <rowData>
    <list>
      <double>-1.0</double>
      <double>-1.0</double>
      <double>1.0</double>
      <double>1.0</double>
    </list>
    <list>
      <double>-1.0</double>
      <double>1.0</double>
      <double>1.0</double>
      <double>-1.0</double>
    </list>
    <list>
      <double>0.0</double>
      <double>0.0</double>
      <double>0.0</double>
      <double>0.0</double>
    </list>
  </rowData>
  <displayColumnHeadings>true</displayColumnHeadings>
  <iterationMode>false</iterationMode>
  <currentRow>0</currentRow>
  <upperBound>1</upperBound>
  <lowerBound>-1</lowerBound>
</org.simbrain.util.table.NumericTable>