<html>
<body>
<h1>Simple associator</h1>

<p>When the simulation opens it has been trained on the two patterns, and the weights are frozen. So it can be tested for recall.</p>

<h2>Test Olfactory > Visual Recall</h2>
<!-- Todo: This is backwards! -->

<ol>
	<li>Click on row 3 of vision patterns</li>
	<li>Click on row 1 of olfactory patterns</li>
	<li>Iterate workspace twice</li>
	<li>Observe the correct pattern appear</li>
	<li>Similarly for row 2 of olfactory.</li>
</ol>

<h2>Train</h2>
<p>After testing for recall you can try re-training the network</p>

<ol>
	<li>Clear weights: W > C</li>
	<li>Unfreeze weights: W > Command-E > Set frozen to no</li>
	<li>Set pattern 1 up (click on row 1 of olfactory and vision)</li>
	<li>Iterate workspace (Click on step button on top toolbar)</li>
	<li>Similarly for row 2 of olfactory (but iterate twice).</li>
	<li>Observe weight values (select source neurons, target neurons, and go to insert menu > display / edit weight matrix). </li>
</ol>

<p>From PDP Chapter 1, p. 34 Rummelhart, McClelland, 1986</p>
</body>
</html>
