<org.simbrain.network.core.Network>
  <neuronList>
    <org.simbrain.network.core.Neuron>
      <updateRule class="org.simbrain.network.neuron_update_rules.LinearRule">
        <slope>1.0</slope>
        <bias>0.0</bias>
        <noiseGenerator>
          <distributionIndex>0</distributionIndex>
          <upperBound>1.0</upperBound>
          <lowerBound>-1.0</lowerBound>
          <mean>0.5</mean>
          <standardDeviation>0.5</standardDeviation>
          <clipping>false</clipping>
          <randomGenerator serialization="custom">
            <java.util.Random>
              <default>
                <seed>21542313786604</seed>
                <nextNextGaussian>0.0</nextNextGaussian>
                <haveNextNextGaussian>false</haveNextNextGaussian>
              </default>
            </java.util.Random>
          </randomGenerator>
        </noiseGenerator>
        <addNoise>false</addNoise>
        <clipping>true</clipping>
      </updateRule>
      <id>Neuron_1</id>
      <label></label>
      <activation>0.0</activation>
      <lowerBound>-1.0</lowerBound>
      <upperBound>1.0</upperBound>
      <increment>0.1</increment>
      <buffer>0.2564605242454619</buffer>
      <inputValue>0.0</inputValue>
      <parent reference="../../.."/>
      <x>59.0</x>
      <y>177.0</y>
      <clamped>false</clamped>
      <targetValue>0.0</targetValue>
      <updatePriority>0</updatePriority>
    </org.simbrain.network.core.Neuron>
    <org.simbrain.network.core.Neuron>
      <updateRule class="org.simbrain.network.neuron_update_rules.LinearRule">
        <slope>1.0</slope>
        <bias>0.0</bias>
        <noiseGenerator>
          <distributionIndex>0</distributionIndex>
          <upperBound>1.0</upperBound>
          <lowerBound>-1.0</lowerBound>
          <mean>0.5</mean>
          <standardDeviation>0.5</standardDeviation>
          <clipping>false</clipping>
          <randomGenerator serialization="custom">
            <java.util.Random>
              <default>
                <seed>21542101149679</seed>
                <nextNextGaussian>0.0</nextNextGaussian>
                <haveNextNextGaussian>false</haveNextNextGaussian>
              </default>
            </java.util.Random>
          </randomGenerator>
        </noiseGenerator>
        <addNoise>false</addNoise>
        <clipping>true</clipping>
      </updateRule>
      <id>Neuron_2</id>
      <label></label>
      <activation>0.0</activation>
      <lowerBound>-1.0</lowerBound>
      <upperBound>1.0</upperBound>
      <increment>0.1</increment>
      <buffer>0.0</buffer>
      <inputValue>0.0</inputValue>
      <parent reference="../../.."/>
      <x>104.0</x>
      <y>177.0</y>
      <clamped>false</clamped>
      <targetValue>0.0</targetValue>
      <updatePriority>0</updatePriority>
    </org.simbrain.network.core.Neuron>
    <org.simbrain.network.core.Neuron>
      <updateRule class="org.simbrain.network.neuron_update_rules.LinearRule">
        <slope>1.0</slope>
        <bias>0.0</bias>
        <noiseGenerator>
          <distributionIndex>0</distributionIndex>
          <upperBound>1.0</upperBound>
          <lowerBound>-1.0</lowerBound>
          <mean>0.5</mean>
          <standardDeviation>0.5</standardDeviation>
          <clipping>false</clipping>
          <randomGenerator serialization="custom">
            <java.util.Random>
              <default>
                <seed>21540791017854</seed>
                <nextNextGaussian>0.0</nextNextGaussian>
                <haveNextNextGaussian>false</haveNextNextGaussian>
              </default>
            </java.util.Random>
          </randomGenerator>
        </noiseGenerator>
        <addNoise>false</addNoise>
        <clipping>true</clipping>
      </updateRule>
      <id>Neuron_3</id>
      <label></label>
      <activation>0.0</activation>
      <lowerBound>-1.0</lowerBound>
      <upperBound>1.0</upperBound>
      <increment>0.1</increment>
      <buffer>0.0</buffer>
      <inputValue>0.0</inputValue>
      <parent reference="../../.."/>
      <x>149.0</x>
      <y>177.0</y>
      <clamped>false</clamped>
      <targetValue>0.0</targetValue>
      <updatePriority>0</updatePriority>
    </org.simbrain.network.core.Neuron>
    <org.simbrain.network.core.Neuron>
      <updateRule class="org.simbrain.network.neuron_update_rules.LinearRule">
        <slope>1.0</slope>
        <bias>0.0</bias>
        <noiseGenerator>
          <distributionIndex>0</distributionIndex>
          <upperBound>1.0</upperBound>
          <lowerBound>-1.0</lowerBound>
          <mean>0.5</mean>
          <standardDeviation>0.5</standardDeviation>
          <clipping>false</clipping>
          <randomGenerator serialization="custom">
            <java.util.Random>
              <default>
                <seed>21540527587561</seed>
                <nextNextGaussian>0.0</nextNextGaussian>
                <haveNextNextGaussian>false</haveNextNextGaussian>
              </default>
            </java.util.Random>
          </randomGenerator>
        </noiseGenerator>
        <addNoise>false</addNoise>
        <clipping>true</clipping>
      </updateRule>
      <id>Neuron_4</id>
      <label></label>
      <activation>0.0</activation>
      <lowerBound>-1.0</lowerBound>
      <upperBound>1.0</upperBound>
      <increment>0.1</increment>
      <buffer>0.6411513106136547</buffer>
      <inputValue>0.0</inputValue>
      <parent reference="../../.."/>
      <x>194.0</x>
      <y>177.0</y>
      <clamped>false</clamped>
      <targetValue>0.0</targetValue>
      <updatePriority>0</updatePriority>
    </org.simbrain.network.core.Neuron>
  </neuronList>
  <synapseList/>
  <groupList>
    <org.simbrain.network.subnetworks.Competitive>
      <parentNetwork reference="../../.."/>
      <id>Group_1</id>
      <label>Competitive Network</label>
      <deleteWhenEmpty>true</deleteWhenEmpty>
      <markedForDeletion>false</markedForDeletion>
      <neuronGroupList class="java.util.concurrent.CopyOnWriteArrayList" serialization="custom">
        <java.util.concurrent.CopyOnWriteArrayList>
          <default/>
          <int>1</int>
          <org.simbrain.network.groups.NeuronGroup>
            <parentNetwork reference="../../../../../.."/>
            <id>Group_2</id>
            <label>Group 2</label>
            <deleteWhenEmpty>true</deleteWhenEmpty>
            <markedForDeletion>false</markedForDeletion>
            <parentGroup class="org.simbrain.network.subnetworks.Competitive" reference="../../../.."/>
            <neuronList class="java.util.concurrent.CopyOnWriteArrayList" serialization="custom">
              <java.util.concurrent.CopyOnWriteArrayList>
                <default/>
                <int>4</int>
                <org.simbrain.network.core.Neuron>
                  <updateRule class="org.simbrain.network.neuron_update_rules.LinearRule">
                    <slope>1.0</slope>
                    <bias>0.0</bias>
                    <noiseGenerator>
                      <distributionIndex>0</distributionIndex>
                      <upperBound>1.0</upperBound>
                      <lowerBound>-1.0</lowerBound>
                      <mean>0.5</mean>
                      <standardDeviation>0.5</standardDeviation>
                      <clipping>false</clipping>
                      <randomGenerator serialization="custom">
                        <java.util.Random>
                          <default>
                            <seed>35546691903426</seed>
                            <nextNextGaussian>0.0</nextNextGaussian>
                            <haveNextNextGaussian>false</haveNextNextGaussian>
                          </default>
                        </java.util.Random>
                      </randomGenerator>
                    </noiseGenerator>
                    <addNoise>false</addNoise>
                    <clipping>true</clipping>
                  </updateRule>
                  <id>Neuron_5</id>
                  <label></label>
                  <activation>0.0</activation>
                  <lowerBound>-1.0</lowerBound>
                  <upperBound>1.0</upperBound>
                  <increment>0.1</increment>
                  <buffer>0.4556684743538069</buffer>
                  <inputValue>0.0</inputValue>
                  <parent reference="../../../../../../../../.."/>
                  <x>66.66380739883638</x>
                  <y>69.15268216558462</y>
                  <clamped>false</clamped>
                  <targetValue>0.0</targetValue>
                  <parentGroup class="org.simbrain.network.groups.NeuronGroup" reference="../../../.."/>
                  <updatePriority>0</updatePriority>
                </org.simbrain.network.core.Neuron>
                <org.simbrain.network.core.Neuron>
                  <updateRule class="org.simbrain.network.neuron_update_rules.LinearRule">
                    <slope>1.0</slope>
                    <bias>0.0</bias>
                    <noiseGenerator>
                      <distributionIndex>0</distributionIndex>
                      <upperBound>1.0</upperBound>
                      <lowerBound>-1.0</lowerBound>
                      <mean>0.5</mean>
                      <standardDeviation>0.5</standardDeviation>
                      <clipping>false</clipping>
                      <randomGenerator serialization="custom">
                        <java.util.Random>
                          <default>
                            <seed>35546686474237</seed>
                            <nextNextGaussian>0.0</nextNextGaussian>
                            <haveNextNextGaussian>false</haveNextNextGaussian>
                          </default>
                        </java.util.Random>
                      </randomGenerator>
                    </noiseGenerator>
                    <addNoise>false</addNoise>
                    <clipping>true</clipping>
                  </updateRule>
                  <id>Neuron_6</id>
                  <label></label>
                  <activation>0.0</activation>
                  <lowerBound>-1.0</lowerBound>
                  <upperBound>1.0</upperBound>
                  <increment>0.1</increment>
                  <buffer>0.26142187776332293</buffer>
                  <inputValue>0.0</inputValue>
                  <parent reference="../../../../../../../../.."/>
                  <x>106.66380739883637</x>
                  <y>69.15268216558462</y>
                  <clamped>false</clamped>
                  <targetValue>0.0</targetValue>
                  <parentGroup class="org.simbrain.network.groups.NeuronGroup" reference="../../../.."/>
                  <updatePriority>0</updatePriority>
                </org.simbrain.network.core.Neuron>
                <org.simbrain.network.core.Neuron>
                  <updateRule class="org.simbrain.network.neuron_update_rules.LinearRule">
                    <slope>1.0</slope>
                    <bias>0.0</bias>
                    <noiseGenerator>
                      <distributionIndex>0</distributionIndex>
                      <upperBound>1.0</upperBound>
                      <lowerBound>-1.0</lowerBound>
                      <mean>0.5</mean>
                      <standardDeviation>0.5</standardDeviation>
                      <clipping>false</clipping>
                      <randomGenerator serialization="custom">
                        <java.util.Random>
                          <default>
                            <seed>35546680570620</seed>
                            <nextNextGaussian>0.0</nextNextGaussian>
                            <haveNextNextGaussian>false</haveNextNextGaussian>
                          </default>
                        </java.util.Random>
                      </randomGenerator>
                    </noiseGenerator>
                    <addNoise>false</addNoise>
                    <clipping>true</clipping>
                  </updateRule>
                  <id>Neuron_7</id>
                  <label></label>
                  <activation>0.0</activation>
                  <lowerBound>-1.0</lowerBound>
                  <upperBound>1.0</upperBound>
                  <increment>0.1</increment>
                  <buffer>0.46399377690817334</buffer>
                  <inputValue>0.0</inputValue>
                  <parent reference="../../../../../../../../.."/>
                  <x>146.6638073988363</x>
                  <y>69.15268216558462</y>
                  <clamped>false</clamped>
                  <targetValue>0.0</targetValue>
                  <parentGroup class="org.simbrain.network.groups.NeuronGroup" reference="../../../.."/>
                  <updatePriority>0</updatePriority>
                </org.simbrain.network.core.Neuron>
                <org.simbrain.network.core.Neuron>
                  <updateRule class="org.simbrain.network.neuron_update_rules.LinearRule">
                    <slope>1.0</slope>
                    <bias>0.0</bias>
                    <noiseGenerator>
                      <distributionIndex>0</distributionIndex>
                      <upperBound>1.0</upperBound>
                      <lowerBound>-1.0</lowerBound>
                      <mean>0.5</mean>
                      <standardDeviation>0.5</standardDeviation>
                      <clipping>false</clipping>
                      <randomGenerator serialization="custom">
                        <java.util.Random>
                          <default>
                            <seed>35546679846655</seed>
                            <nextNextGaussian>0.0</nextNextGaussian>
                            <haveNextNextGaussian>false</haveNextNextGaussian>
                          </default>
                        </java.util.Random>
                      </randomGenerator>
                    </noiseGenerator>
                    <addNoise>false</addNoise>
                    <clipping>true</clipping>
                  </updateRule>
                  <id>Neuron_8</id>
                  <label></label>
                  <activation>0.0</activation>
                  <lowerBound>-1.0</lowerBound>
                  <upperBound>1.0</upperBound>
                  <increment>0.1</increment>
                  <buffer>0.28792723506649165</buffer>
                  <inputValue>0.0</inputValue>
                  <parent reference="../../../../../../../../.."/>
                  <x>186.6638073988363</x>
                  <y>69.15268216558462</y>
                  <clamped>false</clamped>
                  <targetValue>0.0</targetValue>
                  <parentGroup class="org.simbrain.network.groups.NeuronGroup" reference="../../../.."/>
                  <updatePriority>0</updatePriority>
                </org.simbrain.network.core.Neuron>
              </java.util.concurrent.CopyOnWriteArrayList>
            </neuronList>
          </org.simbrain.network.groups.NeuronGroup>
        </java.util.concurrent.CopyOnWriteArrayList>
      </neuronGroupList>
      <synapseGroupList class="java.util.concurrent.CopyOnWriteArrayList" serialization="custom">
        <java.util.concurrent.CopyOnWriteArrayList>
          <default/>
          <int>1</int>
          <org.simbrain.network.groups.SynapseGroup>
            <parentNetwork reference="../../../../../.."/>
            <id>Group_3</id>
            <label>Group 3</label>
            <deleteWhenEmpty>false</deleteWhenEmpty>
            <markedForDeletion>false</markedForDeletion>
            <parentGroup class="org.simbrain.network.subnetworks.Competitive" reference="../../../.."/>
            <synapseList class="java.util.concurrent.CopyOnWriteArrayList" serialization="custom">
              <java.util.concurrent.CopyOnWriteArrayList>
                <default/>
                <int>16</int>
                <org.simbrain.network.core.Synapse>
                  <parentNetwork reference="../../../../../../../../.."/>
                  <source reference="../../../../../../../../../neuronList/org.simbrain.network.core.Neuron"/>
                  <target reference="../../../../../../../neuronGroupList/java.util.concurrent.CopyOnWriteArrayList/org.simbrain.network.groups.NeuronGroup/neuronList/java.util.concurrent.CopyOnWriteArrayList/org.simbrain.network.core.Neuron"/>
                  <learningRule class="org.simbrain.network.synapse_update_rules.ClampedSynapseRule">
                    <clipped>false</clipped>
                  </learningRule>
                  <id>Synapse_2</id>
                  <strength>0.3587189149406921</strength>
                  <increment>1.0</increment>
                  <upperBound>1.0</upperBound>
                  <lowerBound>0.0</lowerBound>
                  <delay>0</delay>
                  <parentGroup class="org.simbrain.network.groups.SynapseGroup" reference="../../../.."/>
                  <sendWeightedInput>true</sendWeightedInput>
                </org.simbrain.network.core.Synapse>
                <org.simbrain.network.core.Synapse>
                  <parentNetwork reference="../../../../../../../../.."/>
                  <source reference="../../../../../../../../../neuronList/org.simbrain.network.core.Neuron"/>
                  <target reference="../../../../../../../neuronGroupList/java.util.concurrent.CopyOnWriteArrayList/org.simbrain.network.groups.NeuronGroup/neuronList/java.util.concurrent.CopyOnWriteArrayList/org.simbrain.network.core.Neuron[2]"/>
                  <learningRule class="org.simbrain.network.synapse_update_rules.ClampedSynapseRule">
                    <clipped>false</clipped>
                  </learningRule>
                  <id>Synapse_4</id>
                  <strength>0.3346515946862557</strength>
                  <increment>1.0</increment>
                  <upperBound>1.0</upperBound>
                  <lowerBound>0.0</lowerBound>
                  <delay>0</delay>
                  <parentGroup class="org.simbrain.network.groups.SynapseGroup" reference="../../../.."/>
                  <sendWeightedInput>true</sendWeightedInput>
                </org.simbrain.network.core.Synapse>
                <org.simbrain.network.core.Synapse>
                  <parentNetwork reference="../../../../../../../../.."/>
                  <source reference="../../../../../../../../../neuronList/org.simbrain.network.core.Neuron"/>
                  <target reference="../../../../../../../neuronGroupList/java.util.concurrent.CopyOnWriteArrayList/org.simbrain.network.groups.NeuronGroup/neuronList/java.util.concurrent.CopyOnWriteArrayList/org.simbrain.network.core.Neuron[3]"/>
                  <learningRule class="org.simbrain.network.synapse_update_rules.ClampedSynapseRule">
                    <clipped>false</clipped>
                  </learningRule>
                  <id>Synapse_6</id>
                  <strength>0.2488261915265083</strength>
                  <increment>1.0</increment>
                  <upperBound>1.0</upperBound>
                  <lowerBound>0.0</lowerBound>
                  <delay>0</delay>
                  <parentGroup class="org.simbrain.network.groups.SynapseGroup" reference="../../../.."/>
                  <sendWeightedInput>true</sendWeightedInput>
                </org.simbrain.network.core.Synapse>
                <org.simbrain.network.core.Synapse>
                  <parentNetwork reference="../../../../../../../../.."/>
                  <source reference="../../../../../../../../../neuronList/org.simbrain.network.core.Neuron"/>
                  <target reference="../../../../../../../neuronGroupList/java.util.concurrent.CopyOnWriteArrayList/org.simbrain.network.groups.NeuronGroup/neuronList/java.util.concurrent.CopyOnWriteArrayList/org.simbrain.network.core.Neuron[4]"/>
                  <learningRule class="org.simbrain.network.synapse_update_rules.ClampedSynapseRule">
                    <clipped>false</clipped>
                  </learningRule>
                  <id>Synapse_8</id>
                  <strength>0.18221690715015043</strength>
                  <increment>1.0</increment>
                  <upperBound>1.0</upperBound>
                  <lowerBound>0.0</lowerBound>
                  <delay>0</delay>
                  <parentGroup class="org.simbrain.network.groups.SynapseGroup" reference="../../../.."/>
                  <sendWeightedInput>true</sendWeightedInput>
                </org.simbrain.network.core.Synapse>
                <org.simbrain.network.core.Synapse>
                  <parentNetwork reference="../../../../../../../../.."/>
                  <source reference="../../../../../../../../../neuronList/org.simbrain.network.core.Neuron[2]"/>
                  <target reference="../../../../../../../neuronGroupList/java.util.concurrent.CopyOnWriteArrayList/org.simbrain.network.groups.NeuronGroup/neuronList/java.util.concurrent.CopyOnWriteArrayList/org.simbrain.network.core.Neuron"/>
                  <learningRule class="org.simbrain.network.synapse_update_rules.ClampedSynapseRule">
                    <clipped>false</clipped>
                  </learningRule>
                  <id>Synapse_10</id>
                  <strength>0.4107417531233808</strength>
                  <increment>1.0</increment>
                  <upperBound>1.0</upperBound>
                  <lowerBound>0.0</lowerBound>
                  <delay>0</delay>
                  <parentGroup class="org.simbrain.network.groups.SynapseGroup" reference="../../../.."/>
                  <sendWeightedInput>true</sendWeightedInput>
                </org.simbrain.network.core.Synapse>
                <org.simbrain.network.core.Synapse>
                  <parentNetwork reference="../../../../../../../../.."/>
                  <source reference="../../../../../../../../../neuronList/org.simbrain.network.core.Neuron[2]"/>
                  <target reference="../../../../../../../neuronGroupList/java.util.concurrent.CopyOnWriteArrayList/org.simbrain.network.groups.NeuronGroup/neuronList/java.util.concurrent.CopyOnWriteArrayList/org.simbrain.network.core.Neuron[2]"/>
                  <learningRule class="org.simbrain.network.synapse_update_rules.ClampedSynapseRule">
                    <clipped>false</clipped>
                  </learningRule>
                  <id>Synapse_12</id>
                  <strength>0.15666419165686432</strength>
                  <increment>1.0</increment>
                  <upperBound>1.0</upperBound>
                  <lowerBound>0.0</lowerBound>
                  <delay>0</delay>
                  <parentGroup class="org.simbrain.network.groups.SynapseGroup" reference="../../../.."/>
                  <sendWeightedInput>true</sendWeightedInput>
                </org.simbrain.network.core.Synapse>
                <org.simbrain.network.core.Synapse>
                  <parentNetwork reference="../../../../../../../../.."/>
                  <source reference="../../../../../../../../../neuronList/org.simbrain.network.core.Neuron[2]"/>
                  <target reference="../../../../../../../neuronGroupList/java.util.concurrent.CopyOnWriteArrayList/org.simbrain.network.groups.NeuronGroup/neuronList/java.util.concurrent.CopyOnWriteArrayList/org.simbrain.network.core.Neuron[3]"/>
                  <learningRule class="org.simbrain.network.synapse_update_rules.ClampedSynapseRule">
                    <clipped>false</clipped>
                  </learningRule>
                  <id>Synapse_14</id>
                  <strength>0.29887680985604503</strength>
                  <increment>1.0</increment>
                  <upperBound>1.0</upperBound>
                  <lowerBound>0.0</lowerBound>
                  <delay>0</delay>
                  <parentGroup class="org.simbrain.network.groups.SynapseGroup" reference="../../../.."/>
                  <sendWeightedInput>true</sendWeightedInput>
                </org.simbrain.network.core.Synapse>
                <org.simbrain.network.core.Synapse>
                  <parentNetwork reference="../../../../../../../../.."/>
                  <source reference="../../../../../../../../../neuronList/org.simbrain.network.core.Neuron[2]"/>
                  <target reference="../../../../../../../neuronGroupList/java.util.concurrent.CopyOnWriteArrayList/org.simbrain.network.groups.NeuronGroup/neuronList/java.util.concurrent.CopyOnWriteArrayList/org.simbrain.network.core.Neuron[4]"/>
                  <learningRule class="org.simbrain.network.synapse_update_rules.ClampedSynapseRule">
                    <clipped>false</clipped>
                  </learningRule>
                  <id>Synapse_16</id>
                  <strength>0.34232571860218025</strength>
                  <increment>1.0</increment>
                  <upperBound>1.0</upperBound>
                  <lowerBound>0.0</lowerBound>
                  <delay>0</delay>
                  <parentGroup class="org.simbrain.network.groups.SynapseGroup" reference="../../../.."/>
                  <sendWeightedInput>true</sendWeightedInput>
                </org.simbrain.network.core.Synapse>
                <org.simbrain.network.core.Synapse>
                  <parentNetwork reference="../../../../../../../../.."/>
                  <source reference="../../../../../../../../../neuronList/org.simbrain.network.core.Neuron[4]"/>
                  <target reference="../../../../../../../neuronGroupList/java.util.concurrent.CopyOnWriteArrayList/org.simbrain.network.groups.NeuronGroup/neuronList/java.util.concurrent.CopyOnWriteArrayList/org.simbrain.network.core.Neuron"/>
                  <learningRule class="org.simbrain.network.synapse_update_rules.ClampedSynapseRule">
                    <clipped>false</clipped>
                  </learningRule>
                  <id>Synapse_18</id>
                  <strength>0.09150497492179183</strength>
                  <increment>1.0</increment>
                  <upperBound>1.0</upperBound>
                  <lowerBound>0.0</lowerBound>
                  <delay>0</delay>
                  <parentGroup class="org.simbrain.network.groups.SynapseGroup" reference="../../../.."/>
                  <sendWeightedInput>true</sendWeightedInput>
                </org.simbrain.network.core.Synapse>
                <org.simbrain.network.core.Synapse>
                  <parentNetwork reference="../../../../../../../../.."/>
                  <source reference="../../../../../../../../../neuronList/org.simbrain.network.core.Neuron[4]"/>
                  <target reference="../../../../../../../neuronGroupList/java.util.concurrent.CopyOnWriteArrayList/org.simbrain.network.groups.NeuronGroup/neuronList/java.util.concurrent.CopyOnWriteArrayList/org.simbrain.network.core.Neuron[2]"/>
                  <learningRule class="org.simbrain.network.synapse_update_rules.ClampedSynapseRule">
                    <clipped>false</clipped>
                  </learningRule>
                  <id>Synapse_20</id>
                  <strength>0.1430081739000153</strength>
                  <increment>1.0</increment>
                  <upperBound>1.0</upperBound>
                  <lowerBound>0.0</lowerBound>
                  <delay>0</delay>
                  <parentGroup class="org.simbrain.network.groups.SynapseGroup" reference="../../../.."/>
                  <sendWeightedInput>true</sendWeightedInput>
                </org.simbrain.network.core.Synapse>
                <org.simbrain.network.core.Synapse>
                  <parentNetwork reference="../../../../../../../../.."/>
                  <source reference="../../../../../../../../../neuronList/org.simbrain.network.core.Neuron[4]"/>
                  <target reference="../../../../../../../neuronGroupList/java.util.concurrent.CopyOnWriteArrayList/org.simbrain.network.groups.NeuronGroup/neuronList/java.util.concurrent.CopyOnWriteArrayList/org.simbrain.network.core.Neuron[3]"/>
                  <learningRule class="org.simbrain.network.synapse_update_rules.ClampedSynapseRule">
                    <clipped>false</clipped>
                  </learningRule>
                  <id>Synapse_22</id>
                  <strength>0.22684684004535927</strength>
                  <increment>1.0</increment>
                  <upperBound>1.0</upperBound>
                  <lowerBound>0.0</lowerBound>
                  <delay>0</delay>
                  <parentGroup class="org.simbrain.network.groups.SynapseGroup" reference="../../../.."/>
                  <sendWeightedInput>true</sendWeightedInput>
                </org.simbrain.network.core.Synapse>
                <org.simbrain.network.core.Synapse>
                  <parentNetwork reference="../../../../../../../../.."/>
                  <source reference="../../../../../../../../../neuronList/org.simbrain.network.core.Neuron[4]"/>
                  <target reference="../../../../../../../neuronGroupList/java.util.concurrent.CopyOnWriteArrayList/org.simbrain.network.groups.NeuronGroup/neuronList/java.util.concurrent.CopyOnWriteArrayList/org.simbrain.network.core.Neuron[4]"/>
                  <learningRule class="org.simbrain.network.synapse_update_rules.ClampedSynapseRule">
                    <clipped>false</clipped>
                  </learningRule>
                  <id>Synapse_24</id>
                  <strength>0.3434496909674412</strength>
                  <increment>1.0</increment>
                  <upperBound>1.0</upperBound>
                  <lowerBound>0.0</lowerBound>
                  <delay>0</delay>
                  <parentGroup class="org.simbrain.network.groups.SynapseGroup" reference="../../../.."/>
                  <sendWeightedInput>true</sendWeightedInput>
                </org.simbrain.network.core.Synapse>
                <org.simbrain.network.core.Synapse>
                  <parentNetwork reference="../../../../../../../../.."/>
                  <source reference="../../../../../../../../../neuronList/org.simbrain.network.core.Neuron[3]"/>
                  <target reference="../../../../../../../neuronGroupList/java.util.concurrent.CopyOnWriteArrayList/org.simbrain.network.groups.NeuronGroup/neuronList/java.util.concurrent.CopyOnWriteArrayList/org.simbrain.network.core.Neuron"/>
                  <learningRule class="org.simbrain.network.synapse_update_rules.ClampedSynapseRule">
                    <clipped>false</clipped>
                  </learningRule>
                  <id>Synapse_26</id>
                  <strength>0.1390343570141352</strength>
                  <increment>1.0</increment>
                  <upperBound>1.0</upperBound>
                  <lowerBound>0.0</lowerBound>
                  <delay>0</delay>
                  <parentGroup class="org.simbrain.network.groups.SynapseGroup" reference="../../../.."/>
                  <sendWeightedInput>true</sendWeightedInput>
                </org.simbrain.network.core.Synapse>
                <org.simbrain.network.core.Synapse>
                  <parentNetwork reference="../../../../../../../../.."/>
                  <source reference="../../../../../../../../../neuronList/org.simbrain.network.core.Neuron[3]"/>
                  <target reference="../../../../../../../neuronGroupList/java.util.concurrent.CopyOnWriteArrayList/org.simbrain.network.groups.NeuronGroup/neuronList/java.util.concurrent.CopyOnWriteArrayList/org.simbrain.network.core.Neuron[2]"/>
                  <learningRule class="org.simbrain.network.synapse_update_rules.ClampedSynapseRule">
                    <clipped>false</clipped>
                  </learningRule>
                  <id>Synapse_28</id>
                  <strength>0.36567603975686475</strength>
                  <increment>1.0</increment>
                  <upperBound>1.0</upperBound>
                  <lowerBound>0.0</lowerBound>
                  <delay>0</delay>
                  <parentGroup class="org.simbrain.network.groups.SynapseGroup" reference="../../../.."/>
                  <sendWeightedInput>true</sendWeightedInput>
                </org.simbrain.network.core.Synapse>
                <org.simbrain.network.core.Synapse>
                  <parentNetwork reference="../../../../../../../../.."/>
                  <source reference="../../../../../../../../../neuronList/org.simbrain.network.core.Neuron[3]"/>
                  <target reference="../../../../../../../neuronGroupList/java.util.concurrent.CopyOnWriteArrayList/org.simbrain.network.groups.NeuronGroup/neuronList/java.util.concurrent.CopyOnWriteArrayList/org.simbrain.network.core.Neuron[3]"/>
                  <learningRule class="org.simbrain.network.synapse_update_rules.ClampedSynapseRule">
                    <clipped>false</clipped>
                  </learningRule>
                  <id>Synapse_30</id>
                  <strength>0.22545015857208744</strength>
                  <increment>1.0</increment>
                  <upperBound>1.0</upperBound>
                  <lowerBound>0.0</lowerBound>
                  <delay>0</delay>
                  <parentGroup class="org.simbrain.network.groups.SynapseGroup" reference="../../../.."/>
                  <sendWeightedInput>true</sendWeightedInput>
                </org.simbrain.network.core.Synapse>
                <org.simbrain.network.core.Synapse>
                  <parentNetwork reference="../../../../../../../../.."/>
                  <source reference="../../../../../../../../../neuronList/org.simbrain.network.core.Neuron[3]"/>
                  <target reference="../../../../../../../neuronGroupList/java.util.concurrent.CopyOnWriteArrayList/org.simbrain.network.groups.NeuronGroup/neuronList/java.util.concurrent.CopyOnWriteArrayList/org.simbrain.network.core.Neuron[4]"/>
                  <learningRule class="org.simbrain.network.synapse_update_rules.ClampedSynapseRule">
                    <clipped>false</clipped>
                  </learningRule>
                  <id>Synapse_32</id>
                  <strength>0.1320076832802282</strength>
                  <increment>1.0</increment>
                  <upperBound>1.0</upperBound>
                  <lowerBound>0.0</lowerBound>
                  <delay>0</delay>
                  <parentGroup class="org.simbrain.network.groups.SynapseGroup" reference="../../../.."/>
                  <sendWeightedInput>true</sendWeightedInput>
                </org.simbrain.network.core.Synapse>
              </java.util.concurrent.CopyOnWriteArrayList>
            </synapseList>
          </org.simbrain.network.groups.SynapseGroup>
        </java.util.concurrent.CopyOnWriteArrayList>
      </synapseGroupList>
      <epsilon>0.1</epsilon>
      <winValue>1.0</winValue>
      <loseValue>0.0</loseValue>
      <numNeurons>5</numNeurons>
      <normalizeInputs>true</normalizeInputs>
      <useLeakyLearning>false</useLeakyLearning>
      <leakyEpsilon>0.025</leakyEpsilon>
      <max>0.46399377690817334</max>
      <val>0.18598279196648768</val>
      <activation>0.0</activation>
      <winner>2</winner>
    </org.simbrain.network.subnetworks.Competitive>
  </groupList>
  <textList/>
  <updateManager>
    <actionList class="java.util.concurrent.CopyOnWriteArrayList" serialization="custom">
      <java.util.concurrent.CopyOnWriteArrayList>
        <default/>
        <int>2</int>
        <org.simbrain.network.update__actions.BufferedUpdate>
          <network reference="../../../../.."/>
        </org.simbrain.network.update__actions.BufferedUpdate>
        <org.simbrain.network.update__actions.UpdateGroup>
          <group class="org.simbrain.network.subnetworks.Competitive" reference="../../../../../groupList/org.simbrain.network.subnetworks.Competitive"/>
        </org.simbrain.network.update__actions.UpdateGroup>
      </java.util.concurrent.CopyOnWriteArrayList>
    </actionList>
    <availableActionList class="java.util.concurrent.CopyOnWriteArrayList" serialization="custom">
      <java.util.concurrent.CopyOnWriteArrayList>
        <default/>
        <int>1</int>
        <org.simbrain.network.update__actions.PriorityUpdate>
          <network reference="../../../../.."/>
        </org.simbrain.network.update__actions.PriorityUpdate>
      </java.util.concurrent.CopyOnWriteArrayList>
    </availableActionList>
    <network reference="../.."/>
  </updateManager>
  <synapseRouter>
    <routingMap>
      <entry>
        <org.simbrain.network.util.SynapseRouter_-NeuronGroupPair>
          <targetNeuronGroup reference="../../../../../groupList/org.simbrain.network.subnetworks.Competitive/neuronGroupList/java.util.concurrent.CopyOnWriteArrayList/org.simbrain.network.groups.NeuronGroup"/>
          <outer-class reference="../../../.."/>
        </org.simbrain.network.util.SynapseRouter_-NeuronGroupPair>
        <org.simbrain.network.groups.SynapseGroup reference="../../../../groupList/org.simbrain.network.subnetworks.Competitive/synapseGroupList/java.util.concurrent.CopyOnWriteArrayList/org.simbrain.network.groups.SynapseGroup"/>
      </entry>
    </routingMap>
    <incomingUnified/>
    <outgoingUnified/>
    <autoRouting>false</autoRouting>
  </synapseRouter>
  <time>10.0</time>
  <timeStep>0.01</timeStep>
  <timeType>DISCRETE</timeType>
  <clampWeights>false</clampWeights>
  <clampNeurons>false</clampNeurons>
  <prioritySortedNeuronList>
    <org.simbrain.network.core.Neuron reference="../../neuronList/org.simbrain.network.core.Neuron"/>
    <org.simbrain.network.core.Neuron reference="../../neuronList/org.simbrain.network.core.Neuron[2]"/>
    <org.simbrain.network.core.Neuron reference="../../neuronList/org.simbrain.network.core.Neuron[3]"/>
    <org.simbrain.network.core.Neuron reference="../../neuronList/org.simbrain.network.core.Neuron[4]"/>
  </prioritySortedNeuronList>
  <priorityComparator>
    <outer-class reference="../.."/>
  </priorityComparator>
  <neuronIdGenerator>
    <rootName>Neuron</rootName>
    <index>9</index>
  </neuronIdGenerator>
  <synapseIdGenerator>
    <rootName>Synapse</rootName>
    <index>33</index>
  </synapseIdGenerator>
  <groupIdGenerator>
    <rootName>Group</rootName>
    <index>4</index>
  </groupIdGenerator>
  <roundOffActivationValues>false</roundOffActivationValues>
  <precision>0</precision>
</org.simbrain.network.core.Network>