<org.simbrain.network.core.Network>
  <neuronList/>
  <synapseList/>
  <groupList>
    <org.simbrain.network.subnetworks.BackpropNetwork>
      <parentNetwork reference="../../.."/>
      <id>Group_1</id>
      <label>Backprop</label>
      <stateInfo></stateInfo>
      <markedForDeletion>false</markedForDeletion>
      <neuronGroupList class="java.util.concurrent.CopyOnWriteArrayList" serialization="custom">
        <java.util.concurrent.CopyOnWriteArrayList>
          <default/>
          <int>3</int>
          <org.simbrain.network.groups.NeuronGroup>
            <parentNetwork reference="../../../../../.."/>
            <id>Group_2</id>
            <label>Layer 1</label>
            <stateInfo></stateInfo>
            <markedForDeletion>false</markedForDeletion>
            <parentGroup class="org.simbrain.network.subnetworks.BackpropNetwork" reference="../../../.."/>
            <neuronList class="java.util.concurrent.CopyOnWriteArrayList" serialization="custom">
              <java.util.concurrent.CopyOnWriteArrayList>
                <default/>
                <int>3</int>
                <org.simbrain.network.core.Neuron>
                  <updateRule class="org.simbrain.network.neuron_update_rules.LinearRule">
                    <increment>0.1</increment>
                    <slope>1.0</slope>
                    <bias>0.0</bias>
                    <noiseGenerator>
                      <distributionIndex>0</distributionIndex>
                      <upperBound>1.0</upperBound>
                      <lowerBound>-1.0</lowerBound>
                      <mean>0.5</mean>
                      <standardDeviation>0.5</standardDeviation>
                      <clipping>false</clipping>
                      <randomGenerator serialization="custom">
                        <java.util.Random>
                          <default>
                            <seed>54215747134457</seed>
                            <nextNextGaussian>0.0</nextNextGaussian>
                            <haveNextNextGaussian>false</haveNextNextGaussian>
                          </default>
                        </java.util.Random>
                      </randomGenerator>
                    </noiseGenerator>
                    <addNoise>false</addNoise>
                    <clipping>true</clipping>
                    <upperBound>1.0</upperBound>
                    <lowerBound>-1.0</lowerBound>
                  </updateRule>
                  <id>Neuron_1</id>
                  <label></label>
                  <activation>0.0</activation>
                  <buffer>0.0</buffer>
                  <inputValue>0.0</inputValue>
                  <parent reference="../../../../../../../../.."/>
                  <generator>false</generator>
                  <x>98.09848489247575</x>
                  <y>128.14964957317892</y>
                  <clamped>false</clamped>
                  <targetValue>0.0</targetValue>
                  <parentGroup class="org.simbrain.network.groups.NeuronGroup" reference="../../../.."/>
                  <updatePriority>0</updatePriority>
                  <auxValue>0.0</auxValue>
                  <increment>0.1</increment>
                  <tempIgnoreUpdateFlag>false</tempIgnoreUpdateFlag>
                </org.simbrain.network.core.Neuron>
                <org.simbrain.network.core.Neuron>
                  <updateRule class="org.simbrain.network.neuron_update_rules.LinearRule">
                    <increment>0.1</increment>
                    <slope>1.0</slope>
                    <bias>0.0</bias>
                    <noiseGenerator>
                      <distributionIndex>0</distributionIndex>
                      <upperBound>1.0</upperBound>
                      <lowerBound>-1.0</lowerBound>
                      <mean>0.5</mean>
                      <standardDeviation>0.5</standardDeviation>
                      <clipping>false</clipping>
                      <randomGenerator serialization="custom">
                        <java.util.Random>
                          <default>
                            <seed>182814714883465</seed>
                            <nextNextGaussian>0.0</nextNextGaussian>
                            <haveNextNextGaussian>false</haveNextNextGaussian>
                          </default>
                        </java.util.Random>
                      </randomGenerator>
                    </noiseGenerator>
                    <addNoise>false</addNoise>
                    <clipping>true</clipping>
                    <upperBound>1.0</upperBound>
                    <lowerBound>-1.0</lowerBound>
                  </updateRule>
                  <id>Neuron_2</id>
                  <label></label>
                  <activation>0.0</activation>
                  <buffer>0.0</buffer>
                  <inputValue>0.0</inputValue>
                  <parent reference="../../../../../../../../.."/>
                  <generator>false</generator>
                  <x>148.09848489247577</x>
                  <y>128.14964957317892</y>
                  <clamped>false</clamped>
                  <targetValue>0.0</targetValue>
                  <parentGroup class="org.simbrain.network.groups.NeuronGroup" reference="../../../.."/>
                  <updatePriority>0</updatePriority>
                  <auxValue>0.0</auxValue>
                  <increment>0.1</increment>
                  <tempIgnoreUpdateFlag>false</tempIgnoreUpdateFlag>
                </org.simbrain.network.core.Neuron>
                <org.simbrain.network.core.Neuron>
                  <updateRule class="org.simbrain.network.neuron_update_rules.LinearRule">
                    <increment>0.1</increment>
                    <slope>1.0</slope>
                    <bias>0.0</bias>
                    <noiseGenerator>
                      <distributionIndex>0</distributionIndex>
                      <upperBound>1.0</upperBound>
                      <lowerBound>-1.0</lowerBound>
                      <mean>0.5</mean>
                      <standardDeviation>0.5</standardDeviation>
                      <clipping>false</clipping>
                      <randomGenerator serialization="custom">
                        <java.util.Random>
                          <default>
                            <seed>151948427405873</seed>
                            <nextNextGaussian>0.0</nextNextGaussian>
                            <haveNextNextGaussian>false</haveNextNextGaussian>
                          </default>
                        </java.util.Random>
                      </randomGenerator>
                    </noiseGenerator>
                    <addNoise>false</addNoise>
                    <clipping>true</clipping>
                    <upperBound>1.0</upperBound>
                    <lowerBound>-1.0</lowerBound>
                  </updateRule>
                  <id>Neuron_3</id>
                  <label></label>
                  <activation>0.0</activation>
                  <buffer>0.0</buffer>
                  <inputValue>0.0</inputValue>
                  <parent reference="../../../../../../../../.."/>
                  <generator>false</generator>
                  <x>198.09848489247577</x>
                  <y>128.14964957317892</y>
                  <clamped>false</clamped>
                  <targetValue>0.0</targetValue>
                  <parentGroup class="org.simbrain.network.groups.NeuronGroup" reference="../../../.."/>
                  <updatePriority>0</updatePriority>
                  <auxValue>0.0</auxValue>
                  <increment>0.1</increment>
                  <tempIgnoreUpdateFlag>false</tempIgnoreUpdateFlag>
                </org.simbrain.network.core.Neuron>
              </java.util.concurrent.CopyOnWriteArrayList>
            </neuronList>
            <layout class="org.simbrain.network.layouts.LineLayout">
              <orientation>HORIZONTAL</orientation>
              <spacing>50.0</spacing>
              <initialX>0.0</initialX>
              <initialY>0.0</initialY>
            </layout>
          </org.simbrain.network.groups.NeuronGroup>
          <org.simbrain.network.groups.NeuronGroup>
            <parentNetwork reference="../../../../../.."/>
            <id>Group_3</id>
            <label>Layer 2</label>
            <stateInfo></stateInfo>
            <markedForDeletion>false</markedForDeletion>
            <parentGroup class="org.simbrain.network.subnetworks.BackpropNetwork" reference="../../../.."/>
            <neuronList class="java.util.concurrent.CopyOnWriteArrayList" serialization="custom">
              <java.util.concurrent.CopyOnWriteArrayList>
                <default/>
                <int>5</int>
                <org.simbrain.network.core.Neuron>
                  <updateRule class="org.simbrain.network.neuron_update_rules.SigmoidalRule">
                    <increment>0.1</increment>
                    <sFunction>LOGISTIC</sFunction>
                    <bias>1.1224309448451193</bias>
                    <slope>1.0</slope>
                    <noiseGenerator>
                      <distributionIndex>0</distributionIndex>
                      <upperBound>1.0</upperBound>
                      <lowerBound>-1.0</lowerBound>
                      <mean>0.5</mean>
                      <standardDeviation>0.5</standardDeviation>
                      <clipping>false</clipping>
                      <randomGenerator serialization="custom">
                        <java.util.Random>
                          <default>
                            <seed>163810595118809</seed>
                            <nextNextGaussian>0.0</nextNextGaussian>
                            <haveNextNextGaussian>false</haveNextNextGaussian>
                          </default>
                        </java.util.Random>
                      </randomGenerator>
                    </noiseGenerator>
                    <addNoise>false</addNoise>
                    <ceiling>1.0</ceiling>
                    <floor>0.0</floor>
                  </updateRule>
                  <id>Neuron_4</id>
                  <label></label>
                  <activation>0.7544393532967908</activation>
                  <buffer>0.7544393532967908</buffer>
                  <inputValue>0.0</inputValue>
                  <parent reference="../../../../../../../../.."/>
                  <generator>false</generator>
                  <x>49.07361421130955</x>
                  <y>0.0</y>
                  <clamped>false</clamped>
                  <targetValue>0.0</targetValue>
                  <parentGroup class="org.simbrain.network.groups.NeuronGroup" reference="../../../.."/>
                  <updatePriority>1</updatePriority>
                  <auxValue>0.0</auxValue>
                  <increment>0.1</increment>
                  <tempIgnoreUpdateFlag>false</tempIgnoreUpdateFlag>
                </org.simbrain.network.core.Neuron>
                <org.simbrain.network.core.Neuron>
                  <updateRule class="org.simbrain.network.neuron_update_rules.SigmoidalRule">
                    <increment>0.1</increment>
                    <sFunction>LOGISTIC</sFunction>
                    <bias>0.21948693817696938</bias>
                    <slope>1.0</slope>
                    <noiseGenerator>
                      <distributionIndex>0</distributionIndex>
                      <upperBound>1.0</upperBound>
                      <lowerBound>-1.0</lowerBound>
                      <mean>0.5</mean>
                      <standardDeviation>0.5</standardDeviation>
                      <clipping>false</clipping>
                      <randomGenerator serialization="custom">
                        <java.util.Random>
                          <default>
                            <seed>181956562214809</seed>
                            <nextNextGaussian>0.0</nextNextGaussian>
                            <haveNextNextGaussian>false</haveNextNextGaussian>
                          </default>
                        </java.util.Random>
                      </randomGenerator>
                    </noiseGenerator>
                    <addNoise>false</addNoise>
                    <ceiling>1.0</ceiling>
                    <floor>0.0</floor>
                  </updateRule>
                  <id>Neuron_5</id>
                  <label></label>
                  <activation>0.5546525056702448</activation>
                  <buffer>0.5546525056702448</buffer>
                  <inputValue>0.0</inputValue>
                  <parent reference="../../../../../../../../.."/>
                  <generator>false</generator>
                  <x>100.0</x>
                  <y>0.0</y>
                  <clamped>false</clamped>
                  <targetValue>0.0</targetValue>
                  <parentGroup class="org.simbrain.network.groups.NeuronGroup" reference="../../../.."/>
                  <updatePriority>1</updatePriority>
                  <auxValue>0.0</auxValue>
                  <increment>0.1</increment>
                  <tempIgnoreUpdateFlag>false</tempIgnoreUpdateFlag>
                </org.simbrain.network.core.Neuron>
                <org.simbrain.network.core.Neuron>
                  <updateRule class="org.simbrain.network.neuron_update_rules.SigmoidalRule">
                    <increment>0.1</increment>
                    <sFunction>LOGISTIC</sFunction>
                    <bias>0.19714911819691203</bias>
                    <slope>1.0</slope>
                    <noiseGenerator>
                      <distributionIndex>0</distributionIndex>
                      <upperBound>1.0</upperBound>
                      <lowerBound>-1.0</lowerBound>
                      <mean>0.5</mean>
                      <standardDeviation>0.5</standardDeviation>
                      <clipping>false</clipping>
                      <randomGenerator serialization="custom">
                        <java.util.Random>
                          <default>
                            <seed>76090285544729</seed>
                            <nextNextGaussian>0.0</nextNextGaussian>
                            <haveNextNextGaussian>false</haveNextNextGaussian>
                          </default>
                        </java.util.Random>
                      </randomGenerator>
                    </noiseGenerator>
                    <addNoise>false</addNoise>
                    <ceiling>1.0</ceiling>
                    <floor>0.0</floor>
                  </updateRule>
                  <id>Neuron_6</id>
                  <label></label>
                  <activation>0.5491282570322529</activation>
                  <buffer>0.5491282570322529</buffer>
                  <inputValue>0.0</inputValue>
                  <parent reference="../../../../../../../../.."/>
                  <generator>false</generator>
                  <x>150.0</x>
                  <y>0.0</y>
                  <clamped>false</clamped>
                  <targetValue>0.0</targetValue>
                  <parentGroup class="org.simbrain.network.groups.NeuronGroup" reference="../../../.."/>
                  <updatePriority>1</updatePriority>
                  <auxValue>0.0</auxValue>
                  <increment>0.1</increment>
                  <tempIgnoreUpdateFlag>false</tempIgnoreUpdateFlag>
                </org.simbrain.network.core.Neuron>
                <org.simbrain.network.core.Neuron>
                  <updateRule class="org.simbrain.network.neuron_update_rules.SigmoidalRule">
                    <increment>0.1</increment>
                    <sFunction>LOGISTIC</sFunction>
                    <bias>0.6833585306277286</bias>
                    <slope>1.0</slope>
                    <noiseGenerator>
                      <distributionIndex>0</distributionIndex>
                      <upperBound>1.0</upperBound>
                      <lowerBound>-1.0</lowerBound>
                      <mean>0.5</mean>
                      <standardDeviation>0.5</standardDeviation>
                      <clipping>false</clipping>
                      <randomGenerator serialization="custom">
                        <java.util.Random>
                          <default>
                            <seed>14155501194137</seed>
                            <nextNextGaussian>0.0</nextNextGaussian>
                            <haveNextNextGaussian>false</haveNextNextGaussian>
                          </default>
                        </java.util.Random>
                      </randomGenerator>
                    </noiseGenerator>
                    <addNoise>false</addNoise>
                    <ceiling>1.0</ceiling>
                    <floor>0.0</floor>
                  </updateRule>
                  <id>Neuron_7</id>
                  <label></label>
                  <activation>0.6644878739501865</activation>
                  <buffer>0.6644878739501865</buffer>
                  <inputValue>0.0</inputValue>
                  <parent reference="../../../../../../../../.."/>
                  <generator>false</generator>
                  <x>200.0</x>
                  <y>0.0</y>
                  <clamped>false</clamped>
                  <targetValue>0.0</targetValue>
                  <parentGroup class="org.simbrain.network.groups.NeuronGroup" reference="../../../.."/>
                  <updatePriority>1</updatePriority>
                  <auxValue>0.0</auxValue>
                  <increment>0.1</increment>
                  <tempIgnoreUpdateFlag>false</tempIgnoreUpdateFlag>
                </org.simbrain.network.core.Neuron>
                <org.simbrain.network.core.Neuron>
                  <updateRule class="org.simbrain.network.neuron_update_rules.SigmoidalRule">
                    <increment>0.1</increment>
                    <sFunction>LOGISTIC</sFunction>
                    <bias>0.5099868358078098</bias>
                    <slope>1.0</slope>
                    <noiseGenerator>
                      <distributionIndex>0</distributionIndex>
                      <upperBound>1.0</upperBound>
                      <lowerBound>-1.0</lowerBound>
                      <mean>0.5</mean>
                      <standardDeviation>0.5</standardDeviation>
                      <clipping>false</clipping>
                      <randomGenerator serialization="custom">
                        <java.util.Random>
                          <default>
                            <seed>117082256307993</seed>
                            <nextNextGaussian>0.0</nextNextGaussian>
                            <haveNextNextGaussian>false</haveNextNextGaussian>
                          </default>
                        </java.util.Random>
                      </randomGenerator>
                    </noiseGenerator>
                    <addNoise>false</addNoise>
                    <ceiling>1.0</ceiling>
                    <floor>0.0</floor>
                  </updateRule>
                  <id>Neuron_8</id>
                  <label></label>
                  <activation>0.6248033884694058</activation>
                  <buffer>0.6248033884694058</buffer>
                  <inputValue>0.0</inputValue>
                  <parent reference="../../../../../../../../.."/>
                  <generator>false</generator>
                  <x>250.0</x>
                  <y>0.0</y>
                  <clamped>false</clamped>
                  <targetValue>0.0</targetValue>
                  <parentGroup class="org.simbrain.network.groups.NeuronGroup" reference="../../../.."/>
                  <updatePriority>1</updatePriority>
                  <auxValue>0.0</auxValue>
                  <increment>0.1</increment>
                  <tempIgnoreUpdateFlag>false</tempIgnoreUpdateFlag>
                </org.simbrain.network.core.Neuron>
              </java.util.concurrent.CopyOnWriteArrayList>
            </neuronList>
            <layout class="org.simbrain.network.layouts.LineLayout" reference="../../org.simbrain.network.groups.NeuronGroup/layout"/>
          </org.simbrain.network.groups.NeuronGroup>
          <org.simbrain.network.groups.NeuronGroup>
            <parentNetwork reference="../../../../../.."/>
            <id>Group_4</id>
            <label>Layer 3</label>
            <stateInfo></stateInfo>
            <markedForDeletion>false</markedForDeletion>
            <parentGroup class="org.simbrain.network.subnetworks.BackpropNetwork" reference="../../../.."/>
            <neuronList class="java.util.concurrent.CopyOnWriteArrayList" serialization="custom">
              <java.util.concurrent.CopyOnWriteArrayList>
                <default/>
                <int>3</int>
                <org.simbrain.network.core.Neuron>
                  <updateRule class="org.simbrain.network.neuron_update_rules.SigmoidalRule">
                    <increment>0.1</increment>
                    <sFunction>LOGISTIC</sFunction>
                    <bias>-0.19022963551719313</bias>
                    <slope>1.0</slope>
                    <noiseGenerator>
                      <distributionIndex>0</distributionIndex>
                      <upperBound>1.0</upperBound>
                      <lowerBound>-1.0</lowerBound>
                      <mean>0.5</mean>
                      <standardDeviation>0.5</standardDeviation>
                      <clipping>false</clipping>
                      <randomGenerator serialization="custom">
                        <java.util.Random>
                          <default>
                            <seed>92371367836145</seed>
                            <nextNextGaussian>0.0</nextNextGaussian>
                            <haveNextNextGaussian>false</haveNextNextGaussian>
                          </default>
                        </java.util.Random>
                      </randomGenerator>
                    </noiseGenerator>
                    <addNoise>false</addNoise>
                    <ceiling>1.0</ceiling>
                    <floor>0.0</floor>
                  </updateRule>
                  <id>Neuron_9</id>
                  <label>Fish</label>
                  <activation>0.007507678799858789</activation>
                  <buffer>0.007507678799858789</buffer>
                  <inputValue>0.0</inputValue>
                  <parent reference="../../../../../../../../.."/>
                  <generator>false</generator>
                  <x>75.90880766369055</x>
                  <y>-98.10556175595238</y>
                  <clamped>false</clamped>
                  <targetValue>0.0</targetValue>
                  <parentGroup class="org.simbrain.network.groups.NeuronGroup" reference="../../../.."/>
                  <updatePriority>2</updatePriority>
                  <auxValue>0.0</auxValue>
                  <increment>0.1</increment>
                  <tempIgnoreUpdateFlag>false</tempIgnoreUpdateFlag>
                </org.simbrain.network.core.Neuron>
                <org.simbrain.network.core.Neuron>
                  <updateRule class="org.simbrain.network.neuron_update_rules.SigmoidalRule">
                    <increment>0.1</increment>
                    <sFunction>LOGISTIC</sFunction>
                    <bias>-0.027790027235740238</bias>
                    <slope>1.0</slope>
                    <noiseGenerator>
                      <distributionIndex>0</distributionIndex>
                      <upperBound>1.0</upperBound>
                      <lowerBound>-1.0</lowerBound>
                      <mean>0.5</mean>
                      <standardDeviation>0.5</standardDeviation>
                      <clipping>false</clipping>
                      <randomGenerator serialization="custom">
                        <java.util.Random>
                          <default>
                            <seed>118008498921281</seed>
                            <nextNextGaussian>0.0</nextNextGaussian>
                            <haveNextNextGaussian>false</haveNextNextGaussian>
                          </default>
                        </java.util.Random>
                      </randomGenerator>
                    </noiseGenerator>
                    <addNoise>false</addNoise>
                    <ceiling>1.0</ceiling>
                    <floor>0.0</floor>
                  </updateRule>
                  <id>Neuron_10</id>
                  <label>Gouda</label>
                  <activation>0.007927572255039851</activation>
                  <buffer>0.007927572255039851</buffer>
                  <inputValue>0.0</inputValue>
                  <parent reference="../../../../../../../../.."/>
                  <generator>false</generator>
                  <x>149.07063802083334</x>
                  <y>-99.07063802083333</y>
                  <clamped>false</clamped>
                  <targetValue>0.0</targetValue>
                  <parentGroup class="org.simbrain.network.groups.NeuronGroup" reference="../../../.."/>
                  <updatePriority>2</updatePriority>
                  <auxValue>0.0</auxValue>
                  <increment>0.1</increment>
                  <tempIgnoreUpdateFlag>false</tempIgnoreUpdateFlag>
                </org.simbrain.network.core.Neuron>
                <org.simbrain.network.core.Neuron>
                  <updateRule class="org.simbrain.network.neuron_update_rules.SigmoidalRule">
                    <increment>0.1</increment>
                    <sFunction>LOGISTIC</sFunction>
                    <bias>0.18515029225665547</bias>
                    <slope>1.0</slope>
                    <noiseGenerator>
                      <distributionIndex>0</distributionIndex>
                      <upperBound>1.0</upperBound>
                      <lowerBound>-1.0</lowerBound>
                      <mean>0.5</mean>
                      <standardDeviation>0.5</standardDeviation>
                      <clipping>false</clipping>
                      <randomGenerator serialization="custom">
                        <java.util.Random>
                          <default>
                            <seed>130162262095537</seed>
                            <nextNextGaussian>0.0</nextNextGaussian>
                            <haveNextNextGaussian>false</haveNextNextGaussian>
                          </default>
                        </java.util.Random>
                      </randomGenerator>
                    </noiseGenerator>
                    <addNoise>false</addNoise>
                    <ceiling>1.0</ceiling>
                    <floor>0.0</floor>
                  </updateRule>
                  <id>Neuron_11</id>
                  <label>Blue</label>
                  <activation>0.008648029007839156</activation>
                  <buffer>0.008648029007839156</buffer>
                  <inputValue>0.0</inputValue>
                  <parent reference="../../../../../../../../.."/>
                  <generator>false</generator>
                  <x>221.43064584726642</x>
                  <y>-98.09846376751015</y>
                  <clamped>false</clamped>
                  <targetValue>0.0</targetValue>
                  <parentGroup class="org.simbrain.network.groups.NeuronGroup" reference="../../../.."/>
                  <updatePriority>2</updatePriority>
                  <auxValue>0.0</auxValue>
                  <increment>0.1</increment>
                  <tempIgnoreUpdateFlag>false</tempIgnoreUpdateFlag>
                </org.simbrain.network.core.Neuron>
              </java.util.concurrent.CopyOnWriteArrayList>
            </neuronList>
            <layout class="org.simbrain.network.layouts.LineLayout" reference="../../org.simbrain.network.groups.NeuronGroup/layout"/>
          </org.simbrain.network.groups.NeuronGroup>
        </java.util.concurrent.CopyOnWriteArrayList>
      </neuronGroupList>
      <synapseGroupList class="java.util.concurrent.CopyOnWriteArrayList" serialization="custom">
        <java.util.concurrent.CopyOnWriteArrayList>
          <default/>
          <int>2</int>
          <org.simbrain.network.groups.SynapseGroup>
            <parentNetwork reference="../../../../../.."/>
            <id>Group_5</id>
            <label>Weights 1 → 2</label>
            <stateInfo></stateInfo>
            <markedForDeletion>false</markedForDeletion>
            <parentGroup class="org.simbrain.network.subnetworks.BackpropNetwork" reference="../../../.."/>
            <synapseList class="java.util.concurrent.CopyOnWriteArrayList" serialization="custom">
              <java.util.concurrent.CopyOnWriteArrayList>
                <default/>
                <int>15</int>
                <org.simbrain.network.core.Synapse>
                  <parentNetwork reference="../../../../../../../../.."/>
                  <source reference="../../../../../../../neuronGroupList/java.util.concurrent.CopyOnWriteArrayList/org.simbrain.network.groups.NeuronGroup/neuronList/java.util.concurrent.CopyOnWriteArrayList/org.simbrain.network.core.Neuron"/>
                  <target reference="../../../../../../../neuronGroupList/java.util.concurrent.CopyOnWriteArrayList/org.simbrain.network.groups.NeuronGroup[2]/neuronList/java.util.concurrent.CopyOnWriteArrayList/org.simbrain.network.core.Neuron"/>
                  <learningRule class="org.simbrain.network.synapse_update_rules.StaticSynapseRule">
                    <clipped>false</clipped>
                  </learningRule>
                  <id>Synapse_1</id>
                  <strength>1.5567374616443483</strength>
                  <psr>0.0</psr>
                  <increment>1.0</increment>
                  <upperBound>1.0</upperBound>
                  <lowerBound>-1.0</lowerBound>
                  <delay>0</delay>
                  <parentGroup class="org.simbrain.network.groups.SynapseGroup" reference="../../../.."/>
                  <sendWeightedInput>true</sendWeightedInput>
                  <frozen>false</frozen>
                </org.simbrain.network.core.Synapse>
                <org.simbrain.network.core.Synapse>
                  <parentNetwork reference="../../../../../../../../.."/>
                  <source reference="../../../../../../../neuronGroupList/java.util.concurrent.CopyOnWriteArrayList/org.simbrain.network.groups.NeuronGroup/neuronList/java.util.concurrent.CopyOnWriteArrayList/org.simbrain.network.core.Neuron"/>
                  <target reference="../../../../../../../neuronGroupList/java.util.concurrent.CopyOnWriteArrayList/org.simbrain.network.groups.NeuronGroup[2]/neuronList/java.util.concurrent.CopyOnWriteArrayList/org.simbrain.network.core.Neuron[2]"/>
                  <learningRule class="org.simbrain.network.synapse_update_rules.StaticSynapseRule">
                    <clipped>false</clipped>
                  </learningRule>
                  <id>Synapse_2</id>
                  <strength>-3.2935022464302977</strength>
                  <psr>-0.0</psr>
                  <increment>1.0</increment>
                  <upperBound>1.0</upperBound>
                  <lowerBound>-1.0</lowerBound>
                  <delay>0</delay>
                  <parentGroup class="org.simbrain.network.groups.SynapseGroup" reference="../../../.."/>
                  <sendWeightedInput>true</sendWeightedInput>
                  <frozen>false</frozen>
                </org.simbrain.network.core.Synapse>
                <org.simbrain.network.core.Synapse>
                  <parentNetwork reference="../../../../../../../../.."/>
                  <source reference="../../../../../../../neuronGroupList/java.util.concurrent.CopyOnWriteArrayList/org.simbrain.network.groups.NeuronGroup/neuronList/java.util.concurrent.CopyOnWriteArrayList/org.simbrain.network.core.Neuron"/>
                  <target reference="../../../../../../../neuronGroupList/java.util.concurrent.CopyOnWriteArrayList/org.simbrain.network.groups.NeuronGroup[2]/neuronList/java.util.concurrent.CopyOnWriteArrayList/org.simbrain.network.core.Neuron[3]"/>
                  <learningRule class="org.simbrain.network.synapse_update_rules.StaticSynapseRule">
                    <clipped>false</clipped>
                  </learningRule>
                  <id>Synapse_3</id>
                  <strength>-3.40627084822727</strength>
                  <psr>-0.0</psr>
                  <increment>1.0</increment>
                  <upperBound>1.0</upperBound>
                  <lowerBound>-1.0</lowerBound>
                  <delay>0</delay>
                  <parentGroup class="org.simbrain.network.groups.SynapseGroup" reference="../../../.."/>
                  <sendWeightedInput>true</sendWeightedInput>
                  <frozen>false</frozen>
                </org.simbrain.network.core.Synapse>
                <org.simbrain.network.core.Synapse>
                  <parentNetwork reference="../../../../../../../../.."/>
                  <source reference="../../../../../../../neuronGroupList/java.util.concurrent.CopyOnWriteArrayList/org.simbrain.network.groups.NeuronGroup/neuronList/java.util.concurrent.CopyOnWriteArrayList/org.simbrain.network.core.Neuron"/>
                  <target reference="../../../../../../../neuronGroupList/java.util.concurrent.CopyOnWriteArrayList/org.simbrain.network.groups.NeuronGroup[2]/neuronList/java.util.concurrent.CopyOnWriteArrayList/org.simbrain.network.core.Neuron[4]"/>
                  <learningRule class="org.simbrain.network.synapse_update_rules.StaticSynapseRule">
                    <clipped>false</clipped>
                  </learningRule>
                  <id>Synapse_4</id>
                  <strength>4.3357475403502725</strength>
                  <psr>0.0</psr>
                  <increment>1.0</increment>
                  <upperBound>1.0</upperBound>
                  <lowerBound>-1.0</lowerBound>
                  <delay>0</delay>
                  <parentGroup class="org.simbrain.network.groups.SynapseGroup" reference="../../../.."/>
                  <sendWeightedInput>true</sendWeightedInput>
                  <frozen>false</frozen>
                </org.simbrain.network.core.Synapse>
                <org.simbrain.network.core.Synapse>
                  <parentNetwork reference="../../../../../../../../.."/>
                  <source reference="../../../../../../../neuronGroupList/java.util.concurrent.CopyOnWriteArrayList/org.simbrain.network.groups.NeuronGroup/neuronList/java.util.concurrent.CopyOnWriteArrayList/org.simbrain.network.core.Neuron"/>
                  <target reference="../../../../../../../neuronGroupList/java.util.concurrent.CopyOnWriteArrayList/org.simbrain.network.groups.NeuronGroup[2]/neuronList/java.util.concurrent.CopyOnWriteArrayList/org.simbrain.network.core.Neuron[5]"/>
                  <learningRule class="org.simbrain.network.synapse_update_rules.StaticSynapseRule">
                    <clipped>false</clipped>
                  </learningRule>
                  <id>Synapse_5</id>
                  <strength>-4.070780309036245</strength>
                  <psr>-0.0</psr>
                  <increment>1.0</increment>
                  <upperBound>1.0</upperBound>
                  <lowerBound>-1.0</lowerBound>
                  <delay>0</delay>
                  <parentGroup class="org.simbrain.network.groups.SynapseGroup" reference="../../../.."/>
                  <sendWeightedInput>true</sendWeightedInput>
                  <frozen>false</frozen>
                </org.simbrain.network.core.Synapse>
                <org.simbrain.network.core.Synapse>
                  <parentNetwork reference="../../../../../../../../.."/>
                  <source reference="../../../../../../../neuronGroupList/java.util.concurrent.CopyOnWriteArrayList/org.simbrain.network.groups.NeuronGroup/neuronList/java.util.concurrent.CopyOnWriteArrayList/org.simbrain.network.core.Neuron[2]"/>
                  <target reference="../../../../../../../neuronGroupList/java.util.concurrent.CopyOnWriteArrayList/org.simbrain.network.groups.NeuronGroup[2]/neuronList/java.util.concurrent.CopyOnWriteArrayList/org.simbrain.network.core.Neuron"/>
                  <learningRule class="org.simbrain.network.synapse_update_rules.StaticSynapseRule">
                    <clipped>false</clipped>
                  </learningRule>
                  <id>Synapse_6</id>
                  <strength>-4.390433659022002</strength>
                  <psr>-0.0</psr>
                  <increment>1.0</increment>
                  <upperBound>1.0</upperBound>
                  <lowerBound>-1.0</lowerBound>
                  <delay>0</delay>
                  <parentGroup class="org.simbrain.network.groups.SynapseGroup" reference="../../../.."/>
                  <sendWeightedInput>true</sendWeightedInput>
                  <frozen>false</frozen>
                </org.simbrain.network.core.Synapse>
                <org.simbrain.network.core.Synapse>
                  <parentNetwork reference="../../../../../../../../.."/>
                  <source reference="../../../../../../../neuronGroupList/java.util.concurrent.CopyOnWriteArrayList/org.simbrain.network.groups.NeuronGroup/neuronList/java.util.concurrent.CopyOnWriteArrayList/org.simbrain.network.core.Neuron[2]"/>
                  <target reference="../../../../../../../neuronGroupList/java.util.concurrent.CopyOnWriteArrayList/org.simbrain.network.groups.NeuronGroup[2]/neuronList/java.util.concurrent.CopyOnWriteArrayList/org.simbrain.network.core.Neuron[2]"/>
                  <learningRule class="org.simbrain.network.synapse_update_rules.StaticSynapseRule">
                    <clipped>false</clipped>
                  </learningRule>
                  <id>Synapse_7</id>
                  <strength>-1.72629673323381</strength>
                  <psr>-0.0</psr>
                  <increment>1.0</increment>
                  <upperBound>1.0</upperBound>
                  <lowerBound>-1.0</lowerBound>
                  <delay>0</delay>
                  <parentGroup class="org.simbrain.network.groups.SynapseGroup" reference="../../../.."/>
                  <sendWeightedInput>true</sendWeightedInput>
                  <frozen>false</frozen>
                </org.simbrain.network.core.Synapse>
                <org.simbrain.network.core.Synapse>
                  <parentNetwork reference="../../../../../../../../.."/>
                  <source reference="../../../../../../../neuronGroupList/java.util.concurrent.CopyOnWriteArrayList/org.simbrain.network.groups.NeuronGroup/neuronList/java.util.concurrent.CopyOnWriteArrayList/org.simbrain.network.core.Neuron[2]"/>
                  <target reference="../../../../../../../neuronGroupList/java.util.concurrent.CopyOnWriteArrayList/org.simbrain.network.groups.NeuronGroup[2]/neuronList/java.util.concurrent.CopyOnWriteArrayList/org.simbrain.network.core.Neuron[3]"/>
                  <learningRule class="org.simbrain.network.synapse_update_rules.StaticSynapseRule">
                    <clipped>false</clipped>
                  </learningRule>
                  <id>Synapse_8</id>
                  <strength>4.628813142242173</strength>
                  <psr>0.0</psr>
                  <increment>1.0</increment>
                  <upperBound>1.0</upperBound>
                  <lowerBound>-1.0</lowerBound>
                  <delay>0</delay>
                  <parentGroup class="org.simbrain.network.groups.SynapseGroup" reference="../../../.."/>
                  <sendWeightedInput>true</sendWeightedInput>
                  <frozen>false</frozen>
                </org.simbrain.network.core.Synapse>
                <org.simbrain.network.core.Synapse>
                  <parentNetwork reference="../../../../../../../../.."/>
                  <source reference="../../../../../../../neuronGroupList/java.util.concurrent.CopyOnWriteArrayList/org.simbrain.network.groups.NeuronGroup/neuronList/java.util.concurrent.CopyOnWriteArrayList/org.simbrain.network.core.Neuron[2]"/>
                  <target reference="../../../../../../../neuronGroupList/java.util.concurrent.CopyOnWriteArrayList/org.simbrain.network.groups.NeuronGroup[2]/neuronList/java.util.concurrent.CopyOnWriteArrayList/org.simbrain.network.core.Neuron[4]"/>
                  <learningRule class="org.simbrain.network.synapse_update_rules.StaticSynapseRule">
                    <clipped>false</clipped>
                  </learningRule>
                  <id>Synapse_9</id>
                  <strength>-2.0623461620850994</strength>
                  <psr>-0.0</psr>
                  <increment>1.0</increment>
                  <upperBound>1.0</upperBound>
                  <lowerBound>-1.0</lowerBound>
                  <delay>0</delay>
                  <parentGroup class="org.simbrain.network.groups.SynapseGroup" reference="../../../.."/>
                  <sendWeightedInput>true</sendWeightedInput>
                  <frozen>false</frozen>
                </org.simbrain.network.core.Synapse>
                <org.simbrain.network.core.Synapse>
                  <parentNetwork reference="../../../../../../../../.."/>
                  <source reference="../../../../../../../neuronGroupList/java.util.concurrent.CopyOnWriteArrayList/org.simbrain.network.groups.NeuronGroup/neuronList/java.util.concurrent.CopyOnWriteArrayList/org.simbrain.network.core.Neuron[2]"/>
                  <target reference="../../../../../../../neuronGroupList/java.util.concurrent.CopyOnWriteArrayList/org.simbrain.network.groups.NeuronGroup[2]/neuronList/java.util.concurrent.CopyOnWriteArrayList/org.simbrain.network.core.Neuron[5]"/>
                  <learningRule class="org.simbrain.network.synapse_update_rules.StaticSynapseRule">
                    <clipped>false</clipped>
                  </learningRule>
                  <id>Synapse_10</id>
                  <strength>0.787713199451222</strength>
                  <psr>0.0</psr>
                  <increment>1.0</increment>
                  <upperBound>1.0</upperBound>
                  <lowerBound>-1.0</lowerBound>
                  <delay>0</delay>
                  <parentGroup class="org.simbrain.network.groups.SynapseGroup" reference="../../../.."/>
                  <sendWeightedInput>true</sendWeightedInput>
                  <frozen>false</frozen>
                </org.simbrain.network.core.Synapse>
                <org.simbrain.network.core.Synapse>
                  <parentNetwork reference="../../../../../../../../.."/>
                  <source reference="../../../../../../../neuronGroupList/java.util.concurrent.CopyOnWriteArrayList/org.simbrain.network.groups.NeuronGroup/neuronList/java.util.concurrent.CopyOnWriteArrayList/org.simbrain.network.core.Neuron[3]"/>
                  <target reference="../../../../../../../neuronGroupList/java.util.concurrent.CopyOnWriteArrayList/org.simbrain.network.groups.NeuronGroup[2]/neuronList/java.util.concurrent.CopyOnWriteArrayList/org.simbrain.network.core.Neuron"/>
                  <learningRule class="org.simbrain.network.synapse_update_rules.StaticSynapseRule">
                    <clipped>false</clipped>
                  </learningRule>
                  <id>Synapse_11</id>
                  <strength>1.0477080813078856</strength>
                  <psr>0.0</psr>
                  <increment>1.0</increment>
                  <upperBound>1.0</upperBound>
                  <lowerBound>-1.0</lowerBound>
                  <delay>0</delay>
                  <parentGroup class="org.simbrain.network.groups.SynapseGroup" reference="../../../.."/>
                  <sendWeightedInput>true</sendWeightedInput>
                  <frozen>false</frozen>
                </org.simbrain.network.core.Synapse>
                <org.simbrain.network.core.Synapse>
                  <parentNetwork reference="../../../../../../../../.."/>
                  <source reference="../../../../../../../neuronGroupList/java.util.concurrent.CopyOnWriteArrayList/org.simbrain.network.groups.NeuronGroup/neuronList/java.util.concurrent.CopyOnWriteArrayList/org.simbrain.network.core.Neuron[3]"/>
                  <target reference="../../../../../../../neuronGroupList/java.util.concurrent.CopyOnWriteArrayList/org.simbrain.network.groups.NeuronGroup[2]/neuronList/java.util.concurrent.CopyOnWriteArrayList/org.simbrain.network.core.Neuron[2]"/>
                  <learningRule class="org.simbrain.network.synapse_update_rules.StaticSynapseRule">
                    <clipped>false</clipped>
                  </learningRule>
                  <id>Synapse_12</id>
                  <strength>3.4156561695464775</strength>
                  <psr>0.0</psr>
                  <increment>1.0</increment>
                  <upperBound>1.0</upperBound>
                  <lowerBound>-1.0</lowerBound>
                  <delay>0</delay>
                  <parentGroup class="org.simbrain.network.groups.SynapseGroup" reference="../../../.."/>
                  <sendWeightedInput>true</sendWeightedInput>
                  <frozen>false</frozen>
                </org.simbrain.network.core.Synapse>
                <org.simbrain.network.core.Synapse>
                  <parentNetwork reference="../../../../../../../../.."/>
                  <source reference="../../../../../../../neuronGroupList/java.util.concurrent.CopyOnWriteArrayList/org.simbrain.network.groups.NeuronGroup/neuronList/java.util.concurrent.CopyOnWriteArrayList/org.simbrain.network.core.Neuron[3]"/>
                  <target reference="../../../../../../../neuronGroupList/java.util.concurrent.CopyOnWriteArrayList/org.simbrain.network.groups.NeuronGroup[2]/neuronList/java.util.concurrent.CopyOnWriteArrayList/org.simbrain.network.core.Neuron[3]"/>
                  <learningRule class="org.simbrain.network.synapse_update_rules.StaticSynapseRule">
                    <clipped>false</clipped>
                  </learningRule>
                  <id>Synapse_13</id>
                  <strength>-3.821646023771757</strength>
                  <psr>-0.0</psr>
                  <increment>1.0</increment>
                  <upperBound>1.0</upperBound>
                  <lowerBound>-1.0</lowerBound>
                  <delay>0</delay>
                  <parentGroup class="org.simbrain.network.groups.SynapseGroup" reference="../../../.."/>
                  <sendWeightedInput>true</sendWeightedInput>
                  <frozen>false</frozen>
                </org.simbrain.network.core.Synapse>
                <org.simbrain.network.core.Synapse>
                  <parentNetwork reference="../../../../../../../../.."/>
                  <source reference="../../../../../../../neuronGroupList/java.util.concurrent.CopyOnWriteArrayList/org.simbrain.network.groups.NeuronGroup/neuronList/java.util.concurrent.CopyOnWriteArrayList/org.simbrain.network.core.Neuron[3]"/>
                  <target reference="../../../../../../../neuronGroupList/java.util.concurrent.CopyOnWriteArrayList/org.simbrain.network.groups.NeuronGroup[2]/neuronList/java.util.concurrent.CopyOnWriteArrayList/org.simbrain.network.core.Neuron[4]"/>
                  <learningRule class="org.simbrain.network.synapse_update_rules.StaticSynapseRule">
                    <clipped>false</clipped>
                  </learningRule>
                  <id>Synapse_14</id>
                  <strength>-3.9551311239780453</strength>
                  <psr>-0.0</psr>
                  <increment>1.0</increment>
                  <upperBound>1.0</upperBound>
                  <lowerBound>-1.0</lowerBound>
                  <delay>0</delay>
                  <parentGroup class="org.simbrain.network.groups.SynapseGroup" reference="../../../.."/>
                  <sendWeightedInput>true</sendWeightedInput>
                  <frozen>false</frozen>
                </org.simbrain.network.core.Synapse>
                <org.simbrain.network.core.Synapse>
                  <parentNetwork reference="../../../../../../../../.."/>
                  <source reference="../../../../../../../neuronGroupList/java.util.concurrent.CopyOnWriteArrayList/org.simbrain.network.groups.NeuronGroup/neuronList/java.util.concurrent.CopyOnWriteArrayList/org.simbrain.network.core.Neuron[3]"/>
                  <target reference="../../../../../../../neuronGroupList/java.util.concurrent.CopyOnWriteArrayList/org.simbrain.network.groups.NeuronGroup[2]/neuronList/java.util.concurrent.CopyOnWriteArrayList/org.simbrain.network.core.Neuron[5]"/>
                  <learningRule class="org.simbrain.network.synapse_update_rules.StaticSynapseRule">
                    <clipped>false</clipped>
                  </learningRule>
                  <id>Synapse_15</id>
                  <strength>2.875521125667111</strength>
                  <psr>0.0</psr>
                  <increment>1.0</increment>
                  <upperBound>1.0</upperBound>
                  <lowerBound>-1.0</lowerBound>
                  <delay>0</delay>
                  <parentGroup class="org.simbrain.network.groups.SynapseGroup" reference="../../../.."/>
                  <sendWeightedInput>true</sendWeightedInput>
                  <frozen>false</frozen>
                </org.simbrain.network.core.Synapse>
              </java.util.concurrent.CopyOnWriteArrayList>
            </synapseList>
            <pairMap>
              <entry>
                <org.simbrain.network.core.Neuron reference="../../../../../../neuronGroupList/java.util.concurrent.CopyOnWriteArrayList/org.simbrain.network.groups.NeuronGroup/neuronList/java.util.concurrent.CopyOnWriteArrayList/org.simbrain.network.core.Neuron[2]"/>
                <set>
                  <org.simbrain.network.core.Neuron reference="../../../../../../../neuronGroupList/java.util.concurrent.CopyOnWriteArrayList/org.simbrain.network.groups.NeuronGroup[2]/neuronList/java.util.concurrent.CopyOnWriteArrayList/org.simbrain.network.core.Neuron[5]"/>
                  <org.simbrain.network.core.Neuron reference="../../../../../../../neuronGroupList/java.util.concurrent.CopyOnWriteArrayList/org.simbrain.network.groups.NeuronGroup[2]/neuronList/java.util.concurrent.CopyOnWriteArrayList/org.simbrain.network.core.Neuron"/>
                  <org.simbrain.network.core.Neuron reference="../../../../../../../neuronGroupList/java.util.concurrent.CopyOnWriteArrayList/org.simbrain.network.groups.NeuronGroup[2]/neuronList/java.util.concurrent.CopyOnWriteArrayList/org.simbrain.network.core.Neuron[3]"/>
                  <org.simbrain.network.core.Neuron reference="../../../../../../../neuronGroupList/java.util.concurrent.CopyOnWriteArrayList/org.simbrain.network.groups.NeuronGroup[2]/neuronList/java.util.concurrent.CopyOnWriteArrayList/org.simbrain.network.core.Neuron[4]"/>
                  <org.simbrain.network.core.Neuron reference="../../../../../../../neuronGroupList/java.util.concurrent.CopyOnWriteArrayList/org.simbrain.network.groups.NeuronGroup[2]/neuronList/java.util.concurrent.CopyOnWriteArrayList/org.simbrain.network.core.Neuron[2]"/>
                </set>
              </entry>
              <entry>
                <org.simbrain.network.core.Neuron reference="../../../../../../neuronGroupList/java.util.concurrent.CopyOnWriteArrayList/org.simbrain.network.groups.NeuronGroup/neuronList/java.util.concurrent.CopyOnWriteArrayList/org.simbrain.network.core.Neuron"/>
                <set>
                  <org.simbrain.network.core.Neuron reference="../../../../../../../neuronGroupList/java.util.concurrent.CopyOnWriteArrayList/org.simbrain.network.groups.NeuronGroup[2]/neuronList/java.util.concurrent.CopyOnWriteArrayList/org.simbrain.network.core.Neuron[5]"/>
                  <org.simbrain.network.core.Neuron reference="../../../../../../../neuronGroupList/java.util.concurrent.CopyOnWriteArrayList/org.simbrain.network.groups.NeuronGroup[2]/neuronList/java.util.concurrent.CopyOnWriteArrayList/org.simbrain.network.core.Neuron"/>
                  <org.simbrain.network.core.Neuron reference="../../../../../../../neuronGroupList/java.util.concurrent.CopyOnWriteArrayList/org.simbrain.network.groups.NeuronGroup[2]/neuronList/java.util.concurrent.CopyOnWriteArrayList/org.simbrain.network.core.Neuron[3]"/>
                  <org.simbrain.network.core.Neuron reference="../../../../../../../neuronGroupList/java.util.concurrent.CopyOnWriteArrayList/org.simbrain.network.groups.NeuronGroup[2]/neuronList/java.util.concurrent.CopyOnWriteArrayList/org.simbrain.network.core.Neuron[4]"/>
                  <org.simbrain.network.core.Neuron reference="../../../../../../../neuronGroupList/java.util.concurrent.CopyOnWriteArrayList/org.simbrain.network.groups.NeuronGroup[2]/neuronList/java.util.concurrent.CopyOnWriteArrayList/org.simbrain.network.core.Neuron[2]"/>
                </set>
              </entry>
              <entry>
                <org.simbrain.network.core.Neuron reference="../../../../../../neuronGroupList/java.util.concurrent.CopyOnWriteArrayList/org.simbrain.network.groups.NeuronGroup/neuronList/java.util.concurrent.CopyOnWriteArrayList/org.simbrain.network.core.Neuron[3]"/>
                <set>
                  <org.simbrain.network.core.Neuron reference="../../../../../../../neuronGroupList/java.util.concurrent.CopyOnWriteArrayList/org.simbrain.network.groups.NeuronGroup[2]/neuronList/java.util.concurrent.CopyOnWriteArrayList/org.simbrain.network.core.Neuron[5]"/>
                  <org.simbrain.network.core.Neuron reference="../../../../../../../neuronGroupList/java.util.concurrent.CopyOnWriteArrayList/org.simbrain.network.groups.NeuronGroup[2]/neuronList/java.util.concurrent.CopyOnWriteArrayList/org.simbrain.network.core.Neuron"/>
                  <org.simbrain.network.core.Neuron reference="../../../../../../../neuronGroupList/java.util.concurrent.CopyOnWriteArrayList/org.simbrain.network.groups.NeuronGroup[2]/neuronList/java.util.concurrent.CopyOnWriteArrayList/org.simbrain.network.core.Neuron[3]"/>
                  <org.simbrain.network.core.Neuron reference="../../../../../../../neuronGroupList/java.util.concurrent.CopyOnWriteArrayList/org.simbrain.network.groups.NeuronGroup[2]/neuronList/java.util.concurrent.CopyOnWriteArrayList/org.simbrain.network.core.Neuron[4]"/>
                  <org.simbrain.network.core.Neuron reference="../../../../../../../neuronGroupList/java.util.concurrent.CopyOnWriteArrayList/org.simbrain.network.groups.NeuronGroup[2]/neuronList/java.util.concurrent.CopyOnWriteArrayList/org.simbrain.network.core.Neuron[2]"/>
                </set>
              </entry>
            </pairMap>
            <sourceNeuronGroup reference="../../../../neuronGroupList/java.util.concurrent.CopyOnWriteArrayList/org.simbrain.network.groups.NeuronGroup"/>
            <targetNeuronGroup reference="../../../../neuronGroupList/java.util.concurrent.CopyOnWriteArrayList/org.simbrain.network.groups.NeuronGroup[2]"/>
            <displaySynapses>true</displaySynapses>
          </org.simbrain.network.groups.SynapseGroup>
          <org.simbrain.network.groups.SynapseGroup>
            <parentNetwork reference="../../../../../.."/>
            <id>Group_6</id>
            <label>Weights 2 → 3</label>
            <stateInfo></stateInfo>
            <markedForDeletion>false</markedForDeletion>
            <parentGroup class="org.simbrain.network.subnetworks.BackpropNetwork" reference="../../../.."/>
            <synapseList class="java.util.concurrent.CopyOnWriteArrayList" serialization="custom">
              <java.util.concurrent.CopyOnWriteArrayList>
                <default/>
                <int>15</int>
                <org.simbrain.network.core.Synapse>
                  <parentNetwork reference="../../../../../../../../.."/>
                  <source reference="../../../../../../../neuronGroupList/java.util.concurrent.CopyOnWriteArrayList/org.simbrain.network.groups.NeuronGroup[2]/neuronList/java.util.concurrent.CopyOnWriteArrayList/org.simbrain.network.core.Neuron"/>
                  <target reference="../../../../../../../neuronGroupList/java.util.concurrent.CopyOnWriteArrayList/org.simbrain.network.groups.NeuronGroup[3]/neuronList/java.util.concurrent.CopyOnWriteArrayList/org.simbrain.network.core.Neuron"/>
                  <learningRule class="org.simbrain.network.synapse_update_rules.StaticSynapseRule">
                    <clipped>false</clipped>
                  </learningRule>
                  <id>Synapse_16</id>
                  <strength>-0.3609999083691942</strength>
                  <psr>-0.2723525374102556</psr>
                  <increment>1.0</increment>
                  <upperBound>1.0</upperBound>
                  <lowerBound>-1.0</lowerBound>
                  <delay>0</delay>
                  <parentGroup class="org.simbrain.network.groups.SynapseGroup" reference="../../../.."/>
                  <sendWeightedInput>true</sendWeightedInput>
                  <frozen>false</frozen>
                </org.simbrain.network.core.Synapse>
                <org.simbrain.network.core.Synapse>
                  <parentNetwork reference="../../../../../../../../.."/>
                  <source reference="../../../../../../../neuronGroupList/java.util.concurrent.CopyOnWriteArrayList/org.simbrain.network.groups.NeuronGroup[2]/neuronList/java.util.concurrent.CopyOnWriteArrayList/org.simbrain.network.core.Neuron"/>
                  <target reference="../../../../../../../neuronGroupList/java.util.concurrent.CopyOnWriteArrayList/org.simbrain.network.groups.NeuronGroup[3]/neuronList/java.util.concurrent.CopyOnWriteArrayList/org.simbrain.network.core.Neuron[2]"/>
                  <learningRule class="org.simbrain.network.synapse_update_rules.StaticSynapseRule">
                    <clipped>false</clipped>
                  </learningRule>
                  <id>Synapse_17</id>
                  <strength>0.6748680389847735</strength>
                  <psr>0.5091470068923459</psr>
                  <increment>1.0</increment>
                  <upperBound>1.0</upperBound>
                  <lowerBound>-1.0</lowerBound>
                  <delay>0</delay>
                  <parentGroup class="org.simbrain.network.groups.SynapseGroup" reference="../../../.."/>
                  <sendWeightedInput>true</sendWeightedInput>
                  <frozen>false</frozen>
                </org.simbrain.network.core.Synapse>
                <org.simbrain.network.core.Synapse>
                  <parentNetwork reference="../../../../../../../../.."/>
                  <source reference="../../../../../../../neuronGroupList/java.util.concurrent.CopyOnWriteArrayList/org.simbrain.network.groups.NeuronGroup[2]/neuronList/java.util.concurrent.CopyOnWriteArrayList/org.simbrain.network.core.Neuron"/>
                  <target reference="../../../../../../../neuronGroupList/java.util.concurrent.CopyOnWriteArrayList/org.simbrain.network.groups.NeuronGroup[3]/neuronList/java.util.concurrent.CopyOnWriteArrayList/org.simbrain.network.core.Neuron[3]"/>
                  <learningRule class="org.simbrain.network.synapse_update_rules.StaticSynapseRule">
                    <clipped>false</clipped>
                  </learningRule>
                  <id>Synapse_18</id>
                  <strength>-7.998376987901104</strength>
                  <psr>-6.034290362176042</psr>
                  <increment>1.0</increment>
                  <upperBound>1.0</upperBound>
                  <lowerBound>-1.0</lowerBound>
                  <delay>0</delay>
                  <parentGroup class="org.simbrain.network.groups.SynapseGroup" reference="../../../.."/>
                  <sendWeightedInput>true</sendWeightedInput>
                  <frozen>false</frozen>
                </org.simbrain.network.core.Synapse>
                <org.simbrain.network.core.Synapse>
                  <parentNetwork reference="../../../../../../../../.."/>
                  <source reference="../../../../../../../neuronGroupList/java.util.concurrent.CopyOnWriteArrayList/org.simbrain.network.groups.NeuronGroup[2]/neuronList/java.util.concurrent.CopyOnWriteArrayList/org.simbrain.network.core.Neuron[2]"/>
                  <target reference="../../../../../../../neuronGroupList/java.util.concurrent.CopyOnWriteArrayList/org.simbrain.network.groups.NeuronGroup[3]/neuronList/java.util.concurrent.CopyOnWriteArrayList/org.simbrain.network.core.Neuron"/>
                  <learningRule class="org.simbrain.network.synapse_update_rules.StaticSynapseRule">
                    <clipped>false</clipped>
                  </learningRule>
                  <id>Synapse_19</id>
                  <strength>3.4825035635520836</strength>
                  <psr>1.9315793275297197</psr>
                  <increment>1.0</increment>
                  <upperBound>1.0</upperBound>
                  <lowerBound>-1.0</lowerBound>
                  <delay>0</delay>
                  <parentGroup class="org.simbrain.network.groups.SynapseGroup" reference="../../../.."/>
                  <sendWeightedInput>true</sendWeightedInput>
                  <frozen>false</frozen>
                </org.simbrain.network.core.Synapse>
                <org.simbrain.network.core.Synapse>
                  <parentNetwork reference="../../../../../../../../.."/>
                  <source reference="../../../../../../../neuronGroupList/java.util.concurrent.CopyOnWriteArrayList/org.simbrain.network.groups.NeuronGroup[2]/neuronList/java.util.concurrent.CopyOnWriteArrayList/org.simbrain.network.core.Neuron[2]"/>
                  <target reference="../../../../../../../neuronGroupList/java.util.concurrent.CopyOnWriteArrayList/org.simbrain.network.groups.NeuronGroup[3]/neuronList/java.util.concurrent.CopyOnWriteArrayList/org.simbrain.network.core.Neuron[2]"/>
                  <learningRule class="org.simbrain.network.synapse_update_rules.StaticSynapseRule">
                    <clipped>false</clipped>
                  </learningRule>
                  <id>Synapse_20</id>
                  <strength>-4.338034740004851</strength>
                  <psr>-2.4061018382282593</psr>
                  <increment>1.0</increment>
                  <upperBound>1.0</upperBound>
                  <lowerBound>-1.0</lowerBound>
                  <delay>0</delay>
                  <parentGroup class="org.simbrain.network.groups.SynapseGroup" reference="../../../.."/>
                  <sendWeightedInput>true</sendWeightedInput>
                  <frozen>false</frozen>
                </org.simbrain.network.core.Synapse>
                <org.simbrain.network.core.Synapse>
                  <parentNetwork reference="../../../../../../../../.."/>
                  <source reference="../../../../../../../neuronGroupList/java.util.concurrent.CopyOnWriteArrayList/org.simbrain.network.groups.NeuronGroup[2]/neuronList/java.util.concurrent.CopyOnWriteArrayList/org.simbrain.network.core.Neuron[2]"/>
                  <target reference="../../../../../../../neuronGroupList/java.util.concurrent.CopyOnWriteArrayList/org.simbrain.network.groups.NeuronGroup[3]/neuronList/java.util.concurrent.CopyOnWriteArrayList/org.simbrain.network.core.Neuron[3]"/>
                  <learningRule class="org.simbrain.network.synapse_update_rules.StaticSynapseRule">
                    <clipped>false</clipped>
                  </learningRule>
                  <id>Synapse_21</id>
                  <strength>-2.716975636309637</strength>
                  <psr>-1.506977344524148</psr>
                  <increment>1.0</increment>
                  <upperBound>1.0</upperBound>
                  <lowerBound>-1.0</lowerBound>
                  <delay>0</delay>
                  <parentGroup class="org.simbrain.network.groups.SynapseGroup" reference="../../../.."/>
                  <sendWeightedInput>true</sendWeightedInput>
                  <frozen>false</frozen>
                </org.simbrain.network.core.Synapse>
                <org.simbrain.network.core.Synapse>
                  <parentNetwork reference="../../../../../../../../.."/>
                  <source reference="../../../../../../../neuronGroupList/java.util.concurrent.CopyOnWriteArrayList/org.simbrain.network.groups.NeuronGroup[2]/neuronList/java.util.concurrent.CopyOnWriteArrayList/org.simbrain.network.core.Neuron[3]"/>
                  <target reference="../../../../../../../neuronGroupList/java.util.concurrent.CopyOnWriteArrayList/org.simbrain.network.groups.NeuronGroup[3]/neuronList/java.util.concurrent.CopyOnWriteArrayList/org.simbrain.network.core.Neuron"/>
                  <learningRule class="org.simbrain.network.synapse_update_rules.StaticSynapseRule">
                    <clipped>false</clipped>
                  </learningRule>
                  <id>Synapse_22</id>
                  <strength>-4.967146442023594</strength>
                  <psr>-2.7276004681323727</psr>
                  <increment>1.0</increment>
                  <upperBound>1.0</upperBound>
                  <lowerBound>-1.0</lowerBound>
                  <delay>0</delay>
                  <parentGroup class="org.simbrain.network.groups.SynapseGroup" reference="../../../.."/>
                  <sendWeightedInput>true</sendWeightedInput>
                  <frozen>false</frozen>
                </org.simbrain.network.core.Synapse>
                <org.simbrain.network.core.Synapse>
                  <parentNetwork reference="../../../../../../../../.."/>
                  <source reference="../../../../../../../neuronGroupList/java.util.concurrent.CopyOnWriteArrayList/org.simbrain.network.groups.NeuronGroup[2]/neuronList/java.util.concurrent.CopyOnWriteArrayList/org.simbrain.network.core.Neuron[3]"/>
                  <target reference="../../../../../../../neuronGroupList/java.util.concurrent.CopyOnWriteArrayList/org.simbrain.network.groups.NeuronGroup[3]/neuronList/java.util.concurrent.CopyOnWriteArrayList/org.simbrain.network.core.Neuron[2]"/>
                  <learningRule class="org.simbrain.network.synapse_update_rules.StaticSynapseRule">
                    <clipped>false</clipped>
                  </learningRule>
                  <id>Synapse_23</id>
                  <strength>-4.470257260337103</strength>
                  <psr>-2.4547445778546875</psr>
                  <increment>1.0</increment>
                  <upperBound>1.0</upperBound>
                  <lowerBound>-1.0</lowerBound>
                  <delay>0</delay>
                  <parentGroup class="org.simbrain.network.groups.SynapseGroup" reference="../../../.."/>
                  <sendWeightedInput>true</sendWeightedInput>
                  <frozen>false</frozen>
                </org.simbrain.network.core.Synapse>
                <org.simbrain.network.core.Synapse>
                  <parentNetwork reference="../../../../../../../../.."/>
                  <source reference="../../../../../../../neuronGroupList/java.util.concurrent.CopyOnWriteArrayList/org.simbrain.network.groups.NeuronGroup[2]/neuronList/java.util.concurrent.CopyOnWriteArrayList/org.simbrain.network.core.Neuron[3]"/>
                  <target reference="../../../../../../../neuronGroupList/java.util.concurrent.CopyOnWriteArrayList/org.simbrain.network.groups.NeuronGroup[3]/neuronList/java.util.concurrent.CopyOnWriteArrayList/org.simbrain.network.core.Neuron[3]"/>
                  <learningRule class="org.simbrain.network.synapse_update_rules.StaticSynapseRule">
                    <clipped>false</clipped>
                  </learningRule>
                  <id>Synapse_24</id>
                  <strength>6.508540571097253</strength>
                  <psr>3.574023539630338</psr>
                  <increment>1.0</increment>
                  <upperBound>1.0</upperBound>
                  <lowerBound>-1.0</lowerBound>
                  <delay>0</delay>
                  <parentGroup class="org.simbrain.network.groups.SynapseGroup" reference="../../../.."/>
                  <sendWeightedInput>true</sendWeightedInput>
                  <frozen>false</frozen>
                </org.simbrain.network.core.Synapse>
                <org.simbrain.network.core.Synapse>
                  <parentNetwork reference="../../../../../../../../.."/>
                  <source reference="../../../../../../../neuronGroupList/java.util.concurrent.CopyOnWriteArrayList/org.simbrain.network.groups.NeuronGroup[2]/neuronList/java.util.concurrent.CopyOnWriteArrayList/org.simbrain.network.core.Neuron[4]"/>
                  <target reference="../../../../../../../neuronGroupList/java.util.concurrent.CopyOnWriteArrayList/org.simbrain.network.groups.NeuronGroup[3]/neuronList/java.util.concurrent.CopyOnWriteArrayList/org.simbrain.network.core.Neuron"/>
                  <learningRule class="org.simbrain.network.synapse_update_rules.StaticSynapseRule">
                    <clipped>false</clipped>
                  </learningRule>
                  <id>Synapse_25</id>
                  <strength>-8.106513478804313</strength>
                  <psr>-5.386679906679208</psr>
                  <increment>1.0</increment>
                  <upperBound>1.0</upperBound>
                  <lowerBound>-1.0</lowerBound>
                  <delay>0</delay>
                  <parentGroup class="org.simbrain.network.groups.SynapseGroup" reference="../../../.."/>
                  <sendWeightedInput>true</sendWeightedInput>
                  <frozen>false</frozen>
                </org.simbrain.network.core.Synapse>
                <org.simbrain.network.core.Synapse>
                  <parentNetwork reference="../../../../../../../../.."/>
                  <source reference="../../../../../../../neuronGroupList/java.util.concurrent.CopyOnWriteArrayList/org.simbrain.network.groups.NeuronGroup[2]/neuronList/java.util.concurrent.CopyOnWriteArrayList/org.simbrain.network.core.Neuron[4]"/>
                  <target reference="../../../../../../../neuronGroupList/java.util.concurrent.CopyOnWriteArrayList/org.simbrain.network.groups.NeuronGroup[3]/neuronList/java.util.concurrent.CopyOnWriteArrayList/org.simbrain.network.core.Neuron[2]"/>
                  <learningRule class="org.simbrain.network.synapse_update_rules.StaticSynapseRule">
                    <clipped>false</clipped>
                  </learningRule>
                  <id>Synapse_26</id>
                  <strength>5.499461704786628</strength>
                  <psr>3.654325616084135</psr>
                  <increment>1.0</increment>
                  <upperBound>1.0</upperBound>
                  <lowerBound>-1.0</lowerBound>
                  <delay>0</delay>
                  <parentGroup class="org.simbrain.network.groups.SynapseGroup" reference="../../../.."/>
                  <sendWeightedInput>true</sendWeightedInput>
                  <frozen>false</frozen>
                </org.simbrain.network.core.Synapse>
                <org.simbrain.network.core.Synapse>
                  <parentNetwork reference="../../../../../../../../.."/>
                  <source reference="../../../../../../../neuronGroupList/java.util.concurrent.CopyOnWriteArrayList/org.simbrain.network.groups.NeuronGroup[2]/neuronList/java.util.concurrent.CopyOnWriteArrayList/org.simbrain.network.core.Neuron[4]"/>
                  <target reference="../../../../../../../neuronGroupList/java.util.concurrent.CopyOnWriteArrayList/org.simbrain.network.groups.NeuronGroup[3]/neuronList/java.util.concurrent.CopyOnWriteArrayList/org.simbrain.network.core.Neuron[3]"/>
                  <learningRule class="org.simbrain.network.synapse_update_rules.StaticSynapseRule">
                    <clipped>false</clipped>
                  </learningRule>
                  <id>Synapse_27</id>
                  <strength>-1.4875331318384706</strength>
                  <psr>-0.9884477282058077</psr>
                  <increment>1.0</increment>
                  <upperBound>1.0</upperBound>
                  <lowerBound>-1.0</lowerBound>
                  <delay>0</delay>
                  <parentGroup class="org.simbrain.network.groups.SynapseGroup" reference="../../../.."/>
                  <sendWeightedInput>true</sendWeightedInput>
                  <frozen>false</frozen>
                </org.simbrain.network.core.Synapse>
                <org.simbrain.network.core.Synapse>
                  <parentNetwork reference="../../../../../../../../.."/>
                  <source reference="../../../../../../../neuronGroupList/java.util.concurrent.CopyOnWriteArrayList/org.simbrain.network.groups.NeuronGroup[2]/neuronList/java.util.concurrent.CopyOnWriteArrayList/org.simbrain.network.core.Neuron[5]"/>
                  <target reference="../../../../../../../neuronGroupList/java.util.concurrent.CopyOnWriteArrayList/org.simbrain.network.groups.NeuronGroup[3]/neuronList/java.util.concurrent.CopyOnWriteArrayList/org.simbrain.network.core.Neuron"/>
                  <learningRule class="org.simbrain.network.synapse_update_rules.StaticSynapseRule">
                    <clipped>false</clipped>
                  </learningRule>
                  <id>Synapse_28</id>
                  <strength>2.81847108027797</strength>
                  <psr>1.7609902812607023</psr>
                  <increment>1.0</increment>
                  <upperBound>1.0</upperBound>
                  <lowerBound>-1.0</lowerBound>
                  <delay>0</delay>
                  <parentGroup class="org.simbrain.network.groups.SynapseGroup" reference="../../../.."/>
                  <sendWeightedInput>true</sendWeightedInput>
                  <frozen>false</frozen>
                </org.simbrain.network.core.Synapse>
                <org.simbrain.network.core.Synapse>
                  <parentNetwork reference="../../../../../../../../.."/>
                  <source reference="../../../../../../../neuronGroupList/java.util.concurrent.CopyOnWriteArrayList/org.simbrain.network.groups.NeuronGroup[2]/neuronList/java.util.concurrent.CopyOnWriteArrayList/org.simbrain.network.core.Neuron[5]"/>
                  <target reference="../../../../../../../neuronGroupList/java.util.concurrent.CopyOnWriteArrayList/org.simbrain.network.groups.NeuronGroup[3]/neuronList/java.util.concurrent.CopyOnWriteArrayList/org.simbrain.network.core.Neuron[2]"/>
                  <learningRule class="org.simbrain.network.synapse_update_rules.StaticSynapseRule">
                    <clipped>false</clipped>
                  </learningRule>
                  <id>Synapse_29</id>
                  <strength>-6.56892316845893</strength>
                  <psr>-4.104285454248324</psr>
                  <increment>1.0</increment>
                  <upperBound>1.0</upperBound>
                  <lowerBound>-1.0</lowerBound>
                  <delay>0</delay>
                  <parentGroup class="org.simbrain.network.groups.SynapseGroup" reference="../../../.."/>
                  <sendWeightedInput>true</sendWeightedInput>
                  <frozen>false</frozen>
                </org.simbrain.network.core.Synapse>
                <org.simbrain.network.core.Synapse>
                  <parentNetwork reference="../../../../../../../../.."/>
                  <source reference="../../../../../../../neuronGroupList/java.util.concurrent.CopyOnWriteArrayList/org.simbrain.network.groups.NeuronGroup[2]/neuronList/java.util.concurrent.CopyOnWriteArrayList/org.simbrain.network.core.Neuron[5]"/>
                  <target reference="../../../../../../../neuronGroupList/java.util.concurrent.CopyOnWriteArrayList/org.simbrain.network.groups.NeuronGroup[3]/neuronList/java.util.concurrent.CopyOnWriteArrayList/org.simbrain.network.core.Neuron[3]"/>
                  <learningRule class="org.simbrain.network.synapse_update_rules.StaticSynapseRule">
                    <clipped>false</clipped>
                  </learningRule>
                  <id>Synapse_30</id>
                  <strength>0.04609994022474874</strength>
                  <psr>0.028803398860660072</psr>
                  <increment>1.0</increment>
                  <upperBound>1.0</upperBound>
                  <lowerBound>-1.0</lowerBound>
                  <delay>0</delay>
                  <parentGroup class="org.simbrain.network.groups.SynapseGroup" reference="../../../.."/>
                  <sendWeightedInput>true</sendWeightedInput>
                  <frozen>false</frozen>
                </org.simbrain.network.core.Synapse>
              </java.util.concurrent.CopyOnWriteArrayList>
            </synapseList>
            <pairMap>
              <entry>
                <org.simbrain.network.core.Neuron reference="../../../../../../neuronGroupList/java.util.concurrent.CopyOnWriteArrayList/org.simbrain.network.groups.NeuronGroup[2]/neuronList/java.util.concurrent.CopyOnWriteArrayList/org.simbrain.network.core.Neuron[5]"/>
                <set>
                  <org.simbrain.network.core.Neuron reference="../../../../../../../neuronGroupList/java.util.concurrent.CopyOnWriteArrayList/org.simbrain.network.groups.NeuronGroup[3]/neuronList/java.util.concurrent.CopyOnWriteArrayList/org.simbrain.network.core.Neuron"/>
                  <org.simbrain.network.core.Neuron reference="../../../../../../../neuronGroupList/java.util.concurrent.CopyOnWriteArrayList/org.simbrain.network.groups.NeuronGroup[3]/neuronList/java.util.concurrent.CopyOnWriteArrayList/org.simbrain.network.core.Neuron[3]"/>
                  <org.simbrain.network.core.Neuron reference="../../../../../../../neuronGroupList/java.util.concurrent.CopyOnWriteArrayList/org.simbrain.network.groups.NeuronGroup[3]/neuronList/java.util.concurrent.CopyOnWriteArrayList/org.simbrain.network.core.Neuron[2]"/>
                </set>
              </entry>
              <entry>
                <org.simbrain.network.core.Neuron reference="../../../../../../neuronGroupList/java.util.concurrent.CopyOnWriteArrayList/org.simbrain.network.groups.NeuronGroup[2]/neuronList/java.util.concurrent.CopyOnWriteArrayList/org.simbrain.network.core.Neuron"/>
                <set>
                  <org.simbrain.network.core.Neuron reference="../../../../../../../neuronGroupList/java.util.concurrent.CopyOnWriteArrayList/org.simbrain.network.groups.NeuronGroup[3]/neuronList/java.util.concurrent.CopyOnWriteArrayList/org.simbrain.network.core.Neuron"/>
                  <org.simbrain.network.core.Neuron reference="../../../../../../../neuronGroupList/java.util.concurrent.CopyOnWriteArrayList/org.simbrain.network.groups.NeuronGroup[3]/neuronList/java.util.concurrent.CopyOnWriteArrayList/org.simbrain.network.core.Neuron[3]"/>
                  <org.simbrain.network.core.Neuron reference="../../../../../../../neuronGroupList/java.util.concurrent.CopyOnWriteArrayList/org.simbrain.network.groups.NeuronGroup[3]/neuronList/java.util.concurrent.CopyOnWriteArrayList/org.simbrain.network.core.Neuron[2]"/>
                </set>
              </entry>
              <entry>
                <org.simbrain.network.core.Neuron reference="../../../../../../neuronGroupList/java.util.concurrent.CopyOnWriteArrayList/org.simbrain.network.groups.NeuronGroup[2]/neuronList/java.util.concurrent.CopyOnWriteArrayList/org.simbrain.network.core.Neuron[3]"/>
                <set>
                  <org.simbrain.network.core.Neuron reference="../../../../../../../neuronGroupList/java.util.concurrent.CopyOnWriteArrayList/org.simbrain.network.groups.NeuronGroup[3]/neuronList/java.util.concurrent.CopyOnWriteArrayList/org.simbrain.network.core.Neuron"/>
                  <org.simbrain.network.core.Neuron reference="../../../../../../../neuronGroupList/java.util.concurrent.CopyOnWriteArrayList/org.simbrain.network.groups.NeuronGroup[3]/neuronList/java.util.concurrent.CopyOnWriteArrayList/org.simbrain.network.core.Neuron[3]"/>
                  <org.simbrain.network.core.Neuron reference="../../../../../../../neuronGroupList/java.util.concurrent.CopyOnWriteArrayList/org.simbrain.network.groups.NeuronGroup[3]/neuronList/java.util.concurrent.CopyOnWriteArrayList/org.simbrain.network.core.Neuron[2]"/>
                </set>
              </entry>
              <entry>
                <org.simbrain.network.core.Neuron reference="../../../../../../neuronGroupList/java.util.concurrent.CopyOnWriteArrayList/org.simbrain.network.groups.NeuronGroup[2]/neuronList/java.util.concurrent.CopyOnWriteArrayList/org.simbrain.network.core.Neuron[4]"/>
                <set>
                  <org.simbrain.network.core.Neuron reference="../../../../../../../neuronGroupList/java.util.concurrent.CopyOnWriteArrayList/org.simbrain.network.groups.NeuronGroup[3]/neuronList/java.util.concurrent.CopyOnWriteArrayList/org.simbrain.network.core.Neuron"/>
                  <org.simbrain.network.core.Neuron reference="../../../../../../../neuronGroupList/java.util.concurrent.CopyOnWriteArrayList/org.simbrain.network.groups.NeuronGroup[3]/neuronList/java.util.concurrent.CopyOnWriteArrayList/org.simbrain.network.core.Neuron[3]"/>
                  <org.simbrain.network.core.Neuron reference="../../../../../../../neuronGroupList/java.util.concurrent.CopyOnWriteArrayList/org.simbrain.network.groups.NeuronGroup[3]/neuronList/java.util.concurrent.CopyOnWriteArrayList/org.simbrain.network.core.Neuron[2]"/>
                </set>
              </entry>
              <entry>
                <org.simbrain.network.core.Neuron reference="../../../../../../neuronGroupList/java.util.concurrent.CopyOnWriteArrayList/org.simbrain.network.groups.NeuronGroup[2]/neuronList/java.util.concurrent.CopyOnWriteArrayList/org.simbrain.network.core.Neuron[2]"/>
                <set>
                  <org.simbrain.network.core.Neuron reference="../../../../../../../neuronGroupList/java.util.concurrent.CopyOnWriteArrayList/org.simbrain.network.groups.NeuronGroup[3]/neuronList/java.util.concurrent.CopyOnWriteArrayList/org.simbrain.network.core.Neuron"/>
                  <org.simbrain.network.core.Neuron reference="../../../../../../../neuronGroupList/java.util.concurrent.CopyOnWriteArrayList/org.simbrain.network.groups.NeuronGroup[3]/neuronList/java.util.concurrent.CopyOnWriteArrayList/org.simbrain.network.core.Neuron[3]"/>
                  <org.simbrain.network.core.Neuron reference="../../../../../../../neuronGroupList/java.util.concurrent.CopyOnWriteArrayList/org.simbrain.network.groups.NeuronGroup[3]/neuronList/java.util.concurrent.CopyOnWriteArrayList/org.simbrain.network.core.Neuron[2]"/>
                </set>
              </entry>
            </pairMap>
            <sourceNeuronGroup reference="../../../../neuronGroupList/java.util.concurrent.CopyOnWriteArrayList/org.simbrain.network.groups.NeuronGroup[2]"/>
            <targetNeuronGroup reference="../../../../neuronGroupList/java.util.concurrent.CopyOnWriteArrayList/org.simbrain.network.groups.NeuronGroup[3]"/>
            <displaySynapses>true</displaySynapses>
          </org.simbrain.network.groups.SynapseGroup>
        </java.util.concurrent.CopyOnWriteArrayList>
      </synapseGroupList>
      <displayNeuronGroups>true</displayNeuronGroups>
      <betweenLayerInterval>100</betweenLayerInterval>
      <betweenNeuronInterval>50</betweenNeuronInterval>
      <initialPosition class="java.awt.geom.Point2D$Double">
        <x>100.0</x>
        <y>100.0</y>
      </initialPosition>
      <trainingSet>
        <inputData>
          <double-array>
            <double>0.2</double>
            <double>0.4</double>
            <double>1.0</double>
          </double-array>
          <double-array>
            <double>1.0</double>
            <double>0.4</double>
            <double>0.2</double>
          </double-array>
          <double-array>
            <double>0.4</double>
            <double>1.0</double>
            <double>0.2</double>
          </double-array>
          <double-array>
            <double>0.0</double>
            <double>0.0</double>
            <double>0.0</double>
          </double-array>
        </inputData>
        <targetData>
          <double-array>
            <double>1.0</double>
            <double>0.0</double>
            <double>0.0</double>
          </double-array>
          <double-array>
            <double>0.0</double>
            <double>1.0</double>
            <double>0.0</double>
          </double-array>
          <double-array>
            <double>0.0</double>
            <double>0.0</double>
            <double>1.0</double>
          </double-array>
          <double-array>
            <double>0.0</double>
            <double>0.0</double>
            <double>0.0</double>
          </double-array>
        </targetData>
        <percentValidation>0.25</percentValidation>
      </trainingSet>
    </org.simbrain.network.subnetworks.BackpropNetwork>
  </groupList>
  <textList/>
  <updateManager>
    <actionList class="java.util.concurrent.CopyOnWriteArrayList" serialization="custom">
      <java.util.concurrent.CopyOnWriteArrayList>
        <default/>
        <int>2</int>
        <org.simbrain.network.update__actions.BufferedUpdate>
          <network reference="../../../../.."/>
        </org.simbrain.network.update__actions.BufferedUpdate>
        <org.simbrain.network.update__actions.UpdateGroup>
          <group class="org.simbrain.network.subnetworks.BackpropNetwork" reference="../../../../../groupList/org.simbrain.network.subnetworks.BackpropNetwork"/>
        </org.simbrain.network.update__actions.UpdateGroup>
      </java.util.concurrent.CopyOnWriteArrayList>
    </actionList>
    <network reference="../.."/>
  </updateManager>
  <time>0.0</time>
  <timeStep>0.1</timeStep>
  <activationRandomizer>
    <distributionIndex>0</distributionIndex>
    <upperBound>1.0</upperBound>
    <lowerBound>-1.0</lowerBound>
    <mean>0.5</mean>
    <standardDeviation>0.5</standardDeviation>
    <clipping>false</clipping>
    <randomGenerator serialization="custom">
      <java.util.Random>
        <default>
          <seed>75399134768049</seed>
          <nextNextGaussian>0.0</nextNextGaussian>
          <haveNextNextGaussian>false</haveNextNextGaussian>
        </default>
      </java.util.Random>
    </randomGenerator>
  </activationRandomizer>
  <weightRandomizer>
    <distributionIndex>0</distributionIndex>
    <upperBound>1.0</upperBound>
    <lowerBound>-1.0</lowerBound>
    <mean>0.5</mean>
    <standardDeviation>0.5</standardDeviation>
    <clipping>false</clipping>
    <randomGenerator serialization="custom">
      <java.util.Random>
        <default>
          <seed>273194776993953</seed>
          <nextNextGaussian>0.0</nextNextGaussian>
          <haveNextNextGaussian>false</haveNextNextGaussian>
        </default>
      </java.util.Random>
    </randomGenerator>
  </weightRandomizer>
  <timeType>DISCRETE</timeType>
  <clampWeights>false</clampWeights>
  <clampNeurons>false</clampNeurons>
  <prioritySortedNeuronList/>
  <priorityComparator>
    <outer-class reference="../.."/>
  </priorityComparator>
  <neuronIdGenerator>
    <rootName>Neuron</rootName>
    <index>12</index>
  </neuronIdGenerator>
  <synapseIdGenerator>
    <rootName>Synapse</rootName>
    <index>31</index>
  </synapseIdGenerator>
  <groupIdGenerator>
    <rootName>Group</rootName>
    <index>7</index>
  </groupIdGenerator>
</org.simbrain.network.core.Network>