<org.simbrain.network.interfaces.RootNetwork>
  <groupList/>
  <timeType>0</timeType>
  <time>7879.0</time>
  <timeStep>0.01</timeStep>
  <clampWeights>false</clampWeights>
  <clampNeurons>false</clampNeurons>
  <usingTabs>true</usingTabs>
  <updateMethod>BUFFERED</updateMethod>
  <updatePriorities class="tree-set">
    <no-comparator/>
    <int>0</int>
  </updatePriorities>
  <networkIdGenerator>
    <rootName>Network</rootName>
    <index>1</index>
  </networkIdGenerator>
  <neuronIdGenerator>
    <rootName>Neuron</rootName>
    <index>7</index>
  </neuronIdGenerator>
  <synapseIdGenerator>
    <rootName>Synapse</rootName>
    <index>6</index>
  </synapseIdGenerator>
  <rootNetwork reference=".."/>
  <id>Root-network</id>
  <neuronList>
    <org.simbrain.network.neurons.LinearNeuron>
      <slope>1.0</slope>
      <bias>0.0</bias>
      <noiseGenerator>
        <distributionIndex>0</distributionIndex>
        <upperBound>1.0</upperBound>
        <lowerBound>-1.0</lowerBound>
        <mean>0.5</mean>
        <standardDeviation>0.5</standardDeviation>
        <clipping>true</clipping>
        <randomGenerator serialization="custom">
          <java.util.Random>
            <default>
              <seed>17060349009411</seed>
              <nextNextGaussian>0.0</nextNextGaussian>
              <haveNextNextGaussian>false</haveNextNextGaussian>
            </default>
          </java.util.Random>
        </randomGenerator>
      </noiseGenerator>
      <addNoise>false</addNoise>
      <clipping>true</clipping>
      <id>Neuron_1</id>
      <label>Left</label>
      <activation>0.0</activation>
      <lowerBound>0.0</lowerBound>
      <upperBound>100.0</upperBound>
      <increment>0.1</increment>
      <buffer>0.0</buffer>
      <inputValue>0.0</inputValue>
      <parent class="org.simbrain.network.interfaces.RootNetwork" reference="../../.."/>
      <x>70.24531825825223</x>
      <y>181.69631926606772</y>
      <clamped>false</clamped>
      <targetValue>0.0</targetValue>
      <updatePriority>0</updatePriority>
    </org.simbrain.network.neurons.LinearNeuron>
    <org.simbrain.network.neurons.LinearNeuron>
      <slope>1.0</slope>
      <bias>0.0</bias>
      <noiseGenerator>
        <distributionIndex>0</distributionIndex>
        <upperBound>1.0</upperBound>
        <lowerBound>-1.0</lowerBound>
        <mean>0.5</mean>
        <standardDeviation>0.5</standardDeviation>
        <clipping>true</clipping>
        <randomGenerator serialization="custom">
          <java.util.Random>
            <default>
              <seed>17076116701149</seed>
              <nextNextGaussian>0.0</nextNextGaussian>
              <haveNextNextGaussian>false</haveNextNextGaussian>
            </default>
          </java.util.Random>
        </randomGenerator>
      </noiseGenerator>
      <addNoise>false</addNoise>
      <clipping>true</clipping>
      <id>Neuron_3</id>
      <label>Right</label>
      <activation>0.0</activation>
      <lowerBound>0.0</lowerBound>
      <upperBound>100.0</upperBound>
      <increment>0.1</increment>
      <buffer>0.0</buffer>
      <inputValue>0.0</inputValue>
      <parent class="org.simbrain.network.interfaces.RootNetwork" reference="../../.."/>
      <x>185.44491552896298</x>
      <y>184.02377919522192</y>
      <clamped>false</clamped>
      <targetValue>0.0</targetValue>
      <updatePriority>0</updatePriority>
    </org.simbrain.network.neurons.LinearNeuron>
    <org.simbrain.network.neurons.LinearNeuron>
      <slope>1.0</slope>
      <bias>0.0</bias>
      <noiseGenerator>
        <distributionIndex>0</distributionIndex>
        <upperBound>1.0</upperBound>
        <lowerBound>-1.0</lowerBound>
        <mean>0.5</mean>
        <standardDeviation>0.5</standardDeviation>
        <clipping>true</clipping>
        <randomGenerator serialization="custom">
          <java.util.Random>
            <default>
              <seed>17068250140676</seed>
              <nextNextGaussian>0.0</nextNextGaussian>
              <haveNextNextGaussian>false</haveNextNextGaussian>
            </default>
          </java.util.Random>
        </randomGenerator>
      </noiseGenerator>
      <addNoise>false</addNoise>
      <clipping>true</clipping>
      <id>Neuron_4</id>
      <label>Left-1</label>
      <activation>9.734469010825562</activation>
      <lowerBound>-1.0</lowerBound>
      <upperBound>100.0</upperBound>
      <increment>0.1</increment>
      <buffer>9.734469010825562</buffer>
      <inputValue>0.0</inputValue>
      <parent class="org.simbrain.network.interfaces.RootNetwork" reference="../../.."/>
      <x>65.42668607947091</x>
      <y>281.1472666645346</y>
      <clamped>false</clamped>
      <targetValue>0.0</targetValue>
      <updatePriority>0</updatePriority>
    </org.simbrain.network.neurons.LinearNeuron>
    <org.simbrain.network.neurons.LinearNeuron>
      <slope>1.0</slope>
      <bias>0.0</bias>
      <noiseGenerator>
        <distributionIndex>0</distributionIndex>
        <upperBound>1.0</upperBound>
        <lowerBound>-1.0</lowerBound>
        <mean>0.5</mean>
        <standardDeviation>0.5</standardDeviation>
        <clipping>true</clipping>
        <randomGenerator serialization="custom">
          <java.util.Random>
            <default>
              <seed>17069156448719</seed>
              <nextNextGaussian>0.0</nextNextGaussian>
              <haveNextNextGaussian>false</haveNextNextGaussian>
            </default>
          </java.util.Random>
        </randomGenerator>
      </noiseGenerator>
      <addNoise>false</addNoise>
      <clipping>true</clipping>
      <id>Neuron_5</id>
      <label>Right-1</label>
      <activation>9.734469010825562</activation>
      <lowerBound>-1.0</lowerBound>
      <upperBound>100.0</upperBound>
      <increment>0.1</increment>
      <buffer>9.734469010825562</buffer>
      <inputValue>0.0</inputValue>
      <parent class="org.simbrain.network.interfaces.RootNetwork" reference="../../.."/>
      <x>191.83397226458726</x>
      <y>282.6929725001056</y>
      <clamped>false</clamped>
      <targetValue>0.0</targetValue>
      <updatePriority>0</updatePriority>
    </org.simbrain.network.neurons.LinearNeuron>
    <org.simbrain.network.neurons.ClampedNeuron>
      <id>Neuron_6</id>
      <label>Straight</label>
      <activation>1.0</activation>
      <lowerBound>-10.0</lowerBound>
      <upperBound>10.0</upperBound>
      <increment>1.0</increment>
      <buffer>1.0</buffer>
      <inputValue>0.0</inputValue>
      <parent class="org.simbrain.network.interfaces.RootNetwork" reference="../../.."/>
      <x>130.07328435312405</x>
      <y>181.72862871419144</y>
      <clamped>false</clamped>
      <targetValue>0.0</targetValue>
      <updatePriority>0</updatePriority>
    </org.simbrain.network.neurons.ClampedNeuron>
  </neuronList>
  <synapseList>
    <org.simbrain.network.synapses.ClampedSynapse>
      <clipped>false</clipped>
      <source class="org.simbrain.network.neurons.LinearNeuron" reference="../../../neuronList/org.simbrain.network.neurons.LinearNeuron[3]"/>
      <target class="org.simbrain.network.neurons.LinearNeuron" reference="../../../neuronList/org.simbrain.network.neurons.LinearNeuron"/>
      <id>Synapse_1</id>
      <parentNetwork class="org.simbrain.network.interfaces.RootNetwork" reference="../../.."/>
      <strength>1.0</strength>
      <increment>1.0</increment>
      <upperBound>10.0</upperBound>
      <lowerBound>-10.0</lowerBound>
      <delay>0</delay>
      <sendWeightedInput>true</sendWeightedInput>
    </org.simbrain.network.synapses.ClampedSynapse>
    <org.simbrain.network.synapses.ClampedSynapse>
      <clipped>false</clipped>
      <source class="org.simbrain.network.neurons.LinearNeuron" reference="../../../neuronList/org.simbrain.network.neurons.LinearNeuron[3]"/>
      <target class="org.simbrain.network.neurons.LinearNeuron" reference="../../../neuronList/org.simbrain.network.neurons.LinearNeuron[2]"/>
      <id>Synapse_2</id>
      <parentNetwork class="org.simbrain.network.interfaces.RootNetwork" reference="../../.."/>
      <strength>-1.0</strength>
      <increment>1.0</increment>
      <upperBound>10.0</upperBound>
      <lowerBound>-10.0</lowerBound>
      <delay>0</delay>
      <sendWeightedInput>true</sendWeightedInput>
    </org.simbrain.network.synapses.ClampedSynapse>
    <org.simbrain.network.synapses.ClampedSynapse>
      <clipped>false</clipped>
      <source class="org.simbrain.network.neurons.LinearNeuron" reference="../../../neuronList/org.simbrain.network.neurons.LinearNeuron[4]"/>
      <target class="org.simbrain.network.neurons.LinearNeuron" reference="../../../neuronList/org.simbrain.network.neurons.LinearNeuron"/>
      <id>Synapse_3</id>
      <parentNetwork class="org.simbrain.network.interfaces.RootNetwork" reference="../../.."/>
      <strength>-1.0</strength>
      <increment>1.0</increment>
      <upperBound>10.0</upperBound>
      <lowerBound>-10.0</lowerBound>
      <delay>0</delay>
      <sendWeightedInput>true</sendWeightedInput>
    </org.simbrain.network.synapses.ClampedSynapse>
    <org.simbrain.network.synapses.ClampedSynapse>
      <clipped>false</clipped>
      <source class="org.simbrain.network.neurons.LinearNeuron" reference="../../../neuronList/org.simbrain.network.neurons.LinearNeuron[4]"/>
      <target class="org.simbrain.network.neurons.LinearNeuron" reference="../../../neuronList/org.simbrain.network.neurons.LinearNeuron[2]"/>
      <id>Synapse_5</id>
      <parentNetwork class="org.simbrain.network.interfaces.RootNetwork" reference="../../.."/>
      <strength>1.0</strength>
      <increment>1.0</increment>
      <upperBound>10.0</upperBound>
      <lowerBound>-10.0</lowerBound>
      <delay>0</delay>
      <sendWeightedInput>true</sendWeightedInput>
    </org.simbrain.network.synapses.ClampedSynapse>
  </synapseList>
  <networkList/>
  <timeStep defined-in="org.simbrain.network.interfaces.Network">0.2</timeStep>
  <roundOffActivationValues>false</roundOffActivationValues>
  <precision>0</precision>
  <updatePriority>0</updatePriority>
</org.simbrain.network.interfaces.RootNetwork>