<html>
<body>
<h1>Backprop for Letter Recognition</h1>
<br>
Uses <a href="http://en.wikipedia.org/wiki/Backpropagation">backprop</a> (a form of 
supervised learning) 
to associate pixel
patterns for 26 letters with
associated letter node.
<h2>What to do</h2>
Double click on the top backprop
interaction box and go to the
validation tab.  Click through
the letter patterns to confirm it 
works.  Also try degraded patterns
or your own patterns on the input
layer  and manually iterate to see
how well the network categorizes
them.
</body>
</html>
