<org.simbrain.network.core.Network>
  <networkModels>
    <org.simbrain.network.core.Neuron>
      <id>Neuron_1</id>
      <label></label>
      <shouldBePlaced>true</shouldBePlaced>
      <updateRule class="org.simbrain.network.neuron_update_rules.LinearRule">
        <slope>1.0</slope>
        <noiseGenerator class="org.simbrain.util.stats.distributions.UniformRealDistribution">
          <ceil>1.0</ceil>
          <floor>0.0</floor>
          <name>Uniform (Real)</name>
        </noiseGenerator>
        <addNoise>false</addNoise>
        <clipping>true</clipping>
        <upperBound>1.0</upperBound>
        <lowerBound>-1.0</lowerBound>
      </updateRule>
      <activation>0.0</activation>
      <increment>0.1</increment>
      <spike>false</spike>
      <inputValue>0.0</inputValue>
      <parent reference="../../.."/>
      <x>-5.110132158590308</x>
      <y>-5.418502202643172</y>
      <z>0.0</z>
      <clamped>false</clamped>
      <polarity>BOTH</polarity>
      <lastActivation>0.0</lastActivation>
      <updatePriority>0</updatePriority>
      <auxValue>0.0</auxValue>
      <dataHolder class="org.simbrain.network.util.BiasedScalarData">
        <bias>0.0</bias>
      </dataHolder>
    </org.simbrain.network.core.Neuron>
    <org.simbrain.network.core.Neuron>
      <id>Neuron_2</id>
      <label></label>
      <shouldBePlaced>true</shouldBePlaced>
      <updateRule class="org.simbrain.network.neuron_update_rules.LinearRule">
        <slope>1.0</slope>
        <noiseGenerator class="org.simbrain.util.stats.distributions.UniformRealDistribution">
          <ceil>1.0</ceil>
          <floor>0.0</floor>
          <name>Uniform (Real)</name>
        </noiseGenerator>
        <addNoise>false</addNoise>
        <clipping>true</clipping>
        <upperBound>1.0</upperBound>
        <lowerBound>-1.0</lowerBound>
      </updateRule>
      <activation>0.0</activation>
      <increment>0.1</increment>
      <spike>false</spike>
      <inputValue>0.0</inputValue>
      <parent reference="../../.."/>
      <x>39.88986784140969</x>
      <y>-5.418502202643172</y>
      <z>0.0</z>
      <clamped>false</clamped>
      <polarity>BOTH</polarity>
      <lastActivation>0.0</lastActivation>
      <updatePriority>0</updatePriority>
      <auxValue>0.0</auxValue>
      <dataHolder class="org.simbrain.network.util.BiasedScalarData">
        <bias>0.0</bias>
      </dataHolder>
    </org.simbrain.network.core.Neuron>
    <org.simbrain.network.core.Neuron>
      <id>Neuron_3</id>
      <label></label>
      <shouldBePlaced>true</shouldBePlaced>
      <updateRule class="org.simbrain.network.neuron_update_rules.LinearRule">
        <slope>1.0</slope>
        <noiseGenerator class="org.simbrain.util.stats.distributions.UniformRealDistribution">
          <ceil>1.0</ceil>
          <floor>0.0</floor>
          <name>Uniform (Real)</name>
        </noiseGenerator>
        <addNoise>false</addNoise>
        <clipping>true</clipping>
        <upperBound>1.0</upperBound>
        <lowerBound>-1.0</lowerBound>
      </updateRule>
      <activation>0.0</activation>
      <increment>0.1</increment>
      <spike>false</spike>
      <inputValue>0.0</inputValue>
      <parent reference="../../.."/>
      <x>84.88986784140968</x>
      <y>-5.418502202643172</y>
      <z>0.0</z>
      <clamped>false</clamped>
      <polarity>BOTH</polarity>
      <lastActivation>0.0</lastActivation>
      <updatePriority>0</updatePriority>
      <auxValue>0.0</auxValue>
      <dataHolder class="org.simbrain.network.util.BiasedScalarData">
        <bias>0.0</bias>
      </dataHolder>
    </org.simbrain.network.core.Neuron>
    <org.simbrain.network.core.Neuron>
      <id>Neuron_4</id>
      <label></label>
      <shouldBePlaced>true</shouldBePlaced>
      <updateRule class="org.simbrain.network.neuron_update_rules.LinearRule">
        <slope>1.0</slope>
        <noiseGenerator class="org.simbrain.util.stats.distributions.UniformRealDistribution">
          <ceil>1.0</ceil>
          <floor>0.0</floor>
          <name>Uniform (Real)</name>
        </noiseGenerator>
        <addNoise>false</addNoise>
        <clipping>true</clipping>
        <upperBound>1.0</upperBound>
        <lowerBound>-1.0</lowerBound>
      </updateRule>
      <activation>0.0</activation>
      <increment>0.1</increment>
      <spike>false</spike>
      <inputValue>0.0</inputValue>
      <parent reference="../../.."/>
      <x>129.88986784140968</x>
      <y>-5.418502202643172</y>
      <z>0.0</z>
      <clamped>false</clamped>
      <polarity>BOTH</polarity>
      <lastActivation>0.0</lastActivation>
      <updatePriority>0</updatePriority>
      <auxValue>0.0</auxValue>
      <dataHolder class="org.simbrain.network.util.BiasedScalarData">
        <bias>0.0</bias>
      </dataHolder>
    </org.simbrain.network.core.Neuron>
  </networkModels>
  <updateManager>
    <actionList>
      <org.simbrain.network.update__actions.BufferedUpdate>
        <description>Loose neurons (buffered) and synapses</description>
        <longDescription>Buffered update of loose items</longDescription>
        <network reference="../../../.."/>
      </org.simbrain.network.update__actions.BufferedUpdate>
    </actionList>
    <network reference="../.."/>
  </updateManager>
  <neuronConnector>
    <cs class="org.simbrain.network.connections.Sparse">
      <isUseExcitatoryRandomization>true</isUseExcitatoryRandomization>
      <isUseInhibitoryRandomization>true</isUseInhibitoryRandomization>
      <exRandomizer class="org.simbrain.util.stats.distributions.NormalDistribution">
        <mean>0.0</mean>
        <standardDeviation>1.0</standardDeviation>
        <name>Normal</name>
      </exRandomizer>
      <inRandomizer class="org.simbrain.util.stats.distributions.NormalDistribution">
        <mean>0.0</mean>
        <standardDeviation>1.0</standardDeviation>
        <name>Normal</name>
      </inRandomizer>
      <usesPolarity>true</usesPolarity>
      <percentExcitatory>50.0</percentExcitatory>
      <connectionDensity>0.8</connectionDensity>
      <equalizeEfferents>false</equalizeEfferents>
      <allowSelfConnection>false</allowSelfConnection>
      <name>Sparse</name>
    </cs>
    <name>Connection Strategy</name>
  </neuronConnector>
  <weightRandomizer>
    <probabilityDistribution class="org.simbrain.util.stats.distributions.UniformRealDistribution">
      <ceil>1.0</ceil>
      <floor>-1.0</floor>
      <name>Uniform (Real)</name>
    </probabilityDistribution>
    <name>Randomizer</name>
  </weightRandomizer>
  <excitatoryRandomizer>
    <probabilityDistribution class="org.simbrain.util.stats.distributions.UniformRealDistribution">
      <ceil>1.0</ceil>
      <floor>0.0</floor>
      <name>Uniform (Real)</name>
    </probabilityDistribution>
    <name>Randomizer</name>
  </excitatoryRandomizer>
  <inhibitoryRandomizer>
    <probabilityDistribution class="org.simbrain.util.stats.distributions.UniformRealDistribution">
      <ceil>0.0</ceil>
      <floor>-1.0</floor>
      <name>Uniform (Real)</name>
    </probabilityDistribution>
    <name>Randomizer</name>
  </inhibitoryRandomizer>
  <time>88.99999999999922</time>
  <timeStep>0.1</timeStep>
  <timeType>DISCRETE</timeType>
  <synapseGroupExpendedVisibilityThreshold>500</synapseGroupExpendedVisibilityThreshold>
</org.simbrain.network.core.Network>