<org.simbrain.network.core.Network>
  <networkModels>
    <org.simbrain.network.core.Neuron>
      <id>Neuron_1</id>
      <label>&quot;nice&quot;</label>
      <shouldBePlaced>true</shouldBePlaced>
      <updateRule class="org.simbrain.network.neuron_update_rules.LinearRule">
        <slope>1.0</slope>
        <noiseGenerator class="org.simbrain.util.stats.distributions.UniformRealDistribution">
          <ceil>1.0</ceil>
          <floor>0.0</floor>
          <name>Uniform (Real)</name>
        </noiseGenerator>
        <addNoise>false</addNoise>
        <clipping>true</clipping>
        <upperBound>1.0</upperBound>
        <lowerBound>-1.0</lowerBound>
      </updateRule>
      <activation>0.0</activation>
      <increment>0.1</increment>
      <spike>false</spike>
      <inputValue>0.0</inputValue>
      <parent reference="../../.."/>
      <x>22.022073136193953</x>
      <y>-38.699073931553535</y>
      <z>0.0</z>
      <clamped>false</clamped>
      <polarity>BOTH</polarity>
      <lastActivation>0.0</lastActivation>
      <updatePriority>0</updatePriority>
      <auxValue>0.0</auxValue>
      <dataHolder class="org.simbrain.network.util.BiasedScalarData">
        <bias>0.0</bias>
      </dataHolder>
    </org.simbrain.network.core.Neuron>
    <org.simbrain.network.core.Neuron>
      <id>Neuron_2</id>
      <label>&quot;yuck&quot;</label>
      <shouldBePlaced>true</shouldBePlaced>
      <updateRule class="org.simbrain.network.neuron_update_rules.LinearRule">
        <slope>1.0</slope>
        <noiseGenerator class="org.simbrain.util.stats.distributions.UniformRealDistribution">
          <ceil>1.0</ceil>
          <floor>0.0</floor>
          <name>Uniform (Real)</name>
        </noiseGenerator>
        <addNoise>false</addNoise>
        <clipping>true</clipping>
        <upperBound>1.0</upperBound>
        <lowerBound>-1.0</lowerBound>
      </updateRule>
      <activation>0.0</activation>
      <increment>0.1</increment>
      <spike>false</spike>
      <inputValue>0.0</inputValue>
      <parent reference="../../.."/>
      <x>103.13836765437844</x>
      <y>-40.27902617003613</y>
      <z>0.0</z>
      <clamped>false</clamped>
      <polarity>BOTH</polarity>
      <lastActivation>0.0</lastActivation>
      <updatePriority>0</updatePriority>
      <auxValue>0.0</auxValue>
      <dataHolder class="org.simbrain.network.util.BiasedScalarData">
        <bias>0.0</bias>
      </dataHolder>
    </org.simbrain.network.core.Neuron>
    <org.simbrain.network.core.Neuron>
      <id>Neuron_3</id>
      <label>flower</label>
      <shouldBePlaced>true</shouldBePlaced>
      <updateRule class="org.simbrain.network.neuron_update_rules.LinearRule">
        <slope>1.0</slope>
        <noiseGenerator class="org.simbrain.util.stats.distributions.UniformRealDistribution">
          <ceil>1.0</ceil>
          <floor>0.0</floor>
          <name>Uniform (Real)</name>
        </noiseGenerator>
        <addNoise>false</addNoise>
        <clipping>true</clipping>
        <upperBound>1.0</upperBound>
        <lowerBound>-1.0</lowerBound>
      </updateRule>
      <activation>0.0</activation>
      <increment>0.1</increment>
      <spike>false</spike>
      <inputValue>0.0</inputValue>
      <parent reference="../../.."/>
      <x>21.05254598562744</x>
      <y>17.990294408017608</y>
      <z>0.0</z>
      <clamped>true</clamped>
      <polarity>BOTH</polarity>
      <lastActivation>0.0</lastActivation>
      <updatePriority>0</updatePriority>
      <auxValue>0.0</auxValue>
      <dataHolder class="org.simbrain.network.util.BiasedScalarData">
        <bias>0.0</bias>
      </dataHolder>
    </org.simbrain.network.core.Neuron>
    <org.simbrain.network.core.Neuron>
      <id>Neuron_4</id>
      <label>poison</label>
      <shouldBePlaced>true</shouldBePlaced>
      <updateRule class="org.simbrain.network.neuron_update_rules.LinearRule">
        <slope>1.0</slope>
        <noiseGenerator class="org.simbrain.util.stats.distributions.UniformRealDistribution">
          <ceil>1.0</ceil>
          <floor>0.0</floor>
          <name>Uniform (Real)</name>
        </noiseGenerator>
        <addNoise>false</addNoise>
        <clipping>true</clipping>
        <upperBound>1.0</upperBound>
        <lowerBound>-1.0</lowerBound>
      </updateRule>
      <activation>0.0</activation>
      <increment>0.1</increment>
      <spike>false</spike>
      <inputValue>0.0</inputValue>
      <parent reference="../../.."/>
      <x>73.57183395886328</x>
      <y>18.529069042436234</y>
      <z>0.0</z>
      <clamped>true</clamped>
      <polarity>BOTH</polarity>
      <lastActivation>0.0</lastActivation>
      <updatePriority>0</updatePriority>
      <auxValue>0.0</auxValue>
      <dataHolder class="org.simbrain.network.util.BiasedScalarData">
        <bias>0.0</bias>
      </dataHolder>
    </org.simbrain.network.core.Neuron>
    <org.simbrain.network.core.Neuron>
      <id>Neuron_5</id>
      <label>fish</label>
      <shouldBePlaced>true</shouldBePlaced>
      <updateRule class="org.simbrain.network.neuron_update_rules.LinearRule">
        <slope>1.0</slope>
        <noiseGenerator class="org.simbrain.util.stats.distributions.UniformRealDistribution">
          <ceil>1.0</ceil>
          <floor>0.0</floor>
          <name>Uniform (Real)</name>
        </noiseGenerator>
        <addNoise>false</addNoise>
        <clipping>true</clipping>
        <upperBound>1.0</upperBound>
        <lowerBound>-1.0</lowerBound>
      </updateRule>
      <activation>0.0</activation>
      <increment>0.1</increment>
      <spike>false</spike>
      <inputValue>0.0</inputValue>
      <parent reference="../../.."/>
      <x>124.75285892872064</x>
      <y>18.105942077733108</y>
      <z>0.0</z>
      <clamped>true</clamped>
      <polarity>BOTH</polarity>
      <lastActivation>0.0</lastActivation>
      <updatePriority>0</updatePriority>
      <auxValue>0.0</auxValue>
      <dataHolder class="org.simbrain.network.util.BiasedScalarData">
        <bias>0.0</bias>
      </dataHolder>
    </org.simbrain.network.core.Neuron>
    <org.simbrain.network.core.Neuron>
      <id>Neuron_6</id>
      <label>bell</label>
      <shouldBePlaced>true</shouldBePlaced>
      <updateRule class="org.simbrain.network.neuron_update_rules.LinearRule">
        <slope>1.0</slope>
        <noiseGenerator class="org.simbrain.util.stats.distributions.UniformRealDistribution">
          <ceil>1.0</ceil>
          <floor>0.0</floor>
          <name>Uniform (Real)</name>
        </noiseGenerator>
        <addNoise>false</addNoise>
        <clipping>true</clipping>
        <upperBound>1.0</upperBound>
        <lowerBound>-1.0</lowerBound>
      </updateRule>
      <activation>0.0</activation>
      <increment>1.0</increment>
      <spike>false</spike>
      <inputValue>0.0</inputValue>
      <parent reference="../../.."/>
      <x>-6.144975369841039</x>
      <y>105.81444711353272</y>
      <z>0.0</z>
      <clamped>true</clamped>
      <polarity>BOTH</polarity>
      <lastActivation>0.0</lastActivation>
      <updatePriority>0</updatePriority>
      <auxValue>0.0</auxValue>
      <dataHolder class="org.simbrain.network.util.BiasedScalarData">
        <bias>0.0</bias>
      </dataHolder>
    </org.simbrain.network.core.Neuron>
    <org.simbrain.network.core.Neuron>
      <id>Neuron_7</id>
      <label>candle</label>
      <shouldBePlaced>true</shouldBePlaced>
      <updateRule class="org.simbrain.network.neuron_update_rules.LinearRule">
        <slope>1.0</slope>
        <noiseGenerator class="org.simbrain.util.stats.distributions.UniformRealDistribution">
          <ceil>1.0</ceil>
          <floor>0.0</floor>
          <name>Uniform (Real)</name>
        </noiseGenerator>
        <addNoise>false</addNoise>
        <clipping>true</clipping>
        <upperBound>1.0</upperBound>
        <lowerBound>-1.0</lowerBound>
      </updateRule>
      <activation>0.0</activation>
      <increment>1.0</increment>
      <spike>false</spike>
      <inputValue>0.0</inputValue>
      <parent reference="../../.."/>
      <x>68.67678645194883</x>
      <y>104.21867485614374</y>
      <z>0.0</z>
      <clamped>true</clamped>
      <polarity>BOTH</polarity>
      <lastActivation>0.0</lastActivation>
      <updatePriority>0</updatePriority>
      <auxValue>0.0</auxValue>
      <dataHolder class="org.simbrain.network.util.BiasedScalarData">
        <bias>0.0</bias>
      </dataHolder>
    </org.simbrain.network.core.Neuron>
    <org.simbrain.network.core.Neuron>
      <id>Neuron_8</id>
      <label>cheese</label>
      <shouldBePlaced>true</shouldBePlaced>
      <updateRule class="org.simbrain.network.neuron_update_rules.LinearRule">
        <slope>1.0</slope>
        <noiseGenerator class="org.simbrain.util.stats.distributions.UniformRealDistribution">
          <ceil>1.0</ceil>
          <floor>0.0</floor>
          <name>Uniform (Real)</name>
        </noiseGenerator>
        <addNoise>false</addNoise>
        <clipping>true</clipping>
        <upperBound>1.0</upperBound>
        <lowerBound>-1.0</lowerBound>
      </updateRule>
      <activation>0.0</activation>
      <increment>1.0</increment>
      <spike>false</spike>
      <inputValue>0.0</inputValue>
      <parent reference="../../.."/>
      <x>157.1265926808348</x>
      <y>101.72355981423125</y>
      <z>0.0</z>
      <clamped>true</clamped>
      <polarity>BOTH</polarity>
      <lastActivation>0.0</lastActivation>
      <updatePriority>0</updatePriority>
      <auxValue>0.0</auxValue>
      <dataHolder class="org.simbrain.network.util.BiasedScalarData">
        <bias>0.0</bias>
      </dataHolder>
    </org.simbrain.network.core.Neuron>
    <org.simbrain.network.core.Synapse>
      <id>Synapse_1</id>
      <label></label>
      <strength>1.0</strength>
      <parentNetwork reference="../../.."/>
      <source reference="../../org.simbrain.network.core.Neuron[3]"/>
      <target reference="../../org.simbrain.network.core.Neuron"/>
      <isVisible>true</isVisible>
      <learningRule class="org.simbrain.network.synapse_update_rules.StaticSynapseRule">
        <clipped>false</clipped>
      </learningRule>
      <spikeResponder class="org.simbrain.network.spikeresponders.NonResponder"/>
      <psr>0.0</psr>
      <increment>1.0</increment>
      <upperBound>100.0</upperBound>
      <lowerBound>-100.0</lowerBound>
      <delay>0</delay>
      <enabled>true</enabled>
      <frozen>false</frozen>
      <dlyPtr>0</dlyPtr>
      <dlyVal>0.0</dlyVal>
      <isTemplate>false</isTemplate>
      <dataHolder class="org.simbrain.network.util.EmptyScalarData"/>
      <spikeResponderData class="org.simbrain.network.util.EmptyScalarData"/>
    </org.simbrain.network.core.Synapse>
    <org.simbrain.network.core.Synapse>
      <id>Synapse_2</id>
      <label></label>
      <strength>1.0</strength>
      <parentNetwork reference="../../.."/>
      <source reference="../../org.simbrain.network.core.Neuron[5]"/>
      <target reference="../../org.simbrain.network.core.Neuron[2]"/>
      <isVisible>true</isVisible>
      <learningRule class="org.simbrain.network.synapse_update_rules.StaticSynapseRule">
        <clipped>false</clipped>
      </learningRule>
      <spikeResponder class="org.simbrain.network.spikeresponders.NonResponder" reference="../../org.simbrain.network.core.Synapse/spikeResponder"/>
      <psr>0.0</psr>
      <increment>1.0</increment>
      <upperBound>100.0</upperBound>
      <lowerBound>-100.0</lowerBound>
      <delay>0</delay>
      <enabled>true</enabled>
      <frozen>false</frozen>
      <dlyPtr>0</dlyPtr>
      <dlyVal>0.0</dlyVal>
      <isTemplate>false</isTemplate>
      <dataHolder class="org.simbrain.network.util.EmptyScalarData"/>
      <spikeResponderData class="org.simbrain.network.util.EmptyScalarData"/>
    </org.simbrain.network.core.Synapse>
    <org.simbrain.network.core.Synapse>
      <id>Synapse_3</id>
      <label></label>
      <strength>1.0</strength>
      <parentNetwork reference="../../.."/>
      <source reference="../../org.simbrain.network.core.Neuron[4]"/>
      <target reference="../../org.simbrain.network.core.Neuron[2]"/>
      <isVisible>true</isVisible>
      <learningRule class="org.simbrain.network.synapse_update_rules.StaticSynapseRule">
        <clipped>false</clipped>
      </learningRule>
      <spikeResponder class="org.simbrain.network.spikeresponders.NonResponder" reference="../../org.simbrain.network.core.Synapse/spikeResponder"/>
      <psr>0.0</psr>
      <increment>1.0</increment>
      <upperBound>100.0</upperBound>
      <lowerBound>-100.0</lowerBound>
      <delay>0</delay>
      <enabled>true</enabled>
      <frozen>false</frozen>
      <dlyPtr>0</dlyPtr>
      <dlyVal>0.0</dlyVal>
      <isTemplate>false</isTemplate>
      <dataHolder class="org.simbrain.network.util.EmptyScalarData"/>
      <spikeResponderData class="org.simbrain.network.util.EmptyScalarData"/>
    </org.simbrain.network.core.Synapse>
    <org.simbrain.network.core.Synapse>
      <id>Synapse_4</id>
      <label></label>
      <strength>1.029721926229447</strength>
      <parentNetwork reference="../../.."/>
      <source reference="../../org.simbrain.network.core.Neuron[6]"/>
      <target reference="../../org.simbrain.network.core.Neuron[3]"/>
      <isVisible>true</isVisible>
      <learningRule class="org.simbrain.network.synapse_update_rules.HebbianRule">
        <learningRate>0.1</learningRate>
      </learningRule>
      <spikeResponder class="org.simbrain.network.spikeresponders.NonResponder" reference="../../org.simbrain.network.core.Synapse/spikeResponder"/>
      <psr>0.0</psr>
      <increment>1.0</increment>
      <upperBound>100.0</upperBound>
      <lowerBound>-100.0</lowerBound>
      <delay>0</delay>
      <enabled>true</enabled>
      <frozen>false</frozen>
      <dlyPtr>0</dlyPtr>
      <dlyVal>0.0</dlyVal>
      <isTemplate>false</isTemplate>
      <dataHolder class="org.simbrain.network.util.EmptyScalarData"/>
      <spikeResponderData class="org.simbrain.network.util.EmptyScalarData"/>
    </org.simbrain.network.core.Synapse>
    <org.simbrain.network.core.Synapse>
      <id>Synapse_5</id>
      <label></label>
      <strength>0.0</strength>
      <parentNetwork reference="../../.."/>
      <source reference="../../org.simbrain.network.core.Neuron[6]"/>
      <target reference="../../org.simbrain.network.core.Neuron[4]"/>
      <isVisible>true</isVisible>
      <learningRule class="org.simbrain.network.synapse_update_rules.HebbianRule">
        <learningRate>0.1</learningRate>
      </learningRule>
      <spikeResponder class="org.simbrain.network.spikeresponders.NonResponder" reference="../../org.simbrain.network.core.Synapse/spikeResponder"/>
      <psr>0.0</psr>
      <increment>1.0</increment>
      <upperBound>100.0</upperBound>
      <lowerBound>-100.0</lowerBound>
      <delay>0</delay>
      <enabled>true</enabled>
      <frozen>false</frozen>
      <dlyPtr>0</dlyPtr>
      <dlyVal>0.0</dlyVal>
      <isTemplate>false</isTemplate>
      <dataHolder class="org.simbrain.network.util.EmptyScalarData"/>
      <spikeResponderData class="org.simbrain.network.util.EmptyScalarData"/>
    </org.simbrain.network.core.Synapse>
    <org.simbrain.network.core.Synapse>
      <id>Synapse_6</id>
      <label></label>
      <strength>1.3636354571921265</strength>
      <parentNetwork reference="../../.."/>
      <source reference="../../org.simbrain.network.core.Neuron[6]"/>
      <target reference="../../org.simbrain.network.core.Neuron[5]"/>
      <isVisible>true</isVisible>
      <learningRule class="org.simbrain.network.synapse_update_rules.HebbianRule">
        <learningRate>0.1</learningRate>
      </learningRule>
      <spikeResponder class="org.simbrain.network.spikeresponders.NonResponder" reference="../../org.simbrain.network.core.Synapse/spikeResponder"/>
      <psr>0.0</psr>
      <increment>1.0</increment>
      <upperBound>100.0</upperBound>
      <lowerBound>-100.0</lowerBound>
      <delay>0</delay>
      <enabled>true</enabled>
      <frozen>false</frozen>
      <dlyPtr>0</dlyPtr>
      <dlyVal>0.0</dlyVal>
      <isTemplate>false</isTemplate>
      <dataHolder class="org.simbrain.network.util.EmptyScalarData"/>
      <spikeResponderData class="org.simbrain.network.util.EmptyScalarData"/>
    </org.simbrain.network.core.Synapse>
    <org.simbrain.network.core.Synapse>
      <id>Synapse_7</id>
      <label></label>
      <strength>3.37766872017494</strength>
      <parentNetwork reference="../../.."/>
      <source reference="../../org.simbrain.network.core.Neuron[7]"/>
      <target reference="../../org.simbrain.network.core.Neuron[3]"/>
      <isVisible>true</isVisible>
      <learningRule class="org.simbrain.network.synapse_update_rules.HebbianRule">
        <learningRate>0.1</learningRate>
      </learningRule>
      <spikeResponder class="org.simbrain.network.spikeresponders.NonResponder" reference="../../org.simbrain.network.core.Synapse/spikeResponder"/>
      <psr>0.0</psr>
      <increment>1.0</increment>
      <upperBound>100.0</upperBound>
      <lowerBound>-100.0</lowerBound>
      <delay>0</delay>
      <enabled>true</enabled>
      <frozen>false</frozen>
      <dlyPtr>0</dlyPtr>
      <dlyVal>0.0</dlyVal>
      <isTemplate>false</isTemplate>
      <dataHolder class="org.simbrain.network.util.EmptyScalarData"/>
      <spikeResponderData class="org.simbrain.network.util.EmptyScalarData"/>
    </org.simbrain.network.core.Synapse>
    <org.simbrain.network.core.Synapse>
      <id>Synapse_8</id>
      <label></label>
      <strength>0.0</strength>
      <parentNetwork reference="../../.."/>
      <source reference="../../org.simbrain.network.core.Neuron[7]"/>
      <target reference="../../org.simbrain.network.core.Neuron[4]"/>
      <isVisible>true</isVisible>
      <learningRule class="org.simbrain.network.synapse_update_rules.HebbianRule">
        <learningRate>0.1</learningRate>
      </learningRule>
      <spikeResponder class="org.simbrain.network.spikeresponders.NonResponder" reference="../../org.simbrain.network.core.Synapse/spikeResponder"/>
      <psr>0.0</psr>
      <increment>1.0</increment>
      <upperBound>100.0</upperBound>
      <lowerBound>-100.0</lowerBound>
      <delay>0</delay>
      <enabled>true</enabled>
      <frozen>false</frozen>
      <dlyPtr>0</dlyPtr>
      <dlyVal>0.0</dlyVal>
      <isTemplate>false</isTemplate>
      <dataHolder class="org.simbrain.network.util.EmptyScalarData"/>
      <spikeResponderData class="org.simbrain.network.util.EmptyScalarData"/>
    </org.simbrain.network.core.Synapse>
    <org.simbrain.network.core.Synapse>
      <id>Synapse_9</id>
      <label></label>
      <strength>4.936880914025759</strength>
      <parentNetwork reference="../../.."/>
      <source reference="../../org.simbrain.network.core.Neuron[7]"/>
      <target reference="../../org.simbrain.network.core.Neuron[5]"/>
      <isVisible>true</isVisible>
      <learningRule class="org.simbrain.network.synapse_update_rules.HebbianRule">
        <learningRate>0.1</learningRate>
      </learningRule>
      <spikeResponder class="org.simbrain.network.spikeresponders.NonResponder" reference="../../org.simbrain.network.core.Synapse/spikeResponder"/>
      <psr>0.0</psr>
      <increment>1.0</increment>
      <upperBound>100.0</upperBound>
      <lowerBound>-100.0</lowerBound>
      <delay>0</delay>
      <enabled>true</enabled>
      <frozen>false</frozen>
      <dlyPtr>0</dlyPtr>
      <dlyVal>0.0</dlyVal>
      <isTemplate>false</isTemplate>
      <dataHolder class="org.simbrain.network.util.EmptyScalarData"/>
      <spikeResponderData class="org.simbrain.network.util.EmptyScalarData"/>
    </org.simbrain.network.core.Synapse>
    <org.simbrain.network.core.Synapse>
      <id>Synapse_10</id>
      <label></label>
      <strength>0.025061955789429432</strength>
      <parentNetwork reference="../../.."/>
      <source reference="../../org.simbrain.network.core.Neuron[8]"/>
      <target reference="../../org.simbrain.network.core.Neuron[3]"/>
      <isVisible>true</isVisible>
      <learningRule class="org.simbrain.network.synapse_update_rules.HebbianRule">
        <learningRate>0.1</learningRate>
      </learningRule>
      <spikeResponder class="org.simbrain.network.spikeresponders.NonResponder" reference="../../org.simbrain.network.core.Synapse/spikeResponder"/>
      <psr>0.0</psr>
      <increment>1.0</increment>
      <upperBound>100.0</upperBound>
      <lowerBound>-100.0</lowerBound>
      <delay>0</delay>
      <enabled>true</enabled>
      <frozen>false</frozen>
      <dlyPtr>0</dlyPtr>
      <dlyVal>0.0</dlyVal>
      <isTemplate>false</isTemplate>
      <dataHolder class="org.simbrain.network.util.EmptyScalarData"/>
      <spikeResponderData class="org.simbrain.network.util.EmptyScalarData"/>
    </org.simbrain.network.core.Synapse>
    <org.simbrain.network.core.Synapse>
      <id>Synapse_11</id>
      <label></label>
      <strength>0.029556680859099016</strength>
      <parentNetwork reference="../../.."/>
      <source reference="../../org.simbrain.network.core.Neuron[8]"/>
      <target reference="../../org.simbrain.network.core.Neuron[4]"/>
      <isVisible>true</isVisible>
      <learningRule class="org.simbrain.network.synapse_update_rules.HebbianRule">
        <learningRate>0.1</learningRate>
      </learningRule>
      <spikeResponder class="org.simbrain.network.spikeresponders.NonResponder" reference="../../org.simbrain.network.core.Synapse/spikeResponder"/>
      <psr>0.0</psr>
      <increment>1.0</increment>
      <upperBound>100.0</upperBound>
      <lowerBound>-100.0</lowerBound>
      <delay>0</delay>
      <enabled>true</enabled>
      <frozen>false</frozen>
      <dlyPtr>0</dlyPtr>
      <dlyVal>0.0</dlyVal>
      <isTemplate>false</isTemplate>
      <dataHolder class="org.simbrain.network.util.EmptyScalarData"/>
      <spikeResponderData class="org.simbrain.network.util.EmptyScalarData"/>
    </org.simbrain.network.core.Synapse>
    <org.simbrain.network.core.Synapse>
      <id>Synapse_12</id>
      <label></label>
      <strength>0.0</strength>
      <parentNetwork reference="../../.."/>
      <source reference="../../org.simbrain.network.core.Neuron[8]"/>
      <target reference="../../org.simbrain.network.core.Neuron[5]"/>
      <isVisible>true</isVisible>
      <learningRule class="org.simbrain.network.synapse_update_rules.HebbianRule">
        <learningRate>0.1</learningRate>
      </learningRule>
      <spikeResponder class="org.simbrain.network.spikeresponders.NonResponder" reference="../../org.simbrain.network.core.Synapse/spikeResponder"/>
      <psr>0.0</psr>
      <increment>1.0</increment>
      <upperBound>100.0</upperBound>
      <lowerBound>-100.0</lowerBound>
      <delay>0</delay>
      <enabled>true</enabled>
      <frozen>false</frozen>
      <dlyPtr>0</dlyPtr>
      <dlyVal>0.0</dlyVal>
      <isTemplate>false</isTemplate>
      <dataHolder class="org.simbrain.network.util.EmptyScalarData"/>
      <spikeResponderData class="org.simbrain.network.util.EmptyScalarData"/>
    </org.simbrain.network.core.Synapse>
  </networkModels>
  <updateManager>
    <actionList>
      <org.simbrain.network.update__actions.BufferedUpdate>
        <description>Loose neurons (buffered) and synapses</description>
        <longDescription>Buffered update of loose items</longDescription>
        <network reference="../../../.."/>
      </org.simbrain.network.update__actions.BufferedUpdate>
    </actionList>
    <network reference="../.."/>
  </updateManager>
  <neuronConnector>
    <cs class="org.simbrain.network.connections.Sparse">
      <isUseExcitatoryRandomization>true</isUseExcitatoryRandomization>
      <isUseInhibitoryRandomization>true</isUseInhibitoryRandomization>
      <exRandomizer class="org.simbrain.util.stats.distributions.NormalDistribution">
        <mean>0.0</mean>
        <standardDeviation>1.0</standardDeviation>
        <name>Normal</name>
      </exRandomizer>
      <inRandomizer class="org.simbrain.util.stats.distributions.NormalDistribution">
        <mean>0.0</mean>
        <standardDeviation>1.0</standardDeviation>
        <name>Normal</name>
      </inRandomizer>
      <usesPolarity>true</usesPolarity>
      <percentExcitatory>50.0</percentExcitatory>
      <connectionDensity>0.8</connectionDensity>
      <equalizeEfferents>false</equalizeEfferents>
      <allowSelfConnection>false</allowSelfConnection>
      <name>Sparse</name>
    </cs>
    <name>Connection Strategy</name>
  </neuronConnector>
  <weightRandomizer>
    <probabilityDistribution class="org.simbrain.util.stats.distributions.UniformRealDistribution">
      <ceil>1.0</ceil>
      <floor>-1.0</floor>
      <name>Uniform (Real)</name>
    </probabilityDistribution>
    <name>Randomizer</name>
  </weightRandomizer>
  <excitatoryRandomizer>
    <probabilityDistribution class="org.simbrain.util.stats.distributions.UniformRealDistribution">
      <ceil>1.0</ceil>
      <floor>0.0</floor>
      <name>Uniform (Real)</name>
    </probabilityDistribution>
    <name>Randomizer</name>
  </excitatoryRandomizer>
  <inhibitoryRandomizer>
    <probabilityDistribution class="org.simbrain.util.stats.distributions.UniformRealDistribution">
      <ceil>0.0</ceil>
      <floor>-1.0</floor>
      <name>Uniform (Real)</name>
    </probabilityDistribution>
    <name>Randomizer</name>
  </inhibitoryRandomizer>
  <time>2994.499999998372</time>
  <timeStep>0.1</timeStep>
  <timeType>DISCRETE</timeType>
  <synapseGroupExpendedVisibilityThreshold>500</synapseGroupExpendedVisibilityThreshold>
</org.simbrain.network.core.Network>