<org.simbrain.world.odorworld.OdorWorld>
  <entityList class="java.util.concurrent.CopyOnWriteArrayList" serialization="custom">
    <java.util.concurrent.CopyOnWriteArrayList>
      <default/>
      <int>7</int>
      <org.simbrain.world.odorworld.entities.OdorWorldEntity>
        <world reference="../../../.."/>
        <entityType>POISON</entityType>
        <_-_-delegate__0>
          <x>145.0</x>
          <y>209.0</y>
        </_-_-delegate__0>
        <_-_-delegate__1>
          <heading>0.0</heading>
        </_-_-delegate__1>
        <_-_-delegate__2>
          <width>32.0</width>
          <height>32.0</height>
        </_-_-delegate__2>
        <id>Entity_1</id>
        <name>Entity_1</name>
        <isSensorsEnabled>true</isSensorsEnabled>
        <isEffectorsEnabled>true</isEffectorsEnabled>
        <isShowSensorsAndEffectors>true</isShowSensorsAndEffectors>
        <smellSource>
          <stimulusVector>
            <double>0.903364037008274</double>
            <double>0.1923128704391064</double>
            <double>0.8336461547350598</double>
            <double>0.6069225479222821</double>
            <double>0.29582972208367375</double>
            <double>0.9041628333086629</double>
            <double>0.5456467680604568</double>
            <double>0.15590502976321208</double>
            <double>5.124651972018279E-4</double>
            <double>0.860839903057817</double>
          </stimulusVector>
          <decayFunction class="org.simbrain.util.decayfunctions.LinearDecayFunction">
            <dispersion>70.0</dispersion>
            <peakDistance>0.0</peakDistance>
            <name>Linear</name>
          </decayFunction>
          <addNoise>false</addNoise>
          <randomizer class="org.simbrain.util.stats.distributions.UniformRealDistribution">
            <ceil>1.0</ceil>
            <floor>0.0</floor>
            <name>Uniform (Real)</name>
          </randomizer>
        </smellSource>
        <__sensors/>
        <__effectors/>
        <movement>
          <speed>0.0</speed>
          <dtheta>0.0</dtheta>
        </movement>
        <manualMovement>
          <manualStraightMovementIncrement>1.0</manualStraightMovementIncrement>
          <manualMotionTurnIncrement>1.0</manualMotionTurnIncrement>
          <_-_-delegate__0>
            <speed>0.0</speed>
            <dtheta>0.0</dtheta>
          </_-_-delegate__0>
        </manualMovement>
        <showDispersion>false</showDispersion>
      </org.simbrain.world.odorworld.entities.OdorWorldEntity>
      <org.simbrain.world.odorworld.entities.OdorWorldEntity>
        <world reference="../../../.."/>
        <entityType>BELL</entityType>
        <_-_-delegate__0>
          <x>250.0</x>
          <y>149.0</y>
        </_-_-delegate__0>
        <_-_-delegate__1>
          <heading>0.0</heading>
        </_-_-delegate__1>
        <_-_-delegate__2>
          <width>32.0</width>
          <height>32.0</height>
        </_-_-delegate__2>
        <id>Entity_2</id>
        <name>Entity_2</name>
        <isSensorsEnabled>true</isSensorsEnabled>
        <isEffectorsEnabled>true</isEffectorsEnabled>
        <isShowSensorsAndEffectors>true</isShowSensorsAndEffectors>
        <smellSource>
          <stimulusVector>
            <double>0.3341518424074429</double>
            <double>0.1932196463307504</double>
            <double>0.5519831291914479</double>
            <double>0.5615188416928871</double>
            <double>0.34378952479430624</double>
            <double>0.23456925694953923</double>
            <double>0.09841094753745605</double>
            <double>0.8446993552361648</double>
            <double>0.479229232363091</double>
            <double>0.4990737541607523</double>
          </stimulusVector>
          <decayFunction class="org.simbrain.util.decayfunctions.LinearDecayFunction">
            <dispersion>70.0</dispersion>
            <peakDistance>0.0</peakDistance>
            <name>Linear</name>
          </decayFunction>
          <addNoise>false</addNoise>
          <randomizer class="org.simbrain.util.stats.distributions.UniformRealDistribution">
            <ceil>1.0</ceil>
            <floor>0.0</floor>
            <name>Uniform (Real)</name>
          </randomizer>
        </smellSource>
        <__sensors/>
        <__effectors/>
        <movement>
          <speed>0.0</speed>
          <dtheta>0.0</dtheta>
        </movement>
        <manualMovement>
          <manualStraightMovementIncrement>1.0</manualStraightMovementIncrement>
          <manualMotionTurnIncrement>1.0</manualMotionTurnIncrement>
          <_-_-delegate__0>
            <speed>0.0</speed>
            <dtheta>0.0</dtheta>
          </_-_-delegate__0>
        </manualMovement>
        <showDispersion>false</showDispersion>
      </org.simbrain.world.odorworld.entities.OdorWorldEntity>
      <org.simbrain.world.odorworld.entities.OdorWorldEntity>
        <world reference="../../../.."/>
        <entityType>CANDLE</entityType>
        <_-_-delegate__0>
          <x>327.0</x>
          <y>210.0</y>
        </_-_-delegate__0>
        <_-_-delegate__1>
          <heading>0.0</heading>
        </_-_-delegate__1>
        <_-_-delegate__2>
          <width>32.0</width>
          <height>32.0</height>
        </_-_-delegate__2>
        <id>Entity_3</id>
        <name>Entity_3</name>
        <isSensorsEnabled>true</isSensorsEnabled>
        <isEffectorsEnabled>true</isEffectorsEnabled>
        <isShowSensorsAndEffectors>true</isShowSensorsAndEffectors>
        <smellSource>
          <stimulusVector>
            <double>0.6969558706438072</double>
            <double>0.7961980673505457</double>
            <double>0.3911376928654313</double>
            <double>0.1694657272746376</double>
            <double>0.9229740364262613</double>
            <double>0.9693437857630445</double>
            <double>0.4842153060428165</double>
            <double>0.4966094559794716</double>
            <double>0.6004401073450075</double>
            <double>0.6478755737616859</double>
          </stimulusVector>
          <decayFunction class="org.simbrain.util.decayfunctions.LinearDecayFunction">
            <dispersion>70.0</dispersion>
            <peakDistance>0.0</peakDistance>
            <name>Linear</name>
          </decayFunction>
          <addNoise>false</addNoise>
          <randomizer class="org.simbrain.util.stats.distributions.UniformRealDistribution">
            <ceil>1.0</ceil>
            <floor>0.0</floor>
            <name>Uniform (Real)</name>
          </randomizer>
        </smellSource>
        <__sensors/>
        <__effectors/>
        <movement>
          <speed>0.0</speed>
          <dtheta>0.0</dtheta>
        </movement>
        <manualMovement>
          <manualStraightMovementIncrement>1.0</manualStraightMovementIncrement>
          <manualMotionTurnIncrement>1.0</manualMotionTurnIncrement>
          <_-_-delegate__0>
            <speed>0.0</speed>
            <dtheta>0.0</dtheta>
          </_-_-delegate__0>
        </manualMovement>
        <showDispersion>false</showDispersion>
      </org.simbrain.world.odorworld.entities.OdorWorldEntity>
      <org.simbrain.world.odorworld.entities.OdorWorldEntity>
        <world reference="../../../.."/>
        <entityType>FISH</entityType>
        <_-_-delegate__0>
          <x>343.0</x>
          <y>118.0</y>
        </_-_-delegate__0>
        <_-_-delegate__1>
          <heading>0.0</heading>
        </_-_-delegate__1>
        <_-_-delegate__2>
          <width>32.0</width>
          <height>32.0</height>
        </_-_-delegate__2>
        <id>Entity_4</id>
        <name>Entity_4</name>
        <isSensorsEnabled>true</isSensorsEnabled>
        <isEffectorsEnabled>true</isEffectorsEnabled>
        <isShowSensorsAndEffectors>true</isShowSensorsAndEffectors>
        <smellSource>
          <stimulusVector>
            <double>0.7278610669148367</double>
            <double>0.9090180006138422</double>
            <double>0.8525914237390049</double>
            <double>0.5002066484074117</double>
            <double>0.45724068890271274</double>
            <double>0.5468326459918287</double>
            <double>0.3446507665370032</double>
            <double>0.12313187186919183</double>
            <double>0.5410090831667698</double>
            <double>0.9297678857627717</double>
          </stimulusVector>
          <decayFunction class="org.simbrain.util.decayfunctions.LinearDecayFunction">
            <dispersion>70.0</dispersion>
            <peakDistance>0.0</peakDistance>
            <name>Linear</name>
          </decayFunction>
          <addNoise>false</addNoise>
          <randomizer class="org.simbrain.util.stats.distributions.UniformRealDistribution">
            <ceil>1.0</ceil>
            <floor>0.0</floor>
            <name>Uniform (Real)</name>
          </randomizer>
        </smellSource>
        <__sensors/>
        <__effectors/>
        <movement>
          <speed>0.0</speed>
          <dtheta>0.0</dtheta>
        </movement>
        <manualMovement>
          <manualStraightMovementIncrement>1.0</manualStraightMovementIncrement>
          <manualMotionTurnIncrement>1.0</manualMotionTurnIncrement>
          <_-_-delegate__0>
            <speed>0.0</speed>
            <dtheta>0.0</dtheta>
          </_-_-delegate__0>
        </manualMovement>
        <showDispersion>false</showDispersion>
      </org.simbrain.world.odorworld.entities.OdorWorldEntity>
      <org.simbrain.world.odorworld.entities.OdorWorldEntity>
        <world reference="../../../.."/>
        <entityType>PANSY</entityType>
        <_-_-delegate__0>
          <x>238.0</x>
          <y>76.0</y>
        </_-_-delegate__0>
        <_-_-delegate__1>
          <heading>0.0</heading>
        </_-_-delegate__1>
        <_-_-delegate__2>
          <width>32.0</width>
          <height>32.0</height>
        </_-_-delegate__2>
        <id>Entity_5</id>
        <name>Entity_5</name>
        <isSensorsEnabled>true</isSensorsEnabled>
        <isEffectorsEnabled>true</isEffectorsEnabled>
        <isShowSensorsAndEffectors>true</isShowSensorsAndEffectors>
        <smellSource>
          <stimulusVector>
            <double>0.5445860476282713</double>
            <double>0.6537200343579033</double>
            <double>0.26166502032777994</double>
            <double>0.7898140257295603</double>
            <double>0.06321655764097223</double>
            <double>0.8400462879618309</double>
            <double>0.005492368553554949</double>
            <double>0.4520289333881641</double>
            <double>0.6515772138582391</double>
            <double>0.7045849802738509</double>
          </stimulusVector>
          <decayFunction class="org.simbrain.util.decayfunctions.LinearDecayFunction">
            <dispersion>70.0</dispersion>
            <peakDistance>0.0</peakDistance>
            <name>Linear</name>
          </decayFunction>
          <addNoise>false</addNoise>
          <randomizer class="org.simbrain.util.stats.distributions.UniformRealDistribution">
            <ceil>1.0</ceil>
            <floor>0.0</floor>
            <name>Uniform (Real)</name>
          </randomizer>
        </smellSource>
        <__sensors/>
        <__effectors/>
        <movement>
          <speed>0.0</speed>
          <dtheta>0.0</dtheta>
        </movement>
        <manualMovement>
          <manualStraightMovementIncrement>1.0</manualStraightMovementIncrement>
          <manualMotionTurnIncrement>1.0</manualMotionTurnIncrement>
          <_-_-delegate__0>
            <speed>0.0</speed>
            <dtheta>0.0</dtheta>
          </_-_-delegate__0>
        </manualMovement>
        <showDispersion>false</showDispersion>
      </org.simbrain.world.odorworld.entities.OdorWorldEntity>
      <org.simbrain.world.odorworld.entities.OdorWorldEntity>
        <world reference="../../../.."/>
        <entityType>SWISS</entityType>
        <_-_-delegate__0>
          <x>135.0</x>
          <y>136.0</y>
        </_-_-delegate__0>
        <_-_-delegate__1>
          <heading>0.0</heading>
        </_-_-delegate__1>
        <_-_-delegate__2>
          <width>32.0</width>
          <height>32.0</height>
        </_-_-delegate__2>
        <id>Entity_6</id>
        <name>Entity_6</name>
        <isSensorsEnabled>true</isSensorsEnabled>
        <isEffectorsEnabled>true</isEffectorsEnabled>
        <isShowSensorsAndEffectors>true</isShowSensorsAndEffectors>
        <smellSource>
          <stimulusVector>
            <double>0.39126866351566225</double>
            <double>0.5305390515761794</double>
            <double>0.2313039247514017</double>
            <double>0.20849559600130574</double>
            <double>0.7803986809159119</double>
            <double>0.12190938917460392</double>
            <double>0.41290434959744726</double>
            <double>0.13070037011829305</double>
            <double>0.20585691435192055</double>
            <double>0.12433061082419306</double>
          </stimulusVector>
          <decayFunction class="org.simbrain.util.decayfunctions.LinearDecayFunction">
            <dispersion>70.0</dispersion>
            <peakDistance>0.0</peakDistance>
            <name>Linear</name>
          </decayFunction>
          <addNoise>false</addNoise>
          <randomizer class="org.simbrain.util.stats.distributions.UniformRealDistribution">
            <ceil>1.0</ceil>
            <floor>0.0</floor>
            <name>Uniform (Real)</name>
          </randomizer>
        </smellSource>
        <__sensors/>
        <__effectors/>
        <movement>
          <speed>0.0</speed>
          <dtheta>0.0</dtheta>
        </movement>
        <manualMovement>
          <manualStraightMovementIncrement>1.0</manualStraightMovementIncrement>
          <manualMotionTurnIncrement>1.0</manualMotionTurnIncrement>
          <_-_-delegate__0>
            <speed>0.0</speed>
            <dtheta>0.0</dtheta>
          </_-_-delegate__0>
        </manualMovement>
        <showDispersion>false</showDispersion>
      </org.simbrain.world.odorworld.entities.OdorWorldEntity>
      <org.simbrain.world.odorworld.entities.OdorWorldEntity>
        <world reference="../../../.."/>
        <entityType>MOUSE</entityType>
        <_-_-delegate__0>
          <x>230.0</x>
          <y>369.0</y>
        </_-_-delegate__0>
        <_-_-delegate__1>
          <heading>87.0</heading>
        </_-_-delegate__1>
        <_-_-delegate__2>
          <width>40.0</width>
          <height>40.0</height>
        </_-_-delegate__2>
        <id>Entity_7</id>
        <name>Entity_7</name>
        <isSensorsEnabled>true</isSensorsEnabled>
        <isEffectorsEnabled>true</isEffectorsEnabled>
        <isShowSensorsAndEffectors>true</isShowSensorsAndEffectors>
        <smellSource>
          <stimulusVector>
            <double>0.317130144164254</double>
            <double>0.7125647416386841</double>
            <double>0.6332995725261837</double>
            <double>0.7886111633976471</double>
            <double>0.15626847163203283</double>
            <double>0.48715682029674834</double>
            <double>0.12493322965142672</double>
            <double>0.11575073848856654</double>
            <double>0.9550218088483496</double>
            <double>0.1114755501177137</double>
          </stimulusVector>
          <decayFunction class="org.simbrain.util.decayfunctions.LinearDecayFunction">
            <dispersion>70.0</dispersion>
            <peakDistance>0.0</peakDistance>
            <name>Linear</name>
          </decayFunction>
          <addNoise>false</addNoise>
          <randomizer class="org.simbrain.util.stats.distributions.UniformRealDistribution">
            <ceil>1.0</ceil>
            <floor>0.0</floor>
            <name>Uniform (Real)</name>
          </randomizer>
        </smellSource>
        <__sensors>
          <org.simbrain.world.odorworld.sensors.ObjectSensor>
            <id>Sensor_1</id>
            <label></label>
            <theta>45.0</theta>
            <radius>50.0</radius>
            <currentValue>0.0</currentValue>
            <baseValue>1.0</baseValue>
            <isShowLabel>false</isShowLabel>
            <objectType>SWISS</objectType>
            <decayFunction class="org.simbrain.util.decayfunctions.LinearDecayFunction">
              <dispersion>70.0</dispersion>
              <peakDistance>0.0</peakDistance>
              <name>Linear</name>
            </decayFunction>
            <showDispersion>false</showDispersion>
          </org.simbrain.world.odorworld.sensors.ObjectSensor>
          <org.simbrain.world.odorworld.sensors.ObjectSensor>
            <id>Sensor_2</id>
            <label></label>
            <theta>0.0</theta>
            <radius>0.0</radius>
            <currentValue>0.0</currentValue>
            <baseValue>1.0</baseValue>
            <isShowLabel>false</isShowLabel>
            <objectType>SWISS</objectType>
            <decayFunction class="org.simbrain.util.decayfunctions.LinearDecayFunction">
              <dispersion>70.0</dispersion>
              <peakDistance>0.0</peakDistance>
              <name>Linear</name>
            </decayFunction>
            <showDispersion>false</showDispersion>
          </org.simbrain.world.odorworld.sensors.ObjectSensor>
          <org.simbrain.world.odorworld.sensors.ObjectSensor>
            <id>Sensor_3</id>
            <label></label>
            <theta>-45.0</theta>
            <radius>50.0</radius>
            <currentValue>0.0</currentValue>
            <baseValue>1.0</baseValue>
            <isShowLabel>false</isShowLabel>
            <objectType>SWISS</objectType>
            <decayFunction class="org.simbrain.util.decayfunctions.LinearDecayFunction">
              <dispersion>70.0</dispersion>
              <peakDistance>0.0</peakDistance>
              <name>Linear</name>
            </decayFunction>
            <showDispersion>false</showDispersion>
          </org.simbrain.world.odorworld.sensors.ObjectSensor>
          <org.simbrain.world.odorworld.sensors.ObjectSensor>
            <id>Sensor_4</id>
            <label></label>
            <theta>0.0</theta>
            <radius>0.0</radius>
            <currentValue>0.0</currentValue>
            <baseValue>1.0</baseValue>
            <isShowLabel>false</isShowLabel>
            <objectType>BELL</objectType>
            <decayFunction class="org.simbrain.util.decayfunctions.LinearDecayFunction">
              <dispersion>70.0</dispersion>
              <peakDistance>0.0</peakDistance>
              <name>Linear</name>
            </decayFunction>
            <showDispersion>false</showDispersion>
          </org.simbrain.world.odorworld.sensors.ObjectSensor>
          <org.simbrain.world.odorworld.sensors.ObjectSensor>
            <id>Sensor_5</id>
            <label></label>
            <theta>0.0</theta>
            <radius>0.0</radius>
            <currentValue>0.0</currentValue>
            <baseValue>1.0</baseValue>
            <isShowLabel>false</isShowLabel>
            <objectType>FISH</objectType>
            <decayFunction class="org.simbrain.util.decayfunctions.LinearDecayFunction">
              <dispersion>70.0</dispersion>
              <peakDistance>0.0</peakDistance>
              <name>Linear</name>
            </decayFunction>
            <showDispersion>false</showDispersion>
          </org.simbrain.world.odorworld.sensors.ObjectSensor>
          <org.simbrain.world.odorworld.sensors.ObjectSensor>
            <id>Sensor_6</id>
            <label></label>
            <theta>0.0</theta>
            <radius>0.0</radius>
            <currentValue>0.0</currentValue>
            <baseValue>1.0</baseValue>
            <isShowLabel>false</isShowLabel>
            <objectType>CANDLE</objectType>
            <decayFunction class="org.simbrain.util.decayfunctions.LinearDecayFunction">
              <dispersion>70.0</dispersion>
              <peakDistance>0.0</peakDistance>
              <name>Linear</name>
            </decayFunction>
            <showDispersion>false</showDispersion>
          </org.simbrain.world.odorworld.sensors.ObjectSensor>
          <org.simbrain.world.odorworld.sensors.ObjectSensor>
            <id>Sensor_7</id>
            <label></label>
            <theta>0.0</theta>
            <radius>0.0</radius>
            <currentValue>0.0</currentValue>
            <baseValue>1.0</baseValue>
            <isShowLabel>false</isShowLabel>
            <objectType>POISON</objectType>
            <decayFunction class="org.simbrain.util.decayfunctions.LinearDecayFunction">
              <dispersion>70.0</dispersion>
              <peakDistance>0.0</peakDistance>
              <name>Linear</name>
            </decayFunction>
            <showDispersion>false</showDispersion>
          </org.simbrain.world.odorworld.sensors.ObjectSensor>
          <org.simbrain.world.odorworld.sensors.ObjectSensor>
            <id>Sensor_8</id>
            <label></label>
            <theta>0.0</theta>
            <radius>0.0</radius>
            <currentValue>0.0</currentValue>
            <baseValue>1.0</baseValue>
            <isShowLabel>false</isShowLabel>
            <objectType>PANSY</objectType>
            <decayFunction class="org.simbrain.util.decayfunctions.LinearDecayFunction">
              <dispersion>70.0</dispersion>
              <peakDistance>0.0</peakDistance>
              <name>Linear</name>
            </decayFunction>
            <showDispersion>false</showDispersion>
          </org.simbrain.world.odorworld.sensors.ObjectSensor>
        </__sensors>
        <__effectors>
          <org.simbrain.world.odorworld.effectors.StraightMovement>
            <id>Effector_1</id>
            <label></label>
            <amount>0.0</amount>
            <scalingFactor>1.0</scalingFactor>
          </org.simbrain.world.odorworld.effectors.StraightMovement>
          <org.simbrain.world.odorworld.effectors.Turning>
            <id>Effector_2</id>
            <label></label>
            <direction>1.0</direction>
            <amount>0.0</amount>
          </org.simbrain.world.odorworld.effectors.Turning>
          <org.simbrain.world.odorworld.effectors.Turning>
            <id>Effector_3</id>
            <label></label>
            <direction>-1.0</direction>
            <amount>0.0</amount>
          </org.simbrain.world.odorworld.effectors.Turning>
          <org.simbrain.world.odorworld.effectors.Speech>
            <id>Effector_4</id>
            <label>Say: &quot;Yuck!&quot;</label>
            <phrase>Yuck!</phrase>
            <charactersPerRow>32</charactersPerRow>
            <threshold>0.01</threshold>
            <decayFunction class="org.simbrain.util.decayfunctions.LinearDecayFunction">
              <dispersion>128.0</dispersion>
              <peakDistance>0.0</peakDistance>
              <name>Linear</name>
            </decayFunction>
            <activated>false</activated>
            <amount>0.0</amount>
          </org.simbrain.world.odorworld.effectors.Speech>
          <org.simbrain.world.odorworld.effectors.Speech>
            <id>Effector_5</id>
            <label>Say: &quot;Nice!&quot;</label>
            <phrase>Nice!</phrase>
            <charactersPerRow>32</charactersPerRow>
            <threshold>0.01</threshold>
            <decayFunction class="org.simbrain.util.decayfunctions.LinearDecayFunction">
              <dispersion>128.0</dispersion>
              <peakDistance>0.0</peakDistance>
              <name>Linear</name>
            </decayFunction>
            <activated>false</activated>
            <amount>0.0</amount>
          </org.simbrain.world.odorworld.effectors.Speech>
        </__effectors>
        <movement>
          <speed>0.0</speed>
          <dtheta>0.0</dtheta>
        </movement>
        <manualMovement>
          <manualStraightMovementIncrement>1.0</manualStraightMovementIncrement>
          <manualMotionTurnIncrement>1.0</manualMotionTurnIncrement>
          <_-_-delegate__0>
            <speed>0.0</speed>
            <dtheta>0.0</dtheta>
          </_-_-delegate__0>
        </manualMovement>
        <showDispersion>false</showDispersion>
      </org.simbrain.world.odorworld.entities.OdorWorldEntity>
    </java.util.concurrent.CopyOnWriteArrayList>
  </entityList>
  <tileMap version="1.0" tiledversion="1.1.6" width="14" height="14" tilewidth="32" tileheight="32">
    <tileset spacing="2" tilecount="1767" columns="57" firstgid="1" name="RoguelikeTileSet" tilewidth="32" tileheight="32" margin="0" offsetX="0" offsetY="0">
      <image source="tileset_kenney.png" width="1936" height="1052"/>
      <tile id="0">
        <properties>
          <property name="label" value="water_0"/>
          <property name="type" value="water"/>
        </properties>
      </tile>
      <tile id="1">
        <properties>
          <property name="label" value="water_1"/>
          <property name="type" value="water"/>
        </properties>
      </tile>
      <tile id="2">
        <properties>
          <property name="label" value="water_tl"/>
          <property name="type" value="water"/>
        </properties>
      </tile>
      <tile id="3">
        <properties>
          <property name="label" value="water_t"/>
          <property name="type" value="water"/>
        </properties>
      </tile>
      <tile id="4">
        <properties>
          <property name="label" value="water_tr"/>
          <property name="type" value="water"/>
        </properties>
      </tile>
      <tile id="5">
        <properties>
          <property name="label" value="Grass1"/>
          <property name="type" value="Grass"/>
        </properties>
      </tile>
      <tile id="57">
        <properties>
          <property name="label" value="water_inner_br"/>
          <property name="type" value="water"/>
        </properties>
      </tile>
      <tile id="58">
        <properties>
          <property name="label" value="water_inner_bl"/>
          <property name="type" value="water"/>
        </properties>
      </tile>
      <tile id="59">
        <properties>
          <property name="label" value="water_l"/>
          <property name="type" value="water"/>
        </properties>
      </tile>
      <tile id="60">
        <properties>
          <property name="label" value="water_c"/>
          <property name="type" value="water"/>
        </properties>
      </tile>
      <tile id="61">
        <properties>
          <property name="label" value="water_r"/>
          <property name="type" value="water"/>
        </properties>
      </tile>
      <tile id="62">
        <properties>
          <property name="type" value="Grass"/>
        </properties>
      </tile>
      <tile id="114">
        <properties>
          <property name="label" value="water_inner_tr"/>
          <property name="type" value="water"/>
        </properties>
      </tile>
      <tile id="115">
        <properties>
          <property name="label" value="water_inner_tl"/>
          <property name="type" value="water"/>
        </properties>
      </tile>
      <tile id="116">
        <properties>
          <property name="label" value="water_bl"/>
          <property name="type" value="water"/>
        </properties>
      </tile>
      <tile id="116">
        <properties>
          <property name="label" value="water_bl"/>
          <property name="type" value="water"/>
        </properties>
      </tile>
      <tile id="117">
        <properties>
          <property name="label" value="water_b"/>
          <property name="type" value="water"/>
        </properties>
      </tile>
      <tile id="118">
        <properties>
          <property name="label" value="water_br"/>
          <property name="type" value="water"/>
        </properties>
      </tile>
      <tile id="293">
        <properties>
          <property name="smell" value="1, 0.45, 0.22, 0.45, 0.02"/>
        </properties>
      </tile>
      <tile id="406">
        <properties>
          <property name="label" value="DirtRoadTurnDownRight"/>
          <property name="type" value="dirtRoad"/>
        </properties>
      </tile>
      <tile id="573">
        <properties>
          <property name="label" value="DaisyCenter"/>
          <property name="type" value="flower"/>
        </properties>
      </tile>
      <tile id="744">
        <properties>
          <property name="label" value="BlueFlowerCenter"/>
          <property name="type" value="flower"/>
        </properties>
      </tile>
    </tileset>
    <layer name="Tile Layer 1" width="14" height="14">
      <data encoding="csv">0,0,0,0,0,0,0,0,0,0,0,0,0,0
0,0,0,0,0,0,0,0,0,0,0,0,0,0
0,0,0,0,0,0,0,0,0,0,0,0,0,0
0,0,0,0,0,0,0,0,0,0,0,0,0,0
0,0,0,0,0,0,0,0,0,0,0,0,0,0
0,0,0,0,0,0,0,0,0,0,0,0,0,0
0,0,0,0,0,0,0,0,0,0,0,0,0,0
0,0,0,0,0,0,0,0,0,0,0,0,0,0
0,0,0,0,0,0,0,0,0,0,0,0,0,0
0,0,0,0,0,0,0,0,0,0,0,0,0,0
0,0,0,0,0,0,0,0,0,0,0,0,0,0
0,0,0,0,0,0,0,0,0,0,0,0,0,0
0,0,0,0,0,0,0,0,0,0,0,0,0,0
0,0,0,0,0,0,0,0,0,0,0,0,0,0</data>
    </layer>
    <guiEnabled>true</guiEnabled>
  </tileMap>
  <wrapAround>true</wrapAround>
  <objectsBlockMovement>true</objectsBlockMovement>
  <useCameraCentering>true</useCameraCentering>
  <entityIDGenerator>
    <rootName>Entity</rootName>
    <initialIndex>1</initialIndex>
    <delimeter>_</delimeter>
    <index>12</index>
  </entityIDGenerator>
  <sensorIDGenerator>
    <rootName>Sensor</rootName>
    <initialIndex>1</initialIndex>
    <delimeter>_</delimeter>
    <index>18</index>
  </sensorIDGenerator>
  <effectorIDGenerator>
    <rootName>Effector</rootName>
    <initialIndex>1</initialIndex>
    <delimeter>_</delimeter>
    <index>15</index>
  </effectorIDGenerator>
  <agentIdGenerator>
    <rootName>Agent</rootName>
    <initialIndex>1</initialIndex>
    <delimeter>_</delimeter>
    <index>1</index>
  </agentIdGenerator>
  <lastClickedPosition class="java.awt.geom.Point2D$Double">
    <x>273.0</x>
    <y>372.0</y>
  </lastClickedPosition>
</org.simbrain.world.odorworld.OdorWorld>