<org.simbrain.world.odorworld.OdorWorld>
  <entityList class="java.util.concurrent.CopyOnWriteArrayList" serialization="custom">
    <java.util.concurrent.CopyOnWriteArrayList>
      <default/>
      <int>4</int>
      <org.simbrain.world.odorworld.entities.OdorWorldEntity>
        <world reference="../../../.."/>
        <entityType>MOUSE</entityType>
        <_-_-delegate__0>
          <x>199.0</x>
          <y>281.0</y>
        </_-_-delegate__0>
        <_-_-delegate__1>
          <heading>103.0</heading>
        </_-_-delegate__1>
        <_-_-delegate__2>
          <width>40.0</width>
          <height>40.0</height>
        </_-_-delegate__2>
        <id>Entity_1</id>
        <name>Entity_1</name>
        <isSensorsEnabled>true</isSensorsEnabled>
        <isEffectorsEnabled>true</isEffectorsEnabled>
        <isShowSensorsAndEffectors>true</isShowSensorsAndEffectors>
        <smellSource>
          <stimulusVector>
            <double>0.9169796346326398</double>
            <double>0.352696178634178</double>
            <double>0.18378854531617383</double>
            <double>0.6284523688943296</double>
            <double>0.3727445489303478</double>
            <double>0.013250788274243641</double>
            <double>0.5787544115582949</double>
            <double>0.8798210810460425</double>
            <double>0.30368263970621723</double>
            <double>0.3628615034654886</double>
          </stimulusVector>
          <decayFunction class="org.simbrain.util.decayfunctions.LinearDecayFunction">
            <dispersion>70.0</dispersion>
            <peakDistance>0.0</peakDistance>
            <name>Linear</name>
          </decayFunction>
          <addNoise>false</addNoise>
          <randomizer class="org.simbrain.util.stats.distributions.UniformRealDistribution">
            <ceil>1.0</ceil>
            <floor>0.0</floor>
            <name>Uniform (Real)</name>
          </randomizer>
        </smellSource>
        <__sensors>
          <org.simbrain.world.odorworld.sensors.ObjectSensor>
            <id>Sensor_1</id>
            <label></label>
            <theta>45.0</theta>
            <radius>50.0</radius>
            <currentValue>0.0</currentValue>
            <baseValue>1.0</baseValue>
            <isShowLabel>false</isShowLabel>
            <objectType>SWISS</objectType>
            <decayFunction class="org.simbrain.util.decayfunctions.LinearDecayFunction">
              <dispersion>70.0</dispersion>
              <peakDistance>0.0</peakDistance>
              <name>Linear</name>
            </decayFunction>
            <showDispersion>false</showDispersion>
          </org.simbrain.world.odorworld.sensors.ObjectSensor>
          <org.simbrain.world.odorworld.sensors.ObjectSensor>
            <id>Sensor_2</id>
            <label></label>
            <theta>0.0</theta>
            <radius>0.0</radius>
            <currentValue>0.0</currentValue>
            <baseValue>1.0</baseValue>
            <isShowLabel>false</isShowLabel>
            <objectType>SWISS</objectType>
            <decayFunction class="org.simbrain.util.decayfunctions.LinearDecayFunction">
              <dispersion>70.0</dispersion>
              <peakDistance>0.0</peakDistance>
              <name>Linear</name>
            </decayFunction>
            <showDispersion>false</showDispersion>
          </org.simbrain.world.odorworld.sensors.ObjectSensor>
          <org.simbrain.world.odorworld.sensors.ObjectSensor>
            <id>Sensor_3</id>
            <label></label>
            <theta>-45.0</theta>
            <radius>50.0</radius>
            <currentValue>0.0</currentValue>
            <baseValue>1.0</baseValue>
            <isShowLabel>false</isShowLabel>
            <objectType>SWISS</objectType>
            <decayFunction class="org.simbrain.util.decayfunctions.LinearDecayFunction">
              <dispersion>70.0</dispersion>
              <peakDistance>0.0</peakDistance>
              <name>Linear</name>
            </decayFunction>
            <showDispersion>false</showDispersion>
          </org.simbrain.world.odorworld.sensors.ObjectSensor>
        </__sensors>
        <__effectors>
          <org.simbrain.world.odorworld.effectors.StraightMovement>
            <id>Effector_1</id>
            <label></label>
            <amount>0.0</amount>
            <scalingFactor>1.0</scalingFactor>
          </org.simbrain.world.odorworld.effectors.StraightMovement>
          <org.simbrain.world.odorworld.effectors.Turning>
            <id>Effector_2</id>
            <label></label>
            <direction>1.0</direction>
            <amount>0.0</amount>
          </org.simbrain.world.odorworld.effectors.Turning>
          <org.simbrain.world.odorworld.effectors.Turning>
            <id>Effector_3</id>
            <label></label>
            <direction>-1.0</direction>
            <amount>0.0</amount>
          </org.simbrain.world.odorworld.effectors.Turning>
        </__effectors>
        <currentlyHeardPhrases/>
        <movement>
          <speed>0.0</speed>
          <dtheta>0.0</dtheta>
        </movement>
        <manualMovement>
          <manualStraightMovementIncrement>1.0</manualStraightMovementIncrement>
          <manualMotionTurnIncrement>1.0</manualMotionTurnIncrement>
          <_-_-delegate__0>
            <speed>0.0</speed>
            <dtheta>0.0</dtheta>
          </_-_-delegate__0>
        </manualMovement>
        <showDispersion>false</showDispersion>
      </org.simbrain.world.odorworld.entities.OdorWorldEntity>
      <org.simbrain.world.odorworld.entities.OdorWorldEntity>
        <world reference="../../../.."/>
        <entityType>POISON</entityType>
        <_-_-delegate__0>
          <x>79.0</x>
          <y>152.0</y>
        </_-_-delegate__0>
        <_-_-delegate__1>
          <heading>0.0</heading>
        </_-_-delegate__1>
        <_-_-delegate__2>
          <width>32.0</width>
          <height>32.0</height>
        </_-_-delegate__2>
        <id>Entity_2</id>
        <name>Entity_2</name>
        <isSensorsEnabled>true</isSensorsEnabled>
        <isEffectorsEnabled>true</isEffectorsEnabled>
        <isShowSensorsAndEffectors>true</isShowSensorsAndEffectors>
        <smellSource>
          <stimulusVector>
            <double>0.21784683016690043</double>
            <double>0.4692508735088653</double>
            <double>0.5477520914447459</double>
            <double>0.09914048369194095</double>
            <double>0.27743143136266146</double>
            <double>0.9047438233535984</double>
            <double>0.022316773947907764</double>
            <double>0.2747387678307184</double>
            <double>0.671582061237659</double>
            <double>0.8879074366611516</double>
          </stimulusVector>
          <decayFunction class="org.simbrain.util.decayfunctions.LinearDecayFunction">
            <dispersion>70.0</dispersion>
            <peakDistance>0.0</peakDistance>
            <name>Linear</name>
          </decayFunction>
          <addNoise>false</addNoise>
          <randomizer class="org.simbrain.util.stats.distributions.UniformRealDistribution">
            <ceil>1.0</ceil>
            <floor>0.0</floor>
            <name>Uniform (Real)</name>
          </randomizer>
        </smellSource>
        <__sensors/>
        <__effectors/>
        <currentlyHeardPhrases/>
        <movement>
          <speed>0.0</speed>
          <dtheta>0.0</dtheta>
        </movement>
        <manualMovement>
          <manualStraightMovementIncrement>1.0</manualStraightMovementIncrement>
          <manualMotionTurnIncrement>1.0</manualMotionTurnIncrement>
          <_-_-delegate__0>
            <speed>0.0</speed>
            <dtheta>0.0</dtheta>
          </_-_-delegate__0>
        </manualMovement>
        <showDispersion>false</showDispersion>
      </org.simbrain.world.odorworld.entities.OdorWorldEntity>
      <org.simbrain.world.odorworld.entities.OdorWorldEntity>
        <world reference="../../../.."/>
        <entityType>SWISS</entityType>
        <_-_-delegate__0>
          <x>201.0</x>
          <y>103.0</y>
        </_-_-delegate__0>
        <_-_-delegate__1>
          <heading>0.0</heading>
        </_-_-delegate__1>
        <_-_-delegate__2>
          <width>32.0</width>
          <height>32.0</height>
        </_-_-delegate__2>
        <id>Entity_3</id>
        <name>Entity_3</name>
        <isSensorsEnabled>true</isSensorsEnabled>
        <isEffectorsEnabled>true</isEffectorsEnabled>
        <isShowSensorsAndEffectors>true</isShowSensorsAndEffectors>
        <smellSource>
          <stimulusVector>
            <double>0.5023409859410907</double>
            <double>0.5694130345375483</double>
            <double>0.7514669489683137</double>
            <double>0.3409642999936372</double>
            <double>0.7946618974713007</double>
            <double>0.7297036983552883</double>
            <double>0.7521703058470293</double>
            <double>0.3633836052842342</double>
            <double>0.48465442055961694</double>
            <double>0.07829946933259191</double>
          </stimulusVector>
          <decayFunction class="org.simbrain.util.decayfunctions.LinearDecayFunction">
            <dispersion>70.0</dispersion>
            <peakDistance>0.0</peakDistance>
            <name>Linear</name>
          </decayFunction>
          <addNoise>false</addNoise>
          <randomizer class="org.simbrain.util.stats.distributions.UniformRealDistribution">
            <ceil>1.0</ceil>
            <floor>0.0</floor>
            <name>Uniform (Real)</name>
          </randomizer>
        </smellSource>
        <__sensors/>
        <__effectors/>
        <currentlyHeardPhrases/>
        <movement>
          <speed>0.0</speed>
          <dtheta>0.0</dtheta>
        </movement>
        <manualMovement>
          <manualStraightMovementIncrement>1.0</manualStraightMovementIncrement>
          <manualMotionTurnIncrement>1.0</manualMotionTurnIncrement>
          <_-_-delegate__0>
            <speed>0.0</speed>
            <dtheta>0.0</dtheta>
          </_-_-delegate__0>
        </manualMovement>
        <showDispersion>false</showDispersion>
      </org.simbrain.world.odorworld.entities.OdorWorldEntity>
      <org.simbrain.world.odorworld.entities.OdorWorldEntity>
        <world reference="../../../.."/>
        <entityType>SWISS</entityType>
        <_-_-delegate__0>
          <x>341.0</x>
          <y>136.0</y>
        </_-_-delegate__0>
        <_-_-delegate__1>
          <heading>0.0</heading>
        </_-_-delegate__1>
        <_-_-delegate__2>
          <width>32.0</width>
          <height>32.0</height>
        </_-_-delegate__2>
        <id>Entity_4</id>
        <name>Entity_4</name>
        <isSensorsEnabled>true</isSensorsEnabled>
        <isEffectorsEnabled>true</isEffectorsEnabled>
        <isShowSensorsAndEffectors>true</isShowSensorsAndEffectors>
        <smellSource>
          <stimulusVector>
            <double>0.1837631028027389</double>
            <double>0.3912763305034408</double>
            <double>0.9398073089254703</double>
            <double>0.014590555828111973</double>
            <double>0.4861617976985064</double>
            <double>0.025671781433371454</double>
            <double>0.3652713784743954</double>
            <double>0.07882338963925728</double>
            <double>0.888854469183689</double>
            <double>0.9257179537592148</double>
          </stimulusVector>
          <decayFunction class="org.simbrain.util.decayfunctions.LinearDecayFunction">
            <dispersion>70.0</dispersion>
            <peakDistance>0.0</peakDistance>
            <name>Linear</name>
          </decayFunction>
          <addNoise>false</addNoise>
          <randomizer class="org.simbrain.util.stats.distributions.UniformRealDistribution">
            <ceil>1.0</ceil>
            <floor>0.0</floor>
            <name>Uniform (Real)</name>
          </randomizer>
        </smellSource>
        <__sensors/>
        <__effectors/>
        <currentlyHeardPhrases/>
        <movement>
          <speed>0.0</speed>
          <dtheta>0.0</dtheta>
        </movement>
        <manualMovement>
          <manualStraightMovementIncrement>1.0</manualStraightMovementIncrement>
          <manualMotionTurnIncrement>1.0</manualMotionTurnIncrement>
          <_-_-delegate__0>
            <speed>0.0</speed>
            <dtheta>0.0</dtheta>
          </_-_-delegate__0>
        </manualMovement>
        <showDispersion>false</showDispersion>
      </org.simbrain.world.odorworld.entities.OdorWorldEntity>
    </java.util.concurrent.CopyOnWriteArrayList>
  </entityList>
  <tileMap version="1.0" tiledversion="1.1.6" width="14" height="14" tilewidth="32" tileheight="32">
    <tileset spacing="2" tilecount="1767" columns="57" firstgid="1" name="RoguelikeTileSet" tilewidth="32" tileheight="32" margin="0" offsetX="0" offsetY="0">
      <image source="tileset_kenney.png" width="1936" height="1052"/>
      <tile id="0">
        <properties>
          <property name="label" value="water_0"/>
          <property name="type" value="water"/>
        </properties>
      </tile>
      <tile id="1">
        <properties>
          <property name="label" value="water_1"/>
          <property name="type" value="water"/>
        </properties>
      </tile>
      <tile id="2">
        <properties>
          <property name="label" value="water_tl"/>
          <property name="type" value="water"/>
        </properties>
      </tile>
      <tile id="3">
        <properties>
          <property name="label" value="water_t"/>
          <property name="type" value="water"/>
        </properties>
      </tile>
      <tile id="4">
        <properties>
          <property name="label" value="water_tr"/>
          <property name="type" value="water"/>
        </properties>
      </tile>
      <tile id="5">
        <properties>
          <property name="label" value="Grass1"/>
          <property name="type" value="Grass"/>
        </properties>
      </tile>
      <tile id="57">
        <properties>
          <property name="label" value="water_inner_br"/>
          <property name="type" value="water"/>
        </properties>
      </tile>
      <tile id="58">
        <properties>
          <property name="label" value="water_inner_bl"/>
          <property name="type" value="water"/>
        </properties>
      </tile>
      <tile id="59">
        <properties>
          <property name="label" value="water_l"/>
          <property name="type" value="water"/>
        </properties>
      </tile>
      <tile id="60">
        <properties>
          <property name="label" value="water_c"/>
          <property name="type" value="water"/>
        </properties>
      </tile>
      <tile id="61">
        <properties>
          <property name="label" value="water_r"/>
          <property name="type" value="water"/>
        </properties>
      </tile>
      <tile id="62">
        <properties>
          <property name="type" value="Grass"/>
        </properties>
      </tile>
      <tile id="114">
        <properties>
          <property name="label" value="water_inner_tr"/>
          <property name="type" value="water"/>
        </properties>
      </tile>
      <tile id="115">
        <properties>
          <property name="label" value="water_inner_tl"/>
          <property name="type" value="water"/>
        </properties>
      </tile>
      <tile id="116">
        <properties>
          <property name="label" value="water_bl"/>
          <property name="type" value="water"/>
        </properties>
      </tile>
      <tile id="116">
        <properties>
          <property name="label" value="water_bl"/>
          <property name="type" value="water"/>
        </properties>
      </tile>
      <tile id="117">
        <properties>
          <property name="label" value="water_b"/>
          <property name="type" value="water"/>
        </properties>
      </tile>
      <tile id="118">
        <properties>
          <property name="label" value="water_br"/>
          <property name="type" value="water"/>
        </properties>
      </tile>
      <tile id="293">
        <properties>
          <property name="smell" value="1, 0.45, 0.22, 0.45, 0.02"/>
        </properties>
      </tile>
      <tile id="406">
        <properties>
          <property name="label" value="DirtRoadTurnDownRight"/>
          <property name="type" value="dirtRoad"/>
        </properties>
      </tile>
      <tile id="573">
        <properties>
          <property name="label" value="DaisyCenter"/>
          <property name="type" value="flower"/>
        </properties>
      </tile>
      <tile id="744">
        <properties>
          <property name="label" value="BlueFlowerCenter"/>
          <property name="type" value="flower"/>
        </properties>
      </tile>
    </tileset>
    <layer name="Tile Layer 1" width="14" height="14">
      <data encoding="csv">0,0,0,0,0,0,0,0,0,0,0,0,0,0
0,0,0,0,0,0,0,0,0,0,0,0,0,0
0,0,0,0,0,0,0,0,0,0,0,0,0,0
0,0,0,0,0,0,0,0,0,0,0,0,0,0
0,0,0,0,0,0,0,0,0,0,0,0,0,0
0,0,0,0,0,0,0,0,0,0,0,0,0,0
0,0,0,0,0,0,0,0,0,0,0,0,0,0
0,0,0,0,0,0,0,0,0,0,0,0,0,0
0,0,0,0,0,0,0,0,0,0,0,0,0,0
0,0,0,0,0,0,0,0,0,0,0,0,0,0
0,0,0,0,0,0,0,0,0,0,0,0,0,0
0,0,0,0,0,0,0,0,0,0,0,0,0,0
0,0,0,0,0,0,0,0,0,0,0,0,0,0
0,0,0,0,0,0,0,0,0,0,0,0,0,0</data>
    </layer>
    <guiEnabled>true</guiEnabled>
  </tileMap>
  <wrapAround>true</wrapAround>
  <objectsBlockMovement>true</objectsBlockMovement>
  <useCameraCentering>true</useCameraCentering>
  <entityIDGenerator>
    <rootName>Entity</rootName>
    <initialIndex>1</initialIndex>
    <delimeter>_</delimeter>
    <index>5</index>
  </entityIDGenerator>
  <sensorIDGenerator>
    <rootName>Sensor</rootName>
    <initialIndex>1</initialIndex>
    <delimeter>_</delimeter>
    <index>4</index>
  </sensorIDGenerator>
  <effectorIDGenerator>
    <rootName>Effector</rootName>
    <initialIndex>1</initialIndex>
    <delimeter>_</delimeter>
    <index>4</index>
  </effectorIDGenerator>
  <agentIdGenerator>
    <rootName>Agent</rootName>
    <initialIndex>1</initialIndex>
    <delimeter>_</delimeter>
    <index>1</index>
  </agentIdGenerator>
  <lastClickedPosition class="java.awt.geom.Point2D$Double">
    <x>214.0</x>
    <y>266.0</y>
  </lastClickedPosition>
</org.simbrain.world.odorworld.OdorWorld>