<html>
<body>
    <h1>Hebbian Learning Model</h1> The Hebbian learning model explains how neural connections
    strengthen over time through repeated activation. This principle
    of "neurons that fire together, wire together" can be used to model a variety of learning situations.
    <br>
    <br>
    In this simulation, we use three types of stimuli: an unconditioned stimulus (US) that naturally
    evokes a "nice" response (cheese), two US that naturally elicits a "yuck" response (poison and fish),
    and three neutral stimulus (NS) that initially do not elicit any particular response (candle, flower, and bell).
    The animal subject in our demo naturally enjoys cheese and is repelled by poison and fish.
    <br>
    <br>
    For Hebbian learning to occur, we expose the mouse to scenarios where the NS (ex; candle) repeatedly
    appears alongside the "nice" US (cheese). Over time, this consistent pairing will lead to the strengthening
    of the neural connections between the perception of the candle and the "nice" response, eventually causing the
    candle itself to elicit a "nice" response even in the absence of cheese.
    <br>
    <h1>Running the simulation</h1>
    In the <b>Network</b> to the left, the first layer of weights should begin unclamped and at 0 activation,
    Hit the 'Play' button and move the mouse around in the environment window on the right.
    <p>
    	<ul>
    		<li>First, we present one of the <b>Neutral Stimuli</b> (ex; candle) within the proximity of the "nice" US (cheese).</li>
            <li>We repeat this sequence multiple times, each time ensuring that the NS and "nice" US appear together.</li>
            <li>As the simulation runs, the weights between the NS and the "nice" response strengthens due to
            the Hebbian learning rule. After a number of iterations, the candle starts to elicit a conditioned "nice"
            response even when the cheese is absent.</li>
    	</ul>
    </p>
    <p>
    	Rearrange the objects in the environment and click on the 'Play' button to initiate the simulation.
        Observe the changes in the strength of the neural connection between the NS and the "nice" response. As the
        NS-US pairing is repeated, this strength increases, indicating the development of a conditioned response.
        Feel free to manipulate the simulation by introducing the "yuck" US (poison or fish) near the NS.
        Observe the changes in the connection strength. You may notice that if the "yuck" US is presented consistently
        with the NS, the response to the NS might start to shift from "nice" to "yuck".
    </p>
    <h1>Notes</h1>
    This simulation is based on Hebb's principle of neural adaptation and learning. It is a simplified model designed to illustrate the core principles of Hebbian learning and is not meant to represent a complete or anatomically accurate model of a human or animal brain.
    <h1>Credits</h1> 
</body>
</html>

