<org.simbrain.network.core.Network>
  <neuronList/>
  <synapseList class="linked-hash-set">
    <org.simbrain.network.core.Synapse>
      <parentNetwork reference="../../.."/>
      <source>
        <updateRule class="org.simbrain.network.neuron_update_rules.NakaRushtonRule">
          <inputType>WEIGHTED</inputType>
          <increment>0.1</increment>
          <steepness>2.0</steepness>
          <semiSaturationConstant>120.0</semiSaturationConstant>
          <adaptationTimeConstant>1.0</adaptationTimeConstant>
          <adaptationParameter>0.7</adaptationParameter>
          <useAdaptation>false</useAdaptation>
          <timeConstant>1.0</timeConstant>
          <noiseGenerator>
            <pdf>UNIFORM</pdf>
            <param1>0.0</param1>
            <param2>1.0</param2>
            <upperBound>1.0</upperBound>
            <lowerBound>0.0</lowerBound>
            <clipping>false</clipping>
          </noiseGenerator>
          <addNoise>false</addNoise>
          <s>0.0</s>
          <a>0.0</a>
          <upperBound>100.0</upperBound>
          <lowerBound>-1.0</lowerBound>
        </updateRule>
        <id>Neuron_26</id>
        <label></label>
        <activation>79.46629662948716</activation>
        <spike>false</spike>
        <buffer>95.40718105202119</buffer>
        <spkBuffer>false</spkBuffer>
        <inputValue>0.0</inputValue>
        <parent reference="../../../.."/>
        <generator>false</generator>
        <x>258.6101659136595</x>
        <y>173.38117608134536</y>
        <z>0.0</z>
        <clamped>false</clamped>
        <targetValue>0.0</targetValue>
        <parentGroup class="org.simbrain.network.groups.NeuronGroup">
          <parentNetwork reference="../../../../.."/>
          <id>Group_1</id>
          <label>Group_1</label>
          <stateInfo></stateInfo>
          <markedForDeletion>false</markedForDeletion>
          <updateRule>Linear</updateRule>
          <isSpikingNeuronGroup>false</isSpikingNeuronGroup>
          <neuronList class="java.util.concurrent.CopyOnWriteArrayList" serialization="custom">
            <java.util.concurrent.CopyOnWriteArrayList>
              <default/>
              <int>9</int>
              <org.simbrain.network.core.Neuron reference="../../../.."/>
              <org.simbrain.network.core.Neuron>
                <updateRule class="org.simbrain.network.neuron_update_rules.NakaRushtonRule">
                  <inputType>WEIGHTED</inputType>
                  <increment>0.1</increment>
                  <steepness>2.0</steepness>
                  <semiSaturationConstant>120.0</semiSaturationConstant>
                  <adaptationTimeConstant>1.0</adaptationTimeConstant>
                  <adaptationParameter>0.7</adaptationParameter>
                  <useAdaptation>false</useAdaptation>
                  <timeConstant>1.0</timeConstant>
                  <noiseGenerator>
                    <pdf>UNIFORM</pdf>
                    <param1>0.0</param1>
                    <param2>1.0</param2>
                    <upperBound>1.0</upperBound>
                    <lowerBound>0.0</lowerBound>
                    <clipping>false</clipping>
                  </noiseGenerator>
                  <addNoise>false</addNoise>
                  <s>0.0</s>
                  <a>0.0</a>
                  <upperBound>100.0</upperBound>
                  <lowerBound>-1.0</lowerBound>
                </updateRule>
                <id>Neuron_27</id>
                <label></label>
                <activation>45.31089960845184</activation>
                <spike>false</spike>
                <buffer>5.180842858637873E-6</buffer>
                <spkBuffer>false</spkBuffer>
                <inputValue>0.0</inputValue>
                <parent reference="../../../../../../../.."/>
                <generator>false</generator>
                <x>308.6101659136595</x>
                <y>173.38117608134536</y>
                <z>0.0</z>
                <clamped>false</clamped>
                <targetValue>0.0</targetValue>
                <parentGroup class="org.simbrain.network.groups.NeuronGroup" reference="../../../.."/>
                <updatePriority>0</updatePriority>
                <auxValue>0.0</auxValue>
              </org.simbrain.network.core.Neuron>
              <org.simbrain.network.core.Neuron>
                <updateRule class="org.simbrain.network.neuron_update_rules.NakaRushtonRule">
                  <inputType>WEIGHTED</inputType>
                  <increment>0.1</increment>
                  <steepness>2.0</steepness>
                  <semiSaturationConstant>120.0</semiSaturationConstant>
                  <adaptationTimeConstant>1.0</adaptationTimeConstant>
                  <adaptationParameter>0.7</adaptationParameter>
                  <useAdaptation>false</useAdaptation>
                  <timeConstant>1.0</timeConstant>
                  <noiseGenerator>
                    <pdf>UNIFORM</pdf>
                    <param1>0.0</param1>
                    <param2>1.0</param2>
                    <upperBound>1.0</upperBound>
                    <lowerBound>0.0</lowerBound>
                    <clipping>false</clipping>
                  </noiseGenerator>
                  <addNoise>false</addNoise>
                  <s>0.0</s>
                  <a>0.0</a>
                  <upperBound>100.0</upperBound>
                  <lowerBound>-1.0</lowerBound>
                </updateRule>
                <id>Neuron_28</id>
                <label></label>
                <activation>80.77797643631921</activation>
                <spike>false</spike>
                <buffer>6.632680786235022E-6</buffer>
                <spkBuffer>false</spkBuffer>
                <inputValue>0.0</inputValue>
                <parent reference="../../../../../../../.."/>
                <generator>false</generator>
                <x>358.6101659136595</x>
                <y>173.38117608134536</y>
                <z>0.0</z>
                <clamped>false</clamped>
                <targetValue>0.0</targetValue>
                <parentGroup class="org.simbrain.network.groups.NeuronGroup" reference="../../../.."/>
                <updatePriority>0</updatePriority>
                <auxValue>0.0</auxValue>
              </org.simbrain.network.core.Neuron>
              <org.simbrain.network.core.Neuron>
                <updateRule class="org.simbrain.network.neuron_update_rules.NakaRushtonRule">
                  <inputType>WEIGHTED</inputType>
                  <increment>0.1</increment>
                  <steepness>2.0</steepness>
                  <semiSaturationConstant>120.0</semiSaturationConstant>
                  <adaptationTimeConstant>1.0</adaptationTimeConstant>
                  <adaptationParameter>0.7</adaptationParameter>
                  <useAdaptation>false</useAdaptation>
                  <timeConstant>1.0</timeConstant>
                  <noiseGenerator>
                    <pdf>UNIFORM</pdf>
                    <param1>0.0</param1>
                    <param2>1.0</param2>
                    <upperBound>1.0</upperBound>
                    <lowerBound>0.0</lowerBound>
                    <clipping>false</clipping>
                  </noiseGenerator>
                  <addNoise>false</addNoise>
                  <s>0.0</s>
                  <a>0.0</a>
                  <upperBound>100.0</upperBound>
                  <lowerBound>-1.0</lowerBound>
                </updateRule>
                <id>Neuron_29</id>
                <label></label>
                <activation>1.8390265298978306</activation>
                <spike>false</spike>
                <buffer>1.4254692864526669E-5</buffer>
                <spkBuffer>false</spkBuffer>
                <inputValue>0.0</inputValue>
                <parent reference="../../../../../../../.."/>
                <generator>false</generator>
                <x>258.6101659136595</x>
                <y>223.38117608134536</y>
                <z>0.0</z>
                <clamped>false</clamped>
                <targetValue>0.0</targetValue>
                <parentGroup class="org.simbrain.network.groups.NeuronGroup" reference="../../../.."/>
                <updatePriority>0</updatePriority>
                <auxValue>0.0</auxValue>
              </org.simbrain.network.core.Neuron>
              <org.simbrain.network.core.Neuron>
                <updateRule class="org.simbrain.network.neuron_update_rules.NakaRushtonRule">
                  <inputType>WEIGHTED</inputType>
                  <increment>0.1</increment>
                  <steepness>2.0</steepness>
                  <semiSaturationConstant>120.0</semiSaturationConstant>
                  <adaptationTimeConstant>1.0</adaptationTimeConstant>
                  <adaptationParameter>0.7</adaptationParameter>
                  <useAdaptation>false</useAdaptation>
                  <timeConstant>1.0</timeConstant>
                  <noiseGenerator>
                    <pdf>UNIFORM</pdf>
                    <param1>0.0</param1>
                    <param2>1.0</param2>
                    <upperBound>1.0</upperBound>
                    <lowerBound>0.0</lowerBound>
                    <clipping>false</clipping>
                  </noiseGenerator>
                  <addNoise>false</addNoise>
                  <s>0.0</s>
                  <a>0.0</a>
                  <upperBound>100.0</upperBound>
                  <lowerBound>-1.0</lowerBound>
                </updateRule>
                <id>Neuron_30</id>
                <label></label>
                <activation>22.57159315581967</activation>
                <spike>false</spike>
                <buffer>96.79146519394223</buffer>
                <spkBuffer>false</spkBuffer>
                <inputValue>0.0</inputValue>
                <parent reference="../../../../../../../.."/>
                <generator>false</generator>
                <x>308.6101659136595</x>
                <y>223.38117608134536</y>
                <z>0.0</z>
                <clamped>false</clamped>
                <targetValue>0.0</targetValue>
                <parentGroup class="org.simbrain.network.groups.NeuronGroup" reference="../../../.."/>
                <updatePriority>0</updatePriority>
                <auxValue>0.0</auxValue>
              </org.simbrain.network.core.Neuron>
              <org.simbrain.network.core.Neuron>
                <updateRule class="org.simbrain.network.neuron_update_rules.NakaRushtonRule">
                  <inputType>WEIGHTED</inputType>
                  <increment>0.1</increment>
                  <steepness>2.0</steepness>
                  <semiSaturationConstant>120.0</semiSaturationConstant>
                  <adaptationTimeConstant>1.0</adaptationTimeConstant>
                  <adaptationParameter>0.7</adaptationParameter>
                  <useAdaptation>false</useAdaptation>
                  <timeConstant>1.0</timeConstant>
                  <noiseGenerator>
                    <pdf>UNIFORM</pdf>
                    <param1>0.0</param1>
                    <param2>1.0</param2>
                    <upperBound>1.0</upperBound>
                    <lowerBound>0.0</lowerBound>
                    <clipping>false</clipping>
                  </noiseGenerator>
                  <addNoise>false</addNoise>
                  <s>0.0</s>
                  <a>0.0</a>
                  <upperBound>100.0</upperBound>
                  <lowerBound>-1.0</lowerBound>
                </updateRule>
                <id>Neuron_31</id>
                <label></label>
                <activation>65.95985484109663</activation>
                <spike>false</spike>
                <buffer>7.320620867924846E-6</buffer>
                <spkBuffer>false</spkBuffer>
                <inputValue>0.0</inputValue>
                <parent reference="../../../../../../../.."/>
                <generator>false</generator>
                <x>358.6101659136595</x>
                <y>223.38117608134536</y>
                <z>0.0</z>
                <clamped>false</clamped>
                <targetValue>0.0</targetValue>
                <parentGroup class="org.simbrain.network.groups.NeuronGroup" reference="../../../.."/>
                <updatePriority>0</updatePriority>
                <auxValue>0.0</auxValue>
              </org.simbrain.network.core.Neuron>
              <org.simbrain.network.core.Neuron>
                <updateRule class="org.simbrain.network.neuron_update_rules.NakaRushtonRule">
                  <inputType>WEIGHTED</inputType>
                  <increment>0.1</increment>
                  <steepness>2.0</steepness>
                  <semiSaturationConstant>120.0</semiSaturationConstant>
                  <adaptationTimeConstant>1.0</adaptationTimeConstant>
                  <adaptationParameter>0.7</adaptationParameter>
                  <useAdaptation>false</useAdaptation>
                  <timeConstant>1.0</timeConstant>
                  <noiseGenerator>
                    <pdf>UNIFORM</pdf>
                    <param1>0.0</param1>
                    <param2>1.0</param2>
                    <upperBound>1.0</upperBound>
                    <lowerBound>0.0</lowerBound>
                    <clipping>false</clipping>
                  </noiseGenerator>
                  <addNoise>false</addNoise>
                  <s>0.0</s>
                  <a>0.0</a>
                  <upperBound>100.0</upperBound>
                  <lowerBound>-1.0</lowerBound>
                </updateRule>
                <id>Neuron_32</id>
                <label></label>
                <activation>63.738030243777146</activation>
                <spike>false</spike>
                <buffer>-1.4063391418903638E-6</buffer>
                <spkBuffer>false</spkBuffer>
                <inputValue>0.0</inputValue>
                <parent reference="../../../../../../../.."/>
                <generator>false</generator>
                <x>258.6101659136595</x>
                <y>273.3811760813455</y>
                <z>0.0</z>
                <clamped>false</clamped>
                <targetValue>0.0</targetValue>
                <parentGroup class="org.simbrain.network.groups.NeuronGroup" reference="../../../.."/>
                <updatePriority>0</updatePriority>
                <auxValue>0.0</auxValue>
              </org.simbrain.network.core.Neuron>
              <org.simbrain.network.core.Neuron>
                <updateRule class="org.simbrain.network.neuron_update_rules.NakaRushtonRule">
                  <inputType>WEIGHTED</inputType>
                  <increment>0.1</increment>
                  <steepness>2.0</steepness>
                  <semiSaturationConstant>120.0</semiSaturationConstant>
                  <adaptationTimeConstant>1.0</adaptationTimeConstant>
                  <adaptationParameter>0.7</adaptationParameter>
                  <useAdaptation>false</useAdaptation>
                  <timeConstant>1.0</timeConstant>
                  <noiseGenerator>
                    <pdf>UNIFORM</pdf>
                    <param1>0.0</param1>
                    <param2>1.0</param2>
                    <upperBound>1.0</upperBound>
                    <lowerBound>0.0</lowerBound>
                    <clipping>false</clipping>
                  </noiseGenerator>
                  <addNoise>false</addNoise>
                  <s>0.0</s>
                  <a>0.0</a>
                  <upperBound>100.0</upperBound>
                  <lowerBound>-1.0</lowerBound>
                </updateRule>
                <id>Neuron_33</id>
                <label></label>
                <activation>74.99907495753237</activation>
                <spike>false</spike>
                <buffer>-1.5827105023973473E-7</buffer>
                <spkBuffer>false</spkBuffer>
                <inputValue>0.0</inputValue>
                <parent reference="../../../../../../../.."/>
                <generator>false</generator>
                <x>308.6101659136595</x>
                <y>273.3811760813455</y>
                <z>0.0</z>
                <clamped>false</clamped>
                <targetValue>0.0</targetValue>
                <parentGroup class="org.simbrain.network.groups.NeuronGroup" reference="../../../.."/>
                <updatePriority>0</updatePriority>
                <auxValue>0.0</auxValue>
              </org.simbrain.network.core.Neuron>
              <org.simbrain.network.core.Neuron>
                <updateRule class="org.simbrain.network.neuron_update_rules.NakaRushtonRule">
                  <inputType>WEIGHTED</inputType>
                  <increment>0.1</increment>
                  <steepness>2.0</steepness>
                  <semiSaturationConstant>120.0</semiSaturationConstant>
                  <adaptationTimeConstant>1.0</adaptationTimeConstant>
                  <adaptationParameter>0.7</adaptationParameter>
                  <useAdaptation>false</useAdaptation>
                  <timeConstant>1.0</timeConstant>
                  <noiseGenerator>
                    <pdf>UNIFORM</pdf>
                    <param1>0.0</param1>
                    <param2>1.0</param2>
                    <upperBound>1.0</upperBound>
                    <lowerBound>0.0</lowerBound>
                    <clipping>false</clipping>
                  </noiseGenerator>
                  <addNoise>false</addNoise>
                  <s>0.0</s>
                  <a>0.0</a>
                  <upperBound>100.0</upperBound>
                  <lowerBound>-1.0</lowerBound>
                </updateRule>
                <id>Neuron_34</id>
                <label></label>
                <activation>10.626928993922366</activation>
                <spike>false</spike>
                <buffer>99.0074261599264</buffer>
                <spkBuffer>false</spkBuffer>
                <inputValue>0.0</inputValue>
                <parent reference="../../../../../../../.."/>
                <generator>false</generator>
                <x>358.6101659136595</x>
                <y>273.3811760813455</y>
                <z>0.0</z>
                <clamped>false</clamped>
                <targetValue>0.0</targetValue>
                <parentGroup class="org.simbrain.network.groups.NeuronGroup" reference="../../../.."/>
                <updatePriority>0</updatePriority>
                <auxValue>0.0</auxValue>
              </org.simbrain.network.core.Neuron>
            </java.util.concurrent.CopyOnWriteArrayList>
          </neuronList>
          <layout class="org.simbrain.network.layouts.GridLayout">
            <initialX>87.0</initialX>
            <initialY>146.0</initialY>
            <numColumns>3</numColumns>
            <hSpacing>50.0</hSpacing>
            <vSpacing>50.0</vSpacing>
            <manualColumns>false</manualColumns>
          </layout>
          <incomingSgs/>
          <outgoingSgs/>
          <gridThreshold>10</gridThreshold>
          <betweenNeuronInterval>50</betweenNeuronInterval>
          <recordAsSpikes>false</recordAsSpikes>
          <recording>false</recording>
          <fileNum>0</fileNum>
          <inputMode>false</inputMode>
          <inputIndex>0</inputIndex>
          <writeCounter>0</writeCounter>
        </parentGroup>
        <updatePriority>0</updatePriority>
        <auxValue>0.0</auxValue>
      </source>
      <target reference="../source/parentGroup/neuronList/java.util.concurrent.CopyOnWriteArrayList/org.simbrain.network.core.Neuron[2]"/>
      <learningRule class="org.simbrain.network.synapse_update_rules.StaticSynapseRule">
        <clipped>false</clipped>
      </learningRule>
      <id>Synapse_1</id>
      <strength>-6.8603727645033175</strength>
      <psr>-654.5283421743236</psr>
      <increment>1.0</increment>
      <upperBound>10.0</upperBound>
      <lowerBound>-10.0</lowerBound>
      <delay>0</delay>
      <enabled>true</enabled>
      <frozen>false</frozen>
      <dlyPtr>0</dlyPtr>
      <dlyVal>0.0</dlyVal>
    </org.simbrain.network.core.Synapse>
    <org.simbrain.network.core.Synapse>
      <parentNetwork reference="../../.."/>
      <source reference="../../org.simbrain.network.core.Synapse/source"/>
      <target reference="../../org.simbrain.network.core.Synapse/source/parentGroup/neuronList/java.util.concurrent.CopyOnWriteArrayList/org.simbrain.network.core.Neuron[3]"/>
      <learningRule class="org.simbrain.network.synapse_update_rules.StaticSynapseRule" reference="../../org.simbrain.network.core.Synapse/learningRule"/>
      <id>Synapse_2</id>
      <strength>-2.180774567581447</strength>
      <psr>-208.06140006859417</psr>
      <increment>1.0</increment>
      <upperBound>10.0</upperBound>
      <lowerBound>-10.0</lowerBound>
      <delay>0</delay>
      <enabled>true</enabled>
      <frozen>false</frozen>
      <dlyPtr>0</dlyPtr>
      <dlyVal>0.0</dlyVal>
    </org.simbrain.network.core.Synapse>
    <org.simbrain.network.core.Synapse>
      <parentNetwork reference="../../.."/>
      <source reference="../../org.simbrain.network.core.Synapse/source"/>
      <target reference="../../org.simbrain.network.core.Synapse/source/parentGroup/neuronList/java.util.concurrent.CopyOnWriteArrayList/org.simbrain.network.core.Neuron[4]"/>
      <learningRule class="org.simbrain.network.synapse_update_rules.StaticSynapseRule" reference="../../org.simbrain.network.core.Synapse/learningRule"/>
      <id>Synapse_3</id>
      <strength>-4.5724409636096315</strength>
      <psr>-436.24338010998054</psr>
      <increment>1.0</increment>
      <upperBound>10.0</upperBound>
      <lowerBound>-10.0</lowerBound>
      <delay>0</delay>
      <enabled>true</enabled>
      <frozen>false</frozen>
      <dlyPtr>0</dlyPtr>
      <dlyVal>0.0</dlyVal>
    </org.simbrain.network.core.Synapse>
    <org.simbrain.network.core.Synapse>
      <parentNetwork reference="../../.."/>
      <source reference="../../org.simbrain.network.core.Synapse/source"/>
      <target reference="../../org.simbrain.network.core.Synapse/source/parentGroup/neuronList/java.util.concurrent.CopyOnWriteArrayList/org.simbrain.network.core.Neuron[5]"/>
      <learningRule class="org.simbrain.network.synapse_update_rules.StaticSynapseRule" reference="../../org.simbrain.network.core.Synapse/learningRule"/>
      <id>Synapse_4</id>
      <strength>8.849854070208707</strength>
      <psr>844.3390048758909</psr>
      <increment>1.0</increment>
      <upperBound>10.0</upperBound>
      <lowerBound>-10.0</lowerBound>
      <delay>0</delay>
      <enabled>true</enabled>
      <frozen>false</frozen>
      <dlyPtr>0</dlyPtr>
      <dlyVal>0.0</dlyVal>
    </org.simbrain.network.core.Synapse>
    <org.simbrain.network.core.Synapse>
      <parentNetwork reference="../../.."/>
      <source reference="../../org.simbrain.network.core.Synapse/source"/>
      <target reference="../../org.simbrain.network.core.Synapse/source/parentGroup/neuronList/java.util.concurrent.CopyOnWriteArrayList/org.simbrain.network.core.Neuron[6]"/>
      <learningRule class="org.simbrain.network.synapse_update_rules.StaticSynapseRule" reference="../../org.simbrain.network.core.Synapse/learningRule"/>
      <id>Synapse_5</id>
      <strength>4.0526025828040275</strength>
      <psr>386.6471022884925</psr>
      <increment>1.0</increment>
      <upperBound>10.0</upperBound>
      <lowerBound>-10.0</lowerBound>
      <delay>0</delay>
      <enabled>true</enabled>
      <frozen>false</frozen>
      <dlyPtr>0</dlyPtr>
      <dlyVal>0.0</dlyVal>
    </org.simbrain.network.core.Synapse>
    <org.simbrain.network.core.Synapse>
      <parentNetwork reference="../../.."/>
      <source reference="../../org.simbrain.network.core.Synapse/source"/>
      <target reference="../../org.simbrain.network.core.Synapse/source/parentGroup/neuronList/java.util.concurrent.CopyOnWriteArrayList/org.simbrain.network.core.Neuron[7]"/>
      <learningRule class="org.simbrain.network.synapse_update_rules.StaticSynapseRule" reference="../../org.simbrain.network.core.Synapse/learningRule"/>
      <id>Synapse_6</id>
      <strength>2.497762953151053</strength>
      <psr>238.3043459867684</psr>
      <increment>1.0</increment>
      <upperBound>10.0</upperBound>
      <lowerBound>-10.0</lowerBound>
      <delay>0</delay>
      <enabled>true</enabled>
      <frozen>false</frozen>
      <dlyPtr>0</dlyPtr>
      <dlyVal>0.0</dlyVal>
    </org.simbrain.network.core.Synapse>
    <org.simbrain.network.core.Synapse>
      <parentNetwork reference="../../.."/>
      <source reference="../../org.simbrain.network.core.Synapse/source"/>
      <target reference="../../org.simbrain.network.core.Synapse/source/parentGroup/neuronList/java.util.concurrent.CopyOnWriteArrayList/org.simbrain.network.core.Neuron[8]"/>
      <learningRule class="org.simbrain.network.synapse_update_rules.StaticSynapseRule" reference="../../org.simbrain.network.core.Synapse/learningRule"/>
      <id>Synapse_7</id>
      <strength>-8.757765315390033</strength>
      <psr>-835.5530828723175</psr>
      <increment>1.0</increment>
      <upperBound>10.0</upperBound>
      <lowerBound>-10.0</lowerBound>
      <delay>0</delay>
      <enabled>true</enabled>
      <frozen>false</frozen>
      <dlyPtr>0</dlyPtr>
      <dlyVal>0.0</dlyVal>
    </org.simbrain.network.core.Synapse>
    <org.simbrain.network.core.Synapse>
      <parentNetwork reference="../../.."/>
      <source reference="../../org.simbrain.network.core.Synapse/source"/>
      <target reference="../../org.simbrain.network.core.Synapse/source/parentGroup/neuronList/java.util.concurrent.CopyOnWriteArrayList/org.simbrain.network.core.Neuron[9]"/>
      <learningRule class="org.simbrain.network.synapse_update_rules.StaticSynapseRule" reference="../../org.simbrain.network.core.Synapse/learningRule"/>
      <id>Synapse_8</id>
      <strength>3.792842589786275</strength>
      <psr>361.8641519402496</psr>
      <increment>1.0</increment>
      <upperBound>10.0</upperBound>
      <lowerBound>-10.0</lowerBound>
      <delay>0</delay>
      <enabled>true</enabled>
      <frozen>false</frozen>
      <dlyPtr>0</dlyPtr>
      <dlyVal>0.0</dlyVal>
    </org.simbrain.network.core.Synapse>
    <org.simbrain.network.core.Synapse>
      <parentNetwork reference="../../.."/>
      <source reference="../../org.simbrain.network.core.Synapse/source/parentGroup/neuronList/java.util.concurrent.CopyOnWriteArrayList/org.simbrain.network.core.Neuron[2]"/>
      <target reference="../../org.simbrain.network.core.Synapse/source"/>
      <learningRule class="org.simbrain.network.synapse_update_rules.StaticSynapseRule" reference="../../org.simbrain.network.core.Synapse/learningRule"/>
      <id>Synapse_9</id>
      <strength>3.903698226964</strength>
      <psr>2.2471607868270854E-5</psr>
      <increment>1.0</increment>
      <upperBound>10.0</upperBound>
      <lowerBound>-10.0</lowerBound>
      <delay>0</delay>
      <enabled>true</enabled>
      <frozen>false</frozen>
      <dlyPtr>0</dlyPtr>
      <dlyVal>0.0</dlyVal>
    </org.simbrain.network.core.Synapse>
    <org.simbrain.network.core.Synapse>
      <parentNetwork reference="../../.."/>
      <source reference="../../org.simbrain.network.core.Synapse/source/parentGroup/neuronList/java.util.concurrent.CopyOnWriteArrayList/org.simbrain.network.core.Neuron[2]"/>
      <target reference="../../org.simbrain.network.core.Synapse/source/parentGroup/neuronList/java.util.concurrent.CopyOnWriteArrayList/org.simbrain.network.core.Neuron[3]"/>
      <learningRule class="org.simbrain.network.synapse_update_rules.StaticSynapseRule" reference="../../org.simbrain.network.core.Synapse/learningRule"/>
      <id>Synapse_10</id>
      <strength>6.86011281149549</strength>
      <psr>3.949018496542955E-5</psr>
      <increment>1.0</increment>
      <upperBound>10.0</upperBound>
      <lowerBound>-10.0</lowerBound>
      <delay>0</delay>
      <enabled>true</enabled>
      <frozen>false</frozen>
      <dlyPtr>0</dlyPtr>
      <dlyVal>0.0</dlyVal>
    </org.simbrain.network.core.Synapse>
    <org.simbrain.network.core.Synapse>
      <parentNetwork reference="../../.."/>
      <source reference="../../org.simbrain.network.core.Synapse/source/parentGroup/neuronList/java.util.concurrent.CopyOnWriteArrayList/org.simbrain.network.core.Neuron[2]"/>
      <target reference="../../org.simbrain.network.core.Synapse/source/parentGroup/neuronList/java.util.concurrent.CopyOnWriteArrayList/org.simbrain.network.core.Neuron[4]"/>
      <learningRule class="org.simbrain.network.synapse_update_rules.StaticSynapseRule" reference="../../org.simbrain.network.core.Synapse/learningRule"/>
      <id>Synapse_11</id>
      <strength>-0.5123958865886458</strength>
      <psr>-2.9496028553646748E-6</psr>
      <increment>1.0</increment>
      <upperBound>10.0</upperBound>
      <lowerBound>-10.0</lowerBound>
      <delay>0</delay>
      <enabled>true</enabled>
      <frozen>false</frozen>
      <dlyPtr>0</dlyPtr>
      <dlyVal>0.0</dlyVal>
    </org.simbrain.network.core.Synapse>
    <org.simbrain.network.core.Synapse>
      <parentNetwork reference="../../.."/>
      <source reference="../../org.simbrain.network.core.Synapse/source/parentGroup/neuronList/java.util.concurrent.CopyOnWriteArrayList/org.simbrain.network.core.Neuron[2]"/>
      <target reference="../../org.simbrain.network.core.Synapse/source/parentGroup/neuronList/java.util.concurrent.CopyOnWriteArrayList/org.simbrain.network.core.Neuron[5]"/>
      <learningRule class="org.simbrain.network.synapse_update_rules.StaticSynapseRule" reference="../../org.simbrain.network.core.Synapse/learningRule"/>
      <id>Synapse_12</id>
      <strength>1.3177222778833215</strength>
      <psr>7.585457836710931E-6</psr>
      <increment>1.0</increment>
      <upperBound>10.0</upperBound>
      <lowerBound>-10.0</lowerBound>
      <delay>0</delay>
      <enabled>true</enabled>
      <frozen>false</frozen>
      <dlyPtr>0</dlyPtr>
      <dlyVal>0.0</dlyVal>
    </org.simbrain.network.core.Synapse>
    <org.simbrain.network.core.Synapse>
      <parentNetwork reference="../../.."/>
      <source reference="../../org.simbrain.network.core.Synapse/source/parentGroup/neuronList/java.util.concurrent.CopyOnWriteArrayList/org.simbrain.network.core.Neuron[2]"/>
      <target reference="../../org.simbrain.network.core.Synapse/source/parentGroup/neuronList/java.util.concurrent.CopyOnWriteArrayList/org.simbrain.network.core.Neuron[6]"/>
      <learningRule class="org.simbrain.network.synapse_update_rules.StaticSynapseRule" reference="../../org.simbrain.network.core.Synapse/learningRule"/>
      <id>Synapse_13</id>
      <strength>9.848722072369537</strength>
      <psr>5.669409046149435E-5</psr>
      <increment>1.0</increment>
      <upperBound>10.0</upperBound>
      <lowerBound>-10.0</lowerBound>
      <delay>0</delay>
      <enabled>true</enabled>
      <frozen>false</frozen>
      <dlyPtr>0</dlyPtr>
      <dlyVal>0.0</dlyVal>
    </org.simbrain.network.core.Synapse>
    <org.simbrain.network.core.Synapse>
      <parentNetwork reference="../../.."/>
      <source reference="../../org.simbrain.network.core.Synapse/source/parentGroup/neuronList/java.util.concurrent.CopyOnWriteArrayList/org.simbrain.network.core.Neuron[2]"/>
      <target reference="../../org.simbrain.network.core.Synapse/source/parentGroup/neuronList/java.util.concurrent.CopyOnWriteArrayList/org.simbrain.network.core.Neuron[7]"/>
      <learningRule class="org.simbrain.network.synapse_update_rules.StaticSynapseRule" reference="../../org.simbrain.network.core.Synapse/learningRule"/>
      <id>Synapse_14</id>
      <strength>6.101261288831509</strength>
      <psr>3.5121862196584925E-5</psr>
      <increment>1.0</increment>
      <upperBound>10.0</upperBound>
      <lowerBound>-10.0</lowerBound>
      <delay>0</delay>
      <enabled>true</enabled>
      <frozen>false</frozen>
      <dlyPtr>0</dlyPtr>
      <dlyVal>0.0</dlyVal>
    </org.simbrain.network.core.Synapse>
    <org.simbrain.network.core.Synapse>
      <parentNetwork reference="../../.."/>
      <source reference="../../org.simbrain.network.core.Synapse/source/parentGroup/neuronList/java.util.concurrent.CopyOnWriteArrayList/org.simbrain.network.core.Neuron[2]"/>
      <target reference="../../org.simbrain.network.core.Synapse/source/parentGroup/neuronList/java.util.concurrent.CopyOnWriteArrayList/org.simbrain.network.core.Neuron[8]"/>
      <learningRule class="org.simbrain.network.synapse_update_rules.StaticSynapseRule" reference="../../org.simbrain.network.core.Synapse/learningRule"/>
      <id>Synapse_15</id>
      <strength>-3.423972862518278</strength>
      <psr>-1.9710072614386332E-5</psr>
      <increment>1.0</increment>
      <upperBound>10.0</upperBound>
      <lowerBound>-10.0</lowerBound>
      <delay>0</delay>
      <enabled>true</enabled>
      <frozen>false</frozen>
      <dlyPtr>0</dlyPtr>
      <dlyVal>0.0</dlyVal>
    </org.simbrain.network.core.Synapse>
    <org.simbrain.network.core.Synapse>
      <parentNetwork reference="../../.."/>
      <source reference="../../org.simbrain.network.core.Synapse/source/parentGroup/neuronList/java.util.concurrent.CopyOnWriteArrayList/org.simbrain.network.core.Neuron[2]"/>
      <target reference="../../org.simbrain.network.core.Synapse/source/parentGroup/neuronList/java.util.concurrent.CopyOnWriteArrayList/org.simbrain.network.core.Neuron[9]"/>
      <learningRule class="org.simbrain.network.synapse_update_rules.StaticSynapseRule" reference="../../org.simbrain.network.core.Synapse/learningRule"/>
      <id>Synapse_16</id>
      <strength>9.593734606550694</strength>
      <psr>5.5226257137794655E-5</psr>
      <increment>1.0</increment>
      <upperBound>10.0</upperBound>
      <lowerBound>-10.0</lowerBound>
      <delay>0</delay>
      <enabled>true</enabled>
      <frozen>false</frozen>
      <dlyPtr>0</dlyPtr>
      <dlyVal>0.0</dlyVal>
    </org.simbrain.network.core.Synapse>
    <org.simbrain.network.core.Synapse>
      <parentNetwork reference="../../.."/>
      <source reference="../../org.simbrain.network.core.Synapse/source/parentGroup/neuronList/java.util.concurrent.CopyOnWriteArrayList/org.simbrain.network.core.Neuron[3]"/>
      <target reference="../../org.simbrain.network.core.Synapse/source"/>
      <learningRule class="org.simbrain.network.synapse_update_rules.StaticSynapseRule" reference="../../org.simbrain.network.core.Synapse/learningRule"/>
      <id>Synapse_17</id>
      <strength>-7.045201744873091</strength>
      <psr>-5.192063805374355E-5</psr>
      <increment>1.0</increment>
      <upperBound>10.0</upperBound>
      <lowerBound>-10.0</lowerBound>
      <delay>0</delay>
      <enabled>true</enabled>
      <frozen>false</frozen>
      <dlyPtr>0</dlyPtr>
      <dlyVal>0.0</dlyVal>
    </org.simbrain.network.core.Synapse>
    <org.simbrain.network.core.Synapse>
      <parentNetwork reference="../../.."/>
      <source reference="../../org.simbrain.network.core.Synapse/source/parentGroup/neuronList/java.util.concurrent.CopyOnWriteArrayList/org.simbrain.network.core.Neuron[3]"/>
      <target reference="../../org.simbrain.network.core.Synapse/source/parentGroup/neuronList/java.util.concurrent.CopyOnWriteArrayList/org.simbrain.network.core.Neuron[2]"/>
      <learningRule class="org.simbrain.network.synapse_update_rules.StaticSynapseRule" reference="../../org.simbrain.network.core.Synapse/learningRule"/>
      <id>Synapse_18</id>
      <strength>-3.3815128650814774</strength>
      <psr>-2.492055045403606E-5</psr>
      <increment>1.0</increment>
      <upperBound>10.0</upperBound>
      <lowerBound>-10.0</lowerBound>
      <delay>0</delay>
      <enabled>true</enabled>
      <frozen>false</frozen>
      <dlyPtr>0</dlyPtr>
      <dlyVal>0.0</dlyVal>
    </org.simbrain.network.core.Synapse>
    <org.simbrain.network.core.Synapse>
      <parentNetwork reference="../../.."/>
      <source reference="../../org.simbrain.network.core.Synapse/source/parentGroup/neuronList/java.util.concurrent.CopyOnWriteArrayList/org.simbrain.network.core.Neuron[3]"/>
      <target reference="../../org.simbrain.network.core.Synapse/source/parentGroup/neuronList/java.util.concurrent.CopyOnWriteArrayList/org.simbrain.network.core.Neuron[4]"/>
      <learningRule class="org.simbrain.network.synapse_update_rules.StaticSynapseRule" reference="../../org.simbrain.network.core.Synapse/learningRule"/>
      <id>Synapse_19</id>
      <strength>-4.786107676973332</strength>
      <psr>-3.527191603323661E-5</psr>
      <increment>1.0</increment>
      <upperBound>10.0</upperBound>
      <lowerBound>-10.0</lowerBound>
      <delay>0</delay>
      <enabled>true</enabled>
      <frozen>false</frozen>
      <dlyPtr>0</dlyPtr>
      <dlyVal>0.0</dlyVal>
    </org.simbrain.network.core.Synapse>
    <org.simbrain.network.core.Synapse>
      <parentNetwork reference="../../.."/>
      <source reference="../../org.simbrain.network.core.Synapse/source/parentGroup/neuronList/java.util.concurrent.CopyOnWriteArrayList/org.simbrain.network.core.Neuron[3]"/>
      <target reference="../../org.simbrain.network.core.Synapse/source/parentGroup/neuronList/java.util.concurrent.CopyOnWriteArrayList/org.simbrain.network.core.Neuron[5]"/>
      <learningRule class="org.simbrain.network.synapse_update_rules.StaticSynapseRule" reference="../../org.simbrain.network.core.Synapse/learningRule"/>
      <id>Synapse_20</id>
      <strength>6.472431878816607</strength>
      <psr>4.769952729204661E-5</psr>
      <increment>1.0</increment>
      <upperBound>10.0</upperBound>
      <lowerBound>-10.0</lowerBound>
      <delay>0</delay>
      <enabled>true</enabled>
      <frozen>false</frozen>
      <dlyPtr>0</dlyPtr>
      <dlyVal>0.0</dlyVal>
    </org.simbrain.network.core.Synapse>
    <org.simbrain.network.core.Synapse>
      <parentNetwork reference="../../.."/>
      <source reference="../../org.simbrain.network.core.Synapse/source/parentGroup/neuronList/java.util.concurrent.CopyOnWriteArrayList/org.simbrain.network.core.Neuron[3]"/>
      <target reference="../../org.simbrain.network.core.Synapse/source/parentGroup/neuronList/java.util.concurrent.CopyOnWriteArrayList/org.simbrain.network.core.Neuron[6]"/>
      <learningRule class="org.simbrain.network.synapse_update_rules.StaticSynapseRule" reference="../../org.simbrain.network.core.Synapse/learningRule"/>
      <id>Synapse_21</id>
      <strength>-9.416787891909213</strength>
      <psr>-6.939838679857425E-5</psr>
      <increment>1.0</increment>
      <upperBound>10.0</upperBound>
      <lowerBound>-10.0</lowerBound>
      <delay>0</delay>
      <enabled>true</enabled>
      <frozen>false</frozen>
      <dlyPtr>0</dlyPtr>
      <dlyVal>0.0</dlyVal>
    </org.simbrain.network.core.Synapse>
    <org.simbrain.network.core.Synapse>
      <parentNetwork reference="../../.."/>
      <source reference="../../org.simbrain.network.core.Synapse/source/parentGroup/neuronList/java.util.concurrent.CopyOnWriteArrayList/org.simbrain.network.core.Neuron[3]"/>
      <target reference="../../org.simbrain.network.core.Synapse/source/parentGroup/neuronList/java.util.concurrent.CopyOnWriteArrayList/org.simbrain.network.core.Neuron[7]"/>
      <learningRule class="org.simbrain.network.synapse_update_rules.StaticSynapseRule" reference="../../org.simbrain.network.core.Synapse/learningRule"/>
      <id>Synapse_22</id>
      <strength>0.03992755523890601</strength>
      <psr>2.942519205271437E-7</psr>
      <increment>1.0</increment>
      <upperBound>10.0</upperBound>
      <lowerBound>-10.0</lowerBound>
      <delay>0</delay>
      <enabled>true</enabled>
      <frozen>false</frozen>
      <dlyPtr>0</dlyPtr>
      <dlyVal>0.0</dlyVal>
    </org.simbrain.network.core.Synapse>
    <org.simbrain.network.core.Synapse>
      <parentNetwork reference="../../.."/>
      <source reference="../../org.simbrain.network.core.Synapse/source/parentGroup/neuronList/java.util.concurrent.CopyOnWriteArrayList/org.simbrain.network.core.Neuron[3]"/>
      <target reference="../../org.simbrain.network.core.Synapse/source/parentGroup/neuronList/java.util.concurrent.CopyOnWriteArrayList/org.simbrain.network.core.Neuron[8]"/>
      <learningRule class="org.simbrain.network.synapse_update_rules.StaticSynapseRule" reference="../../org.simbrain.network.core.Synapse/learningRule"/>
      <id>Synapse_23</id>
      <strength>-1.790587626827298</strength>
      <psr>-1.3195995720586204E-5</psr>
      <increment>1.0</increment>
      <upperBound>10.0</upperBound>
      <lowerBound>-10.0</lowerBound>
      <delay>0</delay>
      <enabled>true</enabled>
      <frozen>false</frozen>
      <dlyPtr>0</dlyPtr>
      <dlyVal>0.0</dlyVal>
    </org.simbrain.network.core.Synapse>
    <org.simbrain.network.core.Synapse>
      <parentNetwork reference="../../.."/>
      <source reference="../../org.simbrain.network.core.Synapse/source/parentGroup/neuronList/java.util.concurrent.CopyOnWriteArrayList/org.simbrain.network.core.Neuron[3]"/>
      <target reference="../../org.simbrain.network.core.Synapse/source/parentGroup/neuronList/java.util.concurrent.CopyOnWriteArrayList/org.simbrain.network.core.Neuron[9]"/>
      <learningRule class="org.simbrain.network.synapse_update_rules.StaticSynapseRule" reference="../../org.simbrain.network.core.Synapse/learningRule"/>
      <id>Synapse_24</id>
      <strength>3.621849187238972</strength>
      <psr>2.669174390537873E-5</psr>
      <increment>1.0</increment>
      <upperBound>10.0</upperBound>
      <lowerBound>-10.0</lowerBound>
      <delay>0</delay>
      <enabled>true</enabled>
      <frozen>false</frozen>
      <dlyPtr>0</dlyPtr>
      <dlyVal>0.0</dlyVal>
    </org.simbrain.network.core.Synapse>
    <org.simbrain.network.core.Synapse>
      <parentNetwork reference="../../.."/>
      <source reference="../../org.simbrain.network.core.Synapse/source/parentGroup/neuronList/java.util.concurrent.CopyOnWriteArrayList/org.simbrain.network.core.Neuron[4]"/>
      <target reference="../../org.simbrain.network.core.Synapse/source"/>
      <learningRule class="org.simbrain.network.synapse_update_rules.StaticSynapseRule" reference="../../org.simbrain.network.core.Synapse/learningRule"/>
      <id>Synapse_25</id>
      <strength>7.109067311364882</strength>
      <psr>1.1259730119639197E-4</psr>
      <increment>1.0</increment>
      <upperBound>10.0</upperBound>
      <lowerBound>-10.0</lowerBound>
      <delay>0</delay>
      <enabled>true</enabled>
      <frozen>false</frozen>
      <dlyPtr>0</dlyPtr>
      <dlyVal>0.0</dlyVal>
    </org.simbrain.network.core.Synapse>
    <org.simbrain.network.core.Synapse>
      <parentNetwork reference="../../.."/>
      <source reference="../../org.simbrain.network.core.Synapse/source/parentGroup/neuronList/java.util.concurrent.CopyOnWriteArrayList/org.simbrain.network.core.Neuron[4]"/>
      <target reference="../../org.simbrain.network.core.Synapse/source/parentGroup/neuronList/java.util.concurrent.CopyOnWriteArrayList/org.simbrain.network.core.Neuron[2]"/>
      <learningRule class="org.simbrain.network.synapse_update_rules.StaticSynapseRule" reference="../../org.simbrain.network.core.Synapse/learningRule"/>
      <id>Synapse_26</id>
      <strength>-9.88443771606968</strength>
      <psr>-1.5655513753457418E-4</psr>
      <increment>1.0</increment>
      <upperBound>10.0</upperBound>
      <lowerBound>-10.0</lowerBound>
      <delay>0</delay>
      <enabled>true</enabled>
      <frozen>false</frozen>
      <dlyPtr>0</dlyPtr>
      <dlyVal>0.0</dlyVal>
    </org.simbrain.network.core.Synapse>
    <org.simbrain.network.core.Synapse>
      <parentNetwork reference="../../.."/>
      <source reference="../../org.simbrain.network.core.Synapse/source/parentGroup/neuronList/java.util.concurrent.CopyOnWriteArrayList/org.simbrain.network.core.Neuron[4]"/>
      <target reference="../../org.simbrain.network.core.Synapse/source/parentGroup/neuronList/java.util.concurrent.CopyOnWriteArrayList/org.simbrain.network.core.Neuron[3]"/>
      <learningRule class="org.simbrain.network.synapse_update_rules.StaticSynapseRule" reference="../../org.simbrain.network.core.Synapse/learningRule"/>
      <id>Synapse_27</id>
      <strength>-6.277603527490689</strength>
      <psr>-9.942812245516553E-5</psr>
      <increment>1.0</increment>
      <upperBound>10.0</upperBound>
      <lowerBound>-10.0</lowerBound>
      <delay>0</delay>
      <enabled>true</enabled>
      <frozen>false</frozen>
      <dlyPtr>0</dlyPtr>
      <dlyVal>0.0</dlyVal>
    </org.simbrain.network.core.Synapse>
    <org.simbrain.network.core.Synapse>
      <parentNetwork reference="../../.."/>
      <source reference="../../org.simbrain.network.core.Synapse/source/parentGroup/neuronList/java.util.concurrent.CopyOnWriteArrayList/org.simbrain.network.core.Neuron[4]"/>
      <target reference="../../org.simbrain.network.core.Synapse/source/parentGroup/neuronList/java.util.concurrent.CopyOnWriteArrayList/org.simbrain.network.core.Neuron[5]"/>
      <learningRule class="org.simbrain.network.synapse_update_rules.StaticSynapseRule" reference="../../org.simbrain.network.core.Synapse/learningRule"/>
      <id>Synapse_28</id>
      <strength>9.45295593114745</strength>
      <psr>1.497210927337918E-4</psr>
      <increment>1.0</increment>
      <upperBound>10.0</upperBound>
      <lowerBound>-10.0</lowerBound>
      <delay>0</delay>
      <enabled>true</enabled>
      <frozen>false</frozen>
      <dlyPtr>0</dlyPtr>
      <dlyVal>0.0</dlyVal>
    </org.simbrain.network.core.Synapse>
    <org.simbrain.network.core.Synapse>
      <parentNetwork reference="../../.."/>
      <source reference="../../org.simbrain.network.core.Synapse/source/parentGroup/neuronList/java.util.concurrent.CopyOnWriteArrayList/org.simbrain.network.core.Neuron[4]"/>
      <target reference="../../org.simbrain.network.core.Synapse/source/parentGroup/neuronList/java.util.concurrent.CopyOnWriteArrayList/org.simbrain.network.core.Neuron[6]"/>
      <learningRule class="org.simbrain.network.synapse_update_rules.StaticSynapseRule" reference="../../org.simbrain.network.core.Synapse/learningRule"/>
      <id>Synapse_29</id>
      <strength>0.5992114982124477</strength>
      <psr>9.490639853234792E-6</psr>
      <increment>1.0</increment>
      <upperBound>10.0</upperBound>
      <lowerBound>-10.0</lowerBound>
      <delay>0</delay>
      <enabled>true</enabled>
      <frozen>false</frozen>
      <dlyPtr>0</dlyPtr>
      <dlyVal>0.0</dlyVal>
    </org.simbrain.network.core.Synapse>
    <org.simbrain.network.core.Synapse>
      <parentNetwork reference="../../.."/>
      <source reference="../../org.simbrain.network.core.Synapse/source/parentGroup/neuronList/java.util.concurrent.CopyOnWriteArrayList/org.simbrain.network.core.Neuron[4]"/>
      <target reference="../../org.simbrain.network.core.Synapse/source/parentGroup/neuronList/java.util.concurrent.CopyOnWriteArrayList/org.simbrain.network.core.Neuron[7]"/>
      <learningRule class="org.simbrain.network.synapse_update_rules.StaticSynapseRule" reference="../../org.simbrain.network.core.Synapse/learningRule"/>
      <id>Synapse_30</id>
      <strength>-3.2038282395086215</strength>
      <psr>-5.074398616099176E-5</psr>
      <increment>1.0</increment>
      <upperBound>10.0</upperBound>
      <lowerBound>-10.0</lowerBound>
      <delay>0</delay>
      <enabled>true</enabled>
      <frozen>false</frozen>
      <dlyPtr>0</dlyPtr>
      <dlyVal>0.0</dlyVal>
    </org.simbrain.network.core.Synapse>
    <org.simbrain.network.core.Synapse>
      <parentNetwork reference="../../.."/>
      <source reference="../../org.simbrain.network.core.Synapse/source/parentGroup/neuronList/java.util.concurrent.CopyOnWriteArrayList/org.simbrain.network.core.Neuron[4]"/>
      <target reference="../../org.simbrain.network.core.Synapse/source/parentGroup/neuronList/java.util.concurrent.CopyOnWriteArrayList/org.simbrain.network.core.Neuron[8]"/>
      <learningRule class="org.simbrain.network.synapse_update_rules.StaticSynapseRule" reference="../../org.simbrain.network.core.Synapse/learningRule"/>
      <id>Synapse_31</id>
      <strength>-7.678402409940272</strength>
      <psr>-1.2161474227104441E-4</psr>
      <increment>1.0</increment>
      <upperBound>10.0</upperBound>
      <lowerBound>-10.0</lowerBound>
      <delay>0</delay>
      <enabled>true</enabled>
      <frozen>false</frozen>
      <dlyPtr>0</dlyPtr>
      <dlyVal>0.0</dlyVal>
    </org.simbrain.network.core.Synapse>
    <org.simbrain.network.core.Synapse>
      <parentNetwork reference="../../.."/>
      <source reference="../../org.simbrain.network.core.Synapse/source/parentGroup/neuronList/java.util.concurrent.CopyOnWriteArrayList/org.simbrain.network.core.Neuron[4]"/>
      <target reference="../../org.simbrain.network.core.Synapse/source/parentGroup/neuronList/java.util.concurrent.CopyOnWriteArrayList/org.simbrain.network.core.Neuron[9]"/>
      <learningRule class="org.simbrain.network.synapse_update_rules.StaticSynapseRule" reference="../../org.simbrain.network.core.Synapse/learningRule"/>
      <id>Synapse_32</id>
      <strength>-6.857526493666761</strength>
      <psr>-1.0861325997508241E-4</psr>
      <increment>1.0</increment>
      <upperBound>10.0</upperBound>
      <lowerBound>-10.0</lowerBound>
      <delay>0</delay>
      <enabled>true</enabled>
      <frozen>false</frozen>
      <dlyPtr>0</dlyPtr>
      <dlyVal>0.0</dlyVal>
    </org.simbrain.network.core.Synapse>
    <org.simbrain.network.core.Synapse>
      <parentNetwork reference="../../.."/>
      <source reference="../../org.simbrain.network.core.Synapse/source/parentGroup/neuronList/java.util.concurrent.CopyOnWriteArrayList/org.simbrain.network.core.Neuron[5]"/>
      <target reference="../../org.simbrain.network.core.Synapse/source"/>
      <learningRule class="org.simbrain.network.synapse_update_rules.StaticSynapseRule" reference="../../org.simbrain.network.core.Synapse/learningRule"/>
      <id>Synapse_33</id>
      <strength>-0.3480710259342885</strength>
      <psr>-33.69027726350215</psr>
      <increment>1.0</increment>
      <upperBound>10.0</upperBound>
      <lowerBound>-10.0</lowerBound>
      <delay>0</delay>
      <enabled>true</enabled>
      <frozen>false</frozen>
      <dlyPtr>0</dlyPtr>
      <dlyVal>0.0</dlyVal>
    </org.simbrain.network.core.Synapse>
    <org.simbrain.network.core.Synapse>
      <parentNetwork reference="../../.."/>
      <source reference="../../org.simbrain.network.core.Synapse/source/parentGroup/neuronList/java.util.concurrent.CopyOnWriteArrayList/org.simbrain.network.core.Neuron[5]"/>
      <target reference="../../org.simbrain.network.core.Synapse/source/parentGroup/neuronList/java.util.concurrent.CopyOnWriteArrayList/org.simbrain.network.core.Neuron[2]"/>
      <learningRule class="org.simbrain.network.synapse_update_rules.StaticSynapseRule" reference="../../org.simbrain.network.core.Synapse/learningRule"/>
      <id>Synapse_34</id>
      <strength>-4.873380211734686</strength>
      <psr>-471.7012285153622</psr>
      <increment>1.0</increment>
      <upperBound>10.0</upperBound>
      <lowerBound>-10.0</lowerBound>
      <delay>0</delay>
      <enabled>true</enabled>
      <frozen>false</frozen>
      <dlyPtr>0</dlyPtr>
      <dlyVal>0.0</dlyVal>
    </org.simbrain.network.core.Synapse>
    <org.simbrain.network.core.Synapse>
      <parentNetwork reference="../../.."/>
      <source reference="../../org.simbrain.network.core.Synapse/source/parentGroup/neuronList/java.util.concurrent.CopyOnWriteArrayList/org.simbrain.network.core.Neuron[5]"/>
      <target reference="../../org.simbrain.network.core.Synapse/source/parentGroup/neuronList/java.util.concurrent.CopyOnWriteArrayList/org.simbrain.network.core.Neuron[3]"/>
      <learningRule class="org.simbrain.network.synapse_update_rules.StaticSynapseRule" reference="../../org.simbrain.network.core.Synapse/learningRule"/>
      <id>Synapse_35</id>
      <strength>-2.5152348420938004</strength>
      <psr>-243.4530681934981</psr>
      <increment>1.0</increment>
      <upperBound>10.0</upperBound>
      <lowerBound>-10.0</lowerBound>
      <delay>0</delay>
      <enabled>true</enabled>
      <frozen>false</frozen>
      <dlyPtr>0</dlyPtr>
      <dlyVal>0.0</dlyVal>
    </org.simbrain.network.core.Synapse>
    <org.simbrain.network.core.Synapse>
      <parentNetwork reference="../../.."/>
      <source reference="../../org.simbrain.network.core.Synapse/source/parentGroup/neuronList/java.util.concurrent.CopyOnWriteArrayList/org.simbrain.network.core.Neuron[5]"/>
      <target reference="../../org.simbrain.network.core.Synapse/source/parentGroup/neuronList/java.util.concurrent.CopyOnWriteArrayList/org.simbrain.network.core.Neuron[4]"/>
      <learningRule class="org.simbrain.network.synapse_update_rules.StaticSynapseRule" reference="../../org.simbrain.network.core.Synapse/learningRule"/>
      <id>Synapse_36</id>
      <strength>2.544414114955716</strength>
      <psr>246.2773704761331</psr>
      <increment>1.0</increment>
      <upperBound>10.0</upperBound>
      <lowerBound>-10.0</lowerBound>
      <delay>0</delay>
      <enabled>true</enabled>
      <frozen>false</frozen>
      <dlyPtr>0</dlyPtr>
      <dlyVal>0.0</dlyVal>
    </org.simbrain.network.core.Synapse>
    <org.simbrain.network.core.Synapse>
      <parentNetwork reference="../../.."/>
      <source reference="../../org.simbrain.network.core.Synapse/source/parentGroup/neuronList/java.util.concurrent.CopyOnWriteArrayList/org.simbrain.network.core.Neuron[5]"/>
      <target reference="../../org.simbrain.network.core.Synapse/source/parentGroup/neuronList/java.util.concurrent.CopyOnWriteArrayList/org.simbrain.network.core.Neuron[6]"/>
      <learningRule class="org.simbrain.network.synapse_update_rules.StaticSynapseRule" reference="../../org.simbrain.network.core.Synapse/learningRule"/>
      <id>Synapse_37</id>
      <strength>-4.441089297901508</strength>
      <psr>-429.8591915160459</psr>
      <increment>1.0</increment>
      <upperBound>10.0</upperBound>
      <lowerBound>-10.0</lowerBound>
      <delay>0</delay>
      <enabled>true</enabled>
      <frozen>false</frozen>
      <dlyPtr>0</dlyPtr>
      <dlyVal>0.0</dlyVal>
    </org.simbrain.network.core.Synapse>
    <org.simbrain.network.core.Synapse>
      <parentNetwork reference="../../.."/>
      <source reference="../../org.simbrain.network.core.Synapse/source/parentGroup/neuronList/java.util.concurrent.CopyOnWriteArrayList/org.simbrain.network.core.Neuron[5]"/>
      <target reference="../../org.simbrain.network.core.Synapse/source/parentGroup/neuronList/java.util.concurrent.CopyOnWriteArrayList/org.simbrain.network.core.Neuron[7]"/>
      <learningRule class="org.simbrain.network.synapse_update_rules.StaticSynapseRule" reference="../../org.simbrain.network.core.Synapse/learningRule"/>
      <id>Synapse_38</id>
      <strength>-0.7444271930766604</strength>
      <psr>-72.05414030060095</psr>
      <increment>1.0</increment>
      <upperBound>10.0</upperBound>
      <lowerBound>-10.0</lowerBound>
      <delay>0</delay>
      <enabled>true</enabled>
      <frozen>false</frozen>
      <dlyPtr>0</dlyPtr>
      <dlyVal>0.0</dlyVal>
    </org.simbrain.network.core.Synapse>
    <org.simbrain.network.core.Synapse>
      <parentNetwork reference="../../.."/>
      <source reference="../../org.simbrain.network.core.Synapse/source/parentGroup/neuronList/java.util.concurrent.CopyOnWriteArrayList/org.simbrain.network.core.Neuron[5]"/>
      <target reference="../../org.simbrain.network.core.Synapse/source/parentGroup/neuronList/java.util.concurrent.CopyOnWriteArrayList/org.simbrain.network.core.Neuron[8]"/>
      <learningRule class="org.simbrain.network.synapse_update_rules.StaticSynapseRule" reference="../../org.simbrain.network.core.Synapse/learningRule"/>
      <id>Synapse_39</id>
      <strength>-3.178929615585502</strength>
      <psr>-307.69300565239473</psr>
      <increment>1.0</increment>
      <upperBound>10.0</upperBound>
      <lowerBound>-10.0</lowerBound>
      <delay>0</delay>
      <enabled>true</enabled>
      <frozen>false</frozen>
      <dlyPtr>0</dlyPtr>
      <dlyVal>0.0</dlyVal>
    </org.simbrain.network.core.Synapse>
    <org.simbrain.network.core.Synapse>
      <parentNetwork reference="../../.."/>
      <source reference="../../org.simbrain.network.core.Synapse/source/parentGroup/neuronList/java.util.concurrent.CopyOnWriteArrayList/org.simbrain.network.core.Neuron[5]"/>
      <target reference="../../org.simbrain.network.core.Synapse/source/parentGroup/neuronList/java.util.concurrent.CopyOnWriteArrayList/org.simbrain.network.core.Neuron[9]"/>
      <learningRule class="org.simbrain.network.synapse_update_rules.StaticSynapseRule" reference="../../org.simbrain.network.core.Synapse/learningRule"/>
      <id>Synapse_40</id>
      <strength>8.645980396663177</strength>
      <psr>836.8564318058976</psr>
      <increment>1.0</increment>
      <upperBound>10.0</upperBound>
      <lowerBound>-10.0</lowerBound>
      <delay>0</delay>
      <enabled>true</enabled>
      <frozen>false</frozen>
      <dlyPtr>0</dlyPtr>
      <dlyVal>0.0</dlyVal>
    </org.simbrain.network.core.Synapse>
    <org.simbrain.network.core.Synapse>
      <parentNetwork reference="../../.."/>
      <source reference="../../org.simbrain.network.core.Synapse/source/parentGroup/neuronList/java.util.concurrent.CopyOnWriteArrayList/org.simbrain.network.core.Neuron[6]"/>
      <target reference="../../org.simbrain.network.core.Synapse/source"/>
      <learningRule class="org.simbrain.network.synapse_update_rules.StaticSynapseRule" reference="../../org.simbrain.network.core.Synapse/learningRule"/>
      <id>Synapse_41</id>
      <strength>-9.717928711214224</strength>
      <psr>-7.904585746257872E-5</psr>
      <increment>1.0</increment>
      <upperBound>10.0</upperBound>
      <lowerBound>-10.0</lowerBound>
      <delay>0</delay>
      <enabled>true</enabled>
      <frozen>false</frozen>
      <dlyPtr>0</dlyPtr>
      <dlyVal>0.0</dlyVal>
    </org.simbrain.network.core.Synapse>
    <org.simbrain.network.core.Synapse>
      <parentNetwork reference="../../.."/>
      <source reference="../../org.simbrain.network.core.Synapse/source/parentGroup/neuronList/java.util.concurrent.CopyOnWriteArrayList/org.simbrain.network.core.Neuron[6]"/>
      <target reference="../../org.simbrain.network.core.Synapse/source/parentGroup/neuronList/java.util.concurrent.CopyOnWriteArrayList/org.simbrain.network.core.Neuron[2]"/>
      <learningRule class="org.simbrain.network.synapse_update_rules.StaticSynapseRule" reference="../../org.simbrain.network.core.Synapse/learningRule"/>
      <id>Synapse_42</id>
      <strength>-6.085426050224989</strength>
      <psr>-4.949899659276725E-5</psr>
      <increment>1.0</increment>
      <upperBound>10.0</upperBound>
      <lowerBound>-10.0</lowerBound>
      <delay>0</delay>
      <enabled>true</enabled>
      <frozen>false</frozen>
      <dlyPtr>0</dlyPtr>
      <dlyVal>0.0</dlyVal>
    </org.simbrain.network.core.Synapse>
    <org.simbrain.network.core.Synapse>
      <parentNetwork reference="../../.."/>
      <source reference="../../org.simbrain.network.core.Synapse/source/parentGroup/neuronList/java.util.concurrent.CopyOnWriteArrayList/org.simbrain.network.core.Neuron[6]"/>
      <target reference="../../org.simbrain.network.core.Synapse/source/parentGroup/neuronList/java.util.concurrent.CopyOnWriteArrayList/org.simbrain.network.core.Neuron[3]"/>
      <learningRule class="org.simbrain.network.synapse_update_rules.StaticSynapseRule" reference="../../org.simbrain.network.core.Synapse/learningRule"/>
      <id>Synapse_43</id>
      <strength>1.315092162901184</strength>
      <psr>1.0696990145532033E-5</psr>
      <increment>1.0</increment>
      <upperBound>10.0</upperBound>
      <lowerBound>-10.0</lowerBound>
      <delay>0</delay>
      <enabled>true</enabled>
      <frozen>false</frozen>
      <dlyPtr>0</dlyPtr>
      <dlyVal>0.0</dlyVal>
    </org.simbrain.network.core.Synapse>
    <org.simbrain.network.core.Synapse>
      <parentNetwork reference="../../.."/>
      <source reference="../../org.simbrain.network.core.Synapse/source/parentGroup/neuronList/java.util.concurrent.CopyOnWriteArrayList/org.simbrain.network.core.Neuron[6]"/>
      <target reference="../../org.simbrain.network.core.Synapse/source/parentGroup/neuronList/java.util.concurrent.CopyOnWriteArrayList/org.simbrain.network.core.Neuron[4]"/>
      <learningRule class="org.simbrain.network.synapse_update_rules.StaticSynapseRule" reference="../../org.simbrain.network.core.Synapse/learningRule"/>
      <id>Synapse_44</id>
      <strength>-1.5382538092325468</strength>
      <psr>-1.2512192151147409E-5</psr>
      <increment>1.0</increment>
      <upperBound>10.0</upperBound>
      <lowerBound>-10.0</lowerBound>
      <delay>0</delay>
      <enabled>true</enabled>
      <frozen>false</frozen>
      <dlyPtr>0</dlyPtr>
      <dlyVal>0.0</dlyVal>
    </org.simbrain.network.core.Synapse>
    <org.simbrain.network.core.Synapse>
      <parentNetwork reference="../../.."/>
      <source reference="../../org.simbrain.network.core.Synapse/source/parentGroup/neuronList/java.util.concurrent.CopyOnWriteArrayList/org.simbrain.network.core.Neuron[6]"/>
      <target reference="../../org.simbrain.network.core.Synapse/source/parentGroup/neuronList/java.util.concurrent.CopyOnWriteArrayList/org.simbrain.network.core.Neuron[5]"/>
      <learningRule class="org.simbrain.network.synapse_update_rules.StaticSynapseRule" reference="../../org.simbrain.network.core.Synapse/learningRule"/>
      <id>Synapse_45</id>
      <strength>-9.555217517388837</strength>
      <psr>-7.77223608392864E-5</psr>
      <increment>1.0</increment>
      <upperBound>10.0</upperBound>
      <lowerBound>-10.0</lowerBound>
      <delay>0</delay>
      <enabled>true</enabled>
      <frozen>false</frozen>
      <dlyPtr>0</dlyPtr>
      <dlyVal>0.0</dlyVal>
    </org.simbrain.network.core.Synapse>
    <org.simbrain.network.core.Synapse>
      <parentNetwork reference="../../.."/>
      <source reference="../../org.simbrain.network.core.Synapse/source/parentGroup/neuronList/java.util.concurrent.CopyOnWriteArrayList/org.simbrain.network.core.Neuron[6]"/>
      <target reference="../../org.simbrain.network.core.Synapse/source/parentGroup/neuronList/java.util.concurrent.CopyOnWriteArrayList/org.simbrain.network.core.Neuron[7]"/>
      <learningRule class="org.simbrain.network.synapse_update_rules.StaticSynapseRule" reference="../../org.simbrain.network.core.Synapse/learningRule"/>
      <id>Synapse_46</id>
      <strength>7.145150972759588</strength>
      <psr>5.811882368406372E-5</psr>
      <increment>1.0</increment>
      <upperBound>10.0</upperBound>
      <lowerBound>-10.0</lowerBound>
      <delay>0</delay>
      <enabled>true</enabled>
      <frozen>false</frozen>
      <dlyPtr>0</dlyPtr>
      <dlyVal>0.0</dlyVal>
    </org.simbrain.network.core.Synapse>
    <org.simbrain.network.core.Synapse>
      <parentNetwork reference="../../.."/>
      <source reference="../../org.simbrain.network.core.Synapse/source/parentGroup/neuronList/java.util.concurrent.CopyOnWriteArrayList/org.simbrain.network.core.Neuron[6]"/>
      <target reference="../../org.simbrain.network.core.Synapse/source/parentGroup/neuronList/java.util.concurrent.CopyOnWriteArrayList/org.simbrain.network.core.Neuron[8]"/>
      <learningRule class="org.simbrain.network.synapse_update_rules.StaticSynapseRule" reference="../../org.simbrain.network.core.Synapse/learningRule"/>
      <id>Synapse_47</id>
      <strength>4.286099014009819</strength>
      <psr>3.4863228759947096E-5</psr>
      <increment>1.0</increment>
      <upperBound>10.0</upperBound>
      <lowerBound>-10.0</lowerBound>
      <delay>0</delay>
      <enabled>true</enabled>
      <frozen>false</frozen>
      <dlyPtr>0</dlyPtr>
      <dlyVal>0.0</dlyVal>
    </org.simbrain.network.core.Synapse>
    <org.simbrain.network.core.Synapse>
      <parentNetwork reference="../../.."/>
      <source reference="../../org.simbrain.network.core.Synapse/source/parentGroup/neuronList/java.util.concurrent.CopyOnWriteArrayList/org.simbrain.network.core.Neuron[6]"/>
      <target reference="../../org.simbrain.network.core.Synapse/source/parentGroup/neuronList/java.util.concurrent.CopyOnWriteArrayList/org.simbrain.network.core.Neuron[9]"/>
      <learningRule class="org.simbrain.network.synapse_update_rules.StaticSynapseRule" reference="../../org.simbrain.network.core.Synapse/learningRule"/>
      <id>Synapse_48</id>
      <strength>-3.126677345650039</strength>
      <psr>-2.5432466026481714E-5</psr>
      <increment>1.0</increment>
      <upperBound>10.0</upperBound>
      <lowerBound>-10.0</lowerBound>
      <delay>0</delay>
      <enabled>true</enabled>
      <frozen>false</frozen>
      <dlyPtr>0</dlyPtr>
      <dlyVal>0.0</dlyVal>
    </org.simbrain.network.core.Synapse>
    <org.simbrain.network.core.Synapse>
      <parentNetwork reference="../../.."/>
      <source reference="../../org.simbrain.network.core.Synapse/source/parentGroup/neuronList/java.util.concurrent.CopyOnWriteArrayList/org.simbrain.network.core.Neuron[7]"/>
      <target reference="../../org.simbrain.network.core.Synapse/source"/>
      <learningRule class="org.simbrain.network.synapse_update_rules.StaticSynapseRule" reference="../../org.simbrain.network.core.Synapse/learningRule"/>
      <id>Synapse_49</id>
      <strength>1.6191495037013972</strength>
      <psr>-2.530081470697368E-6</psr>
      <increment>1.0</increment>
      <upperBound>10.0</upperBound>
      <lowerBound>-10.0</lowerBound>
      <delay>0</delay>
      <enabled>true</enabled>
      <frozen>false</frozen>
      <dlyPtr>0</dlyPtr>
      <dlyVal>0.0</dlyVal>
    </org.simbrain.network.core.Synapse>
    <org.simbrain.network.core.Synapse>
      <parentNetwork reference="../../.."/>
      <source reference="../../org.simbrain.network.core.Synapse/source/parentGroup/neuronList/java.util.concurrent.CopyOnWriteArrayList/org.simbrain.network.core.Neuron[7]"/>
      <target reference="../../org.simbrain.network.core.Synapse/source/parentGroup/neuronList/java.util.concurrent.CopyOnWriteArrayList/org.simbrain.network.core.Neuron[2]"/>
      <learningRule class="org.simbrain.network.synapse_update_rules.StaticSynapseRule" reference="../../org.simbrain.network.core.Synapse/learningRule"/>
      <id>Synapse_50</id>
      <strength>-1.1465746449361518</strength>
      <psr>1.7916364469697293E-6</psr>
      <increment>1.0</increment>
      <upperBound>10.0</upperBound>
      <lowerBound>-10.0</lowerBound>
      <delay>0</delay>
      <enabled>true</enabled>
      <frozen>false</frozen>
      <dlyPtr>0</dlyPtr>
      <dlyVal>0.0</dlyVal>
    </org.simbrain.network.core.Synapse>
    <org.simbrain.network.core.Synapse>
      <parentNetwork reference="../../.."/>
      <source reference="../../org.simbrain.network.core.Synapse/source/parentGroup/neuronList/java.util.concurrent.CopyOnWriteArrayList/org.simbrain.network.core.Neuron[7]"/>
      <target reference="../../org.simbrain.network.core.Synapse/source/parentGroup/neuronList/java.util.concurrent.CopyOnWriteArrayList/org.simbrain.network.core.Neuron[3]"/>
      <learningRule class="org.simbrain.network.synapse_update_rules.StaticSynapseRule" reference="../../org.simbrain.network.core.Synapse/learningRule"/>
      <id>Synapse_51</id>
      <strength>0.5258705918534563</strength>
      <psr>-8.21724885436186E-7</psr>
      <increment>1.0</increment>
      <upperBound>10.0</upperBound>
      <lowerBound>-10.0</lowerBound>
      <delay>0</delay>
      <enabled>true</enabled>
      <frozen>false</frozen>
      <dlyPtr>0</dlyPtr>
      <dlyVal>0.0</dlyVal>
    </org.simbrain.network.core.Synapse>
    <org.simbrain.network.core.Synapse>
      <parentNetwork reference="../../.."/>
      <source reference="../../org.simbrain.network.core.Synapse/source/parentGroup/neuronList/java.util.concurrent.CopyOnWriteArrayList/org.simbrain.network.core.Neuron[7]"/>
      <target reference="../../org.simbrain.network.core.Synapse/source/parentGroup/neuronList/java.util.concurrent.CopyOnWriteArrayList/org.simbrain.network.core.Neuron[4]"/>
      <learningRule class="org.simbrain.network.synapse_update_rules.StaticSynapseRule" reference="../../org.simbrain.network.core.Synapse/learningRule"/>
      <id>Synapse_52</id>
      <strength>5.909992539736205</strength>
      <psr>-9.234948707678963E-6</psr>
      <increment>1.0</increment>
      <upperBound>10.0</upperBound>
      <lowerBound>-10.0</lowerBound>
      <delay>0</delay>
      <enabled>true</enabled>
      <frozen>false</frozen>
      <dlyPtr>0</dlyPtr>
      <dlyVal>0.0</dlyVal>
    </org.simbrain.network.core.Synapse>
    <org.simbrain.network.core.Synapse>
      <parentNetwork reference="../../.."/>
      <source reference="../../org.simbrain.network.core.Synapse/source/parentGroup/neuronList/java.util.concurrent.CopyOnWriteArrayList/org.simbrain.network.core.Neuron[7]"/>
      <target reference="../../org.simbrain.network.core.Synapse/source/parentGroup/neuronList/java.util.concurrent.CopyOnWriteArrayList/org.simbrain.network.core.Neuron[5]"/>
      <learningRule class="org.simbrain.network.synapse_update_rules.StaticSynapseRule" reference="../../org.simbrain.network.core.Synapse/learningRule"/>
      <id>Synapse_53</id>
      <strength>-4.35202620785774</strength>
      <psr>6.800472002936698E-6</psr>
      <increment>1.0</increment>
      <upperBound>10.0</upperBound>
      <lowerBound>-10.0</lowerBound>
      <delay>0</delay>
      <enabled>true</enabled>
      <frozen>false</frozen>
      <dlyPtr>0</dlyPtr>
      <dlyVal>0.0</dlyVal>
    </org.simbrain.network.core.Synapse>
    <org.simbrain.network.core.Synapse>
      <parentNetwork reference="../../.."/>
      <source reference="../../org.simbrain.network.core.Synapse/source/parentGroup/neuronList/java.util.concurrent.CopyOnWriteArrayList/org.simbrain.network.core.Neuron[7]"/>
      <target reference="../../org.simbrain.network.core.Synapse/source/parentGroup/neuronList/java.util.concurrent.CopyOnWriteArrayList/org.simbrain.network.core.Neuron[6]"/>
      <learningRule class="org.simbrain.network.synapse_update_rules.StaticSynapseRule" reference="../../org.simbrain.network.core.Synapse/learningRule"/>
      <id>Synapse_54</id>
      <strength>9.947475579145557</strength>
      <psr>-1.5543915855501013E-5</psr>
      <increment>1.0</increment>
      <upperBound>10.0</upperBound>
      <lowerBound>-10.0</lowerBound>
      <delay>0</delay>
      <enabled>true</enabled>
      <frozen>false</frozen>
      <dlyPtr>0</dlyPtr>
      <dlyVal>0.0</dlyVal>
    </org.simbrain.network.core.Synapse>
    <org.simbrain.network.core.Synapse>
      <parentNetwork reference="../../.."/>
      <source reference="../../org.simbrain.network.core.Synapse/source/parentGroup/neuronList/java.util.concurrent.CopyOnWriteArrayList/org.simbrain.network.core.Neuron[7]"/>
      <target reference="../../org.simbrain.network.core.Synapse/source/parentGroup/neuronList/java.util.concurrent.CopyOnWriteArrayList/org.simbrain.network.core.Neuron[8]"/>
      <learningRule class="org.simbrain.network.synapse_update_rules.StaticSynapseRule" reference="../../org.simbrain.network.core.Synapse/learningRule"/>
      <id>Synapse_55</id>
      <strength>-0.7771390068463226</strength>
      <psr>1.2143566711308744E-6</psr>
      <increment>1.0</increment>
      <upperBound>10.0</upperBound>
      <lowerBound>-10.0</lowerBound>
      <delay>0</delay>
      <enabled>true</enabled>
      <frozen>false</frozen>
      <dlyPtr>0</dlyPtr>
      <dlyVal>0.0</dlyVal>
    </org.simbrain.network.core.Synapse>
    <org.simbrain.network.core.Synapse>
      <parentNetwork reference="../../.."/>
      <source reference="../../org.simbrain.network.core.Synapse/source/parentGroup/neuronList/java.util.concurrent.CopyOnWriteArrayList/org.simbrain.network.core.Neuron[7]"/>
      <target reference="../../org.simbrain.network.core.Synapse/source/parentGroup/neuronList/java.util.concurrent.CopyOnWriteArrayList/org.simbrain.network.core.Neuron[9]"/>
      <learningRule class="org.simbrain.network.synapse_update_rules.StaticSynapseRule" reference="../../org.simbrain.network.core.Synapse/learningRule"/>
      <id>Synapse_56</id>
      <strength>7.329074935344398</strength>
      <psr>-1.1452405506024904E-5</psr>
      <increment>1.0</increment>
      <upperBound>10.0</upperBound>
      <lowerBound>-10.0</lowerBound>
      <delay>0</delay>
      <enabled>true</enabled>
      <frozen>false</frozen>
      <dlyPtr>0</dlyPtr>
      <dlyVal>0.0</dlyVal>
    </org.simbrain.network.core.Synapse>
    <org.simbrain.network.core.Synapse>
      <parentNetwork reference="../../.."/>
      <source reference="../../org.simbrain.network.core.Synapse/source/parentGroup/neuronList/java.util.concurrent.CopyOnWriteArrayList/org.simbrain.network.core.Neuron[8]"/>
      <target reference="../../org.simbrain.network.core.Synapse/source"/>
      <learningRule class="org.simbrain.network.synapse_update_rules.StaticSynapseRule" reference="../../org.simbrain.network.core.Synapse/learningRule"/>
      <id>Synapse_57</id>
      <strength>-3.427918387409492</strength>
      <psr>6.028224925682201E-7</psr>
      <increment>1.0</increment>
      <upperBound>10.0</upperBound>
      <lowerBound>-10.0</lowerBound>
      <delay>0</delay>
      <enabled>true</enabled>
      <frozen>false</frozen>
      <dlyPtr>0</dlyPtr>
      <dlyVal>0.0</dlyVal>
    </org.simbrain.network.core.Synapse>
    <org.simbrain.network.core.Synapse>
      <parentNetwork reference="../../.."/>
      <source reference="../../org.simbrain.network.core.Synapse/source/parentGroup/neuronList/java.util.concurrent.CopyOnWriteArrayList/org.simbrain.network.core.Neuron[8]"/>
      <target reference="../../org.simbrain.network.core.Synapse/source/parentGroup/neuronList/java.util.concurrent.CopyOnWriteArrayList/org.simbrain.network.core.Neuron[2]"/>
      <learningRule class="org.simbrain.network.synapse_update_rules.StaticSynapseRule" reference="../../org.simbrain.network.core.Synapse/learningRule"/>
      <id>Synapse_58</id>
      <strength>6.363483647960351</strength>
      <psr>-1.11906137794007E-6</psr>
      <increment>1.0</increment>
      <upperBound>10.0</upperBound>
      <lowerBound>-10.0</lowerBound>
      <delay>0</delay>
      <enabled>true</enabled>
      <frozen>false</frozen>
      <dlyPtr>0</dlyPtr>
      <dlyVal>0.0</dlyVal>
    </org.simbrain.network.core.Synapse>
    <org.simbrain.network.core.Synapse>
      <parentNetwork reference="../../.."/>
      <source reference="../../org.simbrain.network.core.Synapse/source/parentGroup/neuronList/java.util.concurrent.CopyOnWriteArrayList/org.simbrain.network.core.Neuron[8]"/>
      <target reference="../../org.simbrain.network.core.Synapse/source/parentGroup/neuronList/java.util.concurrent.CopyOnWriteArrayList/org.simbrain.network.core.Neuron[3]"/>
      <learningRule class="org.simbrain.network.synapse_update_rules.StaticSynapseRule" reference="../../org.simbrain.network.core.Synapse/learningRule"/>
      <id>Synapse_59</id>
      <strength>1.8000129151724167</strength>
      <psr>-3.16544371699361E-7</psr>
      <increment>1.0</increment>
      <upperBound>10.0</upperBound>
      <lowerBound>-10.0</lowerBound>
      <delay>0</delay>
      <enabled>true</enabled>
      <frozen>false</frozen>
      <dlyPtr>0</dlyPtr>
      <dlyVal>0.0</dlyVal>
    </org.simbrain.network.core.Synapse>
    <org.simbrain.network.core.Synapse>
      <parentNetwork reference="../../.."/>
      <source reference="../../org.simbrain.network.core.Synapse/source/parentGroup/neuronList/java.util.concurrent.CopyOnWriteArrayList/org.simbrain.network.core.Neuron[8]"/>
      <target reference="../../org.simbrain.network.core.Synapse/source/parentGroup/neuronList/java.util.concurrent.CopyOnWriteArrayList/org.simbrain.network.core.Neuron[4]"/>
      <learningRule class="org.simbrain.network.synapse_update_rules.StaticSynapseRule" reference="../../org.simbrain.network.core.Synapse/learningRule"/>
      <id>Synapse_60</id>
      <strength>1.0930682628868915</strength>
      <psr>-1.9222340216758975E-7</psr>
      <increment>1.0</increment>
      <upperBound>10.0</upperBound>
      <lowerBound>-10.0</lowerBound>
      <delay>0</delay>
      <enabled>true</enabled>
      <frozen>false</frozen>
      <dlyPtr>0</dlyPtr>
      <dlyVal>0.0</dlyVal>
    </org.simbrain.network.core.Synapse>
    <org.simbrain.network.core.Synapse>
      <parentNetwork reference="../../.."/>
      <source reference="../../org.simbrain.network.core.Synapse/source/parentGroup/neuronList/java.util.concurrent.CopyOnWriteArrayList/org.simbrain.network.core.Neuron[8]"/>
      <target reference="../../org.simbrain.network.core.Synapse/source/parentGroup/neuronList/java.util.concurrent.CopyOnWriteArrayList/org.simbrain.network.core.Neuron[5]"/>
      <learningRule class="org.simbrain.network.synapse_update_rules.StaticSynapseRule" reference="../../org.simbrain.network.core.Synapse/learningRule"/>
      <id>Synapse_61</id>
      <strength>-2.0592714593156503</strength>
      <psr>3.621367295495546E-7</psr>
      <increment>1.0</increment>
      <upperBound>10.0</upperBound>
      <lowerBound>-10.0</lowerBound>
      <delay>0</delay>
      <enabled>true</enabled>
      <frozen>false</frozen>
      <dlyPtr>0</dlyPtr>
      <dlyVal>0.0</dlyVal>
    </org.simbrain.network.core.Synapse>
    <org.simbrain.network.core.Synapse>
      <parentNetwork reference="../../.."/>
      <source reference="../../org.simbrain.network.core.Synapse/source/parentGroup/neuronList/java.util.concurrent.CopyOnWriteArrayList/org.simbrain.network.core.Neuron[8]"/>
      <target reference="../../org.simbrain.network.core.Synapse/source/parentGroup/neuronList/java.util.concurrent.CopyOnWriteArrayList/org.simbrain.network.core.Neuron[6]"/>
      <learningRule class="org.simbrain.network.synapse_update_rules.StaticSynapseRule" reference="../../org.simbrain.network.core.Synapse/learningRule"/>
      <id>Synapse_62</id>
      <strength>1.2124722103223142</strength>
      <psr>-2.1322138901578354E-7</psr>
      <increment>1.0</increment>
      <upperBound>10.0</upperBound>
      <lowerBound>-10.0</lowerBound>
      <delay>0</delay>
      <enabled>true</enabled>
      <frozen>false</frozen>
      <dlyPtr>0</dlyPtr>
      <dlyVal>0.0</dlyVal>
    </org.simbrain.network.core.Synapse>
    <org.simbrain.network.core.Synapse>
      <parentNetwork reference="../../.."/>
      <source reference="../../org.simbrain.network.core.Synapse/source/parentGroup/neuronList/java.util.concurrent.CopyOnWriteArrayList/org.simbrain.network.core.Neuron[8]"/>
      <target reference="../../org.simbrain.network.core.Synapse/source/parentGroup/neuronList/java.util.concurrent.CopyOnWriteArrayList/org.simbrain.network.core.Neuron[7]"/>
      <learningRule class="org.simbrain.network.synapse_update_rules.StaticSynapseRule" reference="../../org.simbrain.network.core.Synapse/learningRule"/>
      <id>Synapse_63</id>
      <strength>-2.311923384794805</strength>
      <psr>4.0656726909475124E-7</psr>
      <increment>1.0</increment>
      <upperBound>10.0</upperBound>
      <lowerBound>-10.0</lowerBound>
      <delay>0</delay>
      <enabled>true</enabled>
      <frozen>false</frozen>
      <dlyPtr>0</dlyPtr>
      <dlyVal>0.0</dlyVal>
    </org.simbrain.network.core.Synapse>
    <org.simbrain.network.core.Synapse>
      <parentNetwork reference="../../.."/>
      <source reference="../../org.simbrain.network.core.Synapse/source/parentGroup/neuronList/java.util.concurrent.CopyOnWriteArrayList/org.simbrain.network.core.Neuron[8]"/>
      <target reference="../../org.simbrain.network.core.Synapse/source/parentGroup/neuronList/java.util.concurrent.CopyOnWriteArrayList/org.simbrain.network.core.Neuron[9]"/>
      <learningRule class="org.simbrain.network.synapse_update_rules.StaticSynapseRule" reference="../../org.simbrain.network.core.Synapse/learningRule"/>
      <id>Synapse_64</id>
      <strength>8.453900370467196</strength>
      <psr>-1.4866752113954728E-6</psr>
      <increment>1.0</increment>
      <upperBound>10.0</upperBound>
      <lowerBound>-10.0</lowerBound>
      <delay>0</delay>
      <enabled>true</enabled>
      <frozen>false</frozen>
      <dlyPtr>0</dlyPtr>
      <dlyVal>0.0</dlyVal>
    </org.simbrain.network.core.Synapse>
    <org.simbrain.network.core.Synapse>
      <parentNetwork reference="../../.."/>
      <source reference="../../org.simbrain.network.core.Synapse/source/parentGroup/neuronList/java.util.concurrent.CopyOnWriteArrayList/org.simbrain.network.core.Neuron[9]"/>
      <target reference="../../org.simbrain.network.core.Synapse/source"/>
      <learningRule class="org.simbrain.network.synapse_update_rules.StaticSynapseRule" reference="../../org.simbrain.network.core.Synapse/learningRule"/>
      <id>Synapse_65</id>
      <strength>5.864819056972259</strength>
      <psr>580.660391397959</psr>
      <increment>1.0</increment>
      <upperBound>10.0</upperBound>
      <lowerBound>-10.0</lowerBound>
      <delay>0</delay>
      <enabled>true</enabled>
      <frozen>false</frozen>
      <dlyPtr>0</dlyPtr>
      <dlyVal>0.0</dlyVal>
    </org.simbrain.network.core.Synapse>
    <org.simbrain.network.core.Synapse>
      <parentNetwork reference="../../.."/>
      <source reference="../../org.simbrain.network.core.Synapse/source/parentGroup/neuronList/java.util.concurrent.CopyOnWriteArrayList/org.simbrain.network.core.Neuron[9]"/>
      <target reference="../../org.simbrain.network.core.Synapse/source/parentGroup/neuronList/java.util.concurrent.CopyOnWriteArrayList/org.simbrain.network.core.Neuron[2]"/>
      <learningRule class="org.simbrain.network.synapse_update_rules.StaticSynapseRule" reference="../../org.simbrain.network.core.Synapse/learningRule"/>
      <id>Synapse_66</id>
      <strength>6.580233056573441</strength>
      <psr>651.4916598453883</psr>
      <increment>1.0</increment>
      <upperBound>10.0</upperBound>
      <lowerBound>-10.0</lowerBound>
      <delay>0</delay>
      <enabled>true</enabled>
      <frozen>false</frozen>
      <dlyPtr>0</dlyPtr>
      <dlyVal>0.0</dlyVal>
    </org.simbrain.network.core.Synapse>
    <org.simbrain.network.core.Synapse>
      <parentNetwork reference="../../.."/>
      <source reference="../../org.simbrain.network.core.Synapse/source/parentGroup/neuronList/java.util.concurrent.CopyOnWriteArrayList/org.simbrain.network.core.Neuron[9]"/>
      <target reference="../../org.simbrain.network.core.Synapse/source/parentGroup/neuronList/java.util.concurrent.CopyOnWriteArrayList/org.simbrain.network.core.Neuron[3]"/>
      <learningRule class="org.simbrain.network.synapse_update_rules.StaticSynapseRule" reference="../../org.simbrain.network.core.Synapse/learningRule"/>
      <id>Synapse_67</id>
      <strength>-2.6741845025130218</strength>
      <psr>-264.76401144099475</psr>
      <increment>1.0</increment>
      <upperBound>10.0</upperBound>
      <lowerBound>-10.0</lowerBound>
      <delay>0</delay>
      <enabled>true</enabled>
      <frozen>false</frozen>
      <dlyPtr>0</dlyPtr>
      <dlyVal>0.0</dlyVal>
    </org.simbrain.network.core.Synapse>
    <org.simbrain.network.core.Synapse>
      <parentNetwork reference="../../.."/>
      <source reference="../../org.simbrain.network.core.Synapse/source/parentGroup/neuronList/java.util.concurrent.CopyOnWriteArrayList/org.simbrain.network.core.Neuron[9]"/>
      <target reference="../../org.simbrain.network.core.Synapse/source/parentGroup/neuronList/java.util.concurrent.CopyOnWriteArrayList/org.simbrain.network.core.Neuron[4]"/>
      <learningRule class="org.simbrain.network.synapse_update_rules.StaticSynapseRule" reference="../../org.simbrain.network.core.Synapse/learningRule"/>
      <id>Synapse_68</id>
      <strength>-6.157109430775396</strength>
      <psr>-609.5992966234519</psr>
      <increment>1.0</increment>
      <upperBound>10.0</upperBound>
      <lowerBound>-10.0</lowerBound>
      <delay>0</delay>
      <enabled>true</enabled>
      <frozen>false</frozen>
      <dlyPtr>0</dlyPtr>
      <dlyVal>0.0</dlyVal>
    </org.simbrain.network.core.Synapse>
    <org.simbrain.network.core.Synapse>
      <parentNetwork reference="../../.."/>
      <source reference="../../org.simbrain.network.core.Synapse/source/parentGroup/neuronList/java.util.concurrent.CopyOnWriteArrayList/org.simbrain.network.core.Neuron[9]"/>
      <target reference="../../org.simbrain.network.core.Synapse/source/parentGroup/neuronList/java.util.concurrent.CopyOnWriteArrayList/org.simbrain.network.core.Neuron[5]"/>
      <learningRule class="org.simbrain.network.synapse_update_rules.StaticSynapseRule" reference="../../org.simbrain.network.core.Synapse/learningRule"/>
      <id>Synapse_69</id>
      <strength>-1.8702806865143113</strength>
      <psr>-185.17159777749308</psr>
      <increment>1.0</increment>
      <upperBound>10.0</upperBound>
      <lowerBound>-10.0</lowerBound>
      <delay>0</delay>
      <enabled>true</enabled>
      <frozen>false</frozen>
      <dlyPtr>0</dlyPtr>
      <dlyVal>0.0</dlyVal>
    </org.simbrain.network.core.Synapse>
    <org.simbrain.network.core.Synapse>
      <parentNetwork reference="../../.."/>
      <source reference="../../org.simbrain.network.core.Synapse/source/parentGroup/neuronList/java.util.concurrent.CopyOnWriteArrayList/org.simbrain.network.core.Neuron[9]"/>
      <target reference="../../org.simbrain.network.core.Synapse/source/parentGroup/neuronList/java.util.concurrent.CopyOnWriteArrayList/org.simbrain.network.core.Neuron[6]"/>
      <learningRule class="org.simbrain.network.synapse_update_rules.StaticSynapseRule" reference="../../org.simbrain.network.core.Synapse/learningRule"/>
      <id>Synapse_70</id>
      <strength>-5.81118729529607</strength>
      <psr>-575.3504509848382</psr>
      <increment>1.0</increment>
      <upperBound>10.0</upperBound>
      <lowerBound>-10.0</lowerBound>
      <delay>0</delay>
      <enabled>true</enabled>
      <frozen>false</frozen>
      <dlyPtr>0</dlyPtr>
      <dlyVal>0.0</dlyVal>
    </org.simbrain.network.core.Synapse>
    <org.simbrain.network.core.Synapse>
      <parentNetwork reference="../../.."/>
      <source reference="../../org.simbrain.network.core.Synapse/source/parentGroup/neuronList/java.util.concurrent.CopyOnWriteArrayList/org.simbrain.network.core.Neuron[9]"/>
      <target reference="../../org.simbrain.network.core.Synapse/source/parentGroup/neuronList/java.util.concurrent.CopyOnWriteArrayList/org.simbrain.network.core.Neuron[7]"/>
      <learningRule class="org.simbrain.network.synapse_update_rules.StaticSynapseRule" reference="../../org.simbrain.network.core.Synapse/learningRule"/>
      <id>Synapse_71</id>
      <strength>-7.67698605965723</strength>
      <psr>-760.0783053754709</psr>
      <increment>1.0</increment>
      <upperBound>10.0</upperBound>
      <lowerBound>-10.0</lowerBound>
      <delay>0</delay>
      <enabled>true</enabled>
      <frozen>false</frozen>
      <dlyPtr>0</dlyPtr>
      <dlyVal>0.0</dlyVal>
    </org.simbrain.network.core.Synapse>
    <org.simbrain.network.core.Synapse>
      <parentNetwork reference="../../.."/>
      <source reference="../../org.simbrain.network.core.Synapse/source/parentGroup/neuronList/java.util.concurrent.CopyOnWriteArrayList/org.simbrain.network.core.Neuron[9]"/>
      <target reference="../../org.simbrain.network.core.Synapse/source/parentGroup/neuronList/java.util.concurrent.CopyOnWriteArrayList/org.simbrain.network.core.Neuron[8]"/>
      <learningRule class="org.simbrain.network.synapse_update_rules.StaticSynapseRule" reference="../../org.simbrain.network.core.Synapse/learningRule"/>
      <id>Synapse_72</id>
      <strength>-5.371684177890382</strength>
      <psr>-531.8363971505568</psr>
      <increment>1.0</increment>
      <upperBound>10.0</upperBound>
      <lowerBound>-10.0</lowerBound>
      <delay>0</delay>
      <enabled>true</enabled>
      <frozen>false</frozen>
      <dlyPtr>0</dlyPtr>
      <dlyVal>0.0</dlyVal>
    </org.simbrain.network.core.Synapse>
  </synapseList>
  <groupList>
    <org.simbrain.network.groups.NeuronGroup reference="../../synapseList/org.simbrain.network.core.Synapse/source/parentGroup"/>
  </groupList>
  <textList>
    <org.simbrain.network.core.NetworkTextObject>
      <parent reference="../../.."/>
      <x>79.07149266579303</x>
      <y>154.87874384974236</y>
      <text>To start this simulation
press the play button.

To see activity change 
click in this window,
select all neurons
by pressing &quot;N&quot;, and 
then press the randomize
button or press &quot;R&quot;</text>
      <fontName>Helvetica</fontName>
      <fontSize>12</fontSize>
      <italic>false</italic>
      <bold>false</bold>
    </org.simbrain.network.core.NetworkTextObject>
  </textList>
  <updateManager>
    <actionList class="java.util.concurrent.CopyOnWriteArrayList" serialization="custom">
      <java.util.concurrent.CopyOnWriteArrayList>
        <default/>
        <int>2</int>
        <org.simbrain.network.update__actions.BufferedUpdate>
          <network reference="../../../../.."/>
        </org.simbrain.network.update__actions.BufferedUpdate>
        <org.simbrain.network.update__actions.UpdateGroup>
          <group class="org.simbrain.network.groups.NeuronGroup" reference="../../../../../synapseList/org.simbrain.network.core.Synapse/source/parentGroup"/>
        </org.simbrain.network.update__actions.UpdateGroup>
      </java.util.concurrent.CopyOnWriteArrayList>
    </actionList>
    <network reference="../.."/>
  </updateManager>
  <time>0.0</time>
  <timeStep>0.1</timeStep>
  <timeType>DISCRETE</timeType>
  <prioritySortedNeuronList/>
  <priorityComparator>
    <outer-class reference="../.."/>
  </priorityComparator>
  <neuronIdGenerator>
    <rootName>Neuron</rootName>
    <index>35</index>
  </neuronIdGenerator>
  <synapseIdGenerator>
    <rootName>Synapse</rootName>
    <index>73</index>
  </synapseIdGenerator>
  <groupIdGenerator>
    <rootName>Group</rootName>
    <index>2</index>
  </groupIdGenerator>
  <fireUpdates>true</fireUpdates>
</org.simbrain.network.core.Network>