<ArchivedWorkspace>
  <archivedComponents>
    <ArchivedWorkspaceComponent>
      <className>org.simbrain.world.odorworld.OdorWorldComponent</className>
      <name>TempWorld</name>
      <uri>components/0_TempWorld.xml</uri>
      <id>0</id>
      <format>xml</format>
    </ArchivedWorkspaceComponent>
    <ArchivedWorkspaceComponent>
      <className>org.simbrain.network.NetworkComponent</className>
      <name>TempNet</name>
      <uri>components/1_TempNet.xml</uri>
      <id>1</id>
      <format>xml</format>
    </ArchivedWorkspaceComponent>
  </archivedComponents>
  <archivedCouplings>
    <org.simbrain.workspace.serialization.ArchivedCoupling>
      <producer>
        <componentId>TempNet</componentId>
        <attributeId>Neuron_12</attributeId>
        <methodName>getActivation</methodName>
      </producer>
      <consumer>
        <componentId>TempWorld</componentId>
        <attributeId>Effector_1</attributeId>
        <methodName>setAmount</methodName>
      </consumer>
    </org.simbrain.workspace.serialization.ArchivedCoupling>
    <org.simbrain.workspace.serialization.ArchivedCoupling>
      <producer>
        <componentId>TempNet</componentId>
        <attributeId>Neuron_13</attributeId>
        <methodName>getActivation</methodName>
      </producer>
      <consumer>
        <componentId>TempWorld</componentId>
        <attributeId>Effector_2</attributeId>
        <methodName>setAmount</methodName>
      </consumer>
    </org.simbrain.workspace.serialization.ArchivedCoupling>
    <org.simbrain.workspace.serialization.ArchivedCoupling>
      <producer>
        <componentId>TempNet</componentId>
        <attributeId>Neuron_14</attributeId>
        <methodName>getActivation</methodName>
      </producer>
      <consumer>
        <componentId>TempWorld</componentId>
        <attributeId>Effector_3</attributeId>
        <methodName>setAmount</methodName>
      </consumer>
    </org.simbrain.workspace.serialization.ArchivedCoupling>
    <org.simbrain.workspace.serialization.ArchivedCoupling>
      <producer>
        <componentId>TempWorld</componentId>
        <attributeId>Sensor_1</attributeId>
        <methodName>getCurrentValue</methodName>
      </producer>
      <consumer>
        <componentId>TempNet</componentId>
        <attributeId>Neuron_1</attributeId>
        <methodName>setInputValue</methodName>
      </consumer>
    </org.simbrain.workspace.serialization.ArchivedCoupling>
    <org.simbrain.workspace.serialization.ArchivedCoupling>
      <producer>
        <componentId>TempWorld</componentId>
        <attributeId>Sensor_2</attributeId>
        <methodName>getCurrentValue</methodName>
      </producer>
      <consumer>
        <componentId>TempNet</componentId>
        <attributeId>Neuron_2</attributeId>
        <methodName>setInputValue</methodName>
      </consumer>
    </org.simbrain.workspace.serialization.ArchivedCoupling>
    <org.simbrain.workspace.serialization.ArchivedCoupling>
      <producer>
        <componentId>TempWorld</componentId>
        <attributeId>Sensor_3</attributeId>
        <methodName>getCurrentValue</methodName>
      </producer>
      <consumer>
        <componentId>TempNet</componentId>
        <attributeId>Neuron_3</attributeId>
        <methodName>setInputValue</methodName>
      </consumer>
    </org.simbrain.workspace.serialization.ArchivedCoupling>
  </archivedCouplings>
  <archivedActions>
    <ArchivedUpdateAction>
      <updateAction class="org.simbrain.workspace.updater.UpdateAllAction"/>
    </ArchivedUpdateAction>
    <ArchivedUpdateAction>
      <updateAction class="org.simbrain.workspace.updater.SynchronizedTaskUpdateAction"/>
    </ArchivedUpdateAction>
  </archivedActions>
  <workspaceParameters>
    <savedTime>0</savedTime>
    <updateDelay>0</updateDelay>
  </workspaceParameters>
</ArchivedWorkspace>