<html>
<body>
<h1>Auto Associator Part 2</h1>
<br>
Continuing from <i>Auto Associator Part 1</i>, if the second 
pattern you trained the network on overlapped the first 
(shared units in common), then during recall any partial 
version of either pattern will have yielded recall of both 
patterns simultaneously. The reason? Training the network 
on the second pattern simply added to the previous network 
of positively connected neurons.
<br><br>
This is a problem, as the point of this grocery list memory 
was to recall only the pattern most similar to the cue. A 
second problem that can occur during recall is oscillation 
in activity. The network does not always settle down into a 
stable pattern of activity. Oscillations occur in the real 
brain as well, and their function is somewhat mysterious.
To address the first problem, we will use "bipolar" patterns 
in which all units are positive or negative, never zero. Put 
in bipolar form, the pattern from the previous lesson looks 
like this:
<br>
<img src = "http://www.psych.usyd.edu.au/staff/alexh/teaching/3014webpages_2013/autoAssociate/images/RecurrentBipolar.png">
<br><br>

<h2>Using This Simulation</h2>
Train the network with the bipolar version (pictured above) 
of the pattern used in the earlier part of the lesson:
<ul>
<li>Clamp the neurons. This put the network 
in learning mode, whereby the activity of the neurons stays 
constant so the network can learn the new pattern.</li>

<li>Be sure the synapses are NOT clamped!! This way the 
connections between the neurons can change.</li>

<li>Select the five units shown in red in the above picture and 
add an activation of 1.</li>

<li>Select the four units shown in blue in the above picture and 
decrease activation to -1.</li>

<li>Step the network once.</li>
</ul>

As before, co-active neurons wire together- the connections 
between them turn red.
<br><br>
What's new is that because of the presence of the negative 
elements of the pattern, inhibitory connections (shown in blue) 
are formed at the synapses joining units of positive activation 
with those of negative activation.
<br><br>
Now when patterns are recalled, not only is the red part of the 
pattern activated but also other nodes are inhibited, giving them 
negative values. This helps prevent recall of other patterns that 
have been learned.
<br>
<ul>
<li>Unclamp the neurons and clamp the weights.</li>

<li>Clear the activity of the network and cue it with one element of 
the learned pattern to see whether the network recalls the pattern.</li>
</ul>

It should have worked with that first pattern. Now for the real test: 
teach it a second, slightly overlapping pattern:
<br>
<ul>
<li>Unclamp the weights and clamp the neurons.</li>

<li>Impose the bipolar pattern pictured below. Note that it has one red 
unit in common with the first pattern.</li>
</ul>
<br>
<img src = "http://www.psych.usyd.edu.au/staff/alexh/teaching/3014webpages_2013/autoAssociate/images/secondPatternToLearn.png">
<br>
<ul>
<li>Step the network once.</li>
</ul>
Now, test the network's memory
<br>
<ul>
<li>Unclamp the neurons and clamp the weights, putting the network into 
non-learning, recall mode.</li>
<li>Zero the activity pattern of all the neurons, by selecting each 
neuron (without selecting its synapses) and clicking the pink eraser.</li>
<li>Give the network a retrieval cue- set a neuron to positive which 
previously had a positive activation only in the second pattern.</li>
<li>Iterate the network.</li>
</ul>
The network should more successfully reactivate individual patterns than 
in Part 1, where interference reigned. Thanks to the blue inhibitory synapses, 
as one pattern begins to activate, it represses the other. However, the 
network may nonetheless have trouble with overlapping units. This is 
analogous to the interference that can occur among similar items in your 
own memory.
<br><br>
<h2>Exercise</h2>
Try two more different retrieval cues, including ones that contain only activation belonging to both patterns. Make a note of what happens in each case.
<br><br>
<h3>Credits</h3>
Alex Holcombe, Jeff Yoshimi, Saraching Chao.
</body>
</html>









