<org.simbrain.network.core.Network>
  <looseNeurons>
    <org.simbrain.network.core.Neuron>
      <updateRule class="org.simbrain.network.neuron_update_rules.IntegrateAndFireRule">
        <lastSpikeTime>0.0</lastSpikeTime>
        <appliedInput>0.0</appliedInput>
        <resistance>1.0</resistance>
        <timeConstant>10.0</timeConstant>
        <threshold>15.0</threshold>
        <resetPotential>13.5</resetPotential>
        <restingPotential>0.0</restingPotential>
        <backgroundCurrent>13.5</backgroundCurrent>
        <refractoryPeriod>0.0</refractoryPeriod>
        <noiseGenerator class="org.simbrain.util.math.ProbDistributions.UniformDistribution">
          <floor>0.0</floor>
          <ceil>1.0</ceil>
          <polarity>BOTH</polarity>
        </noiseGenerator>
        <addNoise>false</addNoise>
        <memPotential>13.5</memPotential>
        <randSpkChance>0.0</randSpkChance>
      </updateRule>
      <id>Neuron_1</id>
      <label>Pre</label>
      <activation>13.5</activation>
      <increment>0.1</increment>
      <spike>false</spike>
      <buffer>13.5</buffer>
      <spkBuffer>false</spkBuffer>
      <inputValue>0.0</inputValue>
      <parent reference="../../.."/>
      <x>137.0</x>
      <y>93.8987559661168</y>
      <z>0.0</z>
      <clamped>false</clamped>
      <polarity>BOTH</polarity>
      <targetValue>0.0</targetValue>
      <lastActivation>13.5</lastActivation>
      <updatePriority>0</updatePriority>
      <auxValue>0.0</auxValue>
    </org.simbrain.network.core.Neuron>
    <org.simbrain.network.core.Neuron>
      <updateRule class="org.simbrain.network.neuron_update_rules.IntegrateAndFireRule">
        <lastSpikeTime>0.0</lastSpikeTime>
        <appliedInput>0.0</appliedInput>
        <resistance>1.0</resistance>
        <timeConstant>10.0</timeConstant>
        <threshold>15.0</threshold>
        <resetPotential>13.5</resetPotential>
        <restingPotential>0.0</restingPotential>
        <backgroundCurrent>13.5</backgroundCurrent>
        <refractoryPeriod>0.0</refractoryPeriod>
        <noiseGenerator class="org.simbrain.util.math.ProbDistributions.UniformDistribution">
          <floor>0.0</floor>
          <ceil>1.0</ceil>
          <polarity>BOTH</polarity>
        </noiseGenerator>
        <addNoise>false</addNoise>
        <memPotential>13.50009353664747</memPotential>
        <randSpkChance>0.0</randSpkChance>
      </updateRule>
      <id>Neuron_2</id>
      <label>Post</label>
      <activation>13.50009353664747</activation>
      <increment>0.1</increment>
      <spike>false</spike>
      <buffer>13.50009353664747</buffer>
      <spkBuffer>false</spkBuffer>
      <inputValue>0.0</inputValue>
      <parent reference="../../.."/>
      <x>208.40338701725508</x>
      <y>94.02313621884457</y>
      <z>0.0</z>
      <clamped>false</clamped>
      <polarity>BOTH</polarity>
      <targetValue>0.0</targetValue>
      <lastActivation>13.500093471391581</lastActivation>
      <updatePriority>0</updatePriority>
      <auxValue>0.0</auxValue>
    </org.simbrain.network.core.Neuron>
    <org.simbrain.network.core.Neuron>
      <updateRule class="org.simbrain.network.neuron_update_rules.LinearRule">
        <slope>1.0</slope>
        <bias>0.0</bias>
        <noiseGenerator class="org.simbrain.util.math.ProbDistributions.UniformDistribution">
          <floor>0.0</floor>
          <ceil>1.0</ceil>
          <polarity>BOTH</polarity>
        </noiseGenerator>
        <addNoise>false</addNoise>
        <clipping>true</clipping>
        <upperBound>1.0</upperBound>
        <lowerBound>-1.0</lowerBound>
      </updateRule>
      <id>Neuron_3</id>
      <label></label>
      <activation>0.0</activation>
      <increment>0.1</increment>
      <spike>false</spike>
      <buffer>0.0</buffer>
      <spkBuffer>false</spkBuffer>
      <inputValue>0.0</inputValue>
      <parent reference="../../.."/>
      <x>137.8473232125561</x>
      <y>169.82904214443494</y>
      <z>0.0</z>
      <clamped>false</clamped>
      <polarity>BOTH</polarity>
      <targetValue>0.0</targetValue>
      <lastActivation>0.0</lastActivation>
      <updatePriority>0</updatePriority>
      <auxValue>0.0</auxValue>
    </org.simbrain.network.core.Neuron>
    <org.simbrain.network.core.Neuron>
      <updateRule class="org.simbrain.network.neuron_update_rules.LinearRule">
        <slope>1.0</slope>
        <bias>0.0</bias>
        <noiseGenerator class="org.simbrain.util.math.ProbDistributions.UniformDistribution">
          <floor>0.0</floor>
          <ceil>1.0</ceil>
          <polarity>BOTH</polarity>
        </noiseGenerator>
        <addNoise>false</addNoise>
        <clipping>true</clipping>
        <upperBound>1.0</upperBound>
        <lowerBound>-1.0</lowerBound>
      </updateRule>
      <id>Neuron_4</id>
      <label></label>
      <activation>0.0</activation>
      <increment>0.1</increment>
      <spike>false</spike>
      <buffer>0.0</buffer>
      <spkBuffer>false</spkBuffer>
      <inputValue>0.0</inputValue>
      <parent reference="../../.."/>
      <x>208.3283659395878</x>
      <y>169.80150148993076</y>
      <z>0.0</z>
      <clamped>false</clamped>
      <polarity>BOTH</polarity>
      <targetValue>0.0</targetValue>
      <lastActivation>0.0</lastActivation>
      <updatePriority>0</updatePriority>
      <auxValue>0.0</auxValue>
    </org.simbrain.network.core.Neuron>
  </looseNeurons>
  <looseSynapses class="linked-hash-set">
    <org.simbrain.network.core.Synapse>
      <strength>200.0</strength>
      <parentNetwork reference="../../.."/>
      <source reference="../../../looseNeurons/org.simbrain.network.core.Neuron[3]"/>
      <target reference="../../../looseNeurons/org.simbrain.network.core.Neuron"/>
      <learningRule class="org.simbrain.network.synapse_update_rules.StaticSynapseRule">
        <clipped>false</clipped>
      </learningRule>
      <spikeResponder class="org.simbrain.network.synapse_update_rules.spikeresponders.NonResponder">
        <value>0.0</value>
      </spikeResponder>
      <id>Synapse_1</id>
      <psr>0.0</psr>
      <increment>1.0</increment>
      <upperBound>1000.0</upperBound>
      <lowerBound>-10.0</lowerBound>
      <delay>0</delay>
      <enabled>true</enabled>
      <frozen>false</frozen>
      <dlyPtr>0</dlyPtr>
      <dlyVal>0.0</dlyVal>
      <isTemplate>false</isTemplate>
    </org.simbrain.network.core.Synapse>
    <org.simbrain.network.core.Synapse>
      <strength>200.0</strength>
      <parentNetwork reference="../../.."/>
      <source reference="../../../looseNeurons/org.simbrain.network.core.Neuron[4]"/>
      <target reference="../../../looseNeurons/org.simbrain.network.core.Neuron[2]"/>
      <learningRule class="org.simbrain.network.synapse_update_rules.StaticSynapseRule" reference="../../org.simbrain.network.core.Synapse/learningRule"/>
      <spikeResponder class="org.simbrain.network.synapse_update_rules.spikeresponders.NonResponder">
        <value>0.0</value>
      </spikeResponder>
      <id>Synapse_2</id>
      <psr>0.0</psr>
      <increment>1.0</increment>
      <upperBound>1000.0</upperBound>
      <lowerBound>-10.0</lowerBound>
      <delay>0</delay>
      <enabled>true</enabled>
      <frozen>false</frozen>
      <dlyPtr>0</dlyPtr>
      <dlyVal>0.0</dlyVal>
      <isTemplate>false</isTemplate>
    </org.simbrain.network.core.Synapse>
    <org.simbrain.network.core.Synapse>
      <strength>0.0</strength>
      <parentNetwork reference="../../.."/>
      <source reference="../../../looseNeurons/org.simbrain.network.core.Neuron"/>
      <target reference="../../../looseNeurons/org.simbrain.network.core.Neuron[2]"/>
      <learningRule class="org.simbrain.network.synapse_update_rules.STDPRule">
        <tau__minus>60.0</tau__minus>
        <tau__plus>30.0</tau__plus>
        <W__plus>10.0</W__plus>
        <W__minus>10.0</W__minus>
        <learningRate>0.01</learningRate>
        <continuous>false</continuous>
        <hebbian>true</hebbian>
        <delta__w>0.0</delta__w>
      </learningRule>
      <spikeResponder class="org.simbrain.network.synapse_update_rules.spikeresponders.JumpAndDecay">
        <value>9.999698032532967E-5</value>
        <jumpHeight>1.0</jumpHeight>
        <baseLine>1.0E-4</baseLine>
        <timeConstant>3.0</timeConstant>
      </spikeResponder>
      <id>Synapse_3</id>
      <psr>9.999698032532967E-5</psr>
      <increment>1.0</increment>
      <upperBound>10.0</upperBound>
      <lowerBound>-10.0</lowerBound>
      <delay>0</delay>
      <enabled>true</enabled>
      <frozen>false</frozen>
      <dlyPtr>0</dlyPtr>
      <dlyVal>0.0</dlyVal>
      <isTemplate>false</isTemplate>
    </org.simbrain.network.core.Synapse>
  </looseSynapses>
  <weightMatrices/>
  <neuronCollectionSet/>
  <multiLayerNetworks/>
  <groupList/>
  <textList/>
  <naList/>
  <updateManager>
    <actionList>
      <org.simbrain.network.update__actions.BufferedUpdate>
        <network reference="../../../.."/>
      </org.simbrain.network.update__actions.BufferedUpdate>
    </actionList>
    <network reference="../.."/>
  </updateManager>
  <time>0.0</time>
  <timeStep>0.1</timeStep>
  <isRunning>
    <value>0</value>
  </isRunning>
  <timeType>CONTINUOUS</timeType>
  <prioritySortedNeuronList>
    <org.simbrain.network.core.Neuron reference="../../looseNeurons/org.simbrain.network.core.Neuron"/>
    <org.simbrain.network.core.Neuron reference="../../looseNeurons/org.simbrain.network.core.Neuron[2]"/>
    <org.simbrain.network.core.Neuron reference="../../looseNeurons/org.simbrain.network.core.Neuron[3]"/>
    <org.simbrain.network.core.Neuron reference="../../looseNeurons/org.simbrain.network.core.Neuron[4]"/>
  </prioritySortedNeuronList>
  <priorityComparator>
    <outer-class reference="../.."/>
  </priorityComparator>
  <neuronIdGenerator>
    <rootName>Neuron</rootName>
    <index>
      <value>0</value>
    </index>
  </neuronIdGenerator>
  <synapseIdGenerator>
    <rootName>Synapse</rootName>
    <index>
      <value>0</value>
    </index>
  </synapseIdGenerator>
  <groupIdGenerator>
    <rootName>Group</rootName>
    <index>
      <value>0</value>
    </index>
  </groupIdGenerator>
  <collectionIdGenerator>
    <rootName>Collection</rootName>
    <index>
      <value>0</value>
    </index>
  </collectionIdGenerator>
  <arrayIdGenerator>
    <rootName>Array</rootName>
    <index>
      <value>0</value>
    </index>
  </arrayIdGenerator>
  <weightMatrixGenerator>
    <rootName>Weight Matrix</rootName>
    <index>
      <value>0</value>
    </index>
  </weightMatrixGenerator>
  <fireUpdates>true</fireUpdates>
  <name>Network1</name>
  <iterCount>307</iterCount>
  <updateFreq>1</updateFreq>
  <oneOffRun>true</oneOffRun>
</org.simbrain.network.core.Network>