<org.simbrain.plot.timeseries.TimeSeriesModel>
  <dataset serialization="custom">
    <org.jfree.data.general.AbstractDataset>
      <default>
        <group>
          <id>NOID</id>
        </group>
      </default>
    </org.jfree.data.general.AbstractDataset>
    <org.jfree.data.xy.XYSeriesCollection>
      <default>
        <data>
          <org.jfree.data.xy.XYSeries>
            <key>1</key>
            <description></description>
            <indices>[]</indices>
            <values>[]</values>
          </org.jfree.data.xy.XYSeries>
          <org.jfree.data.xy.XYSeries>
            <key>2</key>
            <description></description>
            <indices>[]</indices>
            <values>[]</values>
          </org.jfree.data.xy.XYSeries>
          <org.jfree.data.xy.XYSeries>
            <key>3</key>
            <description></description>
            <indices>[]</indices>
            <values>[]</values>
          </org.jfree.data.xy.XYSeries>
          <org.jfree.data.xy.XYSeries>
            <key>4</key>
            <description></description>
            <indices>[]</indices>
            <values>[]</values>
          </org.jfree.data.xy.XYSeries>
          <org.jfree.data.xy.XYSeries>
            <key>5</key>
            <description></description>
            <indices>[]</indices>
            <values>[]</values>
          </org.jfree.data.xy.XYSeries>
          <org.jfree.data.xy.XYSeries>
            <key>6</key>
            <description></description>
            <indices>[]</indices>
            <values>[]</values>
          </org.jfree.data.xy.XYSeries>
          <org.jfree.data.xy.XYSeries>
            <key>7</key>
            <description></description>
            <indices>[]</indices>
            <values>[]</values>
          </org.jfree.data.xy.XYSeries>
          <org.jfree.data.xy.XYSeries>
            <key>8</key>
            <description></description>
            <indices>[]</indices>
            <values>[]</values>
          </org.jfree.data.xy.XYSeries>
          <org.jfree.data.xy.XYSeries>
            <key>9</key>
            <description></description>
            <indices>[]</indices>
            <values>[]</values>
          </org.jfree.data.xy.XYSeries>
          <org.jfree.data.xy.XYSeries>
            <key>10</key>
            <description></description>
            <indices>[]</indices>
            <values>[]</values>
          </org.jfree.data.xy.XYSeries>
        </data>
        <intervalDelegate>
          <dataset class="org.jfree.data.xy.XYSeriesCollection" reference="../../../.."/>
          <autoWidth>false</autoWidth>
          <intervalPositionFactor>0.5</intervalPositionFactor>
          <fixedIntervalWidth>1.0</fixedIntervalWidth>
          <autoIntervalWidth>Infinity</autoIntervalWidth>
        </intervalDelegate>
      </default>
    </org.jfree.data.xy.XYSeriesCollection>
  </dataset>
  <autoRange>true</autoRange>
  <windowSize>100</windowSize>
  <rangeUpperBound>1.0</rangeUpperBound>
  <rangeLowerBound>0.0</rangeLowerBound>
  <fixedWidth>true</fixedWidth>
</org.simbrain.plot.timeseries.TimeSeriesModel>