<Workspace>
  <archivedComponents>
    <Component>
      <className>org.simbrain.network.NetworkComponent</className>
      <name>Network1</name>
      <uri>components/0_Network1.xml</uri>
      <id>0</id>
      <format>xml</format>
      <desktopComponent>
        <className>org.simbrain.network.desktop.NetworkDesktopComponent</className>
        <uri>guis/0_Network1.xml</uri>
        <format>xml</format>
      </desktopComponent>
    </Component>
    <Component>
      <className>org.simbrain.plot.barchart.BarChartComponent</className>
      <name>BarChart1</name>
      <uri>components/1_BarChart1.xml</uri>
      <id>1</id>
      <format>xml</format>
      <desktopComponent>
        <className>org.simbrain.plot.barchart.BarChartGui</className>
        <uri>guis/1_BarChart1.xml</uri>
        <format>xml</format>
      </desktopComponent>
    </Component>
    <Component>
      <className>org.simbrain.plot.histogram.HistogramComponent</className>
      <name>Histogram1</name>
      <uri>components/2_Histogram1.xml</uri>
      <id>2</id>
      <format>xml</format>
      <desktopComponent>
        <className>org.simbrain.plot.histogram.HistogramGui</className>
        <uri>guis/2_Histogram1.xml</uri>
        <format>xml</format>
      </desktopComponent>
    </Component>
    <Component>
      <className>org.simbrain.plot.piechart.PieChartComponent</className>
      <name>PieChart1</name>
      <uri>components/3_PieChart1.xml</uri>
      <id>3</id>
      <format>xml</format>
      <desktopComponent>
        <className>org.simbrain.plot.piechart.PieChartGui</className>
        <uri>guis/3_PieChart1.xml</uri>
        <format>xml</format>
      </desktopComponent>
    </Component>
    <Component>
      <className>org.simbrain.plot.scatterplot.ScatterPlotComponent</className>
      <name>ScatterPlot1</name>
      <uri>components/4_ScatterPlot1.xml</uri>
      <id>4</id>
      <format>xml</format>
      <desktopComponent>
        <className>org.simbrain.plot.scatterplot.ScatterPlotGui</className>
        <uri>guis/4_ScatterPlot1.xml</uri>
        <format>xml</format>
      </desktopComponent>
    </Component>
    <Component>
      <className>org.simbrain.plot.timeseries.TimeSeriesPlotComponent</className>
      <name>TimeSeriesPlot1</name>
      <uri>components/5_TimeSeriesPlot1.xml</uri>
      <id>5</id>
      <format>xml</format>
      <desktopComponent>
        <className>org.simbrain.plot.timeseries.TimeSeriesPlotGui</className>
        <uri>guis/5_TimeSeriesPlot1.xml</uri>
        <format>xml</format>
      </desktopComponent>
    </Component>
  </archivedComponents>
  <archivedCouplings>
    <Coupling>
      <archivedProducer>
        <parentComponentRef>components/0_Network1.xml</parentComponentRef>
        <baseObjectKey>NeuronGroup:Group_1</baseObjectKey>
        <methodBaseName>getActivations</methodBaseName>
        <dataType>[D</dataType>
        <description>Neuron Group: Group_1</description>
      </archivedProducer>
      <archivedConsumer>
        <parentComponentRef>components/1_BarChart1.xml</parentComponentRef>
        <methodBaseName>setBars</methodBaseName>
        <dataType>[D</dataType>
        <argumentDataTypes>
          <java-class>[D</java-class>
        </argumentDataTypes>
        <description>Set bars</description>
      </archivedConsumer>
    </Coupling>
    <Coupling>
      <archivedProducer>
        <parentComponentRef>components/0_Network1.xml</parentComponentRef>
        <baseObjectKey>NeuronGroup:Group_1</baseObjectKey>
        <methodBaseName>getActivations</methodBaseName>
        <dataType>[D</dataType>
        <description>Neuron Group: Group_1</description>
      </archivedProducer>
      <archivedConsumer>
        <parentComponentRef>components/2_Histogram1.xml</parentComponentRef>
        <methodBaseName>addData</methodBaseName>
        <dataType>[D</dataType>
        <argumentDataTypes>
          <java-class>[D</java-class>
          <java-class>java.lang.Integer</java-class>
        </argumentDataTypes>
        <argumentValues>
          <int>0</int>
        </argumentValues>
        <description>Histogram 1</description>
      </archivedConsumer>
    </Coupling>
    <Coupling>
      <archivedProducer>
        <parentComponentRef>components/0_Network1.xml</parentComponentRef>
        <baseObjectKey>NeuronGroup:Group_1</baseObjectKey>
        <methodBaseName>getActivations</methodBaseName>
        <dataType>[D</dataType>
        <description>Neuron Group: Group_1</description>
      </archivedProducer>
      <archivedConsumer>
        <parentComponentRef>components/3_PieChart1.xml</parentComponentRef>
        <methodBaseName>setValues</methodBaseName>
        <dataType>[D</dataType>
        <argumentDataTypes>
          <java-class>[D</java-class>
        </argumentDataTypes>
        <description>Set slices</description>
      </archivedConsumer>
    </Coupling>
    <Coupling>
      <archivedProducer>
        <parentComponentRef>components/0_Network1.xml</parentComponentRef>
        <baseObjectKey>Neuron_26</baseObjectKey>
        <methodBaseName>getActivation</methodBaseName>
        <dataType>double</dataType>
        <description>Neuron_26:getActivation</description>
      </archivedProducer>
      <archivedConsumer>
        <parentComponentRef>components/4_ScatterPlot1.xml</parentComponentRef>
        <baseObjectKey>0</baseObjectKey>
        <methodBaseName>setX</methodBaseName>
        <dataType>double</dataType>
        <argumentDataTypes>
          <java-class>double</java-class>
        </argumentDataTypes>
        <description>Point 1[X]</description>
      </archivedConsumer>
    </Coupling>
    <Coupling>
      <archivedProducer>
        <parentComponentRef>components/0_Network1.xml</parentComponentRef>
        <baseObjectKey>Neuron_27</baseObjectKey>
        <methodBaseName>getActivation</methodBaseName>
        <dataType>double</dataType>
        <description>Neuron_27:getActivation</description>
      </archivedProducer>
      <archivedConsumer>
        <parentComponentRef>components/4_ScatterPlot1.xml</parentComponentRef>
        <baseObjectKey>0</baseObjectKey>
        <methodBaseName>setY</methodBaseName>
        <dataType>double</dataType>
        <argumentDataTypes>
          <java-class>double</java-class>
        </argumentDataTypes>
        <description>Point 1[Y]</description>
      </archivedConsumer>
    </Coupling>
    <Coupling>
      <archivedProducer>
        <parentComponentRef>components/0_Network1.xml</parentComponentRef>
        <baseObjectKey>Neuron_28</baseObjectKey>
        <methodBaseName>getActivation</methodBaseName>
        <dataType>double</dataType>
        <description>Neuron_28:getActivation</description>
      </archivedProducer>
      <archivedConsumer>
        <parentComponentRef>components/4_ScatterPlot1.xml</parentComponentRef>
        <baseObjectKey>1</baseObjectKey>
        <methodBaseName>setX</methodBaseName>
        <dataType>double</dataType>
        <argumentDataTypes>
          <java-class>double</java-class>
        </argumentDataTypes>
        <description>Point 2[X]</description>
      </archivedConsumer>
    </Coupling>
    <Coupling>
      <archivedProducer>
        <parentComponentRef>components/0_Network1.xml</parentComponentRef>
        <baseObjectKey>Neuron_29</baseObjectKey>
        <methodBaseName>getActivation</methodBaseName>
        <dataType>double</dataType>
        <description>Neuron_29:getActivation</description>
      </archivedProducer>
      <archivedConsumer>
        <parentComponentRef>components/4_ScatterPlot1.xml</parentComponentRef>
        <baseObjectKey>1</baseObjectKey>
        <methodBaseName>setY</methodBaseName>
        <dataType>double</dataType>
        <argumentDataTypes>
          <java-class>double</java-class>
        </argumentDataTypes>
        <description>Point 2[Y]</description>
      </archivedConsumer>
    </Coupling>
    <Coupling>
      <archivedProducer>
        <parentComponentRef>components/0_Network1.xml</parentComponentRef>
        <baseObjectKey>Neuron_30</baseObjectKey>
        <methodBaseName>getActivation</methodBaseName>
        <dataType>double</dataType>
        <description>Neuron_30:getActivation</description>
      </archivedProducer>
      <archivedConsumer>
        <parentComponentRef>components/4_ScatterPlot1.xml</parentComponentRef>
        <baseObjectKey>2</baseObjectKey>
        <methodBaseName>setX</methodBaseName>
        <dataType>double</dataType>
        <argumentDataTypes>
          <java-class>double</java-class>
        </argumentDataTypes>
        <description>Point 3[X]</description>
      </archivedConsumer>
    </Coupling>
    <Coupling>
      <archivedProducer>
        <parentComponentRef>components/0_Network1.xml</parentComponentRef>
        <baseObjectKey>Neuron_31</baseObjectKey>
        <methodBaseName>getActivation</methodBaseName>
        <dataType>double</dataType>
        <description>Neuron_31:getActivation</description>
      </archivedProducer>
      <archivedConsumer>
        <parentComponentRef>components/4_ScatterPlot1.xml</parentComponentRef>
        <baseObjectKey>2</baseObjectKey>
        <methodBaseName>setY</methodBaseName>
        <dataType>double</dataType>
        <argumentDataTypes>
          <java-class>double</java-class>
        </argumentDataTypes>
        <description>Point 3[Y]</description>
      </archivedConsumer>
    </Coupling>
    <Coupling>
      <archivedProducer>
        <parentComponentRef>components/0_Network1.xml</parentComponentRef>
        <baseObjectKey>Neuron_32</baseObjectKey>
        <methodBaseName>getActivation</methodBaseName>
        <dataType>double</dataType>
        <description>Neuron_32:getActivation</description>
      </archivedProducer>
      <archivedConsumer>
        <parentComponentRef>components/4_ScatterPlot1.xml</parentComponentRef>
        <baseObjectKey>3</baseObjectKey>
        <methodBaseName>setX</methodBaseName>
        <dataType>double</dataType>
        <argumentDataTypes>
          <java-class>double</java-class>
        </argumentDataTypes>
        <description>Point 4[X]</description>
      </archivedConsumer>
    </Coupling>
    <Coupling>
      <archivedProducer>
        <parentComponentRef>components/0_Network1.xml</parentComponentRef>
        <baseObjectKey>Neuron_33</baseObjectKey>
        <methodBaseName>getActivation</methodBaseName>
        <dataType>double</dataType>
        <description>Neuron_33:getActivation</description>
      </archivedProducer>
      <archivedConsumer>
        <parentComponentRef>components/4_ScatterPlot1.xml</parentComponentRef>
        <baseObjectKey>3</baseObjectKey>
        <methodBaseName>setY</methodBaseName>
        <dataType>double</dataType>
        <argumentDataTypes>
          <java-class>double</java-class>
        </argumentDataTypes>
        <description>Point 4[Y]</description>
      </archivedConsumer>
    </Coupling>
    <Coupling>
      <archivedProducer>
        <parentComponentRef>components/0_Network1.xml</parentComponentRef>
        <baseObjectKey>Neuron_34</baseObjectKey>
        <methodBaseName>getActivation</methodBaseName>
        <dataType>double</dataType>
        <description>Neuron_34:getActivation</description>
      </archivedProducer>
      <archivedConsumer>
        <parentComponentRef>components/4_ScatterPlot1.xml</parentComponentRef>
        <baseObjectKey>4</baseObjectKey>
        <methodBaseName>setX</methodBaseName>
        <dataType>double</dataType>
        <argumentDataTypes>
          <java-class>double</java-class>
        </argumentDataTypes>
        <description>Point 5[X]</description>
      </archivedConsumer>
    </Coupling>
    <Coupling>
      <archivedProducer>
        <parentComponentRef>components/0_Network1.xml</parentComponentRef>
        <baseObjectKey>Neuron_26</baseObjectKey>
        <methodBaseName>getActivation</methodBaseName>
        <dataType>double</dataType>
        <description>Neuron_26:getActivation</description>
      </archivedProducer>
      <archivedConsumer>
        <parentComponentRef>components/5_TimeSeriesPlot1.xml</parentComponentRef>
        <methodBaseName>setValue</methodBaseName>
        <dataType>double</dataType>
        <argumentDataTypes>
          <java-class>double</java-class>
          <java-class>java.lang.Integer</java-class>
        </argumentDataTypes>
        <argumentValues>
          <int>0</int>
        </argumentValues>
        <description>Time Series 1</description>
      </archivedConsumer>
    </Coupling>
    <Coupling>
      <archivedProducer>
        <parentComponentRef>components/0_Network1.xml</parentComponentRef>
        <baseObjectKey>Neuron_27</baseObjectKey>
        <methodBaseName>getActivation</methodBaseName>
        <dataType>double</dataType>
        <description>Neuron_27:getActivation</description>
      </archivedProducer>
      <archivedConsumer>
        <parentComponentRef>components/5_TimeSeriesPlot1.xml</parentComponentRef>
        <methodBaseName>setValue</methodBaseName>
        <dataType>double</dataType>
        <argumentDataTypes>
          <java-class>double</java-class>
          <java-class>java.lang.Integer</java-class>
        </argumentDataTypes>
        <argumentValues>
          <int>1</int>
        </argumentValues>
        <description>Time Series 2</description>
      </archivedConsumer>
    </Coupling>
    <Coupling>
      <archivedProducer>
        <parentComponentRef>components/0_Network1.xml</parentComponentRef>
        <baseObjectKey>Neuron_28</baseObjectKey>
        <methodBaseName>getActivation</methodBaseName>
        <dataType>double</dataType>
        <description>Neuron_28:getActivation</description>
      </archivedProducer>
      <archivedConsumer>
        <parentComponentRef>components/5_TimeSeriesPlot1.xml</parentComponentRef>
        <methodBaseName>setValue</methodBaseName>
        <dataType>double</dataType>
        <argumentDataTypes>
          <java-class>double</java-class>
          <java-class>java.lang.Integer</java-class>
        </argumentDataTypes>
        <argumentValues>
          <int>2</int>
        </argumentValues>
        <description>Time Series 3</description>
      </archivedConsumer>
    </Coupling>
    <Coupling>
      <archivedProducer>
        <parentComponentRef>components/0_Network1.xml</parentComponentRef>
        <baseObjectKey>Neuron_29</baseObjectKey>
        <methodBaseName>getActivation</methodBaseName>
        <dataType>double</dataType>
        <description>Neuron_29:getActivation</description>
      </archivedProducer>
      <archivedConsumer>
        <parentComponentRef>components/5_TimeSeriesPlot1.xml</parentComponentRef>
        <methodBaseName>setValue</methodBaseName>
        <dataType>double</dataType>
        <argumentDataTypes>
          <java-class>double</java-class>
          <java-class>java.lang.Integer</java-class>
        </argumentDataTypes>
        <argumentValues>
          <int>3</int>
        </argumentValues>
        <description>Time Series 4</description>
      </archivedConsumer>
    </Coupling>
    <Coupling>
      <archivedProducer>
        <parentComponentRef>components/0_Network1.xml</parentComponentRef>
        <baseObjectKey>Neuron_30</baseObjectKey>
        <methodBaseName>getActivation</methodBaseName>
        <dataType>double</dataType>
        <description>Neuron_30:getActivation</description>
      </archivedProducer>
      <archivedConsumer>
        <parentComponentRef>components/5_TimeSeriesPlot1.xml</parentComponentRef>
        <methodBaseName>setValue</methodBaseName>
        <dataType>double</dataType>
        <argumentDataTypes>
          <java-class>double</java-class>
          <java-class>java.lang.Integer</java-class>
        </argumentDataTypes>
        <argumentValues>
          <int>4</int>
        </argumentValues>
        <description>Time Series 5</description>
      </archivedConsumer>
    </Coupling>
  </archivedCouplings>
  <archivedActions>
    <UpdateAction>
      <updateAction class="org.simbrain.workspace.updater.UpdateAllBuffered"/>
    </UpdateAction>
  </archivedActions>
  <workspaceParameters>
    <savedTime>1</savedTime>
    <updateDelay>0</updateDelay>
  </workspaceParameters>
</Workspace>