<ArchivedWorkspace>
  <archivedComponents>
    <ArchivedWorkspaceComponent>
      <className>org.simbrain.network.NetworkComponent</className>
      <name>Network1</name>
      <uri>components/0_Network1.xml</uri>
      <id>0</id>
      <format>xml</format>
      <desktopComponent>
        <className>org.simbrain.network.desktop.NetworkDesktopComponent</className>
        <uri>guis/0_Network1.xml</uri>
        <format>xml</format>
      </desktopComponent>
    </ArchivedWorkspaceComponent>
    <ArchivedWorkspaceComponent>
      <className>org.simbrain.plot.barchart.BarChartComponent</className>
      <name>BarChart1</name>
      <uri>components/1_BarChart1.xml</uri>
      <id>1</id>
      <format>xml</format>
      <desktopComponent>
        <className>org.simbrain.plot.barchart.BarChartGui</className>
        <uri>guis/1_BarChart1.xml</uri>
        <format>xml</format>
      </desktopComponent>
    </ArchivedWorkspaceComponent>
    <ArchivedWorkspaceComponent>
      <className>org.simbrain.plot.piechart.PieChartComponent</className>
      <name>PieChart1</name>
      <uri>components/2_PieChart1.xml</uri>
      <id>2</id>
      <format>xml</format>
      <desktopComponent>
        <className>org.simbrain.plot.piechart.PieChartGui</className>
        <uri>guis/2_PieChart1.xml</uri>
        <format>xml</format>
      </desktopComponent>
    </ArchivedWorkspaceComponent>
    <ArchivedWorkspaceComponent>
      <className>org.simbrain.plot.projection.ProjectionComponent</className>
      <name>Projection1</name>
      <uri>components/3_Projection1.xml</uri>
      <id>3</id>
      <format>xml</format>
      <desktopComponent>
        <className>org.simbrain.plot.projection.ProjectionGui</className>
        <uri>guis/3_Projection1.xml</uri>
        <format>xml</format>
      </desktopComponent>
    </ArchivedWorkspaceComponent>
    <ArchivedWorkspaceComponent>
      <className>org.simbrain.plot.histogram.HistogramComponent</className>
      <name>Histogram1</name>
      <uri>components/4_Histogram1.xml</uri>
      <id>4</id>
      <format>xml</format>
      <desktopComponent>
        <className>org.simbrain.plot.histogram.HistogramGui</className>
        <uri>guis/4_Histogram1.xml</uri>
        <format>xml</format>
      </desktopComponent>
    </ArchivedWorkspaceComponent>
    <ArchivedWorkspaceComponent>
      <className>org.simbrain.plot.timeseries.TimeSeriesPlotComponent</className>
      <name>TimeSeriesPlot1</name>
      <uri>components/5_TimeSeriesPlot1.xml</uri>
      <id>5</id>
      <format>xml</format>
      <desktopComponent>
        <className>org.simbrain.plot.timeseries.TimeSeriesPlotGui</className>
        <uri>guis/5_TimeSeriesPlot1.xml</uri>
        <format>xml</format>
      </desktopComponent>
    </ArchivedWorkspaceComponent>
  </archivedComponents>
  <archivedCouplings>
    <org.simbrain.workspace.serialization.ArchivedCoupling>
      <producer>
        <componentId>Network1</componentId>
        <attributeId>Group_2</attributeId>
        <methodName>getActivations</methodName>
      </producer>
      <consumer>
        <componentId>BarChart1</componentId>
        <attributeId>Bar Chart</attributeId>
        <methodName>setBarValues</methodName>
      </consumer>
    </org.simbrain.workspace.serialization.ArchivedCoupling>
    <org.simbrain.workspace.serialization.ArchivedCoupling>
      <producer>
        <componentId>Network1</componentId>
        <attributeId>Group_2</attributeId>
        <methodName>getActivations</methodName>
      </producer>
      <consumer>
        <componentId>PieChart1</componentId>
        <attributeId>Pie Chart</attributeId>
        <methodName>setValues</methodName>
      </consumer>
    </org.simbrain.workspace.serialization.ArchivedCoupling>
    <org.simbrain.workspace.serialization.ArchivedCoupling>
      <producer>
        <componentId>Network1</componentId>
        <attributeId>Neuron_10</attributeId>
        <methodName>getActivation</methodName>
      </producer>
      <consumer>
        <componentId>TimeSeriesPlot1</componentId>
        <attributeId>Series 1</attributeId>
        <methodName>setValue</methodName>
      </consumer>
    </org.simbrain.workspace.serialization.ArchivedCoupling>
    <org.simbrain.workspace.serialization.ArchivedCoupling>
      <producer>
        <componentId>Network1</componentId>
        <attributeId>Neuron_11</attributeId>
        <methodName>getActivation</methodName>
      </producer>
      <consumer>
        <componentId>TimeSeriesPlot1</componentId>
        <attributeId>Series 2</attributeId>
        <methodName>setValue</methodName>
      </consumer>
    </org.simbrain.workspace.serialization.ArchivedCoupling>
    <org.simbrain.workspace.serialization.ArchivedCoupling>
      <producer>
        <componentId>Network1</componentId>
        <attributeId>Neuron_12</attributeId>
        <methodName>getActivation</methodName>
      </producer>
      <consumer>
        <componentId>TimeSeriesPlot1</componentId>
        <attributeId>Series 3</attributeId>
        <methodName>setValue</methodName>
      </consumer>
    </org.simbrain.workspace.serialization.ArchivedCoupling>
    <org.simbrain.workspace.serialization.ArchivedCoupling>
      <producer>
        <componentId>Network1</componentId>
        <attributeId>Neuron_13</attributeId>
        <methodName>getActivation</methodName>
      </producer>
      <consumer>
        <componentId>TimeSeriesPlot1</componentId>
        <attributeId>Series 4</attributeId>
        <methodName>setValue</methodName>
      </consumer>
    </org.simbrain.workspace.serialization.ArchivedCoupling>
    <org.simbrain.workspace.serialization.ArchivedCoupling>
      <producer>
        <componentId>Network1</componentId>
        <attributeId>Neuron_14</attributeId>
        <methodName>getActivation</methodName>
      </producer>
      <consumer>
        <componentId>TimeSeriesPlot1</componentId>
        <attributeId>Series 5</attributeId>
        <methodName>setValue</methodName>
      </consumer>
    </org.simbrain.workspace.serialization.ArchivedCoupling>
    <org.simbrain.workspace.serialization.ArchivedCoupling>
      <producer>
        <componentId>Network1</componentId>
        <attributeId>Neuron_15</attributeId>
        <methodName>getActivation</methodName>
      </producer>
      <consumer>
        <componentId>TimeSeriesPlot1</componentId>
        <attributeId>Series 6</attributeId>
        <methodName>setValue</methodName>
      </consumer>
    </org.simbrain.workspace.serialization.ArchivedCoupling>
    <org.simbrain.workspace.serialization.ArchivedCoupling>
      <producer>
        <componentId>Network1</componentId>
        <attributeId>Group_2</attributeId>
        <methodName>getActivations</methodName>
      </producer>
      <consumer>
        <componentId>Histogram1</componentId>
        <attributeId>Histogram</attributeId>
        <methodName>addData</methodName>
      </consumer>
    </org.simbrain.workspace.serialization.ArchivedCoupling>
    <org.simbrain.workspace.serialization.ArchivedCoupling>
      <producer>
        <componentId>Network1</componentId>
        <attributeId>Group_2</attributeId>
        <methodName>getActivations</methodName>
      </producer>
      <consumer>
        <componentId>Projection1</componentId>
        <attributeId>Projection1</attributeId>
        <methodName>addPoint</methodName>
      </consumer>
    </org.simbrain.workspace.serialization.ArchivedCoupling>
  </archivedCouplings>
  <archivedActions>
    <ArchivedUpdateAction>
      <updateAction class="org.simbrain.workspace.updater.UpdateAllAction"/>
    </ArchivedUpdateAction>
    <ArchivedUpdateAction>
      <updateAction class="org.simbrain.workspace.updater.SynchronizedTaskUpdateAction"/>
    </ArchivedUpdateAction>
  </archivedActions>
  <workspaceParameters>
    <savedTime>435</savedTime>
    <updateDelay>0</updateDelay>
  </workspaceParameters>
</ArchivedWorkspace>