<html>
<body>
<h1>SOM Letter Net</h1>
<br>
SOM's or <a href="http://en.wikipedia.org/wiki/Self-organizing_map">Self organizing maps</a> are unsupervised
networks that learn to categorize inputs over time.
They are thus like competitive networks. But they
also learn to assign nearby nodes to similar
inputs.  So the spatial layout of the output 
layer is a kind of map of the input space.
<br><br>
This is an SOM that was trained to distinguish the 26 letters
of the alphabet.   The letters are clustered by
how similar their features as pixel-patterns are.
<br><br>
<h1>What to do</h1>
Double click on the top interaction 
box (labelled "SOM Network") to open the SOM dialog.
Go to the
validate tab and click the "test row" button repeatedly. 
In this way you go through the letter patterns.
 In each case confirm that the correct 
letter node in layer 3 is activated.
<br><br>
You can label the output nodes to study the similarities
of patterns.  You can also try entering 
your own letters and seeing how they are categorized.   Finally, you can restart training by going to the SOM dialog
again, clicking reset and then training again.  Observe how the learning rate and neighborhood size are reduced over time.
<h1>Credits</h1>
Jeff Yoshimi.
</body>
</html>
