<html>
<body>
<h1>SOM Letter Net</h1>
<br>
SOM's or Self organizing maps are unsupervised
networks that learn to categorize inputs over time.
They are thus like competitive networks. But they
also have learn to assign nearby nodes to similar
inputs.  So the spatial layout of the output 
layer is a kind of map of the input space.
<br><br>
An SOM that was trained to distinguish the 26 letters
of the alphabet.   The letters are clustered by
how similar their features as pixel-patterns are.
<br><br>
Double click on the top interaction box, and go to the
validate tab to click through the training samples.
You can label the output nodes to study the similarities
of patterns.  You can also try entering 
your own letters and seeing how they are categorized 

</body>
</html>
