<Workspace>
  <archivedComponents>
    <Component>
      <className>org.simbrain.world.odorworld.OdorWorldComponent</className>
      <name>fourObjectsLocal.xml</name>
      <uri>components/0_fourObjectsLocal.xml.xml</uri>
      <id>0</id>
      <format>xml</format>
      <desktopComponent>
        <className>org.simbrain.world.odorworld.OdorWorldDesktopComponent</className>
        <uri>guis/0_fourObjectsLocal.xml.xml</uri>
        <format>xml</format>
      </desktopComponent>
    </Component>
    <Component>
      <className>org.simbrain.network.NetworkComponent</className>
      <name>Network1</name>
      <uri>components/1_Network1.xml</uri>
      <id>1</id>
      <format>xml</format>
      <desktopComponent>
        <className>org.simbrain.network.desktop.NetworkDesktopComponent</className>
        <uri>guis/1_Network1.xml</uri>
        <format>xml</format>
      </desktopComponent>
    </Component>
  </archivedComponents>
  <archivedCouplings>
    <Coupling>
      <archivedProducer>
        <parentComponentRef>components/0_fourObjectsLocal.xml.xml</parentComponentRef>
        <baseObjectKey>Agent_1:sensor:Sensor_2</baseObjectKey>
        <methodBaseName>getCurrentValue</methodBaseName>
        <dataType>double</dataType>
        <argumentDataTypes>
          <java-class>int</java-class>
        </argumentDataTypes>
        <argumentValues>
          <int>0</int>
        </argumentValues>
        <description>Agent_1:Smell-Center-1</description>
      </archivedProducer>
      <archivedConsumer>
        <parentComponentRef>components/1_Network1.xml</parentComponentRef>
        <baseObjectKey>Neuron_1</baseObjectKey>
        <methodBaseName>setInputValue</methodBaseName>
        <dataType>double</dataType>
        <argumentDataTypes>
          <java-class>double</java-class>
        </argumentDataTypes>
        <description>Neuron_1:setInputValue &lt;double&gt;</description>
      </archivedConsumer>
    </Coupling>
    <Coupling>
      <archivedProducer>
        <parentComponentRef>components/0_fourObjectsLocal.xml.xml</parentComponentRef>
        <baseObjectKey>Agent_1:sensor:Sensor_2</baseObjectKey>
        <methodBaseName>getCurrentValue</methodBaseName>
        <dataType>double</dataType>
        <argumentDataTypes>
          <java-class>int</java-class>
        </argumentDataTypes>
        <argumentValues>
          <int>1</int>
        </argumentValues>
        <description>Agent_1:Smell-Center-2</description>
      </archivedProducer>
      <archivedConsumer>
        <parentComponentRef>components/1_Network1.xml</parentComponentRef>
        <baseObjectKey>Neuron_2</baseObjectKey>
        <methodBaseName>setInputValue</methodBaseName>
        <dataType>double</dataType>
        <argumentDataTypes>
          <java-class>double</java-class>
        </argumentDataTypes>
        <description>Neuron_2:setInputValue &lt;double&gt;</description>
      </archivedConsumer>
    </Coupling>
    <Coupling>
      <archivedProducer>
        <parentComponentRef>components/0_fourObjectsLocal.xml.xml</parentComponentRef>
        <baseObjectKey>Agent_1:sensor:Sensor_2</baseObjectKey>
        <methodBaseName>getCurrentValue</methodBaseName>
        <dataType>double</dataType>
        <argumentDataTypes>
          <java-class>int</java-class>
        </argumentDataTypes>
        <argumentValues>
          <int>2</int>
        </argumentValues>
        <description>Agent_1:Smell-Center-3</description>
      </archivedProducer>
      <archivedConsumer>
        <parentComponentRef>components/1_Network1.xml</parentComponentRef>
        <baseObjectKey>Neuron_3</baseObjectKey>
        <methodBaseName>setInputValue</methodBaseName>
        <dataType>double</dataType>
        <argumentDataTypes>
          <java-class>double</java-class>
        </argumentDataTypes>
        <description>Neuron_3:setInputValue &lt;double&gt;</description>
      </archivedConsumer>
    </Coupling>
    <Coupling>
      <archivedProducer>
        <parentComponentRef>components/0_fourObjectsLocal.xml.xml</parentComponentRef>
        <baseObjectKey>Agent_1:sensor:Sensor_2</baseObjectKey>
        <methodBaseName>getCurrentValue</methodBaseName>
        <dataType>double</dataType>
        <argumentDataTypes>
          <java-class>int</java-class>
        </argumentDataTypes>
        <argumentValues>
          <int>3</int>
        </argumentValues>
        <description>Agent_1:Smell-Center-4</description>
      </archivedProducer>
      <archivedConsumer>
        <parentComponentRef>components/1_Network1.xml</parentComponentRef>
        <baseObjectKey>Neuron_4</baseObjectKey>
        <methodBaseName>setInputValue</methodBaseName>
        <dataType>double</dataType>
        <argumentDataTypes>
          <java-class>double</java-class>
        </argumentDataTypes>
        <description>Neuron_4:setInputValue &lt;double&gt;</description>
      </archivedConsumer>
    </Coupling>
  </archivedCouplings>
  <archivedActions>
    <UpdateAction>
      <updateAction class="org.simbrain.workspace.updater.UpdateAllBuffered"/>
    </UpdateAction>
  </archivedActions>
  <archivedAvailableActions>
    <UpdateAction>
      <updateAction class="org.simbrain.workspace.updater.UpdateComponent"/>
    </UpdateAction>
    <UpdateAction>
      <updateAction class="org.simbrain.workspace.updater.UpdateComponent"/>
    </UpdateAction>
    <UpdateAction>
      <updateAction class="org.simbrain.workspace.updater.UpdateCoupling"/>
    </UpdateAction>
    <UpdateAction>
      <updateAction class="org.simbrain.workspace.updater.UpdateCoupling"/>
    </UpdateAction>
    <UpdateAction>
      <updateAction class="org.simbrain.workspace.updater.UpdateCoupling"/>
    </UpdateAction>
    <UpdateAction>
      <updateAction class="org.simbrain.workspace.updater.UpdateComponent"/>
    </UpdateAction>
    <UpdateAction>
      <updateAction class="org.simbrain.workspace.updater.UpdateComponent"/>
    </UpdateAction>
    <UpdateAction>
      <updateAction class="org.simbrain.workspace.updater.UpdateCoupling"/>
    </UpdateAction>
    <UpdateAction>
      <updateAction class="org.simbrain.workspace.updater.UpdateCoupling"/>
    </UpdateAction>
    <UpdateAction>
      <updateAction class="org.simbrain.workspace.updater.UpdateCoupling"/>
    </UpdateAction>
    <UpdateAction>
      <updateAction class="org.simbrain.workspace.updater.UpdateCoupling"/>
    </UpdateAction>
    <UpdateAction>
      <updateAction class="org.simbrain.workspace.updater.UpdateCoupling"/>
    </UpdateAction>
    <UpdateAction>
      <updateAction class="org.simbrain.workspace.updater.UpdateComponent"/>
    </UpdateAction>
    <UpdateAction>
      <updateAction class="org.simbrain.workspace.updater.UpdateCoupling"/>
    </UpdateAction>
    <UpdateAction>
      <updateAction class="org.simbrain.workspace.updater.UpdateCoupling"/>
    </UpdateAction>
    <UpdateAction>
      <updateAction class="org.simbrain.workspace.updater.UpdateCoupling"/>
    </UpdateAction>
    <UpdateAction>
      <updateAction class="org.simbrain.workspace.updater.UpdateCoupling"/>
    </UpdateAction>
    <UpdateAction>
      <updateAction class="org.simbrain.workspace.updater.UpdateCoupling"/>
    </UpdateAction>
    <UpdateAction>
      <updateAction class="org.simbrain.workspace.updater.UpdateCoupling"/>
    </UpdateAction>
    <UpdateAction>
      <updateAction class="org.simbrain.workspace.updater.UpdateCoupling"/>
    </UpdateAction>
    <UpdateAction>
      <updateAction class="org.simbrain.workspace.updater.UpdateComponent"/>
      <componentId>components/0_fourObjectsLocal.xml.xml</componentId>
    </UpdateAction>
    <UpdateAction>
      <updateAction class="org.simbrain.workspace.updater.UpdateComponent"/>
      <componentId>components/1_Network1.xml</componentId>
    </UpdateAction>
    <UpdateAction>
      <updateAction class="org.simbrain.workspace.updater.UpdateCoupling"/>
      <couplingId>fourObjectsLocal.xml:Agent_1:sensor:Sensor_2:getCurrentValue-Network1:Neuron_1:setInputValue</couplingId>
    </UpdateAction>
    <UpdateAction>
      <updateAction class="org.simbrain.workspace.updater.UpdateCoupling"/>
      <couplingId>fourObjectsLocal.xml:Agent_1:sensor:Sensor_2:getCurrentValue-Network1:Neuron_2:setInputValue</couplingId>
    </UpdateAction>
    <UpdateAction>
      <updateAction class="org.simbrain.workspace.updater.UpdateCoupling"/>
      <couplingId>fourObjectsLocal.xml:Agent_1:sensor:Sensor_2:getCurrentValue-Network1:Neuron_3:setInputValue</couplingId>
    </UpdateAction>
    <UpdateAction>
      <updateAction class="org.simbrain.workspace.updater.UpdateCoupling"/>
      <couplingId>fourObjectsLocal.xml:Agent_1:sensor:Sensor_2:getCurrentValue-Network1:Neuron_4:setInputValue</couplingId>
    </UpdateAction>
  </archivedAvailableActions>
  <workspaceParameters>
    <savedTime>0</savedTime>
    <updateDelay>0</updateDelay>
  </workspaceParameters>
</Workspace>