<ArchivedWorkspace>
  <archivedComponents>
    <ArchivedWorkspaceComponent>
      <className>org.simbrain.docviewer.DocViewerComponent</className>
      <name>DocViewer1</name>
      <uri>components/0_DocViewer1.xml</uri>
      <id>0</id>
      <format>xml</format>
      <desktopComponent>
        <className>org.simbrain.docviewer.DocViewerDesktopComponent</className>
        <uri>guis/0_DocViewer1.xml</uri>
        <format>xml</format>
      </desktopComponent>
    </ArchivedWorkspaceComponent>
    <ArchivedWorkspaceComponent>
      <className>org.simbrain.network.NetworkComponent</className>
      <name>Network1</name>
      <uri>components/1_Network1.xml</uri>
      <id>1</id>
      <format>xml</format>
      <desktopComponent>
        <className>org.simbrain.network.desktop.NetworkDesktopComponent</className>
        <uri>guis/1_Network1.xml</uri>
        <format>xml</format>
      </desktopComponent>
    </ArchivedWorkspaceComponent>
    <ArchivedWorkspaceComponent>
      <className>org.simbrain.plot.timeseries.TimeSeriesPlotComponent</className>
      <name>TimeSeriesPlot1</name>
      <uri>components/2_TimeSeriesPlot1.xml</uri>
      <id>2</id>
      <format>xml</format>
      <desktopComponent>
        <className>org.simbrain.plot.timeseries.TimeSeriesPlotGui</className>
        <uri>guis/2_TimeSeriesPlot1.xml</uri>
        <format>xml</format>
      </desktopComponent>
    </ArchivedWorkspaceComponent>
    <ArchivedWorkspaceComponent>
      <className>org.simbrain.world.dataworld.DataWorldComponent</className>
      <name>DataWorld1</name>
      <uri>components/3_DataWorld1.xml</uri>
      <id>3</id>
      <format>xml</format>
      <desktopComponent>
        <className>org.simbrain.world.dataworld.DataWorldDesktopComponent</className>
        <uri>guis/3_DataWorld1.xml</uri>
        <format>xml</format>
      </desktopComponent>
    </ArchivedWorkspaceComponent>
  </archivedComponents>
  <archivedCouplings>
    <org.simbrain.workspace.serialization.ArchivedCoupling>
      <producer>
        <componentId>DataWorld1</componentId>
        <attributeId>Column 1</attributeId>
        <methodName>getValue</methodName>
      </producer>
      <consumer>
        <componentId>Network1</componentId>
        <attributeId>Neuron_3</attributeId>
        <methodName>setInputValue</methodName>
      </consumer>
    </org.simbrain.workspace.serialization.ArchivedCoupling>
    <org.simbrain.workspace.serialization.ArchivedCoupling>
      <producer>
        <componentId>DataWorld1</componentId>
        <attributeId>Column 2</attributeId>
        <methodName>getValue</methodName>
      </producer>
      <consumer>
        <componentId>Network1</componentId>
        <attributeId>Neuron_4</attributeId>
        <methodName>setInputValue</methodName>
      </consumer>
    </org.simbrain.workspace.serialization.ArchivedCoupling>
    <org.simbrain.workspace.serialization.ArchivedCoupling>
      <producer>
        <componentId>Network1</componentId>
        <attributeId>Synapse_3</attributeId>
        <methodName>getStrength</methodName>
      </producer>
      <consumer>
        <componentId>TimeSeriesPlot1</componentId>
        <attributeId>Series 1</attributeId>
        <methodName>setValue</methodName>
      </consumer>
    </org.simbrain.workspace.serialization.ArchivedCoupling>
  </archivedCouplings>
  <archivedActions>
    <ArchivedUpdateAction>
      <updateAction class="org.simbrain.workspace.updater.UpdateAllAction"/>
    </ArchivedUpdateAction>
    <ArchivedUpdateAction>
      <updateAction class="org.simbrain.workspace.updater.SynchronizedTaskUpdateAction"/>
    </ArchivedUpdateAction>
  </archivedActions>
  <workspaceParameters>
    <savedTime>0</savedTime>
    <updateDelay>0</updateDelay>
  </workspaceParameters>
</ArchivedWorkspace>