<Workspace>
  <archivedComponents>
    <Component>
      <className>org.simbrain.network.NetworkComponent</className>
      <name>Network3</name>
      <uri>components/0_Network3.xml</uri>
      <id>0</id>
      <format>xml</format>
      <desktopComponent>
        <className>org.simbrain.network.desktop.NetworkDesktopComponent</className>
        <uri>guis/0_Network3.xml</uri>
        <format>xml</format>
      </desktopComponent>
    </Component>
    <Component>
      <className>org.simbrain.plot.rasterchart.RasterPlotComponent</className>
      <name>RasterPlot1</name>
      <uri>components/1_RasterPlot1.xml</uri>
      <id>1</id>
      <format>xml</format>
      <desktopComponent>
        <className>org.simbrain.plot.rasterchart.RasterPlotGui</className>
        <uri>guis/1_RasterPlot1.xml</uri>
        <format>xml</format>
      </desktopComponent>
    </Component>
  </archivedComponents>
  <archivedCouplings>
    <Coupling>
      <archivedProducer>
        <parentComponentRef>components/0_Network3.xml</parentComponentRef>
        <baseObjectKey>NeuronGroup:Group_1</baseObjectKey>
        <methodBaseName>getSpikeIndexes</methodBaseName>
        <dataType>[D</dataType>
        <description>Neuron Group Spikes: Group_1</description>
      </archivedProducer>
      <archivedConsumer>
        <parentComponentRef>components/1_RasterPlot1.xml</parentComponentRef>
        <methodBaseName>setValues</methodBaseName>
        <dataType>[D</dataType>
        <argumentDataTypes>
          <java-class>[D</java-class>
          <java-class>java.lang.Integer</java-class>
        </argumentDataTypes>
        <argumentValues>
          <int>0</int>
        </argumentValues>
        <description>Raster Series 1</description>
      </archivedConsumer>
    </Coupling>
  </archivedCouplings>
  <archivedActions>
    <UpdateAction>
      <updateAction class="org.simbrain.workspace.updater.UpdateAllBuffered"/>
    </UpdateAction>
  </archivedActions>
  <workspaceParameters>
    <savedTime>770</savedTime>
    <updateDelay>0</updateDelay>
  </workspaceParameters>
</Workspace>