<ArchivedWorkspace>
  <archivedComponents>
    <ArchivedWorkspaceComponent>
      <className>org.simbrain.network.NetworkComponent</className>
      <name>Network2</name>
      <uri>components/0_Network2.xml</uri>
      <id>0</id>
      <format>xml</format>
      <desktopComponent>
        <className>org.simbrain.network.desktop.NetworkDesktopComponent</className>
        <uri>guis/0_Network2.xml</uri>
        <format>xml</format>
      </desktopComponent>
    </ArchivedWorkspaceComponent>
    <ArchivedWorkspaceComponent>
      <className>org.simbrain.docviewer.DocViewerComponent</className>
      <name>DocViewer1</name>
      <uri>components/1_DocViewer1.xml</uri>
      <id>1</id>
      <format>xml</format>
      <desktopComponent>
        <className>org.simbrain.docviewer.DocViewerDesktopComponent</className>
        <uri>guis/1_DocViewer1.xml</uri>
        <format>xml</format>
      </desktopComponent>
    </ArchivedWorkspaceComponent>
  </archivedComponents>
  <archivedCouplings/>
  <archivedActions>
    <ArchivedUpdateAction>
      <updateAction class="org.simbrain.workspace.updater.UpdateAllAction"/>
    </ArchivedUpdateAction>
    <ArchivedUpdateAction>
      <updateAction class="org.simbrain.workspace.updater.SynchronizedTaskUpdateAction"/>
    </ArchivedUpdateAction>
  </archivedActions>
  <workspaceParameters>
    <savedTime>67</savedTime>
    <updateDelay>0</updateDelay>
  </workspaceParameters>
</ArchivedWorkspace>