<html>
<body>
<h1>About This Simulation</h1>
In the window on the right is a virtual world containing three agents:
the main character (Blue), a blonde, and a brunette. 
<br><br>
The three neurons of the top row are movement (motor) neurons. These neurons 
move in the direction they are labelled: <i>Left</i> = turn left, 
<i>Straight</i> = go straight, and <i>Right</i> = turn right when activated. 
Note that <i>Straight</i> is constantly active, thus impels the main 
character forward at all time. Blue also has three neurons that presently 
aren't connected to anything and thus don't have any effect on Blue's 
behavior.
<br><br>

Blue is a new student on campus and is lost. Blue has taken notice of Brunette, 
persumably a current student. Blue is shy and would  prefer to approach 
Brunette if alone:  the <i>Brunette-Left</i> neuron is most active when 
the brunette is to Blue's left, and the <i>Brunette-Right</i> neuron is more 
active when the Brunette is on Blue's right. Also, both neurons are more active 
the closer that Blue is to Brunette.

<br><br>


<h1>Using This Simulation</h1>
Press the play button (a triangle icon) that's uppermost on the screen. 
Drag Blue around within the world. Note that if Blue is close enough for 
his sensory neurons to detect Brunette, he turns towards her, thanks to the differential 
activation of the <i>Brunette-Left</i> or <i>Brunette-Right</i> sensory 
neurons and the activity they trigger in the <i>Left</i> and <i>Right</i> 
motor neurons. Now play with Brunette. While the simulation is playing, 
drag Brunette's image around and note the network's reaction. Stop the 
simulation using the stop button.
<br><br>
Let's suppose Blue has taken notice of another current student that is 
standing alone (in addition to having awareness of Brunette). How can we 
rewire Blue's brain to approach both Blonde and Brunette separately? To get 
ready for the next step, drag Brunette to the same place (overlapping) with
Blonde. Because Blue is shy and thus will not approach Brunette and Blonde 
if they are within close proximity, how could the network avoid approaching 
when they are both in the same place? Think about this and move on to Part 2
of this simulation, <i>chasing_part2</i>.
<br><br>
Note: in formal logic, this is called an exclusive or (XOR) problem. If both A (Brunette) 
and B (Blonde) are true (present), A XOR B = false (don't pursue), whereas 
if one is true (present) and the other false (absent), A XOR B = true 
(do pursue).
<br><br> 
<h1>Note</h1>
You can choose different images for the characters. 
To do so, just click on the the agent icons, and select type. Simbrain
comes with three brunettes (Amy, Arnold, and Steve), and two blondes 
(Susi and Jake).  
Configure as you please.
<h2>Credits</h2>
Alex Holcombe, Jeff Yoshimi, Saraching Chao. 
</html>
</body>
