<html>
<body>
<h2>About This Simulation</h2>
In the window on the right is a virtual world containing three agents:
the main character (Blue), a blonde, and a brunette. 
<br><br>
The Network window shows Blue's neurons.
The three neurons of the top row are his movement (motor) neurons. When activated, these neurons 
move in the direction they are labelled: <i>Left</i> turns left, <i>Right</i> turns right, 
and <i>Straight</i> goes forward. 
Note that <i>Straight</i> is constantly active, thus impels the main 
character forward at all time. Blue also has three neurons that presently 
aren't connected to anything and thus don't have any effect on Blue's 
behavior.
<br><br>

Blue is a new student on campus and is lost. Blue has taken notice of the Brunette
student. Blue's brain is wired to approach Brunette:  
the <i>Brunette-Left</i> neuron is most active when 
the brunette is to Blue's left, and the <i>Brunette-Right</i> neuron is most 
active when the Brunette is on Blue's right. Also, both neurons are more active 
the closer that Blue is to Brunette.
<br><br>
<h2>Using This Simulation</h2>
Press the play button (a triangle icon) that's uppermost on the screen. 
Drag Blue around within the world. Note that if Blue is close enough for 
his sensory neurons to detect Brunette, he turns towards her, thanks to the differential 
activation of the <i>Brunette-Left</i> or <i>Brunette-Right</i> sensory 
neurons and the activity they trigger in the <i>Left</i> and <i>Right</i> 
motor neurons. Now play with Brunette. While the simulation is playing, 
drag Brunette's image around and note the network's reaction. Stop the 
simulation using the stop button.
<br><br>
Let's suppose Blue has taken notice of another current student, Blonde. 
How can we 
rewire Blue's brain to approach both Blonde and Brunette? 

<p>
Connect the <i>Blonde-Left</i> and <i>Blonde-Right</i> sensory neurons
to the appropriate motor neurons to make Blue chase Blonde. 
It's as easy as 1,2,1 to connect two neurons:</p>
<ul>
  <li>Click once on the <i>Blonde-Left</i> neuron to highlight it</li>
  <li>On the keyboard, type "1"</li>
  <li>Click once on the  <i>Left</i> motor neuron to select and highlight it</li>
  <li>On the keyboard, type "2"</li>
  <li>Click on nothing (e.g., the background of the screen)</li>
  <li>On the keyboard, type "1" (this turns off the red and green boxes)</li>
</ul>
You have connected the <i>Blonde-Left</i> detector to the <i>Left</i> motor neuron, 
via an excitatory synapse, shown in red. This drives Blue to turn left when Blonde is on his left.
But we must make additional connections for Blue to properly chase Blonde.
</p><ul>
  <li>Connect the <i>Blonde-Left</i> neuron to the <i>Right</i> motor neuron (using the 1,2,1 sequence described above) </li> 
  <li>When Blonde is on Blue's left, we don't want Blue to turn Right, so we need to make this connection inhibitory. 
  Double-click on the synapse (you may have to click on its outer edge to avoid accidentally selecting the neuron instead of the synapse). 
  In the <i>Synapse Dialog</i> box that pops up, change the <i>Strength</i> to -1. 
  The synapse's color will change from red (excitatory) to blue (inhibitory).</li>
  <li>Select the <i>Blonde-Right</i> neuron and connect it to <i>Left</span></i> 
  <li>Make the connection inhibitory (same way as in step 2).</li>
  <li>Connect <i>Blonde-Right</i> to <i>Right</i>. Leave the connection excitatory.</li>
</ul>
Blue should now chase both Brunette and Blonde:
Drag Blonde or Brunette around and click <i>Play</i> at the very top to watch Blue go.

To get ready for the next step, drag Brunette to the same place (overlapping) with Blonde.
<h2>A challenge</h2>
Blue is very shy and therefore does not wish to approach Brunette and Blonde 
if they are very near each other. He prefers to deal with one person at a time. 
<BR><BR>
How could the network wiring be changed so that Blue avoids approaching 
Brunette and Blonde when they are both in the same place?
<br><br>
Note: in formal logic, this is called an exclusive or (XOR) problem. If both A (Brunette) 
and B (Blonde) are true (present), A XOR B = false (don't pursue), whereas 
if one is true (present) and the other false (absent), A XOR B = true 
(do pursue).
<BR><BR>
You must stop Blue from approaching if they are both in the same place.
Tinker with the network and try out any ideas you have!
</html>
</body>
