<html>
<body>
<h1>Jets and Sharks</h1>
<br>
A fragment of the classic McClelland Jets
and Sharks <a href="http://en.wikipedia.org/wiki/Interactive_activation_and_competition_networks">
IAC</a> Model.
<br><br>
This is a fragment of the full IAC model 
described in the documentation for IAC_Full.zip.
Because there are fewer nodes and links,
this one runs faster.  
<br><br> 
To see it in action, add activation to a 
person, or to any propery, run the network, and
see what pattern it settles in to. 
This models human associative memory.
Again, for more info, see the
documentation for IAC_Full.zip.
</body>
</html>
