<org.simbrain.network.core.Network>
  <neuronList/>
  <synapseList class="linked-hash-set"/>
  <groupList>
    <org.simbrain.network.subnetworks.CompetitiveNetwork>
      <parentNetwork reference="../../.."/>
      <id>Group_5</id>
      <label>Competitive Network</label>
      <stateInfo></stateInfo>
      <markedForDeletion>false</markedForDeletion>
      <neuronGroupList class="java.util.concurrent.CopyOnWriteArrayList" serialization="custom">
        <java.util.concurrent.CopyOnWriteArrayList>
          <default/>
          <int>2</int>
          <org.simbrain.network.subnetworks.CompetitiveGroup>
            <parentNetwork reference="../../../../../.."/>
            <id>Group_3</id>
            <label>Competitive Group</label>
            <stateInfo></stateInfo>
            <markedForDeletion>false</markedForDeletion>
            <parentGroup class="org.simbrain.network.subnetworks.CompetitiveNetwork" reference="../../../.."/>
            <isSpikingNeuronGroup>false</isSpikingNeuronGroup>
            <neuronList>
              <org.simbrain.network.core.Neuron>
                <updateRule class="org.simbrain.network.neuron_update_rules.LinearRule">
                  <inputType>WEIGHTED</inputType>
                  <increment>0.1</increment>
                  <slope>1.0</slope>
                  <bias>0.0</bias>
                  <noiseGenerator>
                    <pdf>UNIFORM</pdf>
                    <param1>0.0</param1>
                    <param2>1.0</param2>
                    <upperBound>1.0</upperBound>
                    <lowerBound>0.0</lowerBound>
                    <clipping>false</clipping>
                  </noiseGenerator>
                  <addNoise>false</addNoise>
                  <clipping>true</clipping>
                  <upperBound>1.0</upperBound>
                  <lowerBound>-1.0</lowerBound>
                </updateRule>
                <id>Neuron_31</id>
                <label></label>
                <activation>0.0</activation>
                <spike>false</spike>
                <buffer>1.9165737127995005E-10</buffer>
                <spkBuffer>false</spkBuffer>
                <inputValue>0.0</inputValue>
                <parent reference="../../../../../../../.."/>
                <generator>false</generator>
                <x>40.0</x>
                <y>-150.0</y>
                <z>0.0</z>
                <clamped>false</clamped>
                <targetValue>0.0</targetValue>
                <parentGroup class="org.simbrain.network.subnetworks.CompetitiveGroup" reference="../../.."/>
                <updatePriority>0</updatePriority>
                <auxValue>0.0</auxValue>
              </org.simbrain.network.core.Neuron>
              <org.simbrain.network.core.Neuron>
                <updateRule class="org.simbrain.network.neuron_update_rules.LinearRule">
                  <inputType>WEIGHTED</inputType>
                  <increment>0.1</increment>
                  <slope>1.0</slope>
                  <bias>0.0</bias>
                  <noiseGenerator>
                    <pdf>UNIFORM</pdf>
                    <param1>0.0</param1>
                    <param2>1.0</param2>
                    <upperBound>1.0</upperBound>
                    <lowerBound>0.0</lowerBound>
                    <clipping>false</clipping>
                  </noiseGenerator>
                  <addNoise>false</addNoise>
                  <clipping>true</clipping>
                  <upperBound>1.0</upperBound>
                  <lowerBound>-1.0</lowerBound>
                </updateRule>
                <id>Neuron_32</id>
                <label></label>
                <activation>0.0</activation>
                <spike>false</spike>
                <buffer>0.019801133065055238</buffer>
                <spkBuffer>false</spkBuffer>
                <inputValue>0.0</inputValue>
                <parent reference="../../../../../../../.."/>
                <generator>false</generator>
                <x>90.0</x>
                <y>-150.0</y>
                <z>0.0</z>
                <clamped>false</clamped>
                <targetValue>0.0</targetValue>
                <parentGroup class="org.simbrain.network.subnetworks.CompetitiveGroup" reference="../../.."/>
                <updatePriority>0</updatePriority>
                <auxValue>0.0</auxValue>
              </org.simbrain.network.core.Neuron>
              <org.simbrain.network.core.Neuron>
                <updateRule class="org.simbrain.network.neuron_update_rules.LinearRule">
                  <inputType>WEIGHTED</inputType>
                  <increment>0.1</increment>
                  <slope>1.0</slope>
                  <bias>0.0</bias>
                  <noiseGenerator>
                    <pdf>UNIFORM</pdf>
                    <param1>0.0</param1>
                    <param2>1.0</param2>
                    <upperBound>1.0</upperBound>
                    <lowerBound>0.0</lowerBound>
                    <clipping>false</clipping>
                  </noiseGenerator>
                  <addNoise>false</addNoise>
                  <clipping>true</clipping>
                  <upperBound>1.0</upperBound>
                  <lowerBound>-1.0</lowerBound>
                </updateRule>
                <id>Neuron_33</id>
                <label></label>
                <activation>0.0</activation>
                <spike>false</spike>
                <buffer>0.06612794090471548</buffer>
                <spkBuffer>false</spkBuffer>
                <inputValue>0.0</inputValue>
                <parent reference="../../../../../../../.."/>
                <generator>false</generator>
                <x>140.0</x>
                <y>-150.0</y>
                <z>0.0</z>
                <clamped>false</clamped>
                <targetValue>0.0</targetValue>
                <parentGroup class="org.simbrain.network.subnetworks.CompetitiveGroup" reference="../../.."/>
                <updatePriority>0</updatePriority>
                <auxValue>0.0</auxValue>
              </org.simbrain.network.core.Neuron>
              <org.simbrain.network.core.Neuron>
                <updateRule class="org.simbrain.network.neuron_update_rules.LinearRule">
                  <inputType>WEIGHTED</inputType>
                  <increment>0.1</increment>
                  <slope>1.0</slope>
                  <bias>0.0</bias>
                  <noiseGenerator>
                    <pdf>UNIFORM</pdf>
                    <param1>0.0</param1>
                    <param2>1.0</param2>
                    <upperBound>1.0</upperBound>
                    <lowerBound>0.0</lowerBound>
                    <clipping>false</clipping>
                  </noiseGenerator>
                  <addNoise>false</addNoise>
                  <clipping>true</clipping>
                  <upperBound>1.0</upperBound>
                  <lowerBound>-1.0</lowerBound>
                </updateRule>
                <id>Neuron_34</id>
                <label></label>
                <activation>0.0</activation>
                <spike>false</spike>
                <buffer>0.6553573899378355</buffer>
                <spkBuffer>false</spkBuffer>
                <inputValue>0.0</inputValue>
                <parent reference="../../../../../../../.."/>
                <generator>false</generator>
                <x>40.0</x>
                <y>-100.0</y>
                <z>0.0</z>
                <clamped>false</clamped>
                <targetValue>0.0</targetValue>
                <parentGroup class="org.simbrain.network.subnetworks.CompetitiveGroup" reference="../../.."/>
                <updatePriority>0</updatePriority>
                <auxValue>0.0</auxValue>
              </org.simbrain.network.core.Neuron>
              <org.simbrain.network.core.Neuron>
                <updateRule class="org.simbrain.network.neuron_update_rules.LinearRule">
                  <inputType>WEIGHTED</inputType>
                  <increment>0.1</increment>
                  <slope>1.0</slope>
                  <bias>0.0</bias>
                  <noiseGenerator>
                    <pdf>UNIFORM</pdf>
                    <param1>0.0</param1>
                    <param2>1.0</param2>
                    <upperBound>1.0</upperBound>
                    <lowerBound>0.0</lowerBound>
                    <clipping>false</clipping>
                  </noiseGenerator>
                  <addNoise>false</addNoise>
                  <clipping>true</clipping>
                  <upperBound>1.0</upperBound>
                  <lowerBound>-1.0</lowerBound>
                </updateRule>
                <id>Neuron_35</id>
                <label></label>
                <activation>0.0</activation>
                <spike>false</spike>
                <buffer>0.06822812906309278</buffer>
                <spkBuffer>false</spkBuffer>
                <inputValue>0.0</inputValue>
                <parent reference="../../../../../../../.."/>
                <generator>false</generator>
                <x>90.0</x>
                <y>-100.0</y>
                <z>0.0</z>
                <clamped>false</clamped>
                <targetValue>0.0</targetValue>
                <parentGroup class="org.simbrain.network.subnetworks.CompetitiveGroup" reference="../../.."/>
                <updatePriority>0</updatePriority>
                <auxValue>0.0</auxValue>
              </org.simbrain.network.core.Neuron>
              <org.simbrain.network.core.Neuron>
                <updateRule class="org.simbrain.network.neuron_update_rules.LinearRule">
                  <inputType>WEIGHTED</inputType>
                  <increment>0.1</increment>
                  <slope>1.0</slope>
                  <bias>0.0</bias>
                  <noiseGenerator>
                    <pdf>UNIFORM</pdf>
                    <param1>0.0</param1>
                    <param2>1.0</param2>
                    <upperBound>1.0</upperBound>
                    <lowerBound>0.0</lowerBound>
                    <clipping>false</clipping>
                  </noiseGenerator>
                  <addNoise>false</addNoise>
                  <clipping>true</clipping>
                  <upperBound>1.0</upperBound>
                  <lowerBound>-1.0</lowerBound>
                </updateRule>
                <id>Neuron_36</id>
                <label></label>
                <activation>0.0</activation>
                <spike>false</spike>
                <buffer>0.060068859083598575</buffer>
                <spkBuffer>false</spkBuffer>
                <inputValue>0.0</inputValue>
                <parent reference="../../../../../../../.."/>
                <generator>false</generator>
                <x>140.0</x>
                <y>-100.0</y>
                <z>0.0</z>
                <clamped>false</clamped>
                <targetValue>0.0</targetValue>
                <parentGroup class="org.simbrain.network.subnetworks.CompetitiveGroup" reference="../../.."/>
                <updatePriority>0</updatePriority>
                <auxValue>0.0</auxValue>
              </org.simbrain.network.core.Neuron>
              <org.simbrain.network.core.Neuron>
                <updateRule class="org.simbrain.network.neuron_update_rules.LinearRule">
                  <inputType>WEIGHTED</inputType>
                  <increment>0.1</increment>
                  <slope>1.0</slope>
                  <bias>0.0</bias>
                  <noiseGenerator>
                    <pdf>UNIFORM</pdf>
                    <param1>0.0</param1>
                    <param2>1.0</param2>
                    <upperBound>1.0</upperBound>
                    <lowerBound>0.0</lowerBound>
                    <clipping>false</clipping>
                  </noiseGenerator>
                  <addNoise>false</addNoise>
                  <clipping>true</clipping>
                  <upperBound>1.0</upperBound>
                  <lowerBound>-1.0</lowerBound>
                </updateRule>
                <id>Neuron_37</id>
                <label></label>
                <activation>0.0</activation>
                <spike>false</spike>
                <buffer>0.14156171694522116</buffer>
                <spkBuffer>false</spkBuffer>
                <inputValue>0.0</inputValue>
                <parent reference="../../../../../../../.."/>
                <generator>false</generator>
                <x>40.0</x>
                <y>-50.0</y>
                <z>0.0</z>
                <clamped>false</clamped>
                <targetValue>0.0</targetValue>
                <parentGroup class="org.simbrain.network.subnetworks.CompetitiveGroup" reference="../../.."/>
                <updatePriority>0</updatePriority>
                <auxValue>0.0</auxValue>
              </org.simbrain.network.core.Neuron>
              <org.simbrain.network.core.Neuron>
                <updateRule class="org.simbrain.network.neuron_update_rules.LinearRule">
                  <inputType>WEIGHTED</inputType>
                  <increment>0.1</increment>
                  <slope>1.0</slope>
                  <bias>0.0</bias>
                  <noiseGenerator>
                    <pdf>UNIFORM</pdf>
                    <param1>0.0</param1>
                    <param2>1.0</param2>
                    <upperBound>1.0</upperBound>
                    <lowerBound>0.0</lowerBound>
                    <clipping>false</clipping>
                  </noiseGenerator>
                  <addNoise>false</addNoise>
                  <clipping>true</clipping>
                  <upperBound>1.0</upperBound>
                  <lowerBound>-1.0</lowerBound>
                </updateRule>
                <id>Neuron_38</id>
                <label></label>
                <activation>0.0</activation>
                <spike>false</spike>
                <buffer>0.0015314049339370192</buffer>
                <spkBuffer>false</spkBuffer>
                <inputValue>0.0</inputValue>
                <parent reference="../../../../../../../.."/>
                <generator>false</generator>
                <x>90.0</x>
                <y>-50.0</y>
                <z>0.0</z>
                <clamped>false</clamped>
                <targetValue>0.0</targetValue>
                <parentGroup class="org.simbrain.network.subnetworks.CompetitiveGroup" reference="../../.."/>
                <updatePriority>0</updatePriority>
                <auxValue>0.0</auxValue>
              </org.simbrain.network.core.Neuron>
              <org.simbrain.network.core.Neuron>
                <updateRule class="org.simbrain.network.neuron_update_rules.LinearRule">
                  <inputType>WEIGHTED</inputType>
                  <increment>0.1</increment>
                  <slope>1.0</slope>
                  <bias>0.0</bias>
                  <noiseGenerator>
                    <pdf>UNIFORM</pdf>
                    <param1>0.0</param1>
                    <param2>1.0</param2>
                    <upperBound>1.0</upperBound>
                    <lowerBound>0.0</lowerBound>
                    <clipping>false</clipping>
                  </noiseGenerator>
                  <addNoise>false</addNoise>
                  <clipping>true</clipping>
                  <upperBound>1.0</upperBound>
                  <lowerBound>-1.0</lowerBound>
                </updateRule>
                <id>Neuron_39</id>
                <label></label>
                <activation>0.0</activation>
                <spike>false</spike>
                <buffer>0.15167064143867184</buffer>
                <spkBuffer>false</spkBuffer>
                <inputValue>0.0</inputValue>
                <parent reference="../../../../../../../.."/>
                <generator>false</generator>
                <x>140.0</x>
                <y>-50.0</y>
                <z>0.0</z>
                <clamped>false</clamped>
                <targetValue>0.0</targetValue>
                <parentGroup class="org.simbrain.network.subnetworks.CompetitiveGroup" reference="../../.."/>
                <updatePriority>0</updatePriority>
                <auxValue>0.0</auxValue>
              </org.simbrain.network.core.Neuron>
            </neuronList>
            <layout class="org.simbrain.network.layouts.GridLayout">
              <initialX>40.0</initialX>
              <initialY>-150.0</initialY>
              <numColumns>3</numColumns>
              <hSpacing>50.0</hSpacing>
              <vSpacing>50.0</vSpacing>
              <manualColumns>false</manualColumns>
            </layout>
            <incomingSgs>
              <org.simbrain.network.groups.SynapseGroup>
                <parentNetwork reference="../../../../../../../.."/>
                <label>Weights: 2 → 1</label>
                <stateInfo></stateInfo>
                <markedForDeletion>false</markedForDeletion>
                <parentGroup class="org.simbrain.network.subnetworks.CompetitiveNetwork" reference="../../../../../.."/>
                <sourceNeuronGroup>
                  <parentNetwork reference="../../../../../../../../.."/>
                  <id>Group_4</id>
                  <label>Input layer</label>
                  <stateInfo></stateInfo>
                  <markedForDeletion>false</markedForDeletion>
                  <parentGroup class="org.simbrain.network.subnetworks.CompetitiveNetwork" reference="../../../../../../.."/>
                  <isSpikingNeuronGroup>false</isSpikingNeuronGroup>
                  <neuronList class="java.util.concurrent.CopyOnWriteArrayList" serialization="custom">
                    <java.util.concurrent.CopyOnWriteArrayList>
                      <default/>
                      <int>9</int>
                      <org.simbrain.network.core.Neuron>
                        <updateRule class="org.simbrain.network.neuron_update_rules.LinearRule">
                          <inputType>WEIGHTED</inputType>
                          <increment>0.1</increment>
                          <slope>1.0</slope>
                          <bias>0.0</bias>
                          <noiseGenerator>
                            <pdf>UNIFORM</pdf>
                            <param1>0.0</param1>
                            <param2>1.0</param2>
                            <upperBound>1.0</upperBound>
                            <lowerBound>0.0</lowerBound>
                            <clipping>false</clipping>
                          </noiseGenerator>
                          <addNoise>false</addNoise>
                          <clipping>true</clipping>
                          <upperBound>1.0</upperBound>
                          <lowerBound>0.0</lowerBound>
                        </updateRule>
                        <id>Neuron_40</id>
                        <label></label>
                        <activation>0.0</activation>
                        <spike>false</spike>
                        <buffer>0.0</buffer>
                        <spkBuffer>false</spkBuffer>
                        <inputValue>0.0</inputValue>
                        <parent reference="../../../../../../../../../../../.."/>
                        <generator>false</generator>
                        <x>66.37030271398747</x>
                        <y>159.13788491649268</y>
                        <z>0.0</z>
                        <clamped>false</clamped>
                        <targetValue>0.0</targetValue>
                        <parentGroup class="org.simbrain.network.groups.NeuronGroup" reference="../../../.."/>
                        <updatePriority>0</updatePriority>
                        <auxValue>0.0</auxValue>
                      </org.simbrain.network.core.Neuron>
                      <org.simbrain.network.core.Neuron>
                        <updateRule class="org.simbrain.network.neuron_update_rules.LinearRule" reference="../../org.simbrain.network.core.Neuron/updateRule"/>
                        <id>Neuron_41</id>
                        <label></label>
                        <activation>0.0</activation>
                        <spike>false</spike>
                        <buffer>0.756390166259412</buffer>
                        <spkBuffer>false</spkBuffer>
                        <inputValue>0.0</inputValue>
                        <parent reference="../../../../../../../../../../../.."/>
                        <generator>false</generator>
                        <x>116.37030271398748</x>
                        <y>159.13788491649268</y>
                        <z>0.0</z>
                        <clamped>false</clamped>
                        <targetValue>0.0</targetValue>
                        <parentGroup class="org.simbrain.network.groups.NeuronGroup" reference="../../../.."/>
                        <updatePriority>0</updatePriority>
                        <auxValue>0.0</auxValue>
                      </org.simbrain.network.core.Neuron>
                      <org.simbrain.network.core.Neuron>
                        <updateRule class="org.simbrain.network.neuron_update_rules.LinearRule" reference="../../org.simbrain.network.core.Neuron/updateRule"/>
                        <id>Neuron_42</id>
                        <label></label>
                        <activation>0.0</activation>
                        <spike>false</spike>
                        <buffer>0.0</buffer>
                        <spkBuffer>false</spkBuffer>
                        <inputValue>0.0</inputValue>
                        <parent reference="../../../../../../../../../../../.."/>
                        <generator>false</generator>
                        <x>166.37030271398748</x>
                        <y>159.13788491649268</y>
                        <z>0.0</z>
                        <clamped>false</clamped>
                        <targetValue>0.0</targetValue>
                        <parentGroup class="org.simbrain.network.groups.NeuronGroup" reference="../../../.."/>
                        <updatePriority>0</updatePriority>
                        <auxValue>0.0</auxValue>
                      </org.simbrain.network.core.Neuron>
                      <org.simbrain.network.core.Neuron>
                        <updateRule class="org.simbrain.network.neuron_update_rules.LinearRule" reference="../../org.simbrain.network.core.Neuron/updateRule"/>
                        <id>Neuron_43</id>
                        <label></label>
                        <activation>0.0</activation>
                        <spike>false</spike>
                        <buffer>0.0</buffer>
                        <spkBuffer>false</spkBuffer>
                        <inputValue>0.0</inputValue>
                        <parent reference="../../../../../../../../../../../.."/>
                        <generator>false</generator>
                        <x>66.37030271398747</x>
                        <y>209.13788491649268</y>
                        <z>0.0</z>
                        <clamped>false</clamped>
                        <targetValue>0.0</targetValue>
                        <parentGroup class="org.simbrain.network.groups.NeuronGroup" reference="../../../.."/>
                        <updatePriority>0</updatePriority>
                        <auxValue>0.0</auxValue>
                      </org.simbrain.network.core.Neuron>
                      <org.simbrain.network.core.Neuron>
                        <updateRule class="org.simbrain.network.neuron_update_rules.LinearRule" reference="../../org.simbrain.network.core.Neuron/updateRule"/>
                        <id>Neuron_44</id>
                        <label></label>
                        <activation>0.0</activation>
                        <spike>false</spike>
                        <buffer>0.04659215132888039</buffer>
                        <spkBuffer>false</spkBuffer>
                        <inputValue>0.0</inputValue>
                        <parent reference="../../../../../../../../../../../.."/>
                        <generator>false</generator>
                        <x>116.37030271398748</x>
                        <y>209.13788491649268</y>
                        <z>0.0</z>
                        <clamped>false</clamped>
                        <targetValue>0.0</targetValue>
                        <parentGroup class="org.simbrain.network.groups.NeuronGroup" reference="../../../.."/>
                        <updatePriority>0</updatePriority>
                        <auxValue>0.0</auxValue>
                      </org.simbrain.network.core.Neuron>
                      <org.simbrain.network.core.Neuron>
                        <updateRule class="org.simbrain.network.neuron_update_rules.LinearRule" reference="../../org.simbrain.network.core.Neuron/updateRule"/>
                        <id>Neuron_45</id>
                        <label></label>
                        <activation>0.0</activation>
                        <spike>false</spike>
                        <buffer>0.04548390006611022</buffer>
                        <spkBuffer>false</spkBuffer>
                        <inputValue>0.0</inputValue>
                        <parent reference="../../../../../../../../../../../.."/>
                        <generator>false</generator>
                        <x>166.37030271398748</x>
                        <y>209.13788491649268</y>
                        <z>0.0</z>
                        <clamped>false</clamped>
                        <targetValue>0.0</targetValue>
                        <parentGroup class="org.simbrain.network.groups.NeuronGroup" reference="../../../.."/>
                        <updatePriority>0</updatePriority>
                        <auxValue>0.0</auxValue>
                      </org.simbrain.network.core.Neuron>
                      <org.simbrain.network.core.Neuron>
                        <updateRule class="org.simbrain.network.neuron_update_rules.LinearRule" reference="../../org.simbrain.network.core.Neuron/updateRule"/>
                        <id>Neuron_46</id>
                        <label></label>
                        <activation>0.0</activation>
                        <spike>false</spike>
                        <buffer>0.0</buffer>
                        <spkBuffer>false</spkBuffer>
                        <inputValue>0.0</inputValue>
                        <parent reference="../../../../../../../../../../../.."/>
                        <generator>false</generator>
                        <x>66.37030271398747</x>
                        <y>259.1378849164927</y>
                        <z>0.0</z>
                        <clamped>false</clamped>
                        <targetValue>0.0</targetValue>
                        <parentGroup class="org.simbrain.network.groups.NeuronGroup" reference="../../../.."/>
                        <updatePriority>0</updatePriority>
                        <auxValue>0.0</auxValue>
                      </org.simbrain.network.core.Neuron>
                      <org.simbrain.network.core.Neuron>
                        <updateRule class="org.simbrain.network.neuron_update_rules.LinearRule" reference="../../org.simbrain.network.core.Neuron/updateRule"/>
                        <id>Neuron_47</id>
                        <label></label>
                        <activation>0.0</activation>
                        <spike>false</spike>
                        <buffer>0.0</buffer>
                        <spkBuffer>false</spkBuffer>
                        <inputValue>0.0</inputValue>
                        <parent reference="../../../../../../../../../../../.."/>
                        <generator>false</generator>
                        <x>116.37030271398748</x>
                        <y>259.1378849164927</y>
                        <z>0.0</z>
                        <clamped>false</clamped>
                        <targetValue>0.0</targetValue>
                        <parentGroup class="org.simbrain.network.groups.NeuronGroup" reference="../../../.."/>
                        <updatePriority>0</updatePriority>
                        <auxValue>0.0</auxValue>
                      </org.simbrain.network.core.Neuron>
                      <org.simbrain.network.core.Neuron>
                        <updateRule class="org.simbrain.network.neuron_update_rules.LinearRule" reference="../../org.simbrain.network.core.Neuron/updateRule"/>
                        <id>Neuron_48</id>
                        <label></label>
                        <activation>0.0</activation>
                        <spike>false</spike>
                        <buffer>0.03262575760397412</buffer>
                        <spkBuffer>false</spkBuffer>
                        <inputValue>0.0</inputValue>
                        <parent reference="../../../../../../../../../../../.."/>
                        <generator>false</generator>
                        <x>166.37030271398748</x>
                        <y>259.1378849164927</y>
                        <z>0.0</z>
                        <clamped>false</clamped>
                        <targetValue>0.0</targetValue>
                        <parentGroup class="org.simbrain.network.groups.NeuronGroup" reference="../../../.."/>
                        <updatePriority>0</updatePriority>
                        <auxValue>0.0</auxValue>
                      </org.simbrain.network.core.Neuron>
                    </java.util.concurrent.CopyOnWriteArrayList>
                  </neuronList>
                  <layout class="org.simbrain.network.layouts.GridLayout">
                    <initialX>0.0</initialX>
                    <initialY>0.0</initialY>
                    <numColumns>3</numColumns>
                    <hSpacing>50.0</hSpacing>
                    <vSpacing>50.0</vSpacing>
                    <manualColumns>false</manualColumns>
                  </layout>
                  <incomingSgs/>
                  <outgoingSgs>
                    <org.simbrain.network.groups.SynapseGroup reference="../../.."/>
                  </outgoingSgs>
                  <gridThreshold>10</gridThreshold>
                  <betweenNeuronInterval>50</betweenNeuronInterval>
                  <recording>false</recording>
                  <fileNum>0</fileNum>
                </sourceNeuronGroup>
                <targetNeuronGroup class="org.simbrain.network.subnetworks.CompetitiveGroup" reference="../../.."/>
                <connectionManager class="org.simbrain.network.connections.AllToAll">
                  <selfConnectionAllowed>true</selfConnectionAllowed>
                </connectionManager>
                <excitatoryRatio>1.0</excitatoryRatio>
                <excitatoryPrototype>
                  <learningRule class="org.simbrain.network.synapse_update_rules.StaticSynapseRule">
                    <clipped>false</clipped>
                  </learningRule>
                  <spikeResponder class="org.simbrain.network.synapse_update_rules.spikeresponders.JumpAndDecay">
                    <value>0.0</value>
                    <jumpHeight>1.0</jumpHeight>
                    <baseLine>0.0</baseLine>
                    <timeConstant>3.0</timeConstant>
                  </spikeResponder>
                  <id></id>
                  <strength>0.0</strength>
                  <psr>0.0</psr>
                  <increment>1.0</increment>
                  <upperBound>10.0</upperBound>
                  <lowerBound>-10.0</lowerBound>
                  <delay>0</delay>
                  <enabled>true</enabled>
                  <frozen>false</frozen>
                </excitatoryPrototype>
                <inhibitoryPrototype>
                  <learningRule class="org.simbrain.network.synapse_update_rules.StaticSynapseRule">
                    <clipped>false</clipped>
                  </learningRule>
                  <spikeResponder class="org.simbrain.network.synapse_update_rules.spikeresponders.JumpAndDecay" reference="../../excitatoryPrototype/spikeResponder"/>
                  <id></id>
                  <strength>0.0</strength>
                  <psr>0.0</psr>
                  <increment>1.0</increment>
                  <upperBound>10.0</upperBound>
                  <lowerBound>-10.0</lowerBound>
                  <delay>0</delay>
                  <enabled>true</enabled>
                  <frozen>false</frozen>
                </inhibitoryPrototype>
                <exciteRand>
                  <pdf>UNIFORM</pdf>
                  <param1>0.0</param1>
                  <param2>1.0</param2>
                  <upperBound>1.0</upperBound>
                  <lowerBound>0.0</lowerBound>
                  <clipping>false</clipping>
                  <polarity>EXCITATORY</polarity>
                </exciteRand>
                <inhibRand>
                  <pdf>UNIFORM</pdf>
                  <param1>0.0</param1>
                  <param2>1.0</param2>
                  <upperBound>1.0</upperBound>
                  <lowerBound>0.0</lowerBound>
                  <clipping>false</clipping>
                  <polarity>INHIBITORY</polarity>
                </inhibRand>
                <displaySynapses>false</displaySynapses>
                <recurrent>false</recurrent>
                <inStatic>true</inStatic>
                <exStatic>false</exStatic>
                <useGroupLevelSettings>true</useGroupLevelSettings>
                <compressedMatrixRep>AAAAUQABAgMEBQYHCP////8AAQIDBAUGBwj/////AAECAwQFBgcI/////wABAgMEBQYHCP////8A
AQIDBAUGBwj/////AAECAwQFBgcI/////wABAgMEBQYHCP////8AAQIDBAUGBwj/////AAECAwQF
BgcIPjB83T3XhfQ+U70SPK+i8TuJwjk5xA+PPco8oz4QNQY9ytwrPgc8az4vdL8+AUYPPiqOPz4t
nWs+hvUdPkZOsD0/rHA9mzCpPe2F8j17Yaw9ifhPPeMg7j2UGU48bGb1PdLmSj36pL0+EDwkPUsp
zT5IVTA+VdBUPXSqjz4Bgvg99nVRPMu0Fj4tn8Y8dV2sPctVWD4Favo8gEYqPW5D5z4s3dA8rEXV
PS4nGj39YPU+MQL0Pi6/cD3ViXY99hsAPiaMDT3pWbU+o8DyPbV1uT4TQLY9iuI6PbTMOD2i48k9
PnB9Pk9Z9z4l3Xc9ks08PlMLID2ll9s+DwXoPZmPTj3Buoc+E56UPUjlMjyCGTQ9vzXZPgQTmzzy
hAM9wSwVPcZC2j1sbzg9g77ZPi0R/j4q2Z09w0z9PeiL8j4R4Bo+R1eT</compressedMatrixRep>
              </org.simbrain.network.groups.SynapseGroup>
            </incomingSgs>
            <outgoingSgs/>
            <gridThreshold>10</gridThreshold>
            <betweenNeuronInterval>50</betweenNeuronInterval>
            <recording>false</recording>
            <fileNum>0</fileNum>
            <learningRate>0.1</learningRate>
            <winValue>1.0</winValue>
            <loseValue>0.0</loseValue>
            <normalizeInputs>true</normalizeInputs>
            <useLeakyLearning>false</useLeakyLearning>
            <leakyLearningRate>0.025</leakyLearningRate>
            <synpaseDecayPercent>8.0E-4</synpaseDecayPercent>
            <max>0.6553573899378355</max>
            <val>0.0</val>
            <activation>0.0</activation>
            <winner>3</winner>
            <updateMethod>RUMM_ZIPSER</updateMethod>
          </org.simbrain.network.subnetworks.CompetitiveGroup>
          <org.simbrain.network.groups.NeuronGroup reference="../org.simbrain.network.subnetworks.CompetitiveGroup/incomingSgs/org.simbrain.network.groups.SynapseGroup/sourceNeuronGroup"/>
        </java.util.concurrent.CopyOnWriteArrayList>
      </neuronGroupList>
      <synapseGroupList class="java.util.concurrent.CopyOnWriteArrayList" serialization="custom">
        <java.util.concurrent.CopyOnWriteArrayList>
          <default/>
          <int>1</int>
          <org.simbrain.network.groups.SynapseGroup reference="../../../neuronGroupList/java.util.concurrent.CopyOnWriteArrayList/org.simbrain.network.subnetworks.CompetitiveGroup/incomingSgs/org.simbrain.network.groups.SynapseGroup"/>
        </java.util.concurrent.CopyOnWriteArrayList>
      </synapseGroupList>
      <displayNeuronGroups>true</displayNeuronGroups>
      <numMembers>99</numMembers>
      <competitive reference="../neuronGroupList/java.util.concurrent.CopyOnWriteArrayList/org.simbrain.network.subnetworks.CompetitiveGroup"/>
      <inputLayer reference="../neuronGroupList/java.util.concurrent.CopyOnWriteArrayList/org.simbrain.network.subnetworks.CompetitiveGroup/incomingSgs/org.simbrain.network.groups.SynapseGroup/sourceNeuronGroup"/>
      <trainingSet>
        <percentValidation>0.25</percentValidation>
      </trainingSet>
    </org.simbrain.network.subnetworks.CompetitiveNetwork>
  </groupList>
  <textList/>
  <updateManager>
    <actionList class="java.util.concurrent.CopyOnWriteArrayList" serialization="custom">
      <java.util.concurrent.CopyOnWriteArrayList>
        <default/>
        <int>2</int>
        <org.simbrain.network.update__actions.BufferedUpdate>
          <network reference="../../../../.."/>
        </org.simbrain.network.update__actions.BufferedUpdate>
        <org.simbrain.network.update__actions.UpdateGroup>
          <group class="org.simbrain.network.subnetworks.CompetitiveNetwork" reference="../../../../../groupList/org.simbrain.network.subnetworks.CompetitiveNetwork"/>
        </org.simbrain.network.update__actions.UpdateGroup>
      </java.util.concurrent.CopyOnWriteArrayList>
    </actionList>
    <network reference="../.."/>
  </updateManager>
  <time>0.0</time>
  <timeStep>0.1</timeStep>
  <timeType>DISCRETE</timeType>
  <prioritySortedNeuronList/>
  <priorityComparator>
    <outer-class reference="../.."/>
  </priorityComparator>
  <neuronIdGenerator>
    <rootName>Neuron</rootName>
    <index>49</index>
  </neuronIdGenerator>
  <synapseIdGenerator>
    <rootName>Synapse</rootName>
    <index>594</index>
  </synapseIdGenerator>
  <groupIdGenerator>
    <rootName>Group</rootName>
    <index>6</index>
  </groupIdGenerator>
</org.simbrain.network.core.Network>