
<h2>Did you find a way to stop Blue from approaching when both girls are 
in the same place?</h2>
One solution, which the below instructions will you take you through, is to have a neuron connected up
such that it computes whether both 
Blonde and Brunette are nearby (in formal logic, the 'AND' operation). 
This neuron is then hooked up so that it inhibits <i>Straight</i> 
to prevent Blue from moving forward.
The network thus overall accomplishes the 'XOR' operation 
(approach if either girl is nearby, but not if both are).
<ul>
  <li>Select the <i>Blonde-Left</i> neuron and connect it to the lonely unconnected neuron, 
  which we'll call the "intermediate" neuron.</li>
  <li>Also connect each of the other girl-detecting neurons to the 
  intermediate neuron: <i>Blonde-Right</i>, <i>Brunette-Left</i>, 
  and <i>Brunette-Right</i>.</li> 
</ul>
We want the intermediate neuron to fire only if the incoming excitation is so large that 
Blue must be near both Brunette and Blonde.
<ul>
  <li>To understand the functioning of the intermediate neuron, double-click on it.</li>
  <li>In the Update Rule section, you'll see that its <i>Threshold</i> is 3.
  This neuron will only activate when the sum of its incoming activation exceeds 3.
   </li>
</ul>
The connections you've made will sum the Blonde and Brunette 
sensory activation at the intermediate neuron. 
Typically the activation from either girl alone will not exceed 3. 
So only when both are nearby will this neuron activate.
<BR><BR>
Next, we want activation of the intermediate neuron to cause Blue to stop:
<ul>
  <li>Select the intermediate neuron and connect it to the <i>Straight</i> 
  neuron</li>
  <li>Double-click on the synapse and set <i>Strength</i> to -2</li>
</ul>
The network should now look like the image below. <BR>
<img src="file:docs/Images/brBlNotBoth.png"><BR>

Drag Blonde and Brunette to the same location and 
then click the <span class="command">Play</i> button (the triangle icon).
<BR><BR>
Blue should stop before he reaches the two girls.
<BR><BR>
<h2>Do you understand the network?</h2>
This network illustrated how simple networks can embody important computational operations. 
Be sure you understand:
<ul>
  <li>The addition operation that the <i>Left</i> neuron computes over its sensory inputs.</li>
  <li>The thresholding involved in the intermediate neuron.</li>
  <li>The exclusive or (XOR) operation that the network accomplishes.</li>
  <li>Connecting a few neurons can yield adaptive behavior to accomplish simple goals.</li>
</ul>  
When more neurons are added, the resulting behavior can be fairly 
sophisticated, something like the level of some cockroach behaviors 
(for further reading
<a href="http://en.wikipedia.org/wiki/Braitenberg_vehicles">see Wikipedia</a>).  </p>
<p>
When <i>many</> more neurons are added, in principle a network can 
compute anything a desktop computer can compute.
Consider that all the software of the desktop computer 
you run can be implemented by stringing together the 
simple logical operations of addition and exclusive OR, 
plus a memory store. 
<!---As you saw in the autoAssociator example, in a network the memory
can be embodied in a distributed group of synapses.-->

<p>
If you have extra time, tinker with this network to make Blue stop when he's further away,
or
have a play with one of the networks in the 
<i>workspaces</i> folder, e.g. <i>IAC_Full.zip</i>.
<h3>Credits</h3> Alex Holcombe, Jeff Yoshimi, Saraching Chao.
</body>
</html>
