
<h3>Did you find a way to stop Blue from approaching when both girls are 
in the same place?</h3>
One way, which we'll take you through in the below, is to first connect a neuron such that it computes whether both 
Blonde and Brunette are nearby ('AND' operation in formal logic). 
Then we connect this neuron so that it inhibits <i>Straight</i> 
to prevent Blue from moving forward.
<ul>
  <li>Select the <i>Blonde-Left</i> neuron and connect it to the lonely unconnected neuron, which we'll call the "intermediate" neuron</li>
  <li>Connect each of the following neurons to the 
  intermediate neuron: <i>Blonde-Right</i>, <i>Brunette-Left</i>, 
  and <i>Brunette-Right</i></li> 
</ul>
We want the intermediate neuron to fire only if the incoming excitation is so large that Blue must be near both Brunette and Blonde.
<ul>
  <li>Double-click on the intermediate neuron</li>
  <li>Go to settings, you'll see that its <i>Threshold</i> is 3.
  This neuron will only activate when the sum of its incoming activation exceeds 3.
   </li>
</ul>
The connections you've made will accumulate the Blonde and Brunette 
sensory activation at the intermediate neuron. 
Typically the activation from either girl alone will not exceed 3. 
So only when both are nearby will this neuron activate.<BR><BR>
We want the activation of the intermediate neuron to cause Blue to stop:
<ul>
  <li>Select the intermediate neuron and connect it to the <i>Straight</i> 
  neuron</li>
  <li>Double-click on the synapse and set <i>Strength</i> to -2</li>
</ul>
The network should now look like the image below. <BR>
<img src="file:docs/Images/brBlNotBoth.png"><BR>

Drag Blonde and Brunette to the same location and 
then click the <span class="command">Play</i> button (the triangle icon).
<BR><BR>
Blue should stop himself before he reaches the two girls.
<BR><BR>
<h2>Do you understand the network?</h2>
This network illustrated how simple networks can embody important computational operations. 
Be sure you understand:
<ul>
  <li>The addition operation that the <i>Left</i> neuron computes over its sensory inputs.</li>
  <li>The thresholding involved in the intermediate neuron.</li>
  <li>The exclusive or (XOR) operation that the network accomplishes.</li>
  <li>Connecting a few neurons can yield adaptive behaviour to accomplish simple goals.</li>
</ul>  
When more neurons are added, the resulting behavior can be fairly 
sophisticated, something like the level of a cockroach's behaviours 
(for further reading
<a href="http://en.wikipedia.org/wiki/Braitenberg_vehicles">see Wikipedia</a>).  </p>
<p>
When <i>many</> more neurons are added, in principle a network can 
compute anything a desktop computer can compute.
Consider that all the software of the desktop computer 
you run can be implemented by stringing together the 
simple logical operations of addition and exclusive OR, 
plus a readable and writable memory. 
<!---As you saw in the autoAssociator example, in a network the memory
can be embodied in a distributed group of synapses.-->

<p>
If you have extra time, open one of the networks in the 
<i>workspaces</i> folder, e.g. <i>IAC_Full.zip</i>.
<h3>Credits</h3> Alex Holcombe, Jeff Yoshimi, Saraching Chao.
</body>
</html>
