<Workspace>
  <archivedComponents>
    <Component>
      <className>org.simbrain.world.odorworld.OdorWorldComponent</className>
      <name>OdorWorld1</name>
      <uri>components/0_OdorWorld1.xml</uri>
      <id>0</id>
      <format>xml</format>
      <desktopComponent>
        <className>org.simbrain.world.odorworld.OdorWorldDesktopComponent</className>
        <uri>guis/0_OdorWorld1.xml</uri>
        <format>xml</format>
      </desktopComponent>
    </Component>
    <Component>
      <className>org.simbrain.network.NetworkComponent</className>
      <name>Network4</name>
      <uri>components/1_Network4.xml</uri>
      <id>1</id>
      <format>xml</format>
      <desktopComponent>
        <className>org.simbrain.network.desktop.NetworkDesktopComponent</className>
        <uri>guis/1_Network4.xml</uri>
        <format>xml</format>
      </desktopComponent>
    </Component>
    <Component>
      <className>org.simbrain.docviewer.DocViewerComponent</className>
      <name>DocViewer1</name>
      <uri>components/2_DocViewer1.xml</uri>
      <id>2</id>
      <format>xml</format>
      <desktopComponent>
        <className>org.simbrain.docviewer.DocViewerDesktopComponent</className>
        <uri>guis/2_DocViewer1.xml</uri>
        <format>xml</format>
      </desktopComponent>
    </Component>
  </archivedComponents>
  <archivedCouplings>
    <Coupling>
      <archivedProducer>
        <parentComponentRef>components/1_Network4.xml</parentComponentRef>
        <baseObjectKey>Neuron_9</baseObjectKey>
        <methodBaseName>getActivation</methodBaseName>
        <dataType>double</dataType>
        <description>Neuron_9:getActivation</description>
      </archivedProducer>
      <archivedConsumer>
        <parentComponentRef>components/0_OdorWorld1.xml</parentComponentRef>
        <baseObjectKey>Blue:effector:Effector_2</baseObjectKey>
        <methodBaseName>setAmount</methodBaseName>
        <dataType>double</dataType>
        <argumentDataTypes>
          <java-class>double</java-class>
        </argumentDataTypes>
        <description>Blue:turnLeft</description>
      </archivedConsumer>
    </Coupling>
    <Coupling>
      <archivedProducer>
        <parentComponentRef>components/1_Network4.xml</parentComponentRef>
        <baseObjectKey>Neuron_10</baseObjectKey>
        <methodBaseName>getActivation</methodBaseName>
        <dataType>double</dataType>
        <description>Neuron_10:getActivation</description>
      </archivedProducer>
      <archivedConsumer>
        <parentComponentRef>components/0_OdorWorld1.xml</parentComponentRef>
        <baseObjectKey>Blue:effector:Effector_1</baseObjectKey>
        <methodBaseName>setAmount</methodBaseName>
        <dataType>double</dataType>
        <argumentDataTypes>
          <java-class>double</java-class>
        </argumentDataTypes>
        <description>Blue:goStraight</description>
      </archivedConsumer>
    </Coupling>
    <Coupling>
      <archivedProducer>
        <parentComponentRef>components/1_Network4.xml</parentComponentRef>
        <baseObjectKey>Neuron_11</baseObjectKey>
        <methodBaseName>getActivation</methodBaseName>
        <dataType>double</dataType>
        <description>Neuron_11:getActivation</description>
      </archivedProducer>
      <archivedConsumer>
        <parentComponentRef>components/0_OdorWorld1.xml</parentComponentRef>
        <baseObjectKey>Blue:effector:Effector_3</baseObjectKey>
        <methodBaseName>setAmount</methodBaseName>
        <dataType>double</dataType>
        <argumentDataTypes>
          <java-class>double</java-class>
        </argumentDataTypes>
        <description>Blue:turnRight</description>
      </archivedConsumer>
    </Coupling>
    <Coupling>
      <archivedProducer>
        <parentComponentRef>components/0_OdorWorld1.xml</parentComponentRef>
        <baseObjectKey>Blue:sensor:Sensor_1</baseObjectKey>
        <methodBaseName>getCurrentValue</methodBaseName>
        <dataType>double</dataType>
        <argumentDataTypes>
          <java-class>int</java-class>
        </argumentDataTypes>
        <argumentValues>
          <int>1</int>
        </argumentValues>
        <description>Blue:Smell-Left-2</description>
      </archivedProducer>
      <archivedConsumer>
        <parentComponentRef>components/1_Network4.xml</parentComponentRef>
        <baseObjectKey>Neuron_16</baseObjectKey>
        <methodBaseName>setInputValue</methodBaseName>
        <dataType>double</dataType>
        <argumentDataTypes>
          <java-class>double</java-class>
        </argumentDataTypes>
        <description>Neuron_16:setInputValue</description>
      </archivedConsumer>
    </Coupling>
    <Coupling>
      <archivedProducer>
        <parentComponentRef>components/0_OdorWorld1.xml</parentComponentRef>
        <baseObjectKey>Blue:sensor:Sensor_3</baseObjectKey>
        <methodBaseName>getCurrentValue</methodBaseName>
        <dataType>double</dataType>
        <argumentDataTypes>
          <java-class>int</java-class>
        </argumentDataTypes>
        <argumentValues>
          <int>1</int>
        </argumentValues>
        <description>Blue:Smell-Right-2</description>
      </archivedProducer>
      <archivedConsumer>
        <parentComponentRef>components/1_Network4.xml</parentComponentRef>
        <baseObjectKey>Neuron_17</baseObjectKey>
        <methodBaseName>setInputValue</methodBaseName>
        <dataType>double</dataType>
        <argumentDataTypes>
          <java-class>double</java-class>
        </argumentDataTypes>
        <description>Neuron_17:setInputValue</description>
      </archivedConsumer>
    </Coupling>
    <Coupling>
      <archivedProducer>
        <parentComponentRef>components/0_OdorWorld1.xml</parentComponentRef>
        <baseObjectKey>Blue:sensor:Sensor_1</baseObjectKey>
        <methodBaseName>getCurrentValue</methodBaseName>
        <dataType>double</dataType>
        <argumentDataTypes>
          <java-class>int</java-class>
        </argumentDataTypes>
        <argumentValues>
          <int>0</int>
        </argumentValues>
        <description>Blue:Smell-Left-1</description>
      </archivedProducer>
      <archivedConsumer>
        <parentComponentRef>components/1_Network4.xml</parentComponentRef>
        <baseObjectKey>Neuron_12</baseObjectKey>
        <methodBaseName>setInputValue</methodBaseName>
        <dataType>double</dataType>
        <argumentDataTypes>
          <java-class>double</java-class>
        </argumentDataTypes>
        <description>Neuron_12:setInputValue</description>
      </archivedConsumer>
    </Coupling>
    <Coupling>
      <archivedProducer>
        <parentComponentRef>components/0_OdorWorld1.xml</parentComponentRef>
        <baseObjectKey>Blue:sensor:Sensor_3</baseObjectKey>
        <methodBaseName>getCurrentValue</methodBaseName>
        <dataType>double</dataType>
        <argumentDataTypes>
          <java-class>int</java-class>
        </argumentDataTypes>
        <argumentValues>
          <int>0</int>
        </argumentValues>
        <description>Blue:Smell-Right-1</description>
      </archivedProducer>
      <archivedConsumer>
        <parentComponentRef>components/1_Network4.xml</parentComponentRef>
        <baseObjectKey>Neuron_13</baseObjectKey>
        <methodBaseName>setInputValue</methodBaseName>
        <dataType>double</dataType>
        <argumentDataTypes>
          <java-class>double</java-class>
        </argumentDataTypes>
        <description>Neuron_13:setInputValue</description>
      </archivedConsumer>
    </Coupling>
  </archivedCouplings>
  <archivedActions>
    <UpdateAction>
      <updateAction class="org.simbrain.workspace.updater.UpdateAllBuffered"/>
    </UpdateAction>
  </archivedActions>
  <workspaceParameters>
    <savedTime>870</savedTime>
    <updateDelay>6</updateDelay>
  </workspaceParameters>
</Workspace>