<html>
<body>
<h1>Backprop for Letter Recognition</h1>
<br>
Uses <a href="http://en.wikipedia.org/wiki/Backpropagation">backprop</a> (a form of 
supervised learning) 
to associate pixel
patterns for 26 letters with
associated letter node.<br><br>
<h2>Running This Simulation</h2>
<p>
Double click on the backprop
interaction box (the yellow box
labelled "Backprop" in the upper
left of the network) and go to the
validation tab.  Click the "test 
row" button repeatedly.  In this 
way you go through
the letter patterns.  In each case
confirm that the correct
letter node in layer 3 is
activated. </p>
<p>
You can also try degraded patterns
or your own patterns on the input
layer  and manually iterate (using
the step button in the top toolbar)
to see
how well the network categorizes
them.</p>
</body>
</html>
