<html>
<body>
<h1>Classic IAC Net</h1>
<br>
<a href="http://en.wikipedia.org/wiki/Interactive_activation_and_competition_networks">
IAC</a> or interactive activation and
competition is a kind of hand-coded
associatie network, which models 
associative links between memories
and spreading activation to capture
retrieval and other phenomena.   Probe
activations spread through active links.
Nodes in each group inhibit each other.
Thus only 1 or a few nodes in each group
tend to be active.
<br><br>
Clear net, add activation to a name neuron, run
and see what properties that pereson has.
Add activation to jets, to see who
the jets are and what they tend to 
be like.
<br><br>
(It helps to <b>click 5</b> to turn off 
synapse line graphics, since there are
quite a few synapses.)
</body>
</html>
