<ArchivedWorkspace>
  <archivedComponents>
    <ArchivedWorkspaceComponent>
      <className>org.simbrain.network.NetworkComponent</className>
      <name>Network1</name>
      <uri>components/0_Network1.xml</uri>
      <id>0</id>
      <format>xml</format>
      <desktopComponent>
        <className>org.simbrain.network.desktop.NetworkDesktopComponent</className>
        <uri>guis/0_Network1.xml</uri>
        <format>xml</format>
      </desktopComponent>
    </ArchivedWorkspaceComponent>
    <ArchivedWorkspaceComponent>
      <className>org.simbrain.world.odorworld.OdorWorldComponent</className>
      <name>OdorWorld1</name>
      <uri>components/1_OdorWorld1.xml</uri>
      <id>1</id>
      <format>xml</format>
      <desktopComponent>
        <className>org.simbrain.world.odorworld.OdorWorldDesktopComponent</className>
        <uri>guis/1_OdorWorld1.xml</uri>
        <format>xml</format>
      </desktopComponent>
    </ArchivedWorkspaceComponent>
    <ArchivedWorkspaceComponent>
      <className>org.simbrain.docviewer.DocViewerComponent</className>
      <name>DocViewer1</name>
      <uri>components/2_DocViewer1.xml</uri>
      <id>2</id>
      <format>xml</format>
      <desktopComponent>
        <className>org.simbrain.docviewer.DocViewerDesktopComponent</className>
        <uri>guis/2_DocViewer1.xml</uri>
        <format>xml</format>
      </desktopComponent>
    </ArchivedWorkspaceComponent>
  </archivedComponents>
  <archivedCouplings>
    <org.simbrain.workspace.serialization.ArchivedCoupling>
      <producer>
        <componentId>Network1</componentId>
        <attributeId>Neuron_1</attributeId>
        <methodName>getActivation</methodName>
      </producer>
      <consumer>
        <componentId>OdorWorld1</componentId>
        <attributeId>Effector_2</attributeId>
        <methodName>addAmount</methodName>
      </consumer>
    </org.simbrain.workspace.serialization.ArchivedCoupling>
    <org.simbrain.workspace.serialization.ArchivedCoupling>
      <producer>
        <componentId>Network1</componentId>
        <attributeId>Neuron_2</attributeId>
        <methodName>getActivation</methodName>
      </producer>
      <consumer>
        <componentId>OdorWorld1</componentId>
        <attributeId>Effector_1</attributeId>
        <methodName>setAmount</methodName>
      </consumer>
    </org.simbrain.workspace.serialization.ArchivedCoupling>
    <org.simbrain.workspace.serialization.ArchivedCoupling>
      <producer>
        <componentId>Network1</componentId>
        <attributeId>Neuron_3</attributeId>
        <methodName>getActivation</methodName>
      </producer>
      <consumer>
        <componentId>OdorWorld1</componentId>
        <attributeId>Effector_3</attributeId>
        <methodName>addAmount</methodName>
      </consumer>
    </org.simbrain.workspace.serialization.ArchivedCoupling>
    <org.simbrain.workspace.serialization.ArchivedCoupling>
      <producer>
        <componentId>OdorWorld1</componentId>
        <attributeId>Sensor_1</attributeId>
        <methodName>getCurrentValue</methodName>
      </producer>
      <consumer>
        <componentId>Network1</componentId>
        <attributeId>Neuron_4</attributeId>
        <methodName>addInputValue</methodName>
      </consumer>
    </org.simbrain.workspace.serialization.ArchivedCoupling>
    <org.simbrain.workspace.serialization.ArchivedCoupling>
      <producer>
        <componentId>OdorWorld1</componentId>
        <attributeId>Sensor_3</attributeId>
        <methodName>getCurrentValue</methodName>
      </producer>
      <consumer>
        <componentId>Network1</componentId>
        <attributeId>Neuron_5</attributeId>
        <methodName>addInputValue</methodName>
      </consumer>
    </org.simbrain.workspace.serialization.ArchivedCoupling>
    <org.simbrain.workspace.serialization.ArchivedCoupling>
      <producer>
        <componentId>OdorWorld1</componentId>
        <attributeId>Sensor_4</attributeId>
        <methodName>getCurrentValue</methodName>
      </producer>
      <consumer>
        <componentId>Network1</componentId>
        <attributeId>Neuron_4</attributeId>
        <methodName>addInputValue</methodName>
      </consumer>
    </org.simbrain.workspace.serialization.ArchivedCoupling>
    <org.simbrain.workspace.serialization.ArchivedCoupling>
      <producer>
        <componentId>OdorWorld1</componentId>
        <attributeId>Sensor_6</attributeId>
        <methodName>getCurrentValue</methodName>
      </producer>
      <consumer>
        <componentId>Network1</componentId>
        <attributeId>Neuron_5</attributeId>
        <methodName>addInputValue</methodName>
      </consumer>
    </org.simbrain.workspace.serialization.ArchivedCoupling>
    <org.simbrain.workspace.serialization.ArchivedCoupling>
      <producer>
        <componentId>OdorWorld1</componentId>
        <attributeId>Sensor_7</attributeId>
        <methodName>getCurrentValue</methodName>
      </producer>
      <consumer>
        <componentId>Network1</componentId>
        <attributeId>Neuron_4</attributeId>
        <methodName>addInputValue</methodName>
      </consumer>
    </org.simbrain.workspace.serialization.ArchivedCoupling>
    <org.simbrain.workspace.serialization.ArchivedCoupling>
      <producer>
        <componentId>OdorWorld1</componentId>
        <attributeId>Sensor_9</attributeId>
        <methodName>getCurrentValue</methodName>
      </producer>
      <consumer>
        <componentId>Network1</componentId>
        <attributeId>Neuron_5</attributeId>
        <methodName>addInputValue</methodName>
      </consumer>
    </org.simbrain.workspace.serialization.ArchivedCoupling>
  </archivedCouplings>
  <archivedActions>
    <ArchivedUpdateAction>
      <updateAction class="org.simbrain.workspace.updater.UpdateAllAction"/>
    </ArchivedUpdateAction>
    <ArchivedUpdateAction>
      <updateAction class="org.simbrain.workspace.updater.SynchronizedTaskUpdateAction"/>
    </ArchivedUpdateAction>
  </archivedActions>
  <workspaceParameters>
    <savedTime>1</savedTime>
    <updateDelay>0</updateDelay>
  </workspaceParameters>
</ArchivedWorkspace>