<org.simbrain.network.core.Network>
  <neuronList>
    <org.simbrain.network.core.Neuron>
      <updateRule class="org.simbrain.network.neuron_update_rules.LinearRule">
        <slope>1.0</slope>
        <bias>0.0</bias>
        <noiseGenerator>
          <distributionIndex>0</distributionIndex>
          <upperBound>1.0</upperBound>
          <lowerBound>-1.0</lowerBound>
          <mean>0.5</mean>
          <standardDeviation>0.5</standardDeviation>
          <clipping>false</clipping>
          <randomGenerator serialization="custom">
            <java.util.Random>
              <default>
                <seed>250760718787709</seed>
                <nextNextGaussian>0.0</nextNextGaussian>
                <haveNextNextGaussian>false</haveNextNextGaussian>
              </default>
            </java.util.Random>
          </randomGenerator>
        </noiseGenerator>
        <addNoise>false</addNoise>
        <clipping>true</clipping>
      </updateRule>
      <id>Neuron_1</id>
      <label></label>
      <activation>0.0</activation>
      <lowerBound>-1.0</lowerBound>
      <upperBound>1.0</upperBound>
      <increment>0.1</increment>
      <buffer>0.0</buffer>
      <inputValue>0.0</inputValue>
      <parent reference="../../.."/>
      <x>76.0</x>
      <y>62.0</y>
      <clamped>false</clamped>
      <targetValue>0.0</targetValue>
      <updatePriority>0</updatePriority>
    </org.simbrain.network.core.Neuron>
    <org.simbrain.network.core.Neuron>
      <updateRule class="org.simbrain.network.neuron_update_rules.LinearRule">
        <slope>1.0</slope>
        <bias>0.0</bias>
        <noiseGenerator>
          <distributionIndex>0</distributionIndex>
          <upperBound>1.0</upperBound>
          <lowerBound>-1.0</lowerBound>
          <mean>0.5</mean>
          <standardDeviation>0.5</standardDeviation>
          <clipping>false</clipping>
          <randomGenerator serialization="custom">
            <java.util.Random>
              <default>
                <seed>250761558864196</seed>
                <nextNextGaussian>0.0</nextNextGaussian>
                <haveNextNextGaussian>false</haveNextNextGaussian>
              </default>
            </java.util.Random>
          </randomGenerator>
        </noiseGenerator>
        <addNoise>false</addNoise>
        <clipping>true</clipping>
      </updateRule>
      <id>Neuron_2</id>
      <label></label>
      <activation>0.0</activation>
      <lowerBound>-1.0</lowerBound>
      <upperBound>1.0</upperBound>
      <increment>0.1</increment>
      <buffer>0.0</buffer>
      <inputValue>0.0</inputValue>
      <parent reference="../../.."/>
      <x>137.9141291617869</x>
      <y>62.29940007201254</y>
      <clamped>false</clamped>
      <targetValue>0.0</targetValue>
      <updatePriority>0</updatePriority>
    </org.simbrain.network.core.Neuron>
    <org.simbrain.network.core.Neuron>
      <updateRule class="org.simbrain.network.neuron_update_rules.IntegrateAndFireRule">
        <parentNeuron reference="../.."/>
        <lastSpikeTime>899.0</lastSpikeTime>
        <hasSpiked>false</hasSpiked>
        <resistance>1.0</resistance>
        <timeConstant>1.0</timeConstant>
        <threshold>0.5</threshold>
        <resetPotential>0.1</resetPotential>
        <restingPotential>0.5</restingPotential>
        <noiseGenerator>
          <distributionIndex>0</distributionIndex>
          <upperBound>1.0</upperBound>
          <lowerBound>-1.0</lowerBound>
          <mean>0.5</mean>
          <standardDeviation>0.5</standardDeviation>
          <clipping>true</clipping>
          <randomGenerator serialization="custom">
            <java.util.Random>
              <default>
                <seed>250832670637169</seed>
                <nextNextGaussian>0.0</nextNextGaussian>
                <haveNextNextGaussian>false</haveNextNextGaussian>
              </default>
            </java.util.Random>
          </randomGenerator>
        </noiseGenerator>
        <addNoise>false</addNoise>
        <clipping>false</clipping>
      </updateRule>
      <id>Neuron_3</id>
      <label></label>
      <activation>0.5</activation>
      <lowerBound>-1.0</lowerBound>
      <upperBound>1.0</upperBound>
      <increment>0.1</increment>
      <buffer>0.5</buffer>
      <inputValue>0.0</inputValue>
      <parent reference="../../.."/>
      <x>75.40439276485782</x>
      <y>-0.2054263565891548</y>
      <clamped>false</clamped>
      <targetValue>0.0</targetValue>
      <updatePriority>0</updatePriority>
    </org.simbrain.network.core.Neuron>
    <org.simbrain.network.core.Neuron>
      <updateRule class="org.simbrain.network.neuron_update_rules.IntegrateAndFireRule">
        <parentNeuron reference="../.."/>
        <lastSpikeTime>902.0</lastSpikeTime>
        <hasSpiked>false</hasSpiked>
        <resistance>1.0</resistance>
        <timeConstant>1.0</timeConstant>
        <threshold>0.5</threshold>
        <resetPotential>0.1</resetPotential>
        <restingPotential>0.5</restingPotential>
        <noiseGenerator>
          <distributionIndex>0</distributionIndex>
          <upperBound>1.0</upperBound>
          <lowerBound>-1.0</lowerBound>
          <mean>0.5</mean>
          <standardDeviation>0.5</standardDeviation>
          <clipping>true</clipping>
          <randomGenerator serialization="custom">
            <java.util.Random>
              <default>
                <seed>251057404504745</seed>
                <nextNextGaussian>0.0</nextNextGaussian>
                <haveNextNextGaussian>false</haveNextNextGaussian>
              </default>
            </java.util.Random>
          </randomGenerator>
        </noiseGenerator>
        <addNoise>false</addNoise>
        <clipping>false</clipping>
      </updateRule>
      <id>Neuron_4</id>
      <label></label>
      <activation>0.5</activation>
      <lowerBound>-1.0</lowerBound>
      <upperBound>1.0</upperBound>
      <increment>0.1</increment>
      <buffer>0.5</buffer>
      <inputValue>0.0</inputValue>
      <parent reference="../../.."/>
      <x>137.31852192664468</x>
      <y>-0.2054263565891548</y>
      <clamped>false</clamped>
      <targetValue>0.0</targetValue>
      <updatePriority>0</updatePriority>
    </org.simbrain.network.core.Neuron>
  </neuronList>
  <synapseList>
    <org.simbrain.network.core.Synapse>
      <parentNetwork reference="../../.."/>
      <source reference="../../../neuronList/org.simbrain.network.core.Neuron"/>
      <target reference="../../../neuronList/org.simbrain.network.core.Neuron[3]"/>
      <learningRule class="org.simbrain.network.synapse_update_rules.ClampedSynapseRule">
        <clipped>false</clipped>
      </learningRule>
      <id>Synapse_1</id>
      <strength>10.0</strength>
      <increment>1.0</increment>
      <upperBound>50.0</upperBound>
      <lowerBound>-10.0</lowerBound>
      <delay>0</delay>
      <sendWeightedInput>true</sendWeightedInput>
    </org.simbrain.network.core.Synapse>
    <org.simbrain.network.core.Synapse>
      <parentNetwork reference="../../.."/>
      <source reference="../../../neuronList/org.simbrain.network.core.Neuron[2]"/>
      <target reference="../../../neuronList/org.simbrain.network.core.Neuron[4]"/>
      <learningRule class="org.simbrain.network.synapse_update_rules.ClampedSynapseRule">
        <clipped>false</clipped>
      </learningRule>
      <id>Synapse_2</id>
      <strength>10.0</strength>
      <increment>1.0</increment>
      <upperBound>50.0</upperBound>
      <lowerBound>-10.0</lowerBound>
      <delay>0</delay>
      <sendWeightedInput>true</sendWeightedInput>
    </org.simbrain.network.core.Synapse>
    <org.simbrain.network.core.Synapse>
      <parentNetwork reference="../../.."/>
      <source reference="../../../neuronList/org.simbrain.network.core.Neuron[3]"/>
      <target reference="../../../neuronList/org.simbrain.network.core.Neuron[4]"/>
      <learningRule class="org.simbrain.network.synapse_update_rules.STDPRule">
        <tau__plus>10.0</tau__plus>
        <tau__minus>10.0</tau__minus>
        <W__plus>100.0</W__plus>
        <W__minus>100.0</W__minus>
        <learningRate>0.01</learningRate>
      </learningRule>
      <spikeResponder class="org.simbrain.network.synapse_update_rules.spikeresponders.Step">
        <value>0.0</value>
        <parent reference="../.."/>
        <timer>0.0</timer>
        <responseHeight>0.0</responseHeight>
        <responseTime>1.0</responseTime>
      </spikeResponder>
      <id>Synapse_3</id>
      <strength>3.3680635397098406</strength>
      <increment>1.0</increment>
      <upperBound>40.0</upperBound>
      <lowerBound>-40.0</lowerBound>
      <delay>0</delay>
      <sendWeightedInput>true</sendWeightedInput>
    </org.simbrain.network.core.Synapse>
  </synapseList>
  <groupList/>
  <textList/>
  <updateManager>
    <actionList class="java.util.concurrent.CopyOnWriteArrayList" serialization="custom">
      <java.util.concurrent.CopyOnWriteArrayList>
        <default/>
        <int>1</int>
        <org.simbrain.network.update__actions.BufferedUpdate>
          <network reference="../../../../.."/>
        </org.simbrain.network.update__actions.BufferedUpdate>
      </java.util.concurrent.CopyOnWriteArrayList>
    </actionList>
    <availableActionList class="java.util.concurrent.CopyOnWriteArrayList" serialization="custom">
      <java.util.concurrent.CopyOnWriteArrayList>
        <default/>
        <int>1</int>
        <org.simbrain.network.update__actions.PriorityUpdate>
          <network reference="../../../../.."/>
        </org.simbrain.network.update__actions.PriorityUpdate>
      </java.util.concurrent.CopyOnWriteArrayList>
    </availableActionList>
    <network reference="../.."/>
  </updateManager>
  <synapseRouter>
    <routingMap/>
    <incomingUnified/>
    <outgoingUnified/>
    <autoRouting>false</autoRouting>
  </synapseRouter>
  <time>924.0</time>
  <timeStep>1.0</timeStep>
  <timeType>CONTINUOUS</timeType>
  <clampWeights>false</clampWeights>
  <clampNeurons>false</clampNeurons>
  <prioritySortedNeuronList>
    <org.simbrain.network.core.Neuron reference="../../neuronList/org.simbrain.network.core.Neuron"/>
    <org.simbrain.network.core.Neuron reference="../../neuronList/org.simbrain.network.core.Neuron[2]"/>
    <org.simbrain.network.core.Neuron reference="../../neuronList/org.simbrain.network.core.Neuron[3]"/>
    <org.simbrain.network.core.Neuron reference="../../neuronList/org.simbrain.network.core.Neuron[4]"/>
  </prioritySortedNeuronList>
  <priorityComparator>
    <outer-class reference="../.."/>
  </priorityComparator>
  <neuronIdGenerator>
    <rootName>Neuron</rootName>
    <index>5</index>
  </neuronIdGenerator>
  <synapseIdGenerator>
    <rootName>Synapse</rootName>
    <index>4</index>
  </synapseIdGenerator>
  <groupIdGenerator>
    <rootName>Group</rootName>
    <index>1</index>
  </groupIdGenerator>
  <roundOffActivationValues>false</roundOffActivationValues>
  <precision>0</precision>
</org.simbrain.network.core.Network>