<org.simbrain.world.odorworld.OdorWorld>
  <entityList class="java.util.concurrent.CopyOnWriteArrayList" serialization="custom">
    <java.util.concurrent.CopyOnWriteArrayList>
      <default/>
      <int>3</int>
      <org.simbrain.world.odorworld.entities.RotatingEntity>
        <animation>
          <imageNames>
            <string>rotating/mouse/Mouse_345.gif</string>
          </imageNames>
          <animTime>1</animTime>
          <totalDuration>8</totalDuration>
        </animation>
        <name>Agent_1</name>
        <id>Entity_1</id>
        <x>200.12747</x>
        <y>168.70204</y>
        <dx>0.0</dx>
        <dy>0.0</dy>
        <parentWorld reference="../../../.."/>
        <sensors>
          <org.simbrain.world.odorworld.sensors.SmellSensor>
            <parent class="org.simbrain.world.odorworld.entities.RotatingEntity" reference="../../.."/>
            <id>Sensor_1</id>
            <label>Smell-Left</label>
            <DEFAULT__RADIUS>23.0</DEFAULT__RADIUS>
            <theta>0.39269908169872414</theta>
            <radius>50.0</radius>
            <currentValue>
              <double>0.695707623035949</double>
              <double>0.0</double>
              <double>0.0</double>
              <double>0.0</double>
              <double>0.0</double>
              <double>0.0</double>
              <double>0.0</double>
              <double>0.0</double>
            </currentValue>
          </org.simbrain.world.odorworld.sensors.SmellSensor>
          <org.simbrain.world.odorworld.sensors.SmellSensor>
            <parent class="org.simbrain.world.odorworld.entities.RotatingEntity" reference="../../.."/>
            <id>Sensor_2</id>
            <label>Smell-Center</label>
            <DEFAULT__RADIUS>23.0</DEFAULT__RADIUS>
            <theta>0.0</theta>
            <radius>0.0</radius>
            <currentValue>
              <double>0.8808581197537484</double>
              <double>0.0</double>
              <double>0.0</double>
              <double>0.0</double>
              <double>0.0</double>
              <double>0.0</double>
              <double>0.0</double>
              <double>0.0</double>
            </currentValue>
          </org.simbrain.world.odorworld.sensors.SmellSensor>
          <org.simbrain.world.odorworld.sensors.SmellSensor>
            <parent class="org.simbrain.world.odorworld.entities.RotatingEntity" reference="../../.."/>
            <id>Sensor_3</id>
            <label>Smell-Right</label>
            <DEFAULT__RADIUS>23.0</DEFAULT__RADIUS>
            <theta>-0.39269908169872414</theta>
            <radius>50.0</radius>
            <currentValue>
              <double>0.6869075574573879</double>
              <double>0.0</double>
              <double>0.0</double>
              <double>0.0</double>
              <double>0.0</double>
              <double>0.0</double>
              <double>0.0</double>
              <double>0.0</double>
            </currentValue>
          </org.simbrain.world.odorworld.sensors.SmellSensor>
        </sensors>
        <effectors/>
        <behavior class="org.simbrain.world.odorworld.behaviors.StationaryBehavior"/>
        <smellSource>
          <stimulusVector>
            <double>1.0</double>
            <double>0.0</double>
          </stimulusVector>
          <returnVector reference="../stimulusVector"/>
          <location>
            <double>324.6703186035156</double>
            <double>343.77471923828125</double>
          </location>
          <decayFunction>GAUSSIAN</decayFunction>
          <stimulusDispersion>270.0</stimulusDispersion>
          <peak>0.0</peak>
          <addNoise>false</addNoise>
          <initNoise>0.3</initNoise>
          <noiseLevel>0.3</noiseLevel>
        </smellSource>
        <collision>false</collision>
        <sensorsEnabled>true</sensorsEnabled>
        <effectorsEnabled>true</effectorsEnabled>
        <showSensors>true</showSensors>
        <sensorIDGenerator>
          <rootName>Sensor</rootName>
          <index>4</index>
        </sensorIDGenerator>
        <effectorIDGenerator>
          <rootName>Effector</rootName>
          <index>1</index>
        </effectorIDGenerator>
        <heading>356.92836464950085</heading>
        <manualMotionTurnIncrement>4.0</manualMotionTurnIncrement>
        <manualStraightMovementIncrement>4.0</manualStraightMovementIncrement>
        <entityType>Mouse</entityType>
      </org.simbrain.world.odorworld.entities.RotatingEntity>
      <org.simbrain.world.odorworld.entities.RotatingEntity>
        <animation>
          <imageNames>
            <string>rotating/mouse/Mouse_30.gif</string>
          </imageNames>
          <animTime>0</animTime>
          <totalDuration>4</totalDuration>
        </animation>
        <name>Agent_2</name>
        <id>Entity_7</id>
        <x>131.82613</x>
        <y>160.64613</y>
        <dx>0.0</dx>
        <dy>0.0</dy>
        <parentWorld reference="../../../.."/>
        <sensors>
          <org.simbrain.world.odorworld.sensors.SmellSensor>
            <parent class="org.simbrain.world.odorworld.entities.RotatingEntity" reference="../../.."/>
            <id>Sensor_1</id>
            <label>Smell-Left</label>
            <DEFAULT__RADIUS>23.0</DEFAULT__RADIUS>
            <theta>0.39269908169872414</theta>
            <radius>50.0</radius>
            <currentValue>
              <double>1.4922689165755862</double>
              <double>0.0</double>
              <double>17.157267957661315</double>
              <double>40.03362523454307</double>
              <double>0.0</double>
              <double>0.0</double>
              <double>0.0</double>
              <double>0.0</double>
            </currentValue>
          </org.simbrain.world.odorworld.sensors.SmellSensor>
          <org.simbrain.world.odorworld.sensors.SmellSensor>
            <parent class="org.simbrain.world.odorworld.entities.RotatingEntity" reference="../../.."/>
            <id>Sensor_2</id>
            <label>Smell-Center</label>
            <DEFAULT__RADIUS>23.0</DEFAULT__RADIUS>
            <theta>0.0</theta>
            <radius>0.0</radius>
            <currentValue>
              <double>0.8808581197537484</double>
              <double>0.0</double>
              <double>0.0</double>
              <double>0.0</double>
              <double>0.0</double>
              <double>0.0</double>
              <double>0.0</double>
              <double>0.0</double>
            </currentValue>
          </org.simbrain.world.odorworld.sensors.SmellSensor>
          <org.simbrain.world.odorworld.sensors.SmellSensor>
            <parent class="org.simbrain.world.odorworld.entities.RotatingEntity" reference="../../.."/>
            <id>Sensor_3</id>
            <label>Smell-Right</label>
            <DEFAULT__RADIUS>23.0</DEFAULT__RADIUS>
            <theta>-0.39269908169872414</theta>
            <radius>50.0</radius>
            <currentValue>
              <double>1.140559200830525</double>
              <double>0.0</double>
              <double>4.54419431226417</double>
              <double>10.60312006194973</double>
              <double>0.0</double>
              <double>0.0</double>
              <double>0.0</double>
              <double>0.0</double>
            </currentValue>
          </org.simbrain.world.odorworld.sensors.SmellSensor>
        </sensors>
        <effectors/>
        <behavior class="org.simbrain.world.odorworld.behaviors.StationaryBehavior"/>
        <smellSource>
          <stimulusVector>
            <double>1.0</double>
            <double>0.0</double>
          </stimulusVector>
          <returnVector reference="../stimulusVector"/>
          <location>
            <double>107.0</double>
            <double>62.0</double>
          </location>
          <decayFunction>GAUSSIAN</decayFunction>
          <stimulusDispersion>270.0</stimulusDispersion>
          <peak>0.0</peak>
          <addNoise>false</addNoise>
          <initNoise>0.3</initNoise>
          <noiseLevel>0.3</noiseLevel>
        </smellSource>
        <collision>false</collision>
        <sensorsEnabled>true</sensorsEnabled>
        <effectorsEnabled>true</effectorsEnabled>
        <showSensors>true</showSensors>
        <sensorIDGenerator>
          <rootName>Sensor</rootName>
          <index>4</index>
        </sensorIDGenerator>
        <effectorIDGenerator>
          <rootName>Effector</rootName>
          <index>1</index>
        </effectorIDGenerator>
        <heading>23.270997537252157</heading>
        <manualMotionTurnIncrement>4.0</manualMotionTurnIncrement>
        <manualStraightMovementIncrement>4.0</manualStraightMovementIncrement>
        <entityType>Mouse</entityType>
      </org.simbrain.world.odorworld.entities.RotatingEntity>
      <org.simbrain.world.odorworld.entities.BasicEntity>
        <animation>
          <imageNames>
            <string>static/Swiss.gif</string>
          </imageNames>
          <animTime>0</animTime>
          <totalDuration>4</totalDuration>
        </animation>
        <name>Entity_8</name>
        <id>Entity_8</id>
        <x>189.0</x>
        <y>96.0</y>
        <dx>0.0</dx>
        <dy>0.0</dy>
        <parentWorld reference="../../../.."/>
        <sensors/>
        <effectors/>
        <behavior class="org.simbrain.world.odorworld.behaviors.StationaryBehavior"/>
        <smellSource>
          <stimulusVector>
            <double>1.0</double>
            <double>0.0</double>
            <double>30.0</double>
            <double>70.0</double>
            <double>0.0</double>
            <double>0.0</double>
          </stimulusVector>
          <returnVector reference="../stimulusVector"/>
          <location>
            <double>138.0</double>
            <double>145.0</double>
          </location>
          <decayFunction>GAUSSIAN</decayFunction>
          <stimulusDispersion>70.0</stimulusDispersion>
          <peak>0.0</peak>
          <addNoise>false</addNoise>
          <initNoise>0.3</initNoise>
          <noiseLevel>0.3</noiseLevel>
        </smellSource>
        <collision>false</collision>
        <sensorsEnabled>true</sensorsEnabled>
        <effectorsEnabled>true</effectorsEnabled>
        <showSensors>true</showSensors>
        <sensorIDGenerator>
          <rootName>Sensor</rootName>
          <index>1</index>
        </sensorIDGenerator>
        <effectorIDGenerator>
          <rootName>Effector</rootName>
          <index>1</index>
        </effectorIDGenerator>
      </org.simbrain.world.odorworld.entities.BasicEntity>
    </java.util.concurrent.CopyOnWriteArrayList>
  </entityList>
  <totalSmellVectorLength>78.16429609731846</totalSmellVectorLength>
  <wrapAround>true</wrapAround>
  <objectsBlockMovement>false</objectsBlockMovement>
  <height>308</height>
  <width>344</width>
  <entityIDGenerator>
    <rootName>Entity</rootName>
    <index>9</index>
  </entityIDGenerator>
  <agentNameGenerator>
    <rootName>Agent</rootName>
    <index>3</index>
  </agentNameGenerator>
</org.simbrain.world.odorworld.OdorWorld>