<html>
<body>
<h1>3 Object detector</h1>
<br>
This network was trained
using
<a href ="http://en.wikipedia.org/wiki/Backpropagation"> 
backprop</a> to classify 
the three stimuli.
<br>
<h2>Using this sim</h2>
Simply run the simulation
(pressing the play button at the top)
and move the mouse
to the different objects.
<br>
<br>
You can try removing synapses
or hidden units to see how
well the network holds up.
To remove synapses first
stop the network from 
running, then select them
(by lassoing over the lines or
clicking right on them)
and press "delete".  Then re
run and see if it still
correctly recognizes the three
objects.
<br>
<br>
Note that if synapses are not
visible, right click in the weight 1->2 
or weight 2->3 box and select
"toggle synapse visibility".
</body>
</html>
