<org.simbrain.network.core.Network>
  <neuronList/>
  <synapseList class="linked-hash-set"/>
  <groupList>
    <org.simbrain.network.subnetworks.SimpleRecurrentNetwork>
      <parentNetwork reference="../../.."/>
      <id>Group_1</id>
      <label>SRN</label>
      <stateInfo></stateInfo>
      <markedForDeletion>false</markedForDeletion>
      <neuronGroupList class="java.util.concurrent.CopyOnWriteArrayList" serialization="custom">
        <java.util.concurrent.CopyOnWriteArrayList>
          <default/>
          <int>4</int>
          <org.simbrain.network.groups.NeuronGroup>
            <parentNetwork reference="../../../../../.."/>
            <label>Input layer</label>
            <stateInfo></stateInfo>
            <markedForDeletion>false</markedForDeletion>
            <parentGroup class="org.simbrain.network.subnetworks.SimpleRecurrentNetwork" reference="../../../.."/>
            <neuronList class="java.util.concurrent.CopyOnWriteArrayList" serialization="custom">
              <java.util.concurrent.CopyOnWriteArrayList>
                <default/>
                <int>1</int>
                <org.simbrain.network.core.Neuron>
                  <updateRule class="org.simbrain.network.neuron_update_rules.LinearRule">
                    <inputType>WEIGHTED</inputType>
                    <increment>1.0</increment>
                    <slope>1.0</slope>
                    <bias>0.0</bias>
                    <noiseGenerator>
                      <pdf>UNIFORM</pdf>
                      <param1>0.0</param1>
                      <param2>1.0</param2>
                      <upperBound>1.0</upperBound>
                      <lowerBound>0.0</lowerBound>
                      <clipping>false</clipping>
                    </noiseGenerator>
                    <addNoise>false</addNoise>
                    <clipping>true</clipping>
                    <upperBound>1.0</upperBound>
                    <lowerBound>0.0</lowerBound>
                  </updateRule>
                  <id>Neuron_1</id>
                  <label></label>
                  <activation>0.0</activation>
                  <buffer>0.0</buffer>
                  <inputValue>0.0</inputValue>
                  <parent reference="../../../../../../../../.."/>
                  <generator>false</generator>
                  <x>116.29236844394676</x>
                  <y>104.34972429979628</y>
                  <z>0.0</z>
                  <clamped>true</clamped>
                  <targetValue>0.0</targetValue>
                  <parentGroup class="org.simbrain.network.groups.NeuronGroup" reference="../../../.."/>
                  <updatePriority>0</updatePriority>
                  <auxValue>0.0</auxValue>
                </org.simbrain.network.core.Neuron>
              </java.util.concurrent.CopyOnWriteArrayList>
            </neuronList>
            <layout class="org.simbrain.network.layouts.LineLayout">
              <orientation>HORIZONTAL</orientation>
              <spacing>50.0</spacing>
              <initialX>0.0</initialX>
              <initialY>0.0</initialY>
            </layout>
            <incomingSgs/>
            <outgoingSgs>
              <org.simbrain.network.groups.SynapseGroup>
                <parentNetwork reference="../../../../../../../.."/>
                <label>Weights: Input layer → Hidden layer (x(t))</label>
                <stateInfo></stateInfo>
                <markedForDeletion>false</markedForDeletion>
                <parentGroup class="org.simbrain.network.subnetworks.SimpleRecurrentNetwork" reference="../../../../../.."/>
                <exSynapseSet>
                  <org.simbrain.network.core.Synapse>
                    <parentNetwork reference="../../../../../../../../../.."/>
                    <source reference="../../../../../neuronList/java.util.concurrent.CopyOnWriteArrayList/org.simbrain.network.core.Neuron"/>
                    <target>
                      <updateRule class="org.simbrain.network.neuron_update_rules.SigmoidalRule">
                        <inputType>WEIGHTED</inputType>
                        <increment>0.1</increment>
                        <sFunction>LOGISTIC</sFunction>
                        <bias>-0.2912606823614168</bias>
                        <slope>1.0</slope>
                        <noiseGenerator>
                          <pdf>UNIFORM</pdf>
                          <param1>0.0</param1>
                          <param2>1.0</param2>
                          <upperBound>1.0</upperBound>
                          <lowerBound>0.0</lowerBound>
                          <clipping>false</clipping>
                        </noiseGenerator>
                        <addNoise>false</addNoise>
                        <upperBound>1.0</upperBound>
                        <lowerBound>-1.0</lowerBound>
                      </updateRule>
                      <id>Neuron_5</id>
                      <label></label>
                      <activation>0.5</activation>
                      <buffer>0.7999938796604211</buffer>
                      <inputValue>0.0</inputValue>
                      <parent reference="../../../../../../../../../../.."/>
                      <generator>false</generator>
                      <x>75.0</x>
                      <y>-150.0</y>
                      <z>0.0</z>
                      <clamped>false</clamped>
                      <targetValue>0.0</targetValue>
                      <parentGroup class="org.simbrain.network.groups.NeuronGroup">
                        <parentNetwork reference="../../../../../../../../../../../.."/>
                        <label>Hidden layer (x(t))</label>
                        <stateInfo></stateInfo>
                        <markedForDeletion>false</markedForDeletion>
                        <parentGroup class="org.simbrain.network.subnetworks.SimpleRecurrentNetwork" reference="../../../../../../../../../.."/>
                        <neuronList class="java.util.concurrent.CopyOnWriteArrayList" serialization="custom">
                          <java.util.concurrent.CopyOnWriteArrayList>
                            <default/>
                            <int>4</int>
                            <org.simbrain.network.core.Neuron>
                              <updateRule class="org.simbrain.network.neuron_update_rules.SigmoidalRule" reference="../../../../../updateRule"/>
                              <id>Neuron_2</id>
                              <label></label>
                              <activation>0.5</activation>
                              <buffer>-0.7581714282903427</buffer>
                              <inputValue>0.0</inputValue>
                              <parent reference="../../../../../../../../../../../../../../.."/>
                              <generator>false</generator>
                              <x>-75.0</x>
                              <y>-150.0</y>
                              <z>0.0</z>
                              <clamped>false</clamped>
                              <targetValue>0.0</targetValue>
                              <parentGroup class="org.simbrain.network.groups.NeuronGroup" reference="../../../.."/>
                              <updatePriority>0</updatePriority>
                              <auxValue>0.0</auxValue>
                            </org.simbrain.network.core.Neuron>
                            <org.simbrain.network.core.Neuron>
                              <updateRule class="org.simbrain.network.neuron_update_rules.SigmoidalRule" reference="../../../../../updateRule"/>
                              <id>Neuron_3</id>
                              <label></label>
                              <activation>0.5</activation>
                              <buffer>-0.9979386326757655</buffer>
                              <inputValue>0.0</inputValue>
                              <parent reference="../../../../../../../../../../../../../../.."/>
                              <generator>false</generator>
                              <x>-25.0</x>
                              <y>-150.0</y>
                              <z>0.0</z>
                              <clamped>false</clamped>
                              <targetValue>0.0</targetValue>
                              <parentGroup class="org.simbrain.network.groups.NeuronGroup" reference="../../../.."/>
                              <updatePriority>0</updatePriority>
                              <auxValue>0.0</auxValue>
                            </org.simbrain.network.core.Neuron>
                            <org.simbrain.network.core.Neuron>
                              <updateRule class="org.simbrain.network.neuron_update_rules.SigmoidalRule" reference="../../../../../updateRule"/>
                              <id>Neuron_4</id>
                              <label></label>
                              <activation>0.5</activation>
                              <buffer>-0.9982562732172425</buffer>
                              <inputValue>0.0</inputValue>
                              <parent reference="../../../../../../../../../../../../../../.."/>
                              <generator>false</generator>
                              <x>25.0</x>
                              <y>-150.0</y>
                              <z>0.0</z>
                              <clamped>false</clamped>
                              <targetValue>0.0</targetValue>
                              <parentGroup class="org.simbrain.network.groups.NeuronGroup" reference="../../../.."/>
                              <updatePriority>0</updatePriority>
                              <auxValue>0.0</auxValue>
                            </org.simbrain.network.core.Neuron>
                            <org.simbrain.network.core.Neuron reference="../../../.."/>
                          </java.util.concurrent.CopyOnWriteArrayList>
                        </neuronList>
                        <layout class="org.simbrain.network.layouts.LineLayout">
                          <orientation>HORIZONTAL</orientation>
                          <spacing>50.0</spacing>
                          <initialX>0.0</initialX>
                          <initialY>0.0</initialY>
                        </layout>
                        <incomingSgs>
                          <org.simbrain.network.groups.SynapseGroup>
                            <parentNetwork reference="../../../../../../../../../../../../../.."/>
                            <label>Weights: Context Layer (x(t - Δt)) → Hidden layer (x(t))</label>
                            <stateInfo></stateInfo>
                            <markedForDeletion>false</markedForDeletion>
                            <parentGroup class="org.simbrain.network.subnetworks.SimpleRecurrentNetwork" reference="../../../../../../../../../../../.."/>
                            <exSynapseSet>
                              <org.simbrain.network.core.Synapse>
                                <parentNetwork reference="../../../../../../../../../../../../../../../.."/>
                                <source>
                                  <updateRule class="org.simbrain.network.neuron_update_rules.LinearRule">
                                    <inputType>WEIGHTED</inputType>
                                    <increment>0.1</increment>
                                    <slope>1.0</slope>
                                    <bias>0.0</bias>
                                    <noiseGenerator>
                                      <pdf>UNIFORM</pdf>
                                      <param1>0.0</param1>
                                      <param2>1.0</param2>
                                      <upperBound>1.0</upperBound>
                                      <lowerBound>0.0</lowerBound>
                                      <clipping>false</clipping>
                                    </noiseGenerator>
                                    <addNoise>false</addNoise>
                                    <clipping>true</clipping>
                                    <upperBound>1.0</upperBound>
                                    <lowerBound>-1.0</lowerBound>
                                  </updateRule>
                                  <id>Neuron_7</id>
                                  <label></label>
                                  <activation>0.0</activation>
                                  <buffer>0.0</buffer>
                                  <inputValue>0.0</inputValue>
                                  <parent reference="../../../../../../../../../../../../../../../../.."/>
                                  <generator>false</generator>
                                  <x>258.53604207026666</x>
                                  <y>-26.154401776076615</y>
                                  <z>0.0</z>
                                  <clamped>false</clamped>
                                  <targetValue>0.0</targetValue>
                                  <parentGroup class="org.simbrain.network.groups.NeuronGroup">
                                    <parentNetwork reference="../../../../../../../../../../../../../../../../../.."/>
                                    <label>Context Layer (x(t - Δt))</label>
                                    <stateInfo></stateInfo>
                                    <markedForDeletion>false</markedForDeletion>
                                    <parentGroup class="org.simbrain.network.subnetworks.SimpleRecurrentNetwork" reference="../../../../../../../../../../../../../../../.."/>
                                    <neuronList class="java.util.concurrent.CopyOnWriteArrayList" serialization="custom">
                                      <java.util.concurrent.CopyOnWriteArrayList>
                                        <default/>
                                        <int>4</int>
                                        <org.simbrain.network.core.Neuron>
                                          <updateRule class="org.simbrain.network.neuron_update_rules.LinearRule" reference="../../../../../updateRule"/>
                                          <id>Neuron_6</id>
                                          <label></label>
                                          <activation>0.0</activation>
                                          <buffer>0.0</buffer>
                                          <inputValue>0.0</inputValue>
                                          <parent reference="../../../../../../../../../../../../../../../../../../../../.."/>
                                          <generator>false</generator>
                                          <x>208.53604207026675</x>
                                          <y>-26.154401776076615</y>
                                          <z>0.0</z>
                                          <clamped>false</clamped>
                                          <targetValue>0.0</targetValue>
                                          <parentGroup class="org.simbrain.network.groups.NeuronGroup" reference="../../../.."/>
                                          <updatePriority>0</updatePriority>
                                          <auxValue>0.0</auxValue>
                                        </org.simbrain.network.core.Neuron>
                                        <org.simbrain.network.core.Neuron reference="../../../.."/>
                                        <org.simbrain.network.core.Neuron>
                                          <updateRule class="org.simbrain.network.neuron_update_rules.LinearRule" reference="../../../../../updateRule"/>
                                          <id>Neuron_8</id>
                                          <label></label>
                                          <activation>0.0</activation>
                                          <buffer>0.0</buffer>
                                          <inputValue>0.0</inputValue>
                                          <parent reference="../../../../../../../../../../../../../../../../../../../../.."/>
                                          <generator>false</generator>
                                          <x>308.5360420702667</x>
                                          <y>-26.154401776076615</y>
                                          <z>0.0</z>
                                          <clamped>false</clamped>
                                          <targetValue>0.0</targetValue>
                                          <parentGroup class="org.simbrain.network.groups.NeuronGroup" reference="../../../.."/>
                                          <updatePriority>0</updatePriority>
                                          <auxValue>0.0</auxValue>
                                        </org.simbrain.network.core.Neuron>
                                        <org.simbrain.network.core.Neuron>
                                          <updateRule class="org.simbrain.network.neuron_update_rules.LinearRule" reference="../../../../../updateRule"/>
                                          <id>Neuron_9</id>
                                          <label></label>
                                          <activation>0.0</activation>
                                          <buffer>0.0</buffer>
                                          <inputValue>0.0</inputValue>
                                          <parent reference="../../../../../../../../../../../../../../../../../../../../.."/>
                                          <generator>false</generator>
                                          <x>358.5360420702667</x>
                                          <y>-26.154401776076615</y>
                                          <z>0.0</z>
                                          <clamped>false</clamped>
                                          <targetValue>0.0</targetValue>
                                          <parentGroup class="org.simbrain.network.groups.NeuronGroup" reference="../../../.."/>
                                          <updatePriority>0</updatePriority>
                                          <auxValue>0.0</auxValue>
                                        </org.simbrain.network.core.Neuron>
                                      </java.util.concurrent.CopyOnWriteArrayList>
                                    </neuronList>
                                    <layout class="org.simbrain.network.layouts.LineLayout">
                                      <orientation>HORIZONTAL</orientation>
                                      <spacing>50.0</spacing>
                                      <initialX>0.0</initialX>
                                      <initialY>0.0</initialY>
                                    </layout>
                                    <incomingSgs/>
                                    <outgoingSgs>
                                      <org.simbrain.network.groups.SynapseGroup reference="../../../../../.."/>
                                    </outgoingSgs>
                                    <gridThreshold>10</gridThreshold>
                                    <betweenNeuronInterval>50</betweenNeuronInterval>
                                  </parentGroup>
                                  <updatePriority>0</updatePriority>
                                  <auxValue>0.0</auxValue>
                                </source>
                                <target reference="../../../../../neuronList/java.util.concurrent.CopyOnWriteArrayList/org.simbrain.network.core.Neuron[2]"/>
                                <learningRule class="org.simbrain.network.synapse_update_rules.StaticSynapseRule">
                                  <clipped>false</clipped>
                                </learningRule>
                                <spikeResponder class="org.simbrain.network.synapse_update_rules.spikeresponders.JumpAndDecay">
                                  <value>0.0</value>
                                  <jumpHeight>1.0</jumpHeight>
                                  <baseLine>0.0</baseLine>
                                  <timeConstant>3.0</timeConstant>
                                </spikeResponder>
                                <id>Synapse_10</id>
                                <strength>7.538767528418198</strength>
                                <psr>-7.537933420346842</psr>
                                <increment>1.0</increment>
                                <upperBound>10.0</upperBound>
                                <lowerBound>-10.0</lowerBound>
                                <delay>0</delay>
                                <parentGroup reference="../../.."/>
                                <enabled>true</enabled>
                                <frozen>false</frozen>
                              </org.simbrain.network.core.Synapse>
                              <org.simbrain.network.core.Synapse>
                                <parentNetwork reference="../../../../../../../../../../../../../../../.."/>
                                <source reference="../../org.simbrain.network.core.Synapse/source"/>
                                <target reference="../../../../../.."/>
                                <learningRule class="org.simbrain.network.synapse_update_rules.StaticSynapseRule">
                                  <clipped>false</clipped>
                                </learningRule>
                                <spikeResponder class="org.simbrain.network.synapse_update_rules.spikeresponders.JumpAndDecay" reference="../../org.simbrain.network.core.Synapse/spikeResponder"/>
                                <id>Synapse_12</id>
                                <strength>6.012782472367447</strength>
                                <psr>-6.012117203094638</psr>
                                <increment>1.0</increment>
                                <upperBound>10.0</upperBound>
                                <lowerBound>-10.0</lowerBound>
                                <delay>0</delay>
                                <parentGroup reference="../../.."/>
                                <enabled>true</enabled>
                                <frozen>false</frozen>
                              </org.simbrain.network.core.Synapse>
                              <org.simbrain.network.core.Synapse>
                                <parentNetwork reference="../../../../../../../../../../../../../../../.."/>
                                <source reference="../../org.simbrain.network.core.Synapse/source/parentGroup/neuronList/java.util.concurrent.CopyOnWriteArrayList/org.simbrain.network.core.Neuron[4]"/>
                                <target reference="../../../../../.."/>
                                <learningRule class="org.simbrain.network.synapse_update_rules.StaticSynapseRule">
                                  <clipped>false</clipped>
                                </learningRule>
                                <spikeResponder class="org.simbrain.network.synapse_update_rules.spikeresponders.JumpAndDecay" reference="../../org.simbrain.network.core.Synapse/spikeResponder"/>
                                <id>Synapse_20</id>
                                <strength>10.332444548098197</strength>
                                <psr>-6.651848132784775</psr>
                                <increment>1.0</increment>
                                <upperBound>10.0</upperBound>
                                <lowerBound>-10.0</lowerBound>
                                <delay>0</delay>
                                <parentGroup reference="../../.."/>
                                <enabled>true</enabled>
                                <frozen>false</frozen>
                              </org.simbrain.network.core.Synapse>
                              <org.simbrain.network.core.Synapse>
                                <parentNetwork reference="../../../../../../../../../../../../../../../.."/>
                                <source reference="../../org.simbrain.network.core.Synapse/source/parentGroup/neuronList/java.util.concurrent.CopyOnWriteArrayList/org.simbrain.network.core.Neuron[3]"/>
                                <target reference="../../../../../.."/>
                                <learningRule class="org.simbrain.network.synapse_update_rules.StaticSynapseRule">
                                  <clipped>false</clipped>
                                </learningRule>
                                <spikeResponder class="org.simbrain.network.synapse_update_rules.spikeresponders.JumpAndDecay" reference="../../org.simbrain.network.core.Synapse/spikeResponder"/>
                                <id>Synapse_16</id>
                                <strength>3.8041955635422413</strength>
                                <psr>0.7740680675822276</psr>
                                <increment>1.0</increment>
                                <upperBound>10.0</upperBound>
                                <lowerBound>-10.0</lowerBound>
                                <delay>0</delay>
                                <parentGroup reference="../../.."/>
                                <enabled>true</enabled>
                                <frozen>false</frozen>
                              </org.simbrain.network.core.Synapse>
                              <org.simbrain.network.core.Synapse>
                                <parentNetwork reference="../../../../../../../../../../../../../../../.."/>
                                <source reference="../../org.simbrain.network.core.Synapse/source/parentGroup/neuronList/java.util.concurrent.CopyOnWriteArrayList/org.simbrain.network.core.Neuron[3]"/>
                                <target reference="../../../../../neuronList/java.util.concurrent.CopyOnWriteArrayList/org.simbrain.network.core.Neuron[3]"/>
                                <learningRule class="org.simbrain.network.synapse_update_rules.StaticSynapseRule">
                                  <clipped>false</clipped>
                                </learningRule>
                                <spikeResponder class="org.simbrain.network.synapse_update_rules.spikeresponders.JumpAndDecay" reference="../../org.simbrain.network.core.Synapse/spikeResponder"/>
                                <id>Synapse_15</id>
                                <strength>6.242847088944731</strength>
                                <psr>1.27027869667435</psr>
                                <increment>1.0</increment>
                                <upperBound>10.0</upperBound>
                                <lowerBound>-10.0</lowerBound>
                                <delay>0</delay>
                                <parentGroup reference="../../.."/>
                                <enabled>true</enabled>
                                <frozen>false</frozen>
                              </org.simbrain.network.core.Synapse>
                              <org.simbrain.network.core.Synapse>
                                <parentNetwork reference="../../../../../../../../../../../../../../../.."/>
                                <source reference="../../org.simbrain.network.core.Synapse/source"/>
                                <target reference="../../../../../neuronList/java.util.concurrent.CopyOnWriteArrayList/org.simbrain.network.core.Neuron[3]"/>
                                <learningRule class="org.simbrain.network.synapse_update_rules.StaticSynapseRule">
                                  <clipped>false</clipped>
                                </learningRule>
                                <spikeResponder class="org.simbrain.network.synapse_update_rules.spikeresponders.JumpAndDecay" reference="../../org.simbrain.network.core.Synapse/spikeResponder"/>
                                <id>Synapse_11</id>
                                <strength>8.255086275052037</strength>
                                <psr>-8.254172911685172</psr>
                                <increment>1.0</increment>
                                <upperBound>10.0</upperBound>
                                <lowerBound>-10.0</lowerBound>
                                <delay>0</delay>
                                <parentGroup reference="../../.."/>
                                <enabled>true</enabled>
                                <frozen>false</frozen>
                              </org.simbrain.network.core.Synapse>
                              <org.simbrain.network.core.Synapse>
                                <parentNetwork reference="../../../../../../../../../../../../../../../.."/>
                                <source reference="../../org.simbrain.network.core.Synapse/source/parentGroup/neuronList/java.util.concurrent.CopyOnWriteArrayList/org.simbrain.network.core.Neuron"/>
                                <target reference="../../../../../neuronList/java.util.concurrent.CopyOnWriteArrayList/org.simbrain.network.core.Neuron[2]"/>
                                <learningRule class="org.simbrain.network.synapse_update_rules.StaticSynapseRule">
                                  <clipped>false</clipped>
                                </learningRule>
                                <spikeResponder class="org.simbrain.network.synapse_update_rules.spikeresponders.JumpAndDecay" reference="../../org.simbrain.network.core.Synapse/spikeResponder"/>
                                <id>Synapse_6</id>
                                <strength>5.538093814108365</strength>
                                <psr>3.6467462422162638</psr>
                                <increment>1.0</increment>
                                <upperBound>10.0</upperBound>
                                <lowerBound>-10.0</lowerBound>
                                <delay>0</delay>
                                <parentGroup reference="../../.."/>
                                <enabled>true</enabled>
                                <frozen>false</frozen>
                              </org.simbrain.network.core.Synapse>
                              <org.simbrain.network.core.Synapse>
                                <parentNetwork reference="../../../../../../../../../../../../../../../.."/>
                                <source reference="../../org.simbrain.network.core.Synapse/source/parentGroup/neuronList/java.util.concurrent.CopyOnWriteArrayList/org.simbrain.network.core.Neuron[3]"/>
                                <target reference="../../../../../neuronList/java.util.concurrent.CopyOnWriteArrayList/org.simbrain.network.core.Neuron"/>
                                <learningRule class="org.simbrain.network.synapse_update_rules.StaticSynapseRule">
                                  <clipped>false</clipped>
                                </learningRule>
                                <spikeResponder class="org.simbrain.network.synapse_update_rules.spikeresponders.JumpAndDecay" reference="../../org.simbrain.network.core.Synapse/spikeResponder"/>
                                <id>Synapse_13</id>
                                <strength>2.5457817889525556</strength>
                                <psr>0.5180092234862966</psr>
                                <increment>1.0</increment>
                                <upperBound>10.0</upperBound>
                                <lowerBound>-10.0</lowerBound>
                                <delay>0</delay>
                                <parentGroup reference="../../.."/>
                                <enabled>true</enabled>
                                <frozen>false</frozen>
                              </org.simbrain.network.core.Synapse>
                              <org.simbrain.network.core.Synapse>
                                <parentNetwork reference="../../../../../../../../../../../../../../../.."/>
                                <source reference="../../org.simbrain.network.core.Synapse/source/parentGroup/neuronList/java.util.concurrent.CopyOnWriteArrayList/org.simbrain.network.core.Neuron"/>
                                <target reference="../../../../../.."/>
                                <learningRule class="org.simbrain.network.synapse_update_rules.StaticSynapseRule">
                                  <clipped>false</clipped>
                                </learningRule>
                                <spikeResponder class="org.simbrain.network.synapse_update_rules.spikeresponders.JumpAndDecay" reference="../../org.simbrain.network.core.Synapse/spikeResponder"/>
                                <id>Synapse_8</id>
                                <strength>5.655256943781631</strength>
                                <psr>3.7238962900854093</psr>
                                <increment>1.0</increment>
                                <upperBound>10.0</upperBound>
                                <lowerBound>-10.0</lowerBound>
                                <delay>0</delay>
                                <parentGroup reference="../../.."/>
                                <enabled>true</enabled>
                                <frozen>false</frozen>
                              </org.simbrain.network.core.Synapse>
                              <org.simbrain.network.core.Synapse>
                                <parentNetwork reference="../../../../../../../../../../../../../../../.."/>
                                <source reference="../../org.simbrain.network.core.Synapse/source"/>
                                <target reference="../../../../../neuronList/java.util.concurrent.CopyOnWriteArrayList/org.simbrain.network.core.Neuron"/>
                                <learningRule class="org.simbrain.network.synapse_update_rules.StaticSynapseRule">
                                  <clipped>false</clipped>
                                </learningRule>
                                <spikeResponder class="org.simbrain.network.synapse_update_rules.spikeresponders.JumpAndDecay" reference="../../org.simbrain.network.core.Synapse/spikeResponder"/>
                                <id>Synapse_9</id>
                                <strength>12.745872837309175</strength>
                                <psr>-12.744462602098977</psr>
                                <increment>1.0</increment>
                                <upperBound>10.0</upperBound>
                                <lowerBound>-10.0</lowerBound>
                                <delay>0</delay>
                                <parentGroup reference="../../.."/>
                                <enabled>true</enabled>
                                <frozen>false</frozen>
                              </org.simbrain.network.core.Synapse>
                            </exSynapseSet>
                            <inSynapseSet>
                              <org.simbrain.network.core.Synapse>
                                <parentNetwork reference="../../../../../../../../../../../../../../../.."/>
                                <source reference="../../../exSynapseSet/org.simbrain.network.core.Synapse/source/parentGroup/neuronList/java.util.concurrent.CopyOnWriteArrayList/org.simbrain.network.core.Neuron[4]"/>
                                <target reference="../../../../../neuronList/java.util.concurrent.CopyOnWriteArrayList/org.simbrain.network.core.Neuron[2]"/>
                                <learningRule class="org.simbrain.network.synapse_update_rules.StaticSynapseRule">
                                  <clipped>false</clipped>
                                </learningRule>
                                <spikeResponder class="org.simbrain.network.synapse_update_rules.spikeresponders.JumpAndDecay" reference="../../../exSynapseSet/org.simbrain.network.core.Synapse/spikeResponder"/>
                                <id>Synapse_18</id>
                                <strength>-0.8981504570472627</strength>
                                <psr>0.5782136466214354</psr>
                                <increment>1.0</increment>
                                <upperBound>10.0</upperBound>
                                <lowerBound>-10.0</lowerBound>
                                <delay>0</delay>
                                <parentGroup reference="../../.."/>
                                <enabled>true</enabled>
                                <frozen>false</frozen>
                              </org.simbrain.network.core.Synapse>
                              <org.simbrain.network.core.Synapse>
                                <parentNetwork reference="../../../../../../../../../../../../../../../.."/>
                                <source reference="../../../exSynapseSet/org.simbrain.network.core.Synapse/source/parentGroup/neuronList/java.util.concurrent.CopyOnWriteArrayList/org.simbrain.network.core.Neuron"/>
                                <target reference="../../../../../neuronList/java.util.concurrent.CopyOnWriteArrayList/org.simbrain.network.core.Neuron[3]"/>
                                <learningRule class="org.simbrain.network.synapse_update_rules.StaticSynapseRule">
                                  <clipped>false</clipped>
                                </learningRule>
                                <spikeResponder class="org.simbrain.network.synapse_update_rules.spikeresponders.JumpAndDecay" reference="../../../exSynapseSet/org.simbrain.network.core.Synapse/spikeResponder"/>
                                <id>Synapse_7</id>
                                <strength>-10.565894270133345</strength>
                                <psr>-6.957472465905971</psr>
                                <increment>1.0</increment>
                                <upperBound>10.0</upperBound>
                                <lowerBound>-10.0</lowerBound>
                                <delay>0</delay>
                                <parentGroup reference="../../.."/>
                                <enabled>true</enabled>
                                <frozen>false</frozen>
                              </org.simbrain.network.core.Synapse>
                              <org.simbrain.network.core.Synapse>
                                <parentNetwork reference="../../../../../../../../../../../../../../../.."/>
                                <source reference="../../../exSynapseSet/org.simbrain.network.core.Synapse/source/parentGroup/neuronList/java.util.concurrent.CopyOnWriteArrayList/org.simbrain.network.core.Neuron"/>
                                <target reference="../../../../../neuronList/java.util.concurrent.CopyOnWriteArrayList/org.simbrain.network.core.Neuron"/>
                                <learningRule class="org.simbrain.network.synapse_update_rules.StaticSynapseRule">
                                  <clipped>false</clipped>
                                </learningRule>
                                <spikeResponder class="org.simbrain.network.synapse_update_rules.spikeresponders.JumpAndDecay" reference="../../../exSynapseSet/org.simbrain.network.core.Synapse/spikeResponder"/>
                                <id>Synapse_5</id>
                                <strength>-2.2781369921450088</strength>
                                <psr>-1.5001167900396482</psr>
                                <increment>1.0</increment>
                                <upperBound>10.0</upperBound>
                                <lowerBound>-10.0</lowerBound>
                                <delay>0</delay>
                                <parentGroup reference="../../.."/>
                                <enabled>true</enabled>
                                <frozen>false</frozen>
                              </org.simbrain.network.core.Synapse>
                              <org.simbrain.network.core.Synapse>
                                <parentNetwork reference="../../../../../../../../../../../../../../../.."/>
                                <source reference="../../../exSynapseSet/org.simbrain.network.core.Synapse/source/parentGroup/neuronList/java.util.concurrent.CopyOnWriteArrayList/org.simbrain.network.core.Neuron[3]"/>
                                <target reference="../../../../../neuronList/java.util.concurrent.CopyOnWriteArrayList/org.simbrain.network.core.Neuron[2]"/>
                                <learningRule class="org.simbrain.network.synapse_update_rules.StaticSynapseRule">
                                  <clipped>false</clipped>
                                </learningRule>
                                <spikeResponder class="org.simbrain.network.synapse_update_rules.spikeresponders.JumpAndDecay" reference="../../../exSynapseSet/org.simbrain.network.core.Synapse/spikeResponder"/>
                                <id>Synapse_14</id>
                                <strength>-2.8330404068256754</strength>
                                <psr>-0.5764598786956048</psr>
                                <increment>1.0</increment>
                                <upperBound>10.0</upperBound>
                                <lowerBound>-10.0</lowerBound>
                                <delay>0</delay>
                                <parentGroup reference="../../.."/>
                                <enabled>true</enabled>
                                <frozen>false</frozen>
                              </org.simbrain.network.core.Synapse>
                              <org.simbrain.network.core.Synapse>
                                <parentNetwork reference="../../../../../../../../../../../../../../../.."/>
                                <source reference="../../../exSynapseSet/org.simbrain.network.core.Synapse/source/parentGroup/neuronList/java.util.concurrent.CopyOnWriteArrayList/org.simbrain.network.core.Neuron[4]"/>
                                <target reference="../../../../../neuronList/java.util.concurrent.CopyOnWriteArrayList/org.simbrain.network.core.Neuron"/>
                                <learningRule class="org.simbrain.network.synapse_update_rules.StaticSynapseRule">
                                  <clipped>false</clipped>
                                </learningRule>
                                <spikeResponder class="org.simbrain.network.synapse_update_rules.spikeresponders.JumpAndDecay" reference="../../../exSynapseSet/org.simbrain.network.core.Synapse/spikeResponder"/>
                                <id>Synapse_17</id>
                                <strength>-9.7533897918008</strength>
                                <psr>6.279062749662061</psr>
                                <increment>1.0</increment>
                                <upperBound>10.0</upperBound>
                                <lowerBound>-10.0</lowerBound>
                                <delay>0</delay>
                                <parentGroup reference="../../.."/>
                                <enabled>true</enabled>
                                <frozen>false</frozen>
                              </org.simbrain.network.core.Synapse>
                              <org.simbrain.network.core.Synapse>
                                <parentNetwork reference="../../../../../../../../../../../../../../../.."/>
                                <source reference="../../../exSynapseSet/org.simbrain.network.core.Synapse/source/parentGroup/neuronList/java.util.concurrent.CopyOnWriteArrayList/org.simbrain.network.core.Neuron[4]"/>
                                <target reference="../../../../../neuronList/java.util.concurrent.CopyOnWriteArrayList/org.simbrain.network.core.Neuron[3]"/>
                                <learningRule class="org.simbrain.network.synapse_update_rules.StaticSynapseRule">
                                  <clipped>false</clipped>
                                </learningRule>
                                <spikeResponder class="org.simbrain.network.synapse_update_rules.spikeresponders.JumpAndDecay" reference="../../../exSynapseSet/org.simbrain.network.core.Synapse/spikeResponder"/>
                                <id>Synapse_19</id>
                                <strength>-5.572072780275193</strength>
                                <psr>3.5872035651075977</psr>
                                <increment>1.0</increment>
                                <upperBound>10.0</upperBound>
                                <lowerBound>-10.0</lowerBound>
                                <delay>0</delay>
                                <parentGroup reference="../../.."/>
                                <enabled>true</enabled>
                                <frozen>false</frozen>
                              </org.simbrain.network.core.Synapse>
                            </inSynapseSet>
                            <sourceNeuronGroup reference="../exSynapseSet/org.simbrain.network.core.Synapse/source/parentGroup"/>
                            <targetNeuronGroup reference="../../.."/>
                            <connectionManager class="org.simbrain.network.connections.AllToAll">
                              <selfConnectionAllowed>false</selfConnectionAllowed>
                            </connectionManager>
                            <excitatoryRatio>0.625</excitatoryRatio>
                            <excitatoryPrototype>
                              <learningRule class="org.simbrain.network.synapse_update_rules.StaticSynapseRule">
                                <clipped>false</clipped>
                              </learningRule>
                              <spikeResponder class="org.simbrain.network.synapse_update_rules.spikeresponders.JumpAndDecay" reference="../../exSynapseSet/org.simbrain.network.core.Synapse/spikeResponder"/>
                              <id></id>
                              <strength>0.0</strength>
                              <psr>0.0</psr>
                              <increment>1.0</increment>
                              <upperBound>10.0</upperBound>
                              <lowerBound>-10.0</lowerBound>
                              <delay>0</delay>
                              <enabled>true</enabled>
                              <frozen>false</frozen>
                            </excitatoryPrototype>
                            <inhibitoryPrototype>
                              <learningRule class="org.simbrain.network.synapse_update_rules.StaticSynapseRule">
                                <clipped>false</clipped>
                              </learningRule>
                              <spikeResponder class="org.simbrain.network.synapse_update_rules.spikeresponders.JumpAndDecay" reference="../../exSynapseSet/org.simbrain.network.core.Synapse/spikeResponder"/>
                              <id></id>
                              <strength>0.0</strength>
                              <psr>0.0</psr>
                              <increment>1.0</increment>
                              <upperBound>10.0</upperBound>
                              <lowerBound>-10.0</lowerBound>
                              <delay>0</delay>
                              <enabled>true</enabled>
                              <frozen>false</frozen>
                            </inhibitoryPrototype>
                            <exciteRand>
                              <pdf>UNIFORM</pdf>
                              <param1>0.0</param1>
                              <param2>1.0</param2>
                              <upperBound>1.0</upperBound>
                              <lowerBound>0.0</lowerBound>
                              <clipping>false</clipping>
                              <polarity>EXCITATORY</polarity>
                            </exciteRand>
                            <inhibRand>
                              <pdf>UNIFORM</pdf>
                              <param1>0.0</param1>
                              <param2>1.0</param2>
                              <upperBound>1.0</upperBound>
                              <lowerBound>0.0</lowerBound>
                              <clipping>false</clipping>
                              <polarity>INHIBITORY</polarity>
                            </inhibRand>
                            <displaySynapses>false</displaySynapses>
                            <recurrent>false</recurrent>
                            <inStatic>true</inStatic>
                            <exStatic>false</exStatic>
                            <useGroupLevelSettings>true</useGroupLevelSettings>
                          </org.simbrain.network.groups.SynapseGroup>
                          <org.simbrain.network.groups.SynapseGroup reference="../../../../../.."/>
                        </incomingSgs>
                        <outgoingSgs>
                          <org.simbrain.network.groups.SynapseGroup>
                            <parentNetwork reference="../../../../../../../../../../../../../.."/>
                            <label>Weights: Hidden layer (x(t)) → Output layer</label>
                            <stateInfo></stateInfo>
                            <markedForDeletion>false</markedForDeletion>
                            <parentGroup class="org.simbrain.network.subnetworks.SimpleRecurrentNetwork" reference="../../../../../../../../../../../.."/>
                            <exSynapseSet>
                              <org.simbrain.network.core.Synapse>
                                <parentNetwork reference="../../../../../../../../../../../../../../../.."/>
                                <source reference="../../../../../neuronList/java.util.concurrent.CopyOnWriteArrayList/org.simbrain.network.core.Neuron"/>
                                <target>
                                  <updateRule class="org.simbrain.network.neuron_update_rules.SigmoidalRule">
                                    <inputType>WEIGHTED</inputType>
                                    <increment>0.1</increment>
                                    <sFunction>LOGISTIC</sFunction>
                                    <bias>-5.696463255170472</bias>
                                    <slope>1.0</slope>
                                    <noiseGenerator>
                                      <pdf>UNIFORM</pdf>
                                      <param1>0.0</param1>
                                      <param2>1.0</param2>
                                      <upperBound>1.0</upperBound>
                                      <lowerBound>0.0</lowerBound>
                                      <clipping>false</clipping>
                                    </noiseGenerator>
                                    <addNoise>false</addNoise>
                                    <upperBound>1.0</upperBound>
                                    <lowerBound>0.0</lowerBound>
                                  </updateRule>
                                  <id>Neuron_10</id>
                                  <label></label>
                                  <activation>0.0</activation>
                                  <buffer>6.016714342970602E-4</buffer>
                                  <inputValue>0.0</inputValue>
                                  <parent reference="../../../../../../../../../../../../../../../../.."/>
                                  <generator>false</generator>
                                  <x>0.0</x>
                                  <y>-300.0</y>
                                  <z>0.0</z>
                                  <clamped>false</clamped>
                                  <targetValue>0.0</targetValue>
                                  <parentGroup class="org.simbrain.network.groups.NeuronGroup">
                                    <parentNetwork reference="../../../../../../../../../../../../../../../../../.."/>
                                    <label>Output layer</label>
                                    <stateInfo></stateInfo>
                                    <markedForDeletion>false</markedForDeletion>
                                    <parentGroup class="org.simbrain.network.subnetworks.SimpleRecurrentNetwork" reference="../../../../../../../../../../../../../../../.."/>
                                    <neuronList class="java.util.concurrent.CopyOnWriteArrayList" serialization="custom">
                                      <java.util.concurrent.CopyOnWriteArrayList>
                                        <default/>
                                        <int>1</int>
                                        <org.simbrain.network.core.Neuron reference="../../../.."/>
                                      </java.util.concurrent.CopyOnWriteArrayList>
                                    </neuronList>
                                    <layout class="org.simbrain.network.layouts.LineLayout">
                                      <orientation>HORIZONTAL</orientation>
                                      <spacing>50.0</spacing>
                                      <initialX>0.0</initialX>
                                      <initialY>0.0</initialY>
                                    </layout>
                                    <incomingSgs>
                                      <org.simbrain.network.groups.SynapseGroup reference="../../../../../.."/>
                                    </incomingSgs>
                                    <outgoingSgs/>
                                    <gridThreshold>10</gridThreshold>
                                    <betweenNeuronInterval>50</betweenNeuronInterval>
                                  </parentGroup>
                                  <updatePriority>0</updatePriority>
                                  <auxValue>0.0</auxValue>
                                </target>
                                <learningRule class="org.simbrain.network.synapse_update_rules.StaticSynapseRule">
                                  <clipped>false</clipped>
                                </learningRule>
                                <spikeResponder class="org.simbrain.network.synapse_update_rules.spikeresponders.JumpAndDecay" reference="../../../../../incomingSgs/org.simbrain.network.groups.SynapseGroup/exSynapseSet/org.simbrain.network.core.Synapse/spikeResponder"/>
                                <id>Synapse_21</id>
                                <strength>10.40327505518255</strength>
                                <psr>-7.887465907485048</psr>
                                <increment>1.0</increment>
                                <upperBound>10.0</upperBound>
                                <lowerBound>-10.0</lowerBound>
                                <delay>0</delay>
                                <parentGroup reference="../../.."/>
                                <enabled>true</enabled>
                                <frozen>false</frozen>
                              </org.simbrain.network.core.Synapse>
                            </exSynapseSet>
                            <inSynapseSet>
                              <org.simbrain.network.core.Synapse>
                                <parentNetwork reference="../../../../../../../../../../../../../../../.."/>
                                <source reference="../../../../../.."/>
                                <target reference="../../../exSynapseSet/org.simbrain.network.core.Synapse/target"/>
                                <learningRule class="org.simbrain.network.synapse_update_rules.StaticSynapseRule">
                                  <clipped>false</clipped>
                                </learningRule>
                                <spikeResponder class="org.simbrain.network.synapse_update_rules.spikeresponders.JumpAndDecay" reference="../../../../../incomingSgs/org.simbrain.network.groups.SynapseGroup/exSynapseSet/org.simbrain.network.core.Synapse/spikeResponder"/>
                                <id>Synapse_24</id>
                                <strength>-8.54050980719679</strength>
                                <psr>-6.832355574937234</psr>
                                <increment>1.0</increment>
                                <upperBound>10.0</upperBound>
                                <lowerBound>-10.0</lowerBound>
                                <delay>0</delay>
                                <parentGroup reference="../../.."/>
                                <enabled>true</enabled>
                                <frozen>false</frozen>
                              </org.simbrain.network.core.Synapse>
                              <org.simbrain.network.core.Synapse>
                                <parentNetwork reference="../../../../../../../../../../../../../../../.."/>
                                <source reference="../../../../../neuronList/java.util.concurrent.CopyOnWriteArrayList/org.simbrain.network.core.Neuron[3]"/>
                                <target reference="../../../exSynapseSet/org.simbrain.network.core.Synapse/target"/>
                                <learningRule class="org.simbrain.network.synapse_update_rules.StaticSynapseRule">
                                  <clipped>false</clipped>
                                </learningRule>
                                <spikeResponder class="org.simbrain.network.synapse_update_rules.spikeresponders.JumpAndDecay" reference="../../../../../incomingSgs/org.simbrain.network.groups.SynapseGroup/exSynapseSet/org.simbrain.network.core.Synapse/spikeResponder"/>
                                <id>Synapse_23</id>
                                <strength>-12.82960147383701</strength>
                                <psr>12.807230154134977</psr>
                                <increment>1.0</increment>
                                <upperBound>10.0</upperBound>
                                <lowerBound>-10.0</lowerBound>
                                <delay>0</delay>
                                <parentGroup reference="../../.."/>
                                <enabled>true</enabled>
                                <frozen>false</frozen>
                              </org.simbrain.network.core.Synapse>
                              <org.simbrain.network.core.Synapse>
                                <parentNetwork reference="../../../../../../../../../../../../../../../.."/>
                                <source reference="../../../../../neuronList/java.util.concurrent.CopyOnWriteArrayList/org.simbrain.network.core.Neuron[2]"/>
                                <target reference="../../../exSynapseSet/org.simbrain.network.core.Synapse/target"/>
                                <learningRule class="org.simbrain.network.synapse_update_rules.StaticSynapseRule">
                                  <clipped>false</clipped>
                                </learningRule>
                                <spikeResponder class="org.simbrain.network.synapse_update_rules.spikeresponders.JumpAndDecay" reference="../../../../../incomingSgs/org.simbrain.network.groups.SynapseGroup/exSynapseSet/org.simbrain.network.core.Synapse/spikeResponder"/>
                                <id>Synapse_22</id>
                                <strength>-0.1942578208359522</strength>
                                <psr>0.19385738411160397</psr>
                                <increment>1.0</increment>
                                <upperBound>10.0</upperBound>
                                <lowerBound>-10.0</lowerBound>
                                <delay>0</delay>
                                <parentGroup reference="../../.."/>
                                <enabled>true</enabled>
                                <frozen>false</frozen>
                              </org.simbrain.network.core.Synapse>
                            </inSynapseSet>
                            <sourceNeuronGroup reference="../../.."/>
                            <targetNeuronGroup reference="../exSynapseSet/org.simbrain.network.core.Synapse/target/parentGroup"/>
                            <connectionManager class="org.simbrain.network.connections.AllToAll">
                              <selfConnectionAllowed>false</selfConnectionAllowed>
                            </connectionManager>
                            <excitatoryRatio>0.25</excitatoryRatio>
                            <excitatoryPrototype>
                              <learningRule class="org.simbrain.network.synapse_update_rules.StaticSynapseRule">
                                <clipped>false</clipped>
                              </learningRule>
                              <spikeResponder class="org.simbrain.network.synapse_update_rules.spikeresponders.JumpAndDecay" reference="../../../../incomingSgs/org.simbrain.network.groups.SynapseGroup/exSynapseSet/org.simbrain.network.core.Synapse/spikeResponder"/>
                              <id></id>
                              <strength>0.0</strength>
                              <psr>0.0</psr>
                              <increment>1.0</increment>
                              <upperBound>10.0</upperBound>
                              <lowerBound>-10.0</lowerBound>
                              <delay>0</delay>
                              <enabled>true</enabled>
                              <frozen>false</frozen>
                            </excitatoryPrototype>
                            <inhibitoryPrototype>
                              <learningRule class="org.simbrain.network.synapse_update_rules.StaticSynapseRule">
                                <clipped>false</clipped>
                              </learningRule>
                              <spikeResponder class="org.simbrain.network.synapse_update_rules.spikeresponders.JumpAndDecay" reference="../../../../incomingSgs/org.simbrain.network.groups.SynapseGroup/exSynapseSet/org.simbrain.network.core.Synapse/spikeResponder"/>
                              <id></id>
                              <strength>0.0</strength>
                              <psr>0.0</psr>
                              <increment>1.0</increment>
                              <upperBound>10.0</upperBound>
                              <lowerBound>-10.0</lowerBound>
                              <delay>0</delay>
                              <enabled>true</enabled>
                              <frozen>false</frozen>
                            </inhibitoryPrototype>
                            <exciteRand reference="../../../incomingSgs/org.simbrain.network.groups.SynapseGroup/exciteRand"/>
                            <inhibRand reference="../../../incomingSgs/org.simbrain.network.groups.SynapseGroup/inhibRand"/>
                            <displaySynapses>false</displaySynapses>
                            <recurrent>false</recurrent>
                            <inStatic>true</inStatic>
                            <exStatic>false</exStatic>
                            <useGroupLevelSettings>true</useGroupLevelSettings>
                          </org.simbrain.network.groups.SynapseGroup>
                        </outgoingSgs>
                        <gridThreshold>10</gridThreshold>
                        <betweenNeuronInterval>50</betweenNeuronInterval>
                      </parentGroup>
                      <updatePriority>0</updatePriority>
                      <auxValue>0.0</auxValue>
                    </target>
                    <learningRule class="org.simbrain.network.synapse_update_rules.StaticSynapseRule">
                      <clipped>false</clipped>
                    </learningRule>
                    <spikeResponder class="org.simbrain.network.synapse_update_rules.spikeresponders.JumpAndDecay" reference="../target/parentGroup/incomingSgs/org.simbrain.network.groups.SynapseGroup/exSynapseSet/org.simbrain.network.core.Synapse/spikeResponder"/>
                    <id>Synapse_4</id>
                    <strength>12.851642812397417</strength>
                    <psr>12.851642812397417</psr>
                    <increment>1.0</increment>
                    <upperBound>10.0</upperBound>
                    <lowerBound>-10.0</lowerBound>
                    <delay>0</delay>
                    <parentGroup reference="../../.."/>
                    <enabled>true</enabled>
                    <frozen>false</frozen>
                  </org.simbrain.network.core.Synapse>
                  <org.simbrain.network.core.Synapse>
                    <parentNetwork reference="../../../../../../../../../.."/>
                    <source reference="../../../../../neuronList/java.util.concurrent.CopyOnWriteArrayList/org.simbrain.network.core.Neuron"/>
                    <target reference="../../org.simbrain.network.core.Synapse/target/parentGroup/neuronList/java.util.concurrent.CopyOnWriteArrayList/org.simbrain.network.core.Neuron"/>
                    <learningRule class="org.simbrain.network.synapse_update_rules.StaticSynapseRule">
                      <clipped>false</clipped>
                    </learningRule>
                    <spikeResponder class="org.simbrain.network.synapse_update_rules.spikeresponders.JumpAndDecay" reference="../../org.simbrain.network.core.Synapse/target/parentGroup/incomingSgs/org.simbrain.network.groups.SynapseGroup/exSynapseSet/org.simbrain.network.core.Synapse/spikeResponder"/>
                    <id>Synapse_1</id>
                    <strength>3.7711671154152513</strength>
                    <psr>3.7711671154152513</psr>
                    <increment>1.0</increment>
                    <upperBound>10.0</upperBound>
                    <lowerBound>-10.0</lowerBound>
                    <delay>0</delay>
                    <parentGroup reference="../../.."/>
                    <enabled>true</enabled>
                    <frozen>false</frozen>
                  </org.simbrain.network.core.Synapse>
                </exSynapseSet>
                <inSynapseSet>
                  <org.simbrain.network.core.Synapse>
                    <parentNetwork reference="../../../../../../../../../.."/>
                    <source reference="../../../../../neuronList/java.util.concurrent.CopyOnWriteArrayList/org.simbrain.network.core.Neuron"/>
                    <target reference="../../../exSynapseSet/org.simbrain.network.core.Synapse/target/parentGroup/neuronList/java.util.concurrent.CopyOnWriteArrayList/org.simbrain.network.core.Neuron[2]"/>
                    <learningRule class="org.simbrain.network.synapse_update_rules.StaticSynapseRule">
                      <clipped>false</clipped>
                    </learningRule>
                    <spikeResponder class="org.simbrain.network.synapse_update_rules.spikeresponders.JumpAndDecay" reference="../../../exSynapseSet/org.simbrain.network.core.Synapse/target/parentGroup/incomingSgs/org.simbrain.network.groups.SynapseGroup/exSynapseSet/org.simbrain.network.core.Synapse/spikeResponder"/>
                    <id>Synapse_2</id>
                    <strength>-9.57230937166348</strength>
                    <psr>-9.57230937166348</psr>
                    <increment>1.0</increment>
                    <upperBound>10.0</upperBound>
                    <lowerBound>-10.0</lowerBound>
                    <delay>0</delay>
                    <parentGroup reference="../../.."/>
                    <enabled>true</enabled>
                    <frozen>false</frozen>
                  </org.simbrain.network.core.Synapse>
                  <org.simbrain.network.core.Synapse>
                    <parentNetwork reference="../../../../../../../../../.."/>
                    <source reference="../../../../../neuronList/java.util.concurrent.CopyOnWriteArrayList/org.simbrain.network.core.Neuron"/>
                    <target reference="../../../exSynapseSet/org.simbrain.network.core.Synapse/target/parentGroup/neuronList/java.util.concurrent.CopyOnWriteArrayList/org.simbrain.network.core.Neuron[3]"/>
                    <learningRule class="org.simbrain.network.synapse_update_rules.StaticSynapseRule">
                      <clipped>false</clipped>
                    </learningRule>
                    <spikeResponder class="org.simbrain.network.synapse_update_rules.spikeresponders.JumpAndDecay" reference="../../../exSynapseSet/org.simbrain.network.core.Synapse/target/parentGroup/incomingSgs/org.simbrain.network.groups.SynapseGroup/exSynapseSet/org.simbrain.network.core.Synapse/spikeResponder"/>
                    <id>Synapse_3</id>
                    <strength>-3.442587329640446</strength>
                    <psr>-3.442587329640446</psr>
                    <increment>1.0</increment>
                    <upperBound>10.0</upperBound>
                    <lowerBound>-10.0</lowerBound>
                    <delay>0</delay>
                    <parentGroup reference="../../.."/>
                    <enabled>true</enabled>
                    <frozen>false</frozen>
                  </org.simbrain.network.core.Synapse>
                </inSynapseSet>
                <sourceNeuronGroup reference="../../.."/>
                <targetNeuronGroup reference="../exSynapseSet/org.simbrain.network.core.Synapse/target/parentGroup"/>
                <connectionManager class="org.simbrain.network.connections.AllToAll">
                  <selfConnectionAllowed>false</selfConnectionAllowed>
                </connectionManager>
                <excitatoryRatio>0.5</excitatoryRatio>
                <excitatoryPrototype>
                  <learningRule class="org.simbrain.network.synapse_update_rules.StaticSynapseRule">
                    <clipped>false</clipped>
                  </learningRule>
                  <spikeResponder class="org.simbrain.network.synapse_update_rules.spikeresponders.JumpAndDecay" reference="../../exSynapseSet/org.simbrain.network.core.Synapse/target/parentGroup/incomingSgs/org.simbrain.network.groups.SynapseGroup/exSynapseSet/org.simbrain.network.core.Synapse/spikeResponder"/>
                  <id></id>
                  <strength>0.0</strength>
                  <psr>0.0</psr>
                  <increment>1.0</increment>
                  <upperBound>10.0</upperBound>
                  <lowerBound>-10.0</lowerBound>
                  <delay>0</delay>
                  <enabled>true</enabled>
                  <frozen>false</frozen>
                </excitatoryPrototype>
                <inhibitoryPrototype>
                  <learningRule class="org.simbrain.network.synapse_update_rules.StaticSynapseRule">
                    <clipped>false</clipped>
                  </learningRule>
                  <spikeResponder class="org.simbrain.network.synapse_update_rules.spikeresponders.JumpAndDecay" reference="../../exSynapseSet/org.simbrain.network.core.Synapse/target/parentGroup/incomingSgs/org.simbrain.network.groups.SynapseGroup/exSynapseSet/org.simbrain.network.core.Synapse/spikeResponder"/>
                  <id></id>
                  <strength>0.0</strength>
                  <psr>0.0</psr>
                  <increment>1.0</increment>
                  <upperBound>10.0</upperBound>
                  <lowerBound>-10.0</lowerBound>
                  <delay>0</delay>
                  <enabled>true</enabled>
                  <frozen>false</frozen>
                </inhibitoryPrototype>
                <exciteRand reference="../exSynapseSet/org.simbrain.network.core.Synapse/target/parentGroup/incomingSgs/org.simbrain.network.groups.SynapseGroup/exciteRand"/>
                <inhibRand reference="../exSynapseSet/org.simbrain.network.core.Synapse/target/parentGroup/incomingSgs/org.simbrain.network.groups.SynapseGroup/inhibRand"/>
                <displaySynapses>false</displaySynapses>
                <recurrent>false</recurrent>
                <inStatic>true</inStatic>
                <exStatic>false</exStatic>
                <useGroupLevelSettings>true</useGroupLevelSettings>
              </org.simbrain.network.groups.SynapseGroup>
            </outgoingSgs>
            <gridThreshold>10</gridThreshold>
            <betweenNeuronInterval>50</betweenNeuronInterval>
          </org.simbrain.network.groups.NeuronGroup>
          <org.simbrain.network.groups.NeuronGroup reference="../org.simbrain.network.groups.NeuronGroup/outgoingSgs/org.simbrain.network.groups.SynapseGroup/exSynapseSet/org.simbrain.network.core.Synapse/target/parentGroup"/>
          <org.simbrain.network.groups.NeuronGroup reference="../org.simbrain.network.groups.NeuronGroup/outgoingSgs/org.simbrain.network.groups.SynapseGroup/exSynapseSet/org.simbrain.network.core.Synapse/target/parentGroup/incomingSgs/org.simbrain.network.groups.SynapseGroup/exSynapseSet/org.simbrain.network.core.Synapse/source/parentGroup"/>
          <org.simbrain.network.groups.NeuronGroup reference="../org.simbrain.network.groups.NeuronGroup/outgoingSgs/org.simbrain.network.groups.SynapseGroup/exSynapseSet/org.simbrain.network.core.Synapse/target/parentGroup/outgoingSgs/org.simbrain.network.groups.SynapseGroup/exSynapseSet/org.simbrain.network.core.Synapse/target/parentGroup"/>
        </java.util.concurrent.CopyOnWriteArrayList>
      </neuronGroupList>
      <synapseGroupList class="java.util.concurrent.CopyOnWriteArrayList" serialization="custom">
        <java.util.concurrent.CopyOnWriteArrayList>
          <default/>
          <int>3</int>
          <org.simbrain.network.groups.SynapseGroup reference="../../../neuronGroupList/java.util.concurrent.CopyOnWriteArrayList/org.simbrain.network.groups.NeuronGroup/outgoingSgs/org.simbrain.network.groups.SynapseGroup"/>
          <org.simbrain.network.groups.SynapseGroup reference="../../../neuronGroupList/java.util.concurrent.CopyOnWriteArrayList/org.simbrain.network.groups.NeuronGroup/outgoingSgs/org.simbrain.network.groups.SynapseGroup/exSynapseSet/org.simbrain.network.core.Synapse/target/parentGroup/incomingSgs/org.simbrain.network.groups.SynapseGroup"/>
          <org.simbrain.network.groups.SynapseGroup reference="../../../neuronGroupList/java.util.concurrent.CopyOnWriteArrayList/org.simbrain.network.groups.NeuronGroup/outgoingSgs/org.simbrain.network.groups.SynapseGroup/exSynapseSet/org.simbrain.network.core.Synapse/target/parentGroup/outgoingSgs/org.simbrain.network.groups.SynapseGroup"/>
        </java.util.concurrent.CopyOnWriteArrayList>
      </synapseGroupList>
      <displayNeuronGroups>true</displayNeuronGroups>
      <numMembers>34</numMembers>
      <contextLayer reference="../neuronGroupList/java.util.concurrent.CopyOnWriteArrayList/org.simbrain.network.groups.NeuronGroup/outgoingSgs/org.simbrain.network.groups.SynapseGroup/exSynapseSet/org.simbrain.network.core.Synapse/target/parentGroup/incomingSgs/org.simbrain.network.groups.SynapseGroup/exSynapseSet/org.simbrain.network.core.Synapse/source/parentGroup"/>
      <inputLayer reference="../neuronGroupList/java.util.concurrent.CopyOnWriteArrayList/org.simbrain.network.groups.NeuronGroup"/>
      <hiddenLayer reference="../neuronGroupList/java.util.concurrent.CopyOnWriteArrayList/org.simbrain.network.groups.NeuronGroup/outgoingSgs/org.simbrain.network.groups.SynapseGroup/exSynapseSet/org.simbrain.network.core.Synapse/target/parentGroup"/>
      <outputLayer reference="../neuronGroupList/java.util.concurrent.CopyOnWriteArrayList/org.simbrain.network.groups.NeuronGroup/outgoingSgs/org.simbrain.network.groups.SynapseGroup/exSynapseSet/org.simbrain.network.core.Synapse/target/parentGroup/outgoingSgs/org.simbrain.network.groups.SynapseGroup/exSynapseSet/org.simbrain.network.core.Synapse/target/parentGroup"/>
      <betweenLayerInterval>150</betweenLayerInterval>
      <trainingSet>
        <inputData>
          <double-array>
            <double>0.0</double>
          </double-array>
          <double-array>
            <double>0.0</double>
          </double-array>
          <double-array>
            <double>0.0</double>
          </double-array>
          <double-array>
            <double>1.0</double>
          </double-array>
          <double-array>
            <double>1.0</double>
          </double-array>
          <double-array>
            <double>1.0</double>
          </double-array>
          <double-array>
            <double>1.0</double>
          </double-array>
          <double-array>
            <double>0.0</double>
          </double-array>
          <double-array>
            <double>0.0</double>
          </double-array>
          <double-array>
            <double>0.0</double>
          </double-array>
          <double-array>
            <double>0.0</double>
          </double-array>
          <double-array>
            <double>0.0</double>
          </double-array>
          <double-array>
            <double>0.0</double>
          </double-array>
          <double-array>
            <double>1.0</double>
          </double-array>
          <double-array>
            <double>0.0</double>
          </double-array>
          <double-array>
            <double>0.0</double>
          </double-array>
          <double-array>
            <double>1.0</double>
          </double-array>
          <double-array>
            <double>1.0</double>
          </double-array>
          <double-array>
            <double>0.0</double>
          </double-array>
          <double-array>
            <double>0.0</double>
          </double-array>
        </inputData>
        <targetData>
          <double-array>
            <double>0.0</double>
          </double-array>
          <double-array>
            <double>0.0</double>
          </double-array>
          <double-array>
            <double>0.0</double>
          </double-array>
          <double-array>
            <double>1.0</double>
          </double-array>
          <double-array>
            <double>0.0</double>
          </double-array>
          <double-array>
            <double>0.0</double>
          </double-array>
          <double-array>
            <double>0.0</double>
          </double-array>
          <double-array>
            <double>1.0</double>
          </double-array>
          <double-array>
            <double>0.0</double>
          </double-array>
          <double-array>
            <double>0.0</double>
          </double-array>
          <double-array>
            <double>0.0</double>
          </double-array>
          <double-array>
            <double>0.0</double>
          </double-array>
          <double-array>
            <double>0.0</double>
          </double-array>
          <double-array>
            <double>1.0</double>
          </double-array>
          <double-array>
            <double>1.0</double>
          </double-array>
          <double-array>
            <double>0.0</double>
          </double-array>
          <double-array>
            <double>1.0</double>
          </double-array>
          <double-array>
            <double>0.0</double>
          </double-array>
          <double-array>
            <double>1.0</double>
          </double-array>
          <double-array>
            <double>0.0</double>
          </double-array>
        </targetData>
        <percentValidation>0.25</percentValidation>
      </trainingSet>
    </org.simbrain.network.subnetworks.SimpleRecurrentNetwork>
  </groupList>
  <textList/>
  <updateManager>
    <actionList class="java.util.concurrent.CopyOnWriteArrayList" serialization="custom">
      <java.util.concurrent.CopyOnWriteArrayList>
        <default/>
        <int>2</int>
        <org.simbrain.network.update__actions.BufferedUpdate>
          <network reference="../../../../.."/>
        </org.simbrain.network.update__actions.BufferedUpdate>
        <org.simbrain.network.update__actions.UpdateGroup>
          <group class="org.simbrain.network.subnetworks.SimpleRecurrentNetwork" reference="../../../../../groupList/org.simbrain.network.subnetworks.SimpleRecurrentNetwork"/>
        </org.simbrain.network.update__actions.UpdateGroup>
      </java.util.concurrent.CopyOnWriteArrayList>
    </actionList>
    <network reference="../.."/>
  </updateManager>
  <time>0.0</time>
  <timeStep>0.1</timeStep>
  <timeType>DISCRETE</timeType>
  <prioritySortedNeuronList/>
  <priorityComparator>
    <outer-class reference="../.."/>
  </priorityComparator>
  <neuronIdGenerator>
    <rootName>Neuron</rootName>
    <index>11</index>
  </neuronIdGenerator>
  <synapseIdGenerator>
    <rootName>Synapse</rootName>
    <index>25</index>
  </synapseIdGenerator>
  <groupIdGenerator>
    <rootName>Group</rootName>
    <index>2</index>
  </groupIdGenerator>
</org.simbrain.network.core.Network>