<org.simbrain.network.interfaces.RootNetwork>
  <groupList/>
  <timeType>0</timeType>
  <time>18323.0</time>
  <timeStep>0.01</timeStep>
  <clampWeights>false</clampWeights>
  <clampNeurons>false</clampNeurons>
  <usingTabs>true</usingTabs>
  <updateMethod>BUFFERED</updateMethod>
  <updatePriorities class="tree-set">
    <no-comparator/>
    <int>0</int>
  </updatePriorities>
  <networkIdGenerator>
    <rootName>Network</rootName>
    <index>1</index>
  </networkIdGenerator>
  <neuronIdGenerator>
    <rootName>Neuron</rootName>
    <index>14</index>
  </neuronIdGenerator>
  <synapseIdGenerator>
    <rootName>Synapse</rootName>
    <index>28</index>
  </synapseIdGenerator>
  <rootNetwork reference=".."/>
  <id>Root-network</id>
  <neuronList>
    <org.simbrain.network.neurons.LinearNeuron>
      <slope>0.5</slope>
      <bias>0.0</bias>
      <noiseGenerator>
        <distributionIndex>0</distributionIndex>
        <upperBound>1.0</upperBound>
        <lowerBound>-1.0</lowerBound>
        <mean>0.5</mean>
        <standardDeviation>0.5</standardDeviation>
        <clipping>true</clipping>
        <randomGenerator serialization="custom">
          <java.util.Random>
            <default>
              <seed>17060349009411</seed>
              <nextNextGaussian>0.0</nextNextGaussian>
              <haveNextNextGaussian>false</haveNextNextGaussian>
            </default>
          </java.util.Random>
        </randomGenerator>
      </noiseGenerator>
      <addNoise>false</addNoise>
      <clipping>true</clipping>
      <id>Neuron_1</id>
      <label>Left</label>
      <activation>0.0</activation>
      <lowerBound>0.0</lowerBound>
      <upperBound>100.0</upperBound>
      <increment>0.1</increment>
      <buffer>0.0</buffer>
      <inputValue>0.0</inputValue>
      <parent class="org.simbrain.network.interfaces.RootNetwork" reference="../../.."/>
      <x>85.3547648359065</x>
      <y>178.2174807185319</y>
      <clamped>false</clamped>
      <targetValue>0.0</targetValue>
      <updatePriority>0</updatePriority>
    </org.simbrain.network.neurons.LinearNeuron>
    <org.simbrain.network.neurons.LinearNeuron>
      <slope>0.5</slope>
      <bias>0.0</bias>
      <noiseGenerator>
        <distributionIndex>0</distributionIndex>
        <upperBound>1.0</upperBound>
        <lowerBound>-1.0</lowerBound>
        <mean>0.5</mean>
        <standardDeviation>0.5</standardDeviation>
        <clipping>true</clipping>
        <randomGenerator serialization="custom">
          <java.util.Random>
            <default>
              <seed>17076116701149</seed>
              <nextNextGaussian>0.0</nextNextGaussian>
              <haveNextNextGaussian>false</haveNextNextGaussian>
            </default>
          </java.util.Random>
        </randomGenerator>
      </noiseGenerator>
      <addNoise>false</addNoise>
      <clipping>true</clipping>
      <id>Neuron_3</id>
      <label>Right</label>
      <activation>0.0</activation>
      <lowerBound>0.0</lowerBound>
      <upperBound>100.0</upperBound>
      <increment>0.1</increment>
      <buffer>0.0</buffer>
      <inputValue>0.0</inputValue>
      <parent class="org.simbrain.network.interfaces.RootNetwork" reference="../../.."/>
      <x>206.3521977574948</x>
      <y>178.2174807185319</y>
      <clamped>false</clamped>
      <targetValue>0.0</targetValue>
      <updatePriority>0</updatePriority>
    </org.simbrain.network.neurons.LinearNeuron>
    <org.simbrain.network.neurons.LinearNeuron>
      <slope>1.0</slope>
      <bias>0.0</bias>
      <noiseGenerator>
        <distributionIndex>0</distributionIndex>
        <upperBound>1.0</upperBound>
        <lowerBound>-1.0</lowerBound>
        <mean>0.5</mean>
        <standardDeviation>0.5</standardDeviation>
        <clipping>true</clipping>
        <randomGenerator serialization="custom">
          <java.util.Random>
            <default>
              <seed>17068250140676</seed>
              <nextNextGaussian>0.0</nextNextGaussian>
              <haveNextNextGaussian>false</haveNextNextGaussian>
            </default>
          </java.util.Random>
        </randomGenerator>
      </noiseGenerator>
      <addNoise>false</addNoise>
      <clipping>true</clipping>
      <id>Neuron_4</id>
      <label>Blonde-Left</label>
      <activation>0.0</activation>
      <lowerBound>-1.0</lowerBound>
      <upperBound>100.0</upperBound>
      <increment>0.1</increment>
      <buffer>0.0</buffer>
      <inputValue>0.0</inputValue>
      <parent class="org.simbrain.network.interfaces.RootNetwork" reference="../../.."/>
      <x>-7.808729837114035</x>
      <y>331.35086186655167</y>
      <clamped>false</clamped>
      <targetValue>0.0</targetValue>
      <updatePriority>0</updatePriority>
    </org.simbrain.network.neurons.LinearNeuron>
    <org.simbrain.network.neurons.LinearNeuron>
      <slope>1.0</slope>
      <bias>0.0</bias>
      <noiseGenerator>
        <distributionIndex>0</distributionIndex>
        <upperBound>1.0</upperBound>
        <lowerBound>-1.0</lowerBound>
        <mean>0.5</mean>
        <standardDeviation>0.5</standardDeviation>
        <clipping>true</clipping>
        <randomGenerator serialization="custom">
          <java.util.Random>
            <default>
              <seed>17069156448719</seed>
              <nextNextGaussian>0.0</nextNextGaussian>
              <haveNextNextGaussian>false</haveNextNextGaussian>
            </default>
          </java.util.Random>
        </randomGenerator>
      </noiseGenerator>
      <addNoise>false</addNoise>
      <clipping>true</clipping>
      <id>Neuron_5</id>
      <label>Blonde-Right</label>
      <activation>0.0</activation>
      <lowerBound>-1.0</lowerBound>
      <upperBound>100.0</upperBound>
      <increment>0.1</increment>
      <buffer>0.0</buffer>
      <inputValue>0.0</inputValue>
      <parent class="org.simbrain.network.interfaces.RootNetwork" reference="../../.."/>
      <x>68.29484689633104</x>
      <y>331.35086186655167</y>
      <clamped>false</clamped>
      <targetValue>0.0</targetValue>
      <updatePriority>0</updatePriority>
    </org.simbrain.network.neurons.LinearNeuron>
    <org.simbrain.network.neurons.LinearNeuron>
      <slope>1.0</slope>
      <bias>0.0</bias>
      <noiseGenerator>
        <distributionIndex>0</distributionIndex>
        <upperBound>1.0</upperBound>
        <lowerBound>-1.0</lowerBound>
        <mean>0.5</mean>
        <standardDeviation>0.5</standardDeviation>
        <clipping>true</clipping>
        <randomGenerator serialization="custom">
          <java.util.Random>
            <default>
              <seed>195925102509619</seed>
              <nextNextGaussian>0.0</nextNextGaussian>
              <haveNextNextGaussian>false</haveNextNextGaussian>
            </default>
          </java.util.Random>
        </randomGenerator>
      </noiseGenerator>
      <addNoise>false</addNoise>
      <clipping>true</clipping>
      <id>Neuron_7</id>
      <label>Brunette-Left</label>
      <activation>0.0</activation>
      <lowerBound>-1.0</lowerBound>
      <upperBound>100.0</upperBound>
      <increment>0.1</increment>
      <buffer>21.833333333333332</buffer>
      <inputValue>0.0</inputValue>
      <parent class="org.simbrain.network.interfaces.RootNetwork" reference="../../.."/>
      <x>249.72813237761605</x>
      <y>331.35086186655167</y>
      <clamped>false</clamped>
      <targetValue>0.0</targetValue>
      <updatePriority>0</updatePriority>
    </org.simbrain.network.neurons.LinearNeuron>
    <org.simbrain.network.neurons.LinearNeuron>
      <slope>1.0</slope>
      <bias>0.0</bias>
      <noiseGenerator>
        <distributionIndex>0</distributionIndex>
        <upperBound>1.0</upperBound>
        <lowerBound>-1.0</lowerBound>
        <mean>0.5</mean>
        <standardDeviation>0.5</standardDeviation>
        <clipping>true</clipping>
        <randomGenerator serialization="custom">
          <java.util.Random>
            <default>
              <seed>195924986139330</seed>
              <nextNextGaussian>0.0</nextNextGaussian>
              <haveNextNextGaussian>false</haveNextNextGaussian>
            </default>
          </java.util.Random>
        </randomGenerator>
      </noiseGenerator>
      <addNoise>false</addNoise>
      <clipping>true</clipping>
      <id>Neuron_8</id>
      <label>Brunette-Right</label>
      <activation>0.0</activation>
      <lowerBound>-1.0</lowerBound>
      <upperBound>100.0</upperBound>
      <increment>0.1</increment>
      <buffer>21.833333333333332</buffer>
      <inputValue>0.0</inputValue>
      <parent class="org.simbrain.network.interfaces.RootNetwork" reference="../../.."/>
      <x>350.6592324573456</x>
      <y>331.35086186655167</y>
      <clamped>false</clamped>
      <targetValue>0.0</targetValue>
      <updatePriority>0</updatePriority>
    </org.simbrain.network.neurons.LinearNeuron>
    <org.simbrain.network.neurons.LinearNeuron>
      <slope>1.0</slope>
      <bias>1.0</bias>
      <noiseGenerator>
        <distributionIndex>0</distributionIndex>
        <upperBound>1.0</upperBound>
        <lowerBound>-1.0</lowerBound>
        <mean>0.5</mean>
        <standardDeviation>0.5</standardDeviation>
        <clipping>true</clipping>
        <randomGenerator serialization="custom">
          <java.util.Random>
            <default>
              <seed>275781177548228</seed>
              <nextNextGaussian>0.0</nextNextGaussian>
              <haveNextNextGaussian>false</haveNextNextGaussian>
            </default>
          </java.util.Random>
        </randomGenerator>
      </noiseGenerator>
      <addNoise>false</addNoise>
      <clipping>true</clipping>
      <id>Neuron_13</id>
      <label>Straight</label>
      <activation>1.0</activation>
      <lowerBound>-10.0</lowerBound>
      <upperBound>10.0</upperBound>
      <increment>0.1</increment>
      <buffer>1.0</buffer>
      <inputValue>0.0</inputValue>
      <parent class="org.simbrain.network.interfaces.RootNetwork" reference="../../.."/>
      <x>147.17523471208992</x>
      <y>178.62528215439536</y>
      <clamped>false</clamped>
      <targetValue>0.0</targetValue>
      <updatePriority>0</updatePriority>
    </org.simbrain.network.neurons.LinearNeuron>
  </neuronList>
  <synapseList>
    <org.simbrain.network.synapses.ClampedSynapse>
      <clipped>false</clipped>
      <source class="org.simbrain.network.neurons.LinearNeuron" reference="../../../neuronList/org.simbrain.network.neurons.LinearNeuron[5]"/>
      <target class="org.simbrain.network.neurons.LinearNeuron" reference="../../../neuronList/org.simbrain.network.neurons.LinearNeuron"/>
      <id>Synapse_15</id>
      <parentNetwork class="org.simbrain.network.interfaces.RootNetwork" reference="../../.."/>
      <strength>1.0</strength>
      <increment>1.0</increment>
      <upperBound>10.0</upperBound>
      <lowerBound>-10.0</lowerBound>
      <delay>0</delay>
      <sendWeightedInput>true</sendWeightedInput>
    </org.simbrain.network.synapses.ClampedSynapse>
    <org.simbrain.network.synapses.ClampedSynapse>
      <clipped>false</clipped>
      <source class="org.simbrain.network.neurons.LinearNeuron" reference="../../../neuronList/org.simbrain.network.neurons.LinearNeuron[5]"/>
      <target class="org.simbrain.network.neurons.LinearNeuron" reference="../../../neuronList/org.simbrain.network.neurons.LinearNeuron[2]"/>
      <id>Synapse_16</id>
      <parentNetwork class="org.simbrain.network.interfaces.RootNetwork" reference="../../.."/>
      <strength>-1.0</strength>
      <increment>1.0</increment>
      <upperBound>10.0</upperBound>
      <lowerBound>-10.0</lowerBound>
      <delay>0</delay>
      <sendWeightedInput>true</sendWeightedInput>
    </org.simbrain.network.synapses.ClampedSynapse>
    <org.simbrain.network.synapses.ClampedSynapse>
      <clipped>false</clipped>
      <source class="org.simbrain.network.neurons.LinearNeuron" reference="../../../neuronList/org.simbrain.network.neurons.LinearNeuron[6]"/>
      <target class="org.simbrain.network.neurons.LinearNeuron" reference="../../../neuronList/org.simbrain.network.neurons.LinearNeuron[2]"/>
      <id>Synapse_17</id>
      <parentNetwork class="org.simbrain.network.interfaces.RootNetwork" reference="../../.."/>
      <strength>1.0</strength>
      <increment>1.0</increment>
      <upperBound>10.0</upperBound>
      <lowerBound>-10.0</lowerBound>
      <delay>0</delay>
      <sendWeightedInput>true</sendWeightedInput>
    </org.simbrain.network.synapses.ClampedSynapse>
    <org.simbrain.network.synapses.ClampedSynapse>
      <clipped>false</clipped>
      <source class="org.simbrain.network.neurons.LinearNeuron" reference="../../../neuronList/org.simbrain.network.neurons.LinearNeuron[6]"/>
      <target class="org.simbrain.network.neurons.LinearNeuron" reference="../../../neuronList/org.simbrain.network.neurons.LinearNeuron"/>
      <id>Synapse_18</id>
      <parentNetwork class="org.simbrain.network.interfaces.RootNetwork" reference="../../.."/>
      <strength>-1.0</strength>
      <increment>1.0</increment>
      <upperBound>10.0</upperBound>
      <lowerBound>-10.0</lowerBound>
      <delay>0</delay>
      <sendWeightedInput>true</sendWeightedInput>
    </org.simbrain.network.synapses.ClampedSynapse>
  </synapseList>
  <networkList/>
  <timeStep defined-in="org.simbrain.network.interfaces.Network">0.2</timeStep>
  <roundOffActivationValues>false</roundOffActivationValues>
  <precision>0</precision>
  <updatePriority>0</updatePriority>
</org.simbrain.network.interfaces.RootNetwork>