<org.simbrain.world.odorworld.OdorWorld>
  <entityList>
    <org.simbrain.world.odorworld.entities.RotatingEntity>
      <heading>294.80714285714225</heading>
      <manualMotionTurnIncrement>4.0</manualMotionTurnIncrement>
      <manualStraightMovementIncrement>4.0</manualStraightMovementIncrement>
      <entityType>Arnold</entityType>
      <animation>
        <imageNames>
          <string>rotating/arno/se0000.png</string>
          <string>rotating/arno/se0001.png</string>
          <string>rotating/arno/se0002.png</string>
          <string>rotating/arno/se0003.png</string>
          <string>rotating/arno/se0004.png</string>
          <string>rotating/arno/se0005.png</string>
          <string>rotating/arno/se0006.png</string>
          <string>rotating/arno/se0007.png</string>
        </imageNames>
        <animTime>116</animTime>
        <totalDuration>853</totalDuration>
      </animation>
      <name>RotatingEntity-1</name>
      <x>126.0</x>
      <y>152.0</y>
      <dx>0.05</dx>
      <dy>0.05</dy>
      <parentWorld reference="../../.."/>
      <sensors>
        <org.simbrain.world.odorworld.sensors.SmellSensor>
          <DEFAULT__RADIUS>23.0</DEFAULT__RADIUS>
          <theta>0.39269908169872414</theta>
          <radius>50.0</radius>
          <parent class="org.simbrain.world.odorworld.entities.RotatingEntity" reference="../../.."/>
          <currentValue>
            <double>0.0</double>
            <double>21.833333333333332</double>
            <double>0.0</double>
            <double>0.0</double>
            <double>0.0</double>
          </currentValue>
          <name>Left</name>
        </org.simbrain.world.odorworld.sensors.SmellSensor>
        <org.simbrain.world.odorworld.sensors.SmellSensor>
          <DEFAULT__RADIUS>23.0</DEFAULT__RADIUS>
          <theta>0.0</theta>
          <radius>0.0</radius>
          <parent class="org.simbrain.world.odorworld.entities.RotatingEntity" reference="../../.."/>
          <currentValue>
            <double>0.0</double>
            <double>16.666666666666664</double>
            <double>0.0</double>
            <double>0.0</double>
            <double>0.0</double>
          </currentValue>
          <name>Center</name>
        </org.simbrain.world.odorworld.sensors.SmellSensor>
        <org.simbrain.world.odorworld.sensors.SmellSensor>
          <DEFAULT__RADIUS>23.0</DEFAULT__RADIUS>
          <theta>-0.39269908169872414</theta>
          <radius>50.0</radius>
          <parent class="org.simbrain.world.odorworld.entities.RotatingEntity" reference="../../.."/>
          <currentValue>
            <double>0.0</double>
            <double>21.833333333333332</double>
            <double>0.0</double>
            <double>0.0</double>
            <double>0.0</double>
          </currentValue>
          <name>Right</name>
        </org.simbrain.world.odorworld.sensors.SmellSensor>
      </sensors>
      <effectors>
        <org.simbrain.world.odorworld.effectors.RotationEffector>
          <parentObject reference="../../.."/>
          <turnAmount>0.0</turnAmount>
          <scaleFactor>-1.0</scaleFactor>
        </org.simbrain.world.odorworld.effectors.RotationEffector>
        <org.simbrain.world.odorworld.effectors.StraightMovementEffector>
          <movementAmount>10.0</movementAmount>
          <scaleFactor>0.1</scaleFactor>
          <parentObject reference="../../.."/>
          <currentValue>1.0</currentValue>
        </org.simbrain.world.odorworld.effectors.StraightMovementEffector>
        <org.simbrain.world.odorworld.effectors.RotationEffector>
          <parentObject reference="../../.."/>
          <turnAmount>0.0</turnAmount>
          <scaleFactor>1.0</scaleFactor>
        </org.simbrain.world.odorworld.effectors.RotationEffector>
        <org.simbrain.world.odorworld.effectors.StraightMovementEffector>
          <movementAmount>10.0</movementAmount>
          <scaleFactor>0.1</scaleFactor>
          <parentObject reference="../../.."/>
          <currentValue>0.0</currentValue>
        </org.simbrain.world.odorworld.effectors.StraightMovementEffector>
        <org.simbrain.world.odorworld.effectors.RotationEffector>
          <parentObject reference="../../.."/>
          <turnAmount>0.0</turnAmount>
          <scaleFactor>1.0</scaleFactor>
        </org.simbrain.world.odorworld.effectors.RotationEffector>
        <org.simbrain.world.odorworld.effectors.StraightMovementEffector>
          <movementAmount>10.0</movementAmount>
          <scaleFactor>0.1</scaleFactor>
          <parentObject reference="../../.."/>
          <currentValue>0.0</currentValue>
        </org.simbrain.world.odorworld.effectors.StraightMovementEffector>
        <org.simbrain.world.odorworld.effectors.RotationEffector>
          <parentObject reference="../../.."/>
          <turnAmount>0.0</turnAmount>
          <scaleFactor>1.0</scaleFactor>
        </org.simbrain.world.odorworld.effectors.RotationEffector>
        <org.simbrain.world.odorworld.effectors.StraightMovementEffector>
          <movementAmount>10.0</movementAmount>
          <scaleFactor>0.1</scaleFactor>
          <parentObject reference="../../.."/>
          <currentValue>0.0</currentValue>
        </org.simbrain.world.odorworld.effectors.StraightMovementEffector>
      </effectors>
      <behavior class="org.simbrain.world.odorworld.behaviors.StationaryBehavior"/>
      <collision>true</collision>
      <sensorsEnabled>true</sensorsEnabled>
      <effectorsEnabled>true</effectorsEnabled>
      <showSensors>true</showSensors>
    </org.simbrain.world.odorworld.entities.RotatingEntity>
    <org.simbrain.world.odorworld.entities.RotatingEntity>
      <heading>0.0</heading>
      <manualMotionTurnIncrement>4.0</manualMotionTurnIncrement>
      <manualStraightMovementIncrement>4.0</manualStraightMovementIncrement>
      <entityType>Amy</entityType>
      <animation>
        <imageNames>
          <string>rotating/amy/e0001.png</string>
          <string>rotating/amy/e0002.png</string>
          <string>rotating/amy/e0003.png</string>
          <string>rotating/amy/e0004.png</string>
          <string>rotating/amy/e0005.png</string>
          <string>rotating/amy/e0006.png</string>
          <string>rotating/amy/e0007.png</string>
        </imageNames>
        <animTime>107</animTime>
        <totalDuration>851</totalDuration>
      </animation>
      <name>RotatingEntity-2</name>
      <x>222.0</x>
      <y>288.0</y>
      <dx>0.05</dx>
      <dy>0.05</dy>
      <parentWorld reference="../../.."/>
      <sensors>
        <org.simbrain.world.odorworld.sensors.SmellSensor>
          <DEFAULT__RADIUS>23.0</DEFAULT__RADIUS>
          <theta>0.39269908169872414</theta>
          <radius>50.0</radius>
          <parent class="org.simbrain.world.odorworld.entities.RotatingEntity" reference="../../.."/>
          <currentValue>
            <double>0.0</double>
            <double>0.0</double>
            <double>0.0</double>
            <double>0.0</double>
            <double>0.0</double>
          </currentValue>
          <name>Left</name>
        </org.simbrain.world.odorworld.sensors.SmellSensor>
        <org.simbrain.world.odorworld.sensors.SmellSensor>
          <DEFAULT__RADIUS>23.0</DEFAULT__RADIUS>
          <theta>0.0</theta>
          <radius>0.0</radius>
          <parent class="org.simbrain.world.odorworld.entities.RotatingEntity" reference="../../.."/>
          <currentValue>
            <double>0.0</double>
            <double>0.0</double>
            <double>0.0</double>
            <double>0.0</double>
            <double>0.0</double>
          </currentValue>
          <name>Center</name>
        </org.simbrain.world.odorworld.sensors.SmellSensor>
        <org.simbrain.world.odorworld.sensors.SmellSensor>
          <DEFAULT__RADIUS>23.0</DEFAULT__RADIUS>
          <theta>-0.39269908169872414</theta>
          <radius>50.0</radius>
          <parent class="org.simbrain.world.odorworld.entities.RotatingEntity" reference="../../.."/>
          <currentValue>
            <double>0.0</double>
            <double>0.0</double>
            <double>0.0</double>
            <double>0.0</double>
            <double>0.0</double>
          </currentValue>
          <name>Right</name>
        </org.simbrain.world.odorworld.sensors.SmellSensor>
      </sensors>
      <effectors>
        <org.simbrain.world.odorworld.effectors.RotationEffector>
          <parentObject reference="../../.."/>
          <turnAmount>0.0</turnAmount>
          <scaleFactor>1.0</scaleFactor>
        </org.simbrain.world.odorworld.effectors.RotationEffector>
        <org.simbrain.world.odorworld.effectors.StraightMovementEffector>
          <movementAmount>10.0</movementAmount>
          <scaleFactor>0.1</scaleFactor>
          <parentObject reference="../../.."/>
          <currentValue>0.0</currentValue>
        </org.simbrain.world.odorworld.effectors.StraightMovementEffector>
        <org.simbrain.world.odorworld.effectors.RotationEffector>
          <parentObject reference="../../.."/>
          <turnAmount>0.0</turnAmount>
          <scaleFactor>1.0</scaleFactor>
        </org.simbrain.world.odorworld.effectors.RotationEffector>
        <org.simbrain.world.odorworld.effectors.StraightMovementEffector>
          <movementAmount>10.0</movementAmount>
          <scaleFactor>0.1</scaleFactor>
          <parentObject reference="../../.."/>
          <currentValue>0.0</currentValue>
        </org.simbrain.world.odorworld.effectors.StraightMovementEffector>
        <org.simbrain.world.odorworld.effectors.RotationEffector>
          <parentObject reference="../../.."/>
          <turnAmount>0.0</turnAmount>
          <scaleFactor>1.0</scaleFactor>
        </org.simbrain.world.odorworld.effectors.RotationEffector>
        <org.simbrain.world.odorworld.effectors.StraightMovementEffector>
          <movementAmount>10.0</movementAmount>
          <scaleFactor>0.1</scaleFactor>
          <parentObject reference="../../.."/>
          <currentValue>0.0</currentValue>
        </org.simbrain.world.odorworld.effectors.StraightMovementEffector>
        <org.simbrain.world.odorworld.effectors.RotationEffector>
          <parentObject reference="../../.."/>
          <turnAmount>0.0</turnAmount>
          <scaleFactor>1.0</scaleFactor>
        </org.simbrain.world.odorworld.effectors.RotationEffector>
        <org.simbrain.world.odorworld.effectors.StraightMovementEffector>
          <movementAmount>10.0</movementAmount>
          <scaleFactor>0.1</scaleFactor>
          <parentObject reference="../../.."/>
          <currentValue>0.0</currentValue>
        </org.simbrain.world.odorworld.effectors.StraightMovementEffector>
      </effectors>
      <behavior class="org.simbrain.world.odorworld.behaviors.StationaryBehavior"/>
      <smellSource>
        <stimulusVector>
          <double>0.0</double>
          <double>25.0</double>
        </stimulusVector>
        <location>
          <double>70.0</double>
          <double>67.0</double>
        </location>
        <decayFunction>LINEAR</decayFunction>
        <stimulusDispersion>150.0</stimulusDispersion>
        <peak>0.0</peak>
        <addNoise>false</addNoise>
        <initNoise>0.3</initNoise>
        <noiseLevel>0.3</noiseLevel>
      </smellSource>
      <collision>true</collision>
      <sensorsEnabled>false</sensorsEnabled>
      <effectorsEnabled>false</effectorsEnabled>
      <showSensors>false</showSensors>
    </org.simbrain.world.odorworld.entities.RotatingEntity>
    <org.simbrain.world.odorworld.entities.RotatingEntity>
      <heading>0.0</heading>
      <manualMotionTurnIncrement>4.0</manualMotionTurnIncrement>
      <manualStraightMovementIncrement>4.0</manualStraightMovementIncrement>
      <entityType>Susi</entityType>
      <animation>
        <imageNames>
          <string>rotating/susi/e0001.png</string>
          <string>rotating/susi/e0002.png</string>
          <string>rotating/susi/e0003.png</string>
          <string>rotating/susi/e0004.png</string>
          <string>rotating/susi/e0005.png</string>
          <string>rotating/susi/e0006.png</string>
          <string>rotating/susi/e0007.png</string>
        </imageNames>
        <animTime>0</animTime>
        <totalDuration>336</totalDuration>
      </animation>
      <name>RotatingEntity-3</name>
      <x>50.0</x>
      <y>30.0</y>
      <dx>0.05</dx>
      <dy>0.05</dy>
      <parentWorld reference="../../.."/>
      <sensors>
        <org.simbrain.world.odorworld.sensors.SmellSensor>
          <DEFAULT__RADIUS>23.0</DEFAULT__RADIUS>
          <theta>0.39269908169872414</theta>
          <radius>50.0</radius>
          <parent class="org.simbrain.world.odorworld.entities.RotatingEntity" reference="../../.."/>
          <currentValue>
            <double>0.0</double>
            <double>0.0</double>
            <double>0.0</double>
            <double>0.0</double>
            <double>0.0</double>
          </currentValue>
          <name>Left</name>
        </org.simbrain.world.odorworld.sensors.SmellSensor>
        <org.simbrain.world.odorworld.sensors.SmellSensor>
          <DEFAULT__RADIUS>23.0</DEFAULT__RADIUS>
          <theta>0.0</theta>
          <radius>0.0</radius>
          <parent class="org.simbrain.world.odorworld.entities.RotatingEntity" reference="../../.."/>
          <currentValue>
            <double>0.0</double>
            <double>0.0</double>
            <double>0.0</double>
            <double>0.0</double>
            <double>0.0</double>
          </currentValue>
          <name>Center</name>
        </org.simbrain.world.odorworld.sensors.SmellSensor>
        <org.simbrain.world.odorworld.sensors.SmellSensor>
          <DEFAULT__RADIUS>23.0</DEFAULT__RADIUS>
          <theta>-0.39269908169872414</theta>
          <radius>50.0</radius>
          <parent class="org.simbrain.world.odorworld.entities.RotatingEntity" reference="../../.."/>
          <currentValue>
            <double>0.0</double>
            <double>0.0</double>
            <double>0.0</double>
            <double>0.0</double>
            <double>0.0</double>
          </currentValue>
          <name>Right</name>
        </org.simbrain.world.odorworld.sensors.SmellSensor>
      </sensors>
      <effectors>
        <org.simbrain.world.odorworld.effectors.RotationEffector>
          <parentObject reference="../../.."/>
          <turnAmount>0.0</turnAmount>
          <scaleFactor>1.0</scaleFactor>
        </org.simbrain.world.odorworld.effectors.RotationEffector>
        <org.simbrain.world.odorworld.effectors.StraightMovementEffector>
          <movementAmount>10.0</movementAmount>
          <scaleFactor>0.1</scaleFactor>
          <parentObject reference="../../.."/>
          <currentValue>0.0</currentValue>
        </org.simbrain.world.odorworld.effectors.StraightMovementEffector>
        <org.simbrain.world.odorworld.effectors.RotationEffector>
          <parentObject reference="../../.."/>
          <turnAmount>0.0</turnAmount>
          <scaleFactor>1.0</scaleFactor>
        </org.simbrain.world.odorworld.effectors.RotationEffector>
        <org.simbrain.world.odorworld.effectors.StraightMovementEffector>
          <movementAmount>10.0</movementAmount>
          <scaleFactor>0.1</scaleFactor>
          <parentObject reference="../../.."/>
          <currentValue>0.0</currentValue>
        </org.simbrain.world.odorworld.effectors.StraightMovementEffector>
        <org.simbrain.world.odorworld.effectors.RotationEffector>
          <parentObject reference="../../.."/>
          <turnAmount>0.0</turnAmount>
          <scaleFactor>1.0</scaleFactor>
        </org.simbrain.world.odorworld.effectors.RotationEffector>
        <org.simbrain.world.odorworld.effectors.StraightMovementEffector>
          <movementAmount>10.0</movementAmount>
          <scaleFactor>0.1</scaleFactor>
          <parentObject reference="../../.."/>
          <currentValue>0.0</currentValue>
        </org.simbrain.world.odorworld.effectors.StraightMovementEffector>
        <org.simbrain.world.odorworld.effectors.RotationEffector>
          <parentObject reference="../../.."/>
          <turnAmount>0.0</turnAmount>
          <scaleFactor>1.0</scaleFactor>
        </org.simbrain.world.odorworld.effectors.RotationEffector>
        <org.simbrain.world.odorworld.effectors.StraightMovementEffector>
          <movementAmount>10.0</movementAmount>
          <scaleFactor>0.1</scaleFactor>
          <parentObject reference="../../.."/>
          <currentValue>0.0</currentValue>
        </org.simbrain.world.odorworld.effectors.StraightMovementEffector>
      </effectors>
      <behavior class="org.simbrain.world.odorworld.behaviors.StationaryBehavior"/>
      <smellSource>
        <stimulusVector>
          <double>25.0</double>
          <double>0.0</double>
        </stimulusVector>
        <location>
          <double>95.0</double>
          <double>288.0</double>
        </location>
        <decayFunction reference="../../../org.simbrain.world.odorworld.entities.RotatingEntity[2]/smellSource/decayFunction"/>
        <stimulusDispersion>150.0</stimulusDispersion>
        <peak>0.0</peak>
        <addNoise>false</addNoise>
        <initNoise>0.3</initNoise>
        <noiseLevel>0.3</noiseLevel>
      </smellSource>
      <collision>false</collision>
      <sensorsEnabled>false</sensorsEnabled>
      <effectorsEnabled>false</effectorsEnabled>
      <showSensors>false</showSensors>
    </org.simbrain.world.odorworld.entities.RotatingEntity>
  </entityList>
  <pointCache>
    <x>0</x>
    <y>0</y>
  </pointCache>
  <renderer/>
  <totalSmellVectorLength>50.0</totalSmellVectorLength>
  <wrapAround>true</wrapAround>
  <objectsBlockMovement>true</objectsBlockMovement>
  <height>432</height>
  <width>376</width>
</org.simbrain.world.odorworld.OdorWorld>