<html>
<body>
<h1>About this simulation</h1>
At the end of the previous <i>autoAssociatorPart1</i> exercise, 
you trained the network on a second pattern.
But when you attempted to have the network recall a pattern, it
may unfortunately have caused <em>both</em> patterns to become activate
simultaneously.
<BR><BR>
The reason is simple. Training the network 
on the second pattern created an undifferentiated
network connecting all the neurons of both patterns. 

<h1>Learning two patterns</h1>

For a memory to function properly, a cue should elicit recall of
only the  pattern that most resembles the cue. 

Here, we will use "bipolar" patterns 
in which all units are positive or negative, never zero. Put 
in bipolar form, the pattern from the previous lesson looks 
like this:
<br>
<img src = "file:docs/Images/RecurrentBipolar.png">
<br><br>


Train the network with the bipolar version (pictured above) 
of the pattern used in the earlier part of the lesson.
<ul>
<li>Select the five units shown in red in the above picture and 
add an activation of 1.</li>

<li>Select the four units shown in blue in the above picture and 
decrease activation to -1.</li>

<li>Step the network once.</li>
</ul>

As before, co-active neurons wire together- the connections 
between them turn red.
<br><br>
In addition to excitatory connections forming, inhibitory connections (shown in blue) 
naturally form at the synapses joining units of positive activation 
with those of negative activation.
<br><br>
Now when a cue is added to the network, not only is the red part of the 
pattern activated but also certain neurons are inhibited. 
This helps prevent recall of other patterns that 
have been learned.
<br>
<ul>
<li>Unclamp the neurons: press 'N', double-click a neuron, More-> set Clamped to "No"</li>
<li>
Freeze the synapses, putting the network into 
non-learning, recall mode:
Press 'W', click on a synapse, click on More, 
set Frozen to Yes.</li>
<li>Clear the activation of the network and cue it with one element of 
the learned pattern to see whether the network recalls the pattern.</li>
</ul>

It should have worked with that first pattern. 
Now for the real test.
Teach it a second, slightly overlapping pattern:
<br>
<ul>
<li>Unfreeze the synapses and clamp the neurons.</li>

<li>Impose the bipolar pattern pictured below. 
Note that it has just one red 
unit in common with the first pattern.</li>
</ul>
<br>
<img src = "file:docs/Images/AutoAssociator2ndPattern.png">
<br>
<ul>
<li>Step the network once. The synaptic strengths will change,
obeying the Hebbian learning rule for this second pattern.</li>
</ul>
Now, test the network's memory
<br>
<ul>
<li>Unclamp the neurons and freeze the synapses, putting the network into 
non-learning, recall mode</li>
<li>Zero the activity pattern of all the neurons, by selecting each 
neuron (without selecting its synapses) and using the up/down arrow.</li>
<li>Give the network a retrieval cue- set a neuron to positive which 
has a positive activation only in the second pattern.</li>
<li>Iterate the network.</li>
</ul>
In Part 1 of this lesson, <em>both</em> memorized patterns completed
instead of only the one desired.
Now, the network should be closer to succeeding
at activating only a single pattern. 
Thanks to the blue inhibitory synapses, 
as one pattern begins to activate, it represses the other.
<BR><BR>

The network may not have been entirely successful, and may
have had trouble with units that were
in common to both patterns. This is 
much like the interference that can occur among similar items in your 
own memory.
<br><br>
<h1>Exercise</h1>
Try two more different retrieval cues, including one that 
contains only activation belonging to both patterns. 
Make a note of what happens in each case.
<BR><BR>
<h2>Credits</h2>
Alex Holcombe, Jeff Yoshimi, Saraching Chao.
</body>
</html>
