<html>
<body>
<h1>About this simulation</h1>
Continuing from <i>autoAssociatorPart1</i>, when you trained 
the network on a second pattern, any attempt at recall
may unfortunately have caused <em>both</em> patterns to activate
simultaneously.
<BR><BR>
The reason? Training the network 
on the second pattern created an undifferentiated
network of positively connected neurons. 
<br><br>
For a functioning memory, we want a cue to elicit recall of
only the learned pattern that most resembles the cue. 

We will use "bipolar" patterns 
in which all units are positive or negative, never zero. Put 
in bipolar form, the pattern from the previous lesson looks 
like this:
<br>
<img src = "file:docs/Images/RecurrentBipolar.png">
<br><br>

<h1>Learning two patterns</h1>
Train the network with the bipolar version (pictured above) 
of the pattern used in the earlier part of the lesson:
<ul>
<li>Select the five units shown in red in the above picture and 
add an activation of 1.</li>

<li>Select the four units shown in blue in the above picture and 
decrease activation to -1.</li>

<li>Step the network once.</li>
</ul>

As before, co-active neurons wire together- the connections 
between them turn red.
<br><br>
Because of the negative 
elements of the pattern, inhibitory connections (shown in blue) 
are formed at the synapses joining units of positive activation 
with those of negative activation.
<br><br>
Now when patterns are recalled, not only is the red part of the 
pattern activated but also other nodes are inhibited, giving them 
negative values. This helps prevent recall of other patterns that 
have been learned.
<br>
<ul>
<li>Unfreeze the neurons (press 'N', double-click a neuron, More-> set Clamped to "No".)</li>
<li>
Freeze the synapses, putting the network into 
non-learning, recall mode:
Press 'W', click on a synapse, click on More, 
set Frozen to Yes.</li>
<li>Clear the activity of the network and cue it with one element of 
the learned pattern to see whether the network recalls the pattern.</li>
</ul>

Hopefully, it worked with that first pattern. 
Now for the real test.
Teach it a second, slightly overlapping pattern:
<br>
<ul>
<li>Unfreeze the synapses and clamp the neurons.</li>

<li>Impose the bipolar pattern pictured below. Note that it has one red 
unit in common with the first pattern.</li>
</ul>
<br>
<img src = "file:docs/Images/AutoAssociator2ndPattern.png">
<br>
<ul>
<li>Step the network once. The synaptic strengths will change,
following Hebbian learning for this second pattern.</li>
</ul>
Now, test the network's memory
<br>
<ul>
<li>Unclamp the neurons and freeze the synapses, putting the network into 
non-learning, recall mode</li>
<li>Zero the activity pattern of all the neurons, by selecting each 
neuron (without selecting its synapses) and using the up/down arrow.</li>
<li>Give the network a retrieval cue- set a neuron to positive which 
previously had a positive activation only in the second pattern.</li>
<li>Iterate the network.</li>
</ul>
In Part 1 of this lesson, both memorized patterns completed
instead of only the one desired.
Now, the network should be closer to succeeding
at reactivating a single pattern. 
Thanks to the blue inhibitory synapses, 
as one pattern begins to activate, it represses the other.
<BR><BR>
Your network should hopefully have succeeded at recalling part of the cued pattern 
and not the other pattern. 
The network may have had trouble with units that were
in common to both patterns. This is 
much like the interference that can occur among similar items in your 
own memory.
<br><br>
<h1>Exercise</h1>
Try two more different retrieval cues, including one that 
contains only activation belonging to both patterns. 
Make a note of what happens in each case.
<BR><BR>
<h2>Credits</h2>
Alex Holcombe, Jeff Yoshimi, Saraching Chao.
</body>
</html>
