<org.simbrain.world.odorworld.OdorWorld>
  <entityList class="java.util.concurrent.CopyOnWriteArrayList" serialization="custom">
    <java.util.concurrent.CopyOnWriteArrayList>
      <default/>
      <int>3</int>
      <org.simbrain.world.odorworld.entities.RotatingEntity>
        <animation>
          <imageNames>
            <string>rotating/mouse/Mouse_0.gif</string>
          </imageNames>
          <animTime>0</animTime>
          <totalDuration>1</totalDuration>
          <frameDuration>1</frameDuration>
        </animation>
        <name>Agent_1</name>
        <id>Entity_1</id>
        <x>128.0</x>
        <y>233.0</y>
        <dx>0.0</dx>
        <dy>0.0</dy>
        <parentWorld reference="../../../.."/>
        <sensors>
          <org.simbrain.world.odorworld.sensors.SmellSensor>
            <parent class="org.simbrain.world.odorworld.entities.RotatingEntity" reference="../../.."/>
            <id>Sensor_2</id>
            <label>Smell-Center</label>
            <theta>0.0</theta>
            <radius>0.0</radius>
            <currentValue>
              <double>0.0</double>
              <double>0.0</double>
              <double>0.0</double>
              <double>0.0</double>
              <double>0.0</double>
              <double>0.0</double>
              <double>0.0</double>
              <double>0.0</double>
            </currentValue>
          </org.simbrain.world.odorworld.sensors.SmellSensor>
        </sensors>
        <effectors>
          <org.simbrain.world.odorworld.effectors.StraightMovement>
            <parent class="org.simbrain.world.odorworld.entities.RotatingEntity" reference="../../.."/>
            <id>Effector_1</id>
            <label>Go-straight</label>
            <amount>0.0</amount>
            <scalingFactor>1.0</scalingFactor>
          </org.simbrain.world.odorworld.effectors.StraightMovement>
          <org.simbrain.world.odorworld.effectors.Turning>
            <parent class="org.simbrain.world.odorworld.entities.RotatingEntity" reference="../../.."/>
            <id>Effector_2</id>
            <label>Go-left</label>
            <direction>1.0</direction>
            <amount>0.0</amount>
          </org.simbrain.world.odorworld.effectors.Turning>
          <org.simbrain.world.odorworld.effectors.Turning>
            <parent class="org.simbrain.world.odorworld.entities.RotatingEntity" reference="../../.."/>
            <id>Effector_3</id>
            <label>Go-right</label>
            <direction>-1.0</direction>
            <amount>0.0</amount>
          </org.simbrain.world.odorworld.effectors.Turning>
          <org.simbrain.world.odorworld.effectors.Speech>
            <parent class="org.simbrain.world.odorworld.entities.RotatingEntity" reference="../../.."/>
            <id>Effector_4</id>
            <label>Say: &quot;Yum!&quot;</label>
            <phrase>Yum!</phrase>
            <threshold>0.01</threshold>
            <activated>false</activated>
            <amount>0.0</amount>
          </org.simbrain.world.odorworld.effectors.Speech>
        </effectors>
        <behavior class="org.simbrain.world.odorworld.behaviors.StationaryBehavior"/>
        <collision>false</collision>
        <sensorsEnabled>true</sensorsEnabled>
        <effectorsEnabled>true</effectorsEnabled>
        <showSensors>true</showSensors>
        <sensorIDGenerator>
          <rootName>Sensor</rootName>
          <index>4</index>
        </sensorIDGenerator>
        <effectorIDGenerator>
          <rootName>Effector</rootName>
          <index>5</index>
        </effectorIDGenerator>
        <currentlyHeardPhrases/>
        <heading>0.0</heading>
        <manualMotionTurnIncrement>4.0</manualMotionTurnIncrement>
        <manualStraightMovementIncrement>4.0</manualStraightMovementIncrement>
        <entityType>Mouse</entityType>
      </org.simbrain.world.odorworld.entities.RotatingEntity>
      <org.simbrain.world.odorworld.entities.BasicEntity>
        <animation>
          <imageNames>
            <string>static/Swiss.gif</string>
          </imageNames>
          <animTime>0</animTime>
          <totalDuration>5</totalDuration>
          <frameDuration>1</frameDuration>
        </animation>
        <name>Entity_2</name>
        <id>Entity_2</id>
        <x>120.0</x>
        <y>53.0</y>
        <dx>0.0</dx>
        <dy>0.0</dy>
        <parentWorld reference="../../../.."/>
        <sensors/>
        <effectors/>
        <behavior class="org.simbrain.world.odorworld.behaviors.StationaryBehavior"/>
        <smellSource>
          <stimulusVector>
            <double>1.0</double>
            <double>0.0</double>
            <double>0.0</double>
            <double>0.0</double>
            <double>0.0</double>
            <double>0.0</double>
            <double>0.0</double>
            <double>0.0</double>
          </stimulusVector>
          <returnVector reference="../stimulusVector"/>
          <location>
            <double>36.0</double>
            <double>107.0</double>
          </location>
          <decayFunction>GAUSSIAN</decayFunction>
          <stimulusDispersion>70.0</stimulusDispersion>
          <peak>0.0</peak>
          <addNoise>false</addNoise>
          <initNoise>0.3</initNoise>
          <noiseLevel>0.3</noiseLevel>
        </smellSource>
        <collision>false</collision>
        <sensorsEnabled>true</sensorsEnabled>
        <effectorsEnabled>true</effectorsEnabled>
        <showSensors>true</showSensors>
        <sensorIDGenerator>
          <rootName>Sensor</rootName>
          <index>1</index>
        </sensorIDGenerator>
        <effectorIDGenerator>
          <rootName>Effector</rootName>
          <index>1</index>
        </effectorIDGenerator>
        <currentlyHeardPhrases/>
      </org.simbrain.world.odorworld.entities.BasicEntity>
      <org.simbrain.world.odorworld.entities.BasicEntity>
        <animation>
          <imageNames>
            <string>static/Bell.gif</string>
          </imageNames>
          <animTime>0</animTime>
          <totalDuration>5</totalDuration>
          <frameDuration>1</frameDuration>
        </animation>
        <name>Entity_6</name>
        <id>Entity_6</id>
        <x>234.0</x>
        <y>55.0</y>
        <dx>0.0</dx>
        <dy>0.0</dy>
        <parentWorld reference="../../../.."/>
        <sensors/>
        <effectors/>
        <behavior class="org.simbrain.world.odorworld.behaviors.StationaryBehavior"/>
        <smellSource>
          <stimulusVector>
            <double>0.0</double>
            <double>1.0</double>
            <double>0.3</double>
            <double>0.7</double>
            <double>0.0</double>
            <double>0.0</double>
            <double>0.0</double>
            <double>0.0</double>
          </stimulusVector>
          <returnVector reference="../stimulusVector"/>
          <location>
            <double>251.0</double>
            <double>370.0</double>
          </location>
          <decayFunction>GAUSSIAN</decayFunction>
          <stimulusDispersion>70.0</stimulusDispersion>
          <peak>0.0</peak>
          <addNoise>false</addNoise>
          <initNoise>0.3</initNoise>
          <noiseLevel>0.3</noiseLevel>
        </smellSource>
        <collision>false</collision>
        <sensorsEnabled>true</sensorsEnabled>
        <effectorsEnabled>true</effectorsEnabled>
        <showSensors>true</showSensors>
        <sensorIDGenerator>
          <rootName>Sensor</rootName>
          <index>1</index>
        </sensorIDGenerator>
        <effectorIDGenerator>
          <rootName>Effector</rootName>
          <index>1</index>
        </effectorIDGenerator>
        <currentlyHeardPhrases/>
      </org.simbrain.world.odorworld.entities.BasicEntity>
    </java.util.concurrent.CopyOnWriteArrayList>
  </entityList>
  <totalSmellVectorLength>2.2569805089976533</totalSmellVectorLength>
  <wrapAround>true</wrapAround>
  <objectsBlockMovement>true</objectsBlockMovement>
  <height>406</height>
  <width>382</width>
  <entityIDGenerator>
    <rootName>Entity</rootName>
    <index>7</index>
  </entityIDGenerator>
  <agentNameGenerator>
    <rootName>Agent</rootName>
    <index>2</index>
  </agentNameGenerator>
</org.simbrain.world.odorworld.OdorWorld>