<org.simbrain.network.core.Network>
  <neuronList>
    <org.simbrain.network.core.Neuron>
      <updateRule class="org.simbrain.network.neuron_update_rules.LinearRule">
        <inputType>WEIGHTED</inputType>
        <increment>0.1</increment>
        <slope>1.0</slope>
        <bias>0.0</bias>
        <noiseGenerator>
          <pdf>UNIFORM</pdf>
          <param1>0.0</param1>
          <param2>1.0</param2>
          <upperBound>1.0</upperBound>
          <lowerBound>0.0</lowerBound>
          <clipping>false</clipping>
        </noiseGenerator>
        <addNoise>false</addNoise>
        <clipping>true</clipping>
        <upperBound>1.0</upperBound>
        <lowerBound>-1.0</lowerBound>
      </updateRule>
      <id>Neuron_1</id>
      <label>Bell Detector (NS)</label>
      <activation>0.0</activation>
      <spike>false</spike>
      <buffer>0.0</buffer>
      <spkBuffer>false</spkBuffer>
      <inputValue>0.0</inputValue>
      <parent reference="../../.."/>
      <x>294.79386601975716</x>
      <y>192.35215746176</y>
      <z>0.0</z>
      <clamped>false</clamped>
      <polarity>BOTH</polarity>
      <targetValue>0.0</targetValue>
      <lastActivation>0.0</lastActivation>
      <updatePriority>0</updatePriority>
      <auxValue>0.0</auxValue>
    </org.simbrain.network.core.Neuron>
    <org.simbrain.network.core.Neuron>
      <updateRule class="org.simbrain.network.neuron_update_rules.LinearRule">
        <inputType>WEIGHTED</inputType>
        <increment>0.1</increment>
        <slope>1.0</slope>
        <bias>0.0</bias>
        <noiseGenerator>
          <pdf>UNIFORM</pdf>
          <param1>0.0</param1>
          <param2>1.0</param2>
          <upperBound>1.0</upperBound>
          <lowerBound>0.0</lowerBound>
          <clipping>false</clipping>
        </noiseGenerator>
        <addNoise>false</addNoise>
        <clipping>true</clipping>
        <upperBound>1.0</upperBound>
        <lowerBound>-1.0</lowerBound>
      </updateRule>
      <id>Neuron_2</id>
      <label>Cheese (US) Detector</label>
      <activation>0.0</activation>
      <spike>false</spike>
      <buffer>0.0</buffer>
      <spkBuffer>false</spkBuffer>
      <inputValue>0.0</inputValue>
      <parent reference="../../.."/>
      <x>160.4965516034947</x>
      <y>193.59711227818636</y>
      <z>0.0</z>
      <clamped>false</clamped>
      <polarity>BOTH</polarity>
      <targetValue>0.0</targetValue>
      <lastActivation>0.1899222221652749</lastActivation>
      <updatePriority>0</updatePriority>
      <auxValue>0.0</auxValue>
    </org.simbrain.network.core.Neuron>
    <org.simbrain.network.core.Neuron>
      <updateRule class="org.simbrain.network.neuron_update_rules.BinaryRule">
        <inputType>WEIGHTED</inputType>
        <increment>0.1</increment>
        <threshold>0.3</threshold>
        <ceiling>1.0</ceiling>
        <floor>0.0</floor>
        <bias>0.0</bias>
      </updateRule>
      <id>Neuron_3</id>
      <label>Salivation (UR)</label>
      <activation>0.0</activation>
      <spike>false</spike>
      <buffer>0.0</buffer>
      <spkBuffer>false</spkBuffer>
      <inputValue>0.0</inputValue>
      <parent reference="../../.."/>
      <x>161.43029676209878</x>
      <y>57.190396673094085</y>
      <z>0.0</z>
      <clamped>false</clamped>
      <polarity>BOTH</polarity>
      <targetValue>0.0</targetValue>
      <lastActivation>0.0</lastActivation>
      <updatePriority>0</updatePriority>
      <auxValue>0.0</auxValue>
    </org.simbrain.network.core.Neuron>
  </neuronList>
  <synapseList class="linked-hash-set">
    <org.simbrain.network.core.Synapse>
      <parentNetwork reference="../../.."/>
      <source reference="../../../neuronList/org.simbrain.network.core.Neuron[2]"/>
      <target reference="../../../neuronList/org.simbrain.network.core.Neuron[3]"/>
      <learningRule class="org.simbrain.network.synapse_update_rules.StaticSynapseRule">
        <clipped>false</clipped>
      </learningRule>
      <id>Synapse_1</id>
      <strength>1.0</strength>
      <psr>0.1899222221652749</psr>
      <increment>1.0</increment>
      <upperBound>10.0</upperBound>
      <lowerBound>-10.0</lowerBound>
      <delay>0</delay>
      <enabled>true</enabled>
      <frozen>false</frozen>
      <dlyPtr>0</dlyPtr>
      <dlyVal>0.0</dlyVal>
      <isTemplate>false</isTemplate>
    </org.simbrain.network.core.Synapse>
    <org.simbrain.network.core.Synapse>
      <parentNetwork reference="../../.."/>
      <source reference="../../../neuronList/org.simbrain.network.core.Neuron"/>
      <target reference="../../../neuronList/org.simbrain.network.core.Neuron[2]"/>
      <learningRule class="org.simbrain.network.synapse_update_rules.HebbianRule">
        <learningRate>1.0E-4</learningRate>
      </learningRule>
      <id>Synapse_2</id>
      <strength>0.19218363861123125</strength>
      <psr>0.0</psr>
      <increment>1.0</increment>
      <upperBound>10.0</upperBound>
      <lowerBound>-10.0</lowerBound>
      <delay>0</delay>
      <enabled>true</enabled>
      <frozen>false</frozen>
      <dlyPtr>0</dlyPtr>
      <dlyVal>0.0</dlyVal>
      <isTemplate>false</isTemplate>
    </org.simbrain.network.core.Synapse>
  </synapseList>
  <groupList/>
  <textList/>
  <updateManager>
    <actionList>
      <org.simbrain.network.update__actions.BufferedUpdate>
        <network reference="../../../.."/>
      </org.simbrain.network.update__actions.BufferedUpdate>
    </actionList>
    <network reference="../.."/>
  </updateManager>
  <time>1220.5999999999854</time>
  <timeStep>0.1</timeStep>
  <timeType>DISCRETE</timeType>
  <prioritySortedNeuronList>
    <org.simbrain.network.core.Neuron reference="../../neuronList/org.simbrain.network.core.Neuron"/>
    <org.simbrain.network.core.Neuron reference="../../neuronList/org.simbrain.network.core.Neuron[2]"/>
    <org.simbrain.network.core.Neuron reference="../../neuronList/org.simbrain.network.core.Neuron[3]"/>
    <org.simbrain.network.core.Neuron>
      <updateRule class="org.simbrain.network.neuron_update_rules.LinearRule">
        <inputType>WEIGHTED</inputType>
        <increment>0.1</increment>
        <slope>1.0</slope>
        <bias>0.0</bias>
        <noiseGenerator>
          <pdf>UNIFORM</pdf>
          <param1>0.0</param1>
          <param2>1.0</param2>
          <upperBound>1.0</upperBound>
          <lowerBound>0.0</lowerBound>
          <clipping>false</clipping>
        </noiseGenerator>
        <addNoise>false</addNoise>
        <clipping>true</clipping>
        <upperBound>1.0</upperBound>
        <lowerBound>-1.0</lowerBound>
      </updateRule>
      <id>Neuron_4</id>
      <label></label>
      <activation>0.0</activation>
      <spike>false</spike>
      <buffer>0.0</buffer>
      <spkBuffer>false</spkBuffer>
      <inputValue>0.0</inputValue>
      <parent reference="../../.."/>
      <x>203.29485076703756</x>
      <y>111.1487886148139</y>
      <z>0.0</z>
      <clamped>false</clamped>
      <polarity>BOTH</polarity>
      <targetValue>0.0</targetValue>
      <lastActivation>0.0</lastActivation>
      <updatePriority>0</updatePriority>
      <auxValue>0.0</auxValue>
    </org.simbrain.network.core.Neuron>
  </prioritySortedNeuronList>
  <priorityComparator>
    <outer-class reference="../.."/>
  </priorityComparator>
  <neuronIdGenerator>
    <rootName>Neuron</rootName>
    <index>5</index>
  </neuronIdGenerator>
  <synapseIdGenerator>
    <rootName>Synapse</rootName>
    <index>6</index>
  </synapseIdGenerator>
  <groupIdGenerator>
    <rootName>Group</rootName>
    <index>1</index>
  </groupIdGenerator>
  <fireUpdates>true</fireUpdates>
  <name>Network1</name>
</org.simbrain.network.core.Network>