<html>
<body>

- Show what a US is
<br>
- Show what a UR is
<br>
- Show what an NS
<br>
- For conditioning. Place both objects near the mouse.  Run the simulation 
until association strength is above X.  Then remove the 
US and iterate the simulation once.
<br>
- After conditioning, say what the CS and CR are
<br>
Other tests
<br>
Run another one of these where the agent moves around the 
environment and go from lab to more environmental. mouse
learns the flower is a signal for cheese instead of us 
training them.  Possible screeencast or online demo.
Run it and just observe changes in association strength
<br>
<br>
Todos: possibly make this a script where bell goes straight to salivation.
</body>
</html>
