<Workspace>
  <Component>
    <className>org.simbrain.network.NetworkComponent</className>
    <name>vehicle2.xml</name>
    <uri>components/0_vehicle2.xml.xml</uri>
    <id>0</id>
    <format>xml</format>
    <desktopComponent>
      <className>org.simbrain.network.desktop.NetworkDesktopComponent</className>
      <uri>guis/0_vehicle2.xml.xml</uri>
      <format>xml</format>
    </desktopComponent>
  </Component>
  <Component>
    <className>org.simbrain.world.odorworld.OdorWorldComponent</className>
    <name>Cheese_Fish.xml</name>
    <uri>components/1_Cheese_Fish.xml.xml</uri>
    <id>1</id>
    <format>xml</format>
    <desktopComponent>
      <className>org.simbrain.world.odorworld.OdorWorldDesktopComponent</className>
      <uri>guis/1_Cheese_Fish.xml.xml</uri>
      <format>xml</format>
    </desktopComponent>
  </Component>
  <Coupling>
    <source>
      <uri>components/1_Cheese_Fish.xml.xml</uri>
      <attributeHolderID>RotatingEntity-1-Left</attributeHolderID>
      <attributeID>Smell-1</attributeID>
    </source>
    <target>
      <uri>components/0_vehicle2.xml.xml</uri>
      <attributeHolderID>Neuron_4</attributeHolderID>
      <attributeID>Activation</attributeID>
    </target>
  </Coupling>
  <Coupling>
    <source>
      <uri>components/1_Cheese_Fish.xml.xml</uri>
      <attributeHolderID>RotatingEntity-1-Right</attributeHolderID>
      <attributeID>Smell-1</attributeID>
    </source>
    <target>
      <uri>components/0_vehicle2.xml.xml</uri>
      <attributeHolderID>Neuron_5</attributeHolderID>
      <attributeID>Activation</attributeID>
    </target>
  </Coupling>
  <Coupling>
    <source>
      <uri>components/1_Cheese_Fish.xml.xml</uri>
      <attributeHolderID>RotatingEntity-1-Left</attributeHolderID>
      <attributeID>Smell-2</attributeID>
    </source>
    <target>
      <uri>components/0_vehicle2.xml.xml</uri>
      <attributeHolderID>Neuron_7</attributeHolderID>
      <attributeID>Activation</attributeID>
    </target>
  </Coupling>
  <Coupling>
    <source>
      <uri>components/1_Cheese_Fish.xml.xml</uri>
      <attributeHolderID>RotatingEntity-1-Right</attributeHolderID>
      <attributeID>Smell-2</attributeID>
    </source>
    <target>
      <uri>components/0_vehicle2.xml.xml</uri>
      <attributeHolderID>Neuron_8</attributeHolderID>
      <attributeID>Activation</attributeID>
    </target>
  </Coupling>
  <Coupling>
    <source>
      <uri>components/0_vehicle2.xml.xml</uri>
      <attributeHolderID>Neuron_1</attributeHolderID>
      <attributeID>Activation</attributeID>
    </source>
    <target>
      <uri>components/1_Cheese_Fish.xml.xml</uri>
      <attributeHolderID>RotatingEntity-1-Left</attributeHolderID>
      <attributeID>RotatingEntity-1-Left</attributeID>
    </target>
  </Coupling>
  <Coupling>
    <source>
      <uri>components/0_vehicle2.xml.xml</uri>
      <attributeHolderID>Neuron_3</attributeHolderID>
      <attributeID>Activation</attributeID>
    </source>
    <target>
      <uri>components/1_Cheese_Fish.xml.xml</uri>
      <attributeHolderID>RotatingEntity-1-Right</attributeHolderID>
      <attributeID>RotatingEntity-1-Right</attributeID>
    </target>
  </Coupling>
  <Coupling>
    <source>
      <uri>components/0_vehicle2.xml.xml</uri>
      <attributeHolderID>Neuron_11</attributeHolderID>
      <attributeID>Activation</attributeID>
    </source>
    <target>
      <uri>components/1_Cheese_Fish.xml.xml</uri>
      <attributeHolderID>RotatingEntity-1-Straight</attributeHolderID>
      <attributeID>RotatingEntity-1-Straight</attributeID>
    </target>
  </Coupling>
</Workspace>