<html>
<body>
<h1>Competitive Net</h1>
<br>
<a href ="http://en.wikipedia.org/wiki/Competitive_learning">Competitive 
networks</a> learn to classify inputs
in an unsupervised way,
by making nodes respond
to similar inputs. This
effectively clusters the
input space.
<br>
<h2>Using this sim</h2>
Begin by "training"
the network.
Press run and 
move the mouse around to
each object
<br>
<br>
Now test the network.  Freeze the
synapse group by 
right clicking on the 
interaction box labelled
"Weights 2 --> 1".
<br><br>
Then clamp
the competitive network 
and explore again. Label
the output nodes.  See
how well it has learned
from the "training" period.
</body>
</html>
