<html>
<body>

How can a machine remember things? We're all familiar with 
desktop computers. They usually store 'memories' separately
from each other, for example as independent files.
<br><br>
In a desktop computer, if one was to store two grocery lists, like 'milk, 
chicken, butter, durian, rice' and 'lentils, chicken, bread', then chicken 
would be recorded twice, perhaps in two separate files. By contrast, in 
connectionist networks, when two memories share an element (e.g., chicken), 
that element is stored only once and the two memories share 
the element. In this lesson, you'll see how such network-style memory works.

<br><br>
In the network to the right, every unit is connected to every other unit. The 
grey color of each of the synapses indicates that the synaptic strengths are 
all initially set to 0.
<br><br>
For this exercise, we'll speak as if each neuron represents a potential food item for a 
grocery list (as shown below). Think of this network as 
a small-town grocer's memory of the different lists of food items that his customers 
shopped for.
<br><br>
<img src ="file:docs/Images/recurrentGroceryLists.png">
<br><br>
Let's encode a list into this network memory.
<br><br>
<h1> Exploring this simulation</h1>
The network uses the Hebbian rule for pattern encoding, which embodies the 
maxim that "Neurons that fire together wire together." 
<br><br>

At every time step, each synaptic weight changes in proportion to the product of 
the pre-synaptic neuron's activation and the post-synaptic neuron's activation. 
Epsilon is how fast it changes, which is sometimes termed the learning rate.
<br><br>
To train the network on a first pattern, 
activate the corresponding neurons.
<br><br>
<ul>
<li>Select the five units and press the up-arrow key for each to create an activation of 1 in each neuron.</li>
<br>
<img src = "file:docs/Images/RecurrentBinary.png">
<br>
<li>Iterate the network one step, by clicking on the broken right-arrow (which is below the Insert menu item of the uppermost menu bar),
 You will see that co-active neurons "wire together" in that the connections between them turn red, indicating the synaptic strengths have become positive (excitatory).
</li>
<li>So far, the network was in "learning mode", with the synapses allowed to change
while the neurons were clamped to the activation you set them to.
Now we need to unclamp the neurons so we can test the network's memory.</li>
<li> In the window containing the network, press 'N' to select all neurons.
Double-click on one neuron, to open the neurons' settings.</li>
<li>Click on More and change Clamped to No.</li>
<li>Freeze the synapses by pressing 'W', clicking on a synapse, clicking on More, 
then setting Frozen to Yes. This freezes the synapses, turning off learning during this recall stage.</li>
</ul>
Test the network's memory, by cuing it with one item from the list (one neuron 
	active), and see whether it recalls the remainder of the list:
<ol>
<li>Make sure nothing is selected, by clicking the Network window background.</li>
<li>The neurons are likely still activated with the pattern you taught it.
De-activate the neurons: select those that are active, and 
press the down arrow key to reduce their activity to 0.</li>
<li>Activate one of the neurons from the pattern you taught it.</li>
<li>Iterate the network step by step (broken triangle in main toolbar), 
and the network should quickly reproduce the pattern you taught it. It has 
successfully recalled a memory!</li>
</ol>

<br>
During learning, the synapses strengthened among all the units of the 
pattern. Those units now fire together.
<br><BR>
The network can perform acceptably even if some synapses are removed. 
Try deleting one synapse (click on it, then hit the delete key) and 
repeat steps 1-4 above.<BR>
<BR>
If it still works, do you understand why?
The network's memory has redundancy because of the multiple 
connections, as does our own - your brain losing a single neuron is unlikely
to result in loss of a memory.
<br><BR>
In contrast to the continuing success of this network,
a conventional desktop computer often fails completely if you
take out even just  one piece.  
<br><BR>
<H2>How much can this network remember?</H2>
What will happen if you train the network to store a second pattern?
<BR><BR>
Repeat the two groups of steps above, but this time 
for a different pattern. Be sure at least one neuron is in common with the first 
pattern.
<br><br>
How well does the network recall each of the two patterns you trained it with? Try 
various cues from the two patterns. 
</body>
</html>
