<html>
<body>

How can a machine remember things? We're all familiar with 
desktop computers. They usually store records (analogous to memories) separately
from each other, for example as independent files on the hard drive.
<br><br>
If you stored two grocery lists on a computer, like 'milk, 
chicken, butter, durian, rice' and 'lentils, chicken, bread', then chicken 
would be recorded twice, probably in two separate files. By contrast, in 
connectionist networks, when two memories share an element (such as chicken), 
that element is stored only once and the two memories share 
that same element. In this lesson, you'll see how network-style memory works.

<br><br>
In the Network1 window, you can see a network. In it, every unit is connected to every other unit. The 
grey color of the synapses indicates that the synaptic strengths are 
all initially set to 0.
<br><br>
For this exercise, we'll assume that each neuron represents a potential food item for a 
grocery list. You can think of this network as 
a small-town grocer's memory of the different lists of food items that his customers 
shopped for.
<br><br>
<img src ="file:docs/Images/recurrentGroceryLists.png">
<br><br>
Again, each individual neuron represents a different food item. 
When a particular neuron is active, it represents thought of that food being active in the person's head,
as if they are remembering that food.
Now, let's encode a list into the network's memory.
<br><br>
The network uses the Hebbian rule for pattern encoding. The Hebbian rule embodies the 
maxim that "Neurons that fire together wire together." 
<br><br>

At every time step, the strength of each synapse changes in proportion to the product of 
the pre-synaptic neuron's activation and the post-synaptic neuron's activation. 
<br><br>
To train the network on a pattern (a list of food items), 
we must first activate the corresponding neurons.
<br><br>
<ol>
<li>In the Network1 window, for the five units indicated in red below,
select them one-by-one, pressing the up-arrow key after selecting each, to yield an activation of 1 in each neuron.</li>
<br>
<img src = "file:docs/Images/RecurrentBinary.png">
<br>
<li>Make the network do its thing! Iterate it by one step, by clicking on
the broken right-arrow 
(which is below the Insert menu item of the <STRONG>uppermost</STRONG> menu bar),
 You will see that co-active neurons "wire together" in that the synapses connecting them turn red.
Red is used to indicate that the synapses are now excitatory rather than neutral.
</li>
</ol>

So far, the network has been in "learning mode", with the synapses allowed to change,
while the neurons were clamped to the activation you set them to.
Now that the network has learned the pattern, we can test its memory for it.

To turn off learning, we will freeze the synapses. 
To allow recall of memories, we will unclamp the neurons. 

<ol>
<li> In the window containing the network, press 'N' on the keyboard to select all neurons.
Double-click on a neuron, to open the neurons' settings.</li>
<li>Click on More and change Clamped to No.</li>
<li>Freeze the synapses by pressing 'W', clicking on a synapse, clicking on More, 
then setting Frozen to Yes. By freezing the synapses, 
we have turned off learning during this recall stage.</li>
</ol>
Test the network's memory, by cuing it with one item from the list (one neuron 
	active), and see whether it recalls the remainder of the list:
<ol>
<li>Make sure nothing is selected, by clicking the Network1 window background.</li>
<li>The neurons are likely still activated with the pattern you taught it.
De-activate the neurons: select those that are active, and 
press the down arrow key to reduce their activity to 0.</li>
<li>Activate one of the neurons from the pattern you taught it.</li>
<li>Iterate the network step by step (broken triangle in <i>uppermost</i> toolbar), 
and the network should quickly reproduce the pattern you taught it. If so, it has 
successfully recalled a memory!</li>
</ol>

<br>
How did this happen?
During learning, the synapses strengthened among all the units of the 
pattern, causing those units to fire together.
<br><BR>
The network can perform acceptably even if some synapses are removed. 
Try deleting one synapse (click on it, then hit the delete key) and 
repeat steps 1-4 above.<BR>
<BR>
It likely still succeeds in recalling the memory. Do you understand why?
The network's memory has redundancy because of the multiple 
connections, as does your brain - losing a single neuron is unlikely
to result in loss of any memories.
<br><BR>
In contrast, a conventional desktop computer often fails completely if you
take out even just one piece of it.  
<br><BR>
<H2>How much can this network remember?</H2>
Will the network  be able to store a second memory?
Put the network back in learning mode, by
<ul>
<li>Pressing 'N' on the keyboard to select all neurons</li>
<li>Double-click on a neuron</li>
<li>Click on More and change Clamped to Yes</li>
<li>Freeze the synapses by first pressing 'W', then clicking on a synapse, clicking on More, 
then setting Frozen to No.
</ul>
Repeat the three lists of numbered steps in the first section, but this time 
activate a different pattern of neurons. Be sure at least one neuron is in common with the first 
pattern you taught the network.
<br><br>
How well does the network recall each of the two patterns you trained it with? Try 
various cues from the two patterns. 
</body>
</html>
