<html>
<body>
<h1>McCulloch-Pitts Model of the Heat Illusion</h1>
A reproduction of McCulloch and Pitt's (1943) account of the heat illusion.  
<h3> The basic illusion </h3>
The illusion arises when the cold receptor is activated just once. As the inhibition to node A is removed the activation to node B propagates forward and create a brief perception of heat.
<br><br>
To see this, activate the cold receptor node by clicking and pressing the up button. Iterate the simulation once by pressing space. Then clear by pressing the down button. Keep iterating and observe activation propagate to heat.
<br><br>
To see how this in action, see the animation at <a href="https://twitter.com/JeffYoshimi/status/1583922612924665856">this tweet</a>.
<h3>Unintended consequences</h3>
This same mechanism will produce a perception of heat at <i>any</i> cold offset (like holding a piece of ice and letting go of it). When a cold stimulus is removed, inhibition to node A ceases instantly, so that the activation in node B can propagate. 
<br><br>
I'm pretty sure this was unintentional. It goes to show you can be fluent in the arcane logic of the <i>Principia</i> (as Pitts was), but still miss a consequence immediately evident in a visualization. 
<h3>Source and acknowledgement</h3>
Thanks to Gualtiero Piccinini, whose <a href="https://link.springer.com/article/10.1023/B:SYNT.0000043018.52445.3e">paper</a> on the topic is what led me to reproduce the circuit.
<br><br> 
</body>
</html>
