<html>
<body>
A reproduction of McCulloch and Pitt's (1943) account of the heat illusion.  
The illusion arises when the cold receptor is activated just once. As the inhibition to node A is removed the activation to node B propagates forward and create a perception of heat.
<br><br>
To see how to use this sim, it might be easiest to just look at the animation at <a href="https://twitter.com/JeffYoshimi/status/1583922612924665856">this tweet</a>.
<br><br>
This sim also reveals what may be an unintended consequence. That same mechanism will produce a perception of heat at <i>any</i> cold offset. When a cold stimulus is removed, inhibition to node A ceases instantly, so that the activation in node B can propagate. 
<br><br>
I'm pretty sure this was not intentional. It goes to show you can be fluent in the arcane logic of the <i>Principia</i> (as Pitts was), but still miss a consequence immediately evident in a visualization. 
<br><br>
Thanks to Gualtiero Piccinini, whose <a href="https://link.springer.com/article/10.1023/B:SYNT.0000043018.52445.3e">paper</a> on the topic is what led me to reproduce the circuit in the first place! 
Adapted from  which also shows the animation in action 
<br><br> 
</body>
</html>
