<ArchivedWorkspace>
  <archivedComponents>
    <ArchivedWorkspaceComponent>
      <className>org.simbrain.network.NetworkComponent</className>
      <name>Network 1</name>
      <uri>components/0_Network_1.xml</uri>
      <id>0</id>
      <format>xml</format>
      <desktopComponent>
        <className>org.simbrain.network.desktop.NetworkDesktopComponent</className>
        <uri>guis/0_Network_1.xml</uri>
        <format>xml</format>
      </desktopComponent>
    </ArchivedWorkspaceComponent>
    <ArchivedWorkspaceComponent>
      <className>org.simbrain.world.odorworld.OdorWorldComponent</className>
      <name>OdorWorld 1</name>
      <uri>components/1_OdorWorld_1.xml</uri>
      <id>1</id>
      <format>xml</format>
      <desktopComponent>
        <className>org.simbrain.world.odorworld.OdorWorldDesktopComponent</className>
        <uri>guis/1_OdorWorld_1.xml</uri>
        <format>xml</format>
      </desktopComponent>
    </ArchivedWorkspaceComponent>
  </archivedComponents>
  <archivedCouplings>
    <org.simbrain.workspace.serialization.ArchivedCoupling>
      <producer>
        <componentId>OdorWorld 1</componentId>
        <attributeId>Sensor_1</attributeId>
        <methodName>getCurrentValue</methodName>
      </producer>
      <consumer>
        <componentId>Network 1</componentId>
        <attributeId>Neuron_1</attributeId>
        <methodName>addInputValue</methodName>
      </consumer>
    </org.simbrain.workspace.serialization.ArchivedCoupling>
  </archivedCouplings>
  <archivedActions/>
  <workspaceParameters>
    <savedTime>890</savedTime>
    <updateDelay>0</updateDelay>
    <currentDirectory>/Users/jyoshimi/gitstuff/simbrain/simulations/workspaces/</currentDirectory>
  </workspaceParameters>
</ArchivedWorkspace>