<org.simbrain.network.core.Network>
  <neuronList>
    <org.simbrain.network.core.Neuron>
      <updateRule class="org.simbrain.network.neuron_update_rules.LinearRule">
        <inputType>WEIGHTED</inputType>
        <increment>0.1</increment>
        <slope>1.0</slope>
        <bias>0.0</bias>
        <noiseGenerator>
          <pdf>UNIFORM</pdf>
          <param1>0.0</param1>
          <param2>1.0</param2>
          <upperBound>1.0</upperBound>
          <lowerBound>0.0</lowerBound>
          <clipping>false</clipping>
        </noiseGenerator>
        <addNoise>false</addNoise>
        <clipping>true</clipping>
        <upperBound>1.0</upperBound>
        <lowerBound>-1.0</lowerBound>
      </updateRule>
      <id>Neuron_1</id>
      <label>Hear Baby!</label>
      <activation>0.0</activation>
      <buffer>0.0</buffer>
      <inputValue>0.0</inputValue>
      <parent reference="../../.."/>
      <generator>false</generator>
      <x>-152.2406806888039</x>
      <y>109.61152499676159</y>
      <z>0.0</z>
      <clamped>false</clamped>
      <targetValue>0.0</targetValue>
      <updatePriority>0</updatePriority>
      <auxValue>0.0</auxValue>
    </org.simbrain.network.core.Neuron>
    <org.simbrain.network.core.Neuron>
      <updateRule class="org.simbrain.network.neuron_update_rules.LinearRule">
        <inputType>WEIGHTED</inputType>
        <increment>0.1</increment>
        <slope>1.0</slope>
        <bias>0.0</bias>
        <noiseGenerator>
          <pdf>UNIFORM</pdf>
          <param1>0.0</param1>
          <param2>1.0</param2>
          <upperBound>1.0</upperBound>
          <lowerBound>0.0</lowerBound>
          <clipping>false</clipping>
        </noiseGenerator>
        <addNoise>false</addNoise>
        <clipping>true</clipping>
        <upperBound>1.0</upperBound>
        <lowerBound>-1.0</lowerBound>
      </updateRule>
      <id>Neuron_2</id>
      <label>Say Mommy!</label>
      <activation>0.0</activation>
      <buffer>0.02706505666245229</buffer>
      <inputValue>0.0</inputValue>
      <parent reference="../../.."/>
      <generator>false</generator>
      <x>107.84766331069817</x>
      <y>195.25273600353322</y>
      <z>0.0</z>
      <clamped>false</clamped>
      <targetValue>0.0</targetValue>
      <updatePriority>0</updatePriority>
      <auxValue>0.0</auxValue>
    </org.simbrain.network.core.Neuron>
    <org.simbrain.network.core.Neuron>
      <updateRule class="org.simbrain.network.neuron_update_rules.LinearRule">
        <inputType>WEIGHTED</inputType>
        <increment>0.1</increment>
        <slope>1.0</slope>
        <bias>0.0</bias>
        <noiseGenerator>
          <pdf>UNIFORM</pdf>
          <param1>0.0</param1>
          <param2>1.0</param2>
          <upperBound>1.0</upperBound>
          <lowerBound>0.0</lowerBound>
          <clipping>false</clipping>
        </noiseGenerator>
        <addNoise>false</addNoise>
        <clipping>true</clipping>
        <upperBound>1.0</upperBound>
        <lowerBound>-1.0</lowerBound>
      </updateRule>
      <id>Neuron_3</id>
      <label>AppSec (Insecurity)</label>
      <activation>0.0</activation>
      <buffer>0.026827241095947807</buffer>
      <inputValue>0.0</inputValue>
      <parent reference="../../.."/>
      <generator>false</generator>
      <x>113.29829238639299</x>
      <y>123.17605247628937</y>
      <z>0.0</z>
      <clamped>false</clamped>
      <targetValue>0.0</targetValue>
      <updatePriority>0</updatePriority>
      <auxValue>0.0</auxValue>
    </org.simbrain.network.core.Neuron>
    <org.simbrain.network.core.Neuron>
      <updateRule class="org.simbrain.network.neuron_update_rules.LinearRule">
        <inputType>WEIGHTED</inputType>
        <increment>0.1</increment>
        <slope>1.0</slope>
        <bias>0.0</bias>
        <noiseGenerator>
          <pdf>UNIFORM</pdf>
          <param1>0.0</param1>
          <param2>1.0</param2>
          <upperBound>1.0</upperBound>
          <lowerBound>0.0</lowerBound>
          <clipping>false</clipping>
        </noiseGenerator>
        <addNoise>false</addNoise>
        <clipping>true</clipping>
        <upperBound>1.0</upperBound>
        <lowerBound>-1.0</lowerBound>
      </updateRule>
      <id>Neuron_4</id>
      <label>Security Detector</label>
      <activation>0.0</activation>
      <buffer>0.673408451235861</buffer>
      <inputValue>0.0</inputValue>
      <parent reference="../../.."/>
      <generator>false</generator>
      <x>-17.231879128336544</x>
      <y>99.8968476611902</y>
      <z>0.0</z>
      <clamped>false</clamped>
      <targetValue>0.0</targetValue>
      <updatePriority>0</updatePriority>
      <auxValue>0.0</auxValue>
    </org.simbrain.network.core.Neuron>
    <org.simbrain.network.core.Neuron>
      <updateRule class="org.simbrain.network.neuron_update_rules.LinearRule">
        <inputType>WEIGHTED</inputType>
        <increment>0.1</increment>
        <slope>1.0</slope>
        <bias>0.0</bias>
        <noiseGenerator>
          <pdf>UNIFORM</pdf>
          <param1>0.0</param1>
          <param2>1.0</param2>
          <upperBound>1.0</upperBound>
          <lowerBound>0.0</lowerBound>
          <clipping>false</clipping>
        </noiseGenerator>
        <addNoise>false</addNoise>
        <clipping>true</clipping>
        <upperBound>1.0</upperBound>
        <lowerBound>-1.0</lowerBound>
      </updateRule>
      <id>Neuron_5</id>
      <label>Distance from mom</label>
      <activation>0.0</activation>
      <buffer>0.44909470565746995</buffer>
      <inputValue>0.0</inputValue>
      <parent reference="../../.."/>
      <generator>false</generator>
      <x>-89.19224686060745</x>
      <y>156.91609189812476</y>
      <z>0.0</z>
      <clamped>false</clamped>
      <targetValue>0.0</targetValue>
      <updatePriority>0</updatePriority>
      <auxValue>0.0</auxValue>
    </org.simbrain.network.core.Neuron>
    <org.simbrain.network.core.Neuron>
      <updateRule class="org.simbrain.network.neuron_update_rules.LinearRule">
        <inputType>WEIGHTED</inputType>
        <increment>0.1</increment>
        <slope>1.0</slope>
        <bias>0.0</bias>
        <noiseGenerator>
          <pdf>UNIFORM</pdf>
          <param1>0.0</param1>
          <param2>1.0</param2>
          <upperBound>1.0</upperBound>
          <lowerBound>0.0</lowerBound>
          <clipping>false</clipping>
        </noiseGenerator>
        <addNoise>false</addNoise>
        <clipping>true</clipping>
        <upperBound>1.0</upperBound>
        <lowerBound>-1.0</lowerBound>
      </updateRule>
      <id>Neuron_6</id>
      <label>Move to Mother</label>
      <activation>0.0</activation>
      <buffer>0.02706505666245229</buffer>
      <inputValue>0.0</inputValue>
      <parent reference="../../.."/>
      <generator>false</generator>
      <x>-4.929427016698423</x>
      <y>185.53840166890183</y>
      <z>0.0</z>
      <clamped>false</clamped>
      <targetValue>0.0</targetValue>
      <updatePriority>0</updatePriority>
      <auxValue>0.0</auxValue>
    </org.simbrain.network.core.Neuron>
    <org.simbrain.network.core.Neuron>
      <updateRule class="org.simbrain.network.neuron_update_rules.LinearRule">
        <inputType>WEIGHTED</inputType>
        <increment>0.1</increment>
        <slope>1.0</slope>
        <bias>0.0</bias>
        <noiseGenerator>
          <pdf>UNIFORM</pdf>
          <param1>0.0</param1>
          <param2>1.0</param2>
          <upperBound>1.0</upperBound>
          <lowerBound>0.0</lowerBound>
          <clipping>false</clipping>
        </noiseGenerator>
        <addNoise>false</addNoise>
        <clipping>true</clipping>
        <upperBound>1.0</upperBound>
        <lowerBound>-1.0</lowerBound>
      </updateRule>
      <id>Neuron_7</id>
      <label>Dependency</label>
      <activation>0.7</activation>
      <buffer>0.0</buffer>
      <inputValue>0.0</inputValue>
      <parent reference="../../.."/>
      <generator>false</generator>
      <x>205.63062365428087</x>
      <y>96.64002317879374</y>
      <z>0.0</z>
      <clamped>true</clamped>
      <targetValue>0.0</targetValue>
      <updatePriority>0</updatePriority>
      <auxValue>0.0</auxValue>
    </org.simbrain.network.core.Neuron>
  </neuronList>
  <synapseList class="linked-hash-set">
    <org.simbrain.network.core.Synapse>
      <parentNetwork reference="../../.."/>
      <source reference="../../../neuronList/org.simbrain.network.core.Neuron"/>
      <target reference="../../../neuronList/org.simbrain.network.core.Neuron[4]"/>
      <learningRule class="org.simbrain.network.synapse_update_rules.StaticSynapseRule">
        <clipped>false</clipped>
      </learningRule>
      <id>Synapse_1</id>
      <strength>1.0</strength>
      <psr>0.0</psr>
      <increment>1.0</increment>
      <upperBound>10.0</upperBound>
      <lowerBound>-10.0</lowerBound>
      <delay>0</delay>
      <enabled>true</enabled>
      <frozen>false</frozen>
    </org.simbrain.network.core.Synapse>
    <org.simbrain.network.core.Synapse>
      <parentNetwork reference="../../.."/>
      <source reference="../../../neuronList/org.simbrain.network.core.Neuron[4]"/>
      <target reference="../../../neuronList/org.simbrain.network.core.Neuron[3]"/>
      <learningRule class="org.simbrain.network.synapse_update_rules.StaticSynapseRule" reference="../../org.simbrain.network.core.Synapse/learningRule"/>
      <id>Synapse_2</id>
      <strength>-1.0</strength>
      <psr>-0.6731727589040521</psr>
      <increment>1.0</increment>
      <upperBound>10.0</upperBound>
      <lowerBound>-10.0</lowerBound>
      <delay>0</delay>
      <enabled>true</enabled>
      <frozen>false</frozen>
    </org.simbrain.network.core.Synapse>
    <org.simbrain.network.core.Synapse>
      <parentNetwork reference="../../.."/>
      <source reference="../../../neuronList/org.simbrain.network.core.Neuron[3]"/>
      <target reference="../../../neuronList/org.simbrain.network.core.Neuron[2]"/>
      <learningRule class="org.simbrain.network.synapse_update_rules.StaticSynapseRule" reference="../../org.simbrain.network.core.Synapse/learningRule"/>
      <id>Synapse_3</id>
      <strength>1.0</strength>
      <psr>0.02706505666245229</psr>
      <increment>1.0</increment>
      <upperBound>10.0</upperBound>
      <lowerBound>-10.0</lowerBound>
      <delay>0</delay>
      <enabled>true</enabled>
      <frozen>false</frozen>
    </org.simbrain.network.core.Synapse>
    <org.simbrain.network.core.Synapse>
      <parentNetwork reference="../../.."/>
      <source reference="../../../neuronList/org.simbrain.network.core.Neuron[5]"/>
      <target reference="../../../neuronList/org.simbrain.network.core.Neuron[4]"/>
      <learningRule class="org.simbrain.network.synapse_update_rules.StaticSynapseRule">
        <clipped>false</clipped>
      </learningRule>
      <id>Synapse_4</id>
      <strength>1.5</strength>
      <psr>0.673408451235861</psr>
      <increment>1.0</increment>
      <upperBound>10.0</upperBound>
      <lowerBound>-10.0</lowerBound>
      <delay>0</delay>
      <enabled>true</enabled>
      <frozen>false</frozen>
    </org.simbrain.network.core.Synapse>
    <org.simbrain.network.core.Synapse>
      <parentNetwork reference="../../.."/>
      <source reference="../../../neuronList/org.simbrain.network.core.Neuron[3]"/>
      <target reference="../../../neuronList/org.simbrain.network.core.Neuron[6]"/>
      <learningRule class="org.simbrain.network.synapse_update_rules.StaticSynapseRule" reference="../../org.simbrain.network.core.Synapse/learningRule"/>
      <id>Synapse_5</id>
      <strength>1.0</strength>
      <psr>0.02706505666245229</psr>
      <increment>1.0</increment>
      <upperBound>10.0</upperBound>
      <lowerBound>-10.0</lowerBound>
      <delay>0</delay>
      <enabled>true</enabled>
      <frozen>false</frozen>
    </org.simbrain.network.core.Synapse>
    <org.simbrain.network.core.Synapse>
      <parentNetwork reference="../../.."/>
      <source reference="../../../neuronList/org.simbrain.network.core.Neuron[7]"/>
      <target reference="../../../neuronList/org.simbrain.network.core.Neuron[3]"/>
      <learningRule class="org.simbrain.network.synapse_update_rules.StaticSynapseRule" reference="../../org.simbrain.network.core.Synapse/learningRule"/>
      <id>Synapse_6</id>
      <strength>1.0</strength>
      <psr>0.7</psr>
      <increment>1.0</increment>
      <upperBound>10.0</upperBound>
      <lowerBound>-10.0</lowerBound>
      <delay>0</delay>
      <enabled>true</enabled>
      <frozen>false</frozen>
    </org.simbrain.network.core.Synapse>
    <org.simbrain.network.core.Synapse>
      <parentNetwork reference="../../.."/>
      <source reference="../../../neuronList/org.simbrain.network.core.Neuron[6]"/>
      <target>
        <updateRule class="org.simbrain.network.neuron_update_rules.LinearRule">
          <inputType>WEIGHTED</inputType>
          <increment>0.1</increment>
          <slope>1.0</slope>
          <bias>0.0</bias>
          <noiseGenerator>
            <pdf>UNIFORM</pdf>
            <param1>0.0</param1>
            <param2>1.0</param2>
            <upperBound>1.0</upperBound>
            <lowerBound>0.0</lowerBound>
            <clipping>false</clipping>
          </noiseGenerator>
          <addNoise>false</addNoise>
          <clipping>true</clipping>
          <upperBound>1.0</upperBound>
          <lowerBound>-1.0</lowerBound>
        </updateRule>
        <id>Neuron_13</id>
        <label>Straight</label>
        <activation>0.0</activation>
        <buffer>0.04095743596563256</buffer>
        <inputValue>0.0</inputValue>
        <parent reference="../../../.."/>
        <generator>false</generator>
        <x>-84.1570290538528</x>
        <y>264.2807717895567</y>
        <z>0.0</z>
        <clamped>false</clamped>
        <targetValue>0.0</targetValue>
        <parentGroup class="org.simbrain.network.groups.NeuronGroup">
          <parentNetwork reference="../../../../.."/>
          <id>Group_1</id>
          <label>Movement Subnetwork</label>
          <stateInfo></stateInfo>
          <markedForDeletion>false</markedForDeletion>
          <isSpikingNeuronGroup>false</isSpikingNeuronGroup>
          <neuronList>
            <org.simbrain.network.core.Neuron reference="../../.."/>
            <org.simbrain.network.core.Neuron>
              <updateRule class="org.simbrain.network.neuron_update_rules.LinearRule">
                <inputType>WEIGHTED</inputType>
                <increment>0.1</increment>
                <slope>1.0</slope>
                <bias>0.0</bias>
                <noiseGenerator>
                  <pdf>UNIFORM</pdf>
                  <param1>0.0</param1>
                  <param2>1.0</param2>
                  <upperBound>1.0</upperBound>
                  <lowerBound>0.0</lowerBound>
                  <clipping>false</clipping>
                </noiseGenerator>
                <addNoise>false</addNoise>
                <clipping>true</clipping>
                <upperBound>10.0</upperBound>
                <lowerBound>-1.0</lowerBound>
              </updateRule>
              <id>Neuron_14</id>
              <label>Right Sensor</label>
              <activation>0.0</activation>
              <buffer>0.6136287712306445</buffer>
              <inputValue>0.0</inputValue>
              <parent reference="../../../../../../.."/>
              <generator>false</generator>
              <x>-11.091803200727135</x>
              <y>328.61529558889447</y>
              <z>0.0</z>
              <clamped>false</clamped>
              <targetValue>0.0</targetValue>
              <parentGroup class="org.simbrain.network.groups.NeuronGroup" reference="../../.."/>
              <updatePriority>0</updatePriority>
              <auxValue>0.0</auxValue>
            </org.simbrain.network.core.Neuron>
            <org.simbrain.network.core.Neuron>
              <updateRule class="org.simbrain.network.neuron_update_rules.LinearRule">
                <inputType>WEIGHTED</inputType>
                <increment>0.1</increment>
                <slope>1.0</slope>
                <bias>0.0</bias>
                <noiseGenerator>
                  <pdf>UNIFORM</pdf>
                  <param1>0.0</param1>
                  <param2>1.0</param2>
                  <upperBound>1.0</upperBound>
                  <lowerBound>0.0</lowerBound>
                  <clipping>false</clipping>
                </noiseGenerator>
                <addNoise>false</addNoise>
                <clipping>true</clipping>
                <upperBound>10.0</upperBound>
                <lowerBound>-1.0</lowerBound>
              </updateRule>
              <id>Neuron_15</id>
              <label>Left Sensor</label>
              <activation>0.0</activation>
              <buffer>0.6136287305243229</buffer>
              <inputValue>0.0</inputValue>
              <parent reference="../../../../../../.."/>
              <generator>false</generator>
              <x>-151.044648809817</x>
              <y>329.4634181453698</y>
              <z>0.0</z>
              <clamped>false</clamped>
              <targetValue>0.0</targetValue>
              <parentGroup class="org.simbrain.network.groups.NeuronGroup" reference="../../.."/>
              <updatePriority>0</updatePriority>
              <auxValue>0.0</auxValue>
            </org.simbrain.network.core.Neuron>
            <org.simbrain.network.core.Neuron>
              <updateRule class="org.simbrain.network.neuron_update_rules.LinearRule">
                <inputType>WEIGHTED</inputType>
                <increment>0.1</increment>
                <slope>1.0</slope>
                <bias>0.0</bias>
                <noiseGenerator>
                  <pdf>UNIFORM</pdf>
                  <param1>0.0</param1>
                  <param2>1.0</param2>
                  <upperBound>1.0</upperBound>
                  <lowerBound>0.0</lowerBound>
                  <clipping>false</clipping>
                </noiseGenerator>
                <addNoise>false</addNoise>
                <clipping>true</clipping>
                <upperBound>10.0</upperBound>
                <lowerBound>-1.0</lowerBound>
              </updateRule>
              <id>Neuron_16</id>
              <label>Turn Left</label>
              <activation>0.0</activation>
              <buffer>1.8404268894703093</buffer>
              <inputValue>0.0</inputValue>
              <parent reference="../../../../../../.."/>
              <generator>false</generator>
              <x>-149.45337777747162</x>
              <y>271.06904255671344</y>
              <z>0.0</z>
              <clamped>false</clamped>
              <targetValue>0.0</targetValue>
              <parentGroup class="org.simbrain.network.groups.NeuronGroup" reference="../../.."/>
              <updatePriority>0</updatePriority>
              <auxValue>0.0</auxValue>
            </org.simbrain.network.core.Neuron>
            <org.simbrain.network.core.Neuron>
              <updateRule class="org.simbrain.network.neuron_update_rules.LinearRule">
                <inputType>WEIGHTED</inputType>
                <increment>0.1</increment>
                <slope>1.0</slope>
                <bias>0.0</bias>
                <noiseGenerator>
                  <pdf>UNIFORM</pdf>
                  <param1>0.0</param1>
                  <param2>1.0</param2>
                  <upperBound>1.0</upperBound>
                  <lowerBound>0.0</lowerBound>
                  <clipping>false</clipping>
                </noiseGenerator>
                <addNoise>false</addNoise>
                <clipping>true</clipping>
                <upperBound>10.0</upperBound>
                <lowerBound>-1.0</lowerBound>
              </updateRule>
              <id>Neuron_17</id>
              <label>Turn Right</label>
              <activation>0.0</activation>
              <buffer>1.8404270329727876</buffer>
              <inputValue>0.0</inputValue>
              <parent reference="../../../../../../.."/>
              <generator>false</generator>
              <x>-11.882445874416927</x>
              <y>271.29256193246465</y>
              <z>0.0</z>
              <clamped>false</clamped>
              <targetValue>0.0</targetValue>
              <parentGroup class="org.simbrain.network.groups.NeuronGroup" reference="../../.."/>
              <updatePriority>0</updatePriority>
              <auxValue>0.0</auxValue>
            </org.simbrain.network.core.Neuron>
          </neuronList>
          <layout class="org.simbrain.network.layouts.LineLayout">
            <orientation>HORIZONTAL</orientation>
            <spacing>50.0</spacing>
            <initialX>-27.0</initialX>
            <initialY>-1940.0</initialY>
          </layout>
          <incomingSgs/>
          <outgoingSgs/>
          <gridThreshold>10</gridThreshold>
          <betweenNeuronInterval>50</betweenNeuronInterval>
        </parentGroup>
        <updatePriority>0</updatePriority>
        <auxValue>0.0</auxValue>
      </target>
      <learningRule class="org.simbrain.network.synapse_update_rules.StaticSynapseRule">
        <clipped>false</clipped>
      </learningRule>
      <id>Synapse_7</id>
      <strength>1.5</strength>
      <psr>0.04095743596563256</psr>
      <increment>1.0</increment>
      <upperBound>10.0</upperBound>
      <lowerBound>-10.0</lowerBound>
      <delay>0</delay>
      <enabled>true</enabled>
      <frozen>false</frozen>
    </org.simbrain.network.core.Synapse>
    <org.simbrain.network.core.Synapse>
      <parentNetwork reference="../../.."/>
      <source reference="../../org.simbrain.network.core.Synapse[7]/target/parentGroup/neuronList/org.simbrain.network.core.Neuron[3]"/>
      <target reference="../../org.simbrain.network.core.Synapse[7]/target/parentGroup/neuronList/org.simbrain.network.core.Neuron[4]"/>
      <learningRule class="org.simbrain.network.synapse_update_rules.StaticSynapseRule">
        <clipped>false</clipped>
      </learningRule>
      <id>Synapse_10</id>
      <strength>3.0</strength>
      <psr>1.8404268894703093</psr>
      <increment>1.0</increment>
      <upperBound>10.0</upperBound>
      <lowerBound>-10.0</lowerBound>
      <delay>0</delay>
      <enabled>true</enabled>
      <frozen>false</frozen>
    </org.simbrain.network.core.Synapse>
    <org.simbrain.network.core.Synapse>
      <parentNetwork reference="../../.."/>
      <source reference="../../org.simbrain.network.core.Synapse[7]/target/parentGroup/neuronList/org.simbrain.network.core.Neuron[2]"/>
      <target reference="../../org.simbrain.network.core.Synapse[7]/target/parentGroup/neuronList/org.simbrain.network.core.Neuron[5]"/>
      <learningRule class="org.simbrain.network.synapse_update_rules.StaticSynapseRule" reference="../../org.simbrain.network.core.Synapse[8]/learningRule"/>
      <id>Synapse_11</id>
      <strength>3.0</strength>
      <psr>1.8404270329727876</psr>
      <increment>1.0</increment>
      <upperBound>10.0</upperBound>
      <lowerBound>-10.0</lowerBound>
      <delay>0</delay>
      <enabled>true</enabled>
      <frozen>false</frozen>
    </org.simbrain.network.core.Synapse>
  </synapseList>
  <groupList>
    <org.simbrain.network.groups.NeuronGroup reference="../../synapseList/org.simbrain.network.core.Synapse[7]/target/parentGroup"/>
  </groupList>
  <textList>
    <org.simbrain.network.core.NetworkTextObject>
      <parent reference="../../.."/>
      <x>-163.93613188073616</x>
      <y>5.477138615524501</y>
      <text>Child Network</text>
      <fontName>Helvetica</fontName>
      <fontSize>18</fontSize>
      <italic>false</italic>
      <bold>false</bold>
    </org.simbrain.network.core.NetworkTextObject>
  </textList>
  <updateManager>
    <actionList class="java.util.concurrent.CopyOnWriteArrayList" serialization="custom">
      <java.util.concurrent.CopyOnWriteArrayList>
        <default/>
        <int>2</int>
        <org.simbrain.network.update__actions.BufferedUpdate>
          <network reference="../../../../.."/>
        </org.simbrain.network.update__actions.BufferedUpdate>
        <org.simbrain.network.update__actions.UpdateGroup>
          <group class="org.simbrain.network.groups.NeuronGroup" reference="../../../../../synapseList/org.simbrain.network.core.Synapse[7]/target/parentGroup"/>
        </org.simbrain.network.update__actions.UpdateGroup>
      </java.util.concurrent.CopyOnWriteArrayList>
    </actionList>
    <network reference="../.."/>
  </updateManager>
  <time>0.0</time>
  <timeStep>0.1</timeStep>
  <timeType>DISCRETE</timeType>
  <prioritySortedNeuronList>
    <org.simbrain.network.core.Neuron reference="../../neuronList/org.simbrain.network.core.Neuron"/>
    <org.simbrain.network.core.Neuron reference="../../neuronList/org.simbrain.network.core.Neuron[2]"/>
    <org.simbrain.network.core.Neuron reference="../../neuronList/org.simbrain.network.core.Neuron[3]"/>
    <org.simbrain.network.core.Neuron reference="../../neuronList/org.simbrain.network.core.Neuron[4]"/>
    <org.simbrain.network.core.Neuron reference="../../neuronList/org.simbrain.network.core.Neuron[5]"/>
    <org.simbrain.network.core.Neuron reference="../../neuronList/org.simbrain.network.core.Neuron[6]"/>
    <org.simbrain.network.core.Neuron reference="../../neuronList/org.simbrain.network.core.Neuron[7]"/>
    <org.simbrain.network.core.Neuron reference="../../synapseList/org.simbrain.network.core.Synapse[7]/target"/>
    <org.simbrain.network.core.Neuron reference="../../synapseList/org.simbrain.network.core.Synapse[7]/target/parentGroup/neuronList/org.simbrain.network.core.Neuron[2]"/>
    <org.simbrain.network.core.Neuron reference="../../synapseList/org.simbrain.network.core.Synapse[7]/target/parentGroup/neuronList/org.simbrain.network.core.Neuron[3]"/>
    <org.simbrain.network.core.Neuron reference="../../synapseList/org.simbrain.network.core.Synapse[7]/target/parentGroup/neuronList/org.simbrain.network.core.Neuron[4]"/>
    <org.simbrain.network.core.Neuron reference="../../synapseList/org.simbrain.network.core.Synapse[7]/target/parentGroup/neuronList/org.simbrain.network.core.Neuron[5]"/>
  </prioritySortedNeuronList>
  <priorityComparator>
    <outer-class reference="../.."/>
  </priorityComparator>
  <neuronIdGenerator>
    <rootName>Neuron</rootName>
    <index>18</index>
  </neuronIdGenerator>
  <synapseIdGenerator>
    <rootName>Synapse</rootName>
    <index>12</index>
  </synapseIdGenerator>
  <groupIdGenerator>
    <rootName>Group</rootName>
    <index>2</index>
  </groupIdGenerator>
</org.simbrain.network.core.Network>