<org.simbrain.network.core.Network>
  <looseNeurons>
    <org.simbrain.network.core.Neuron>
      <updateRule class="org.simbrain.network.neuron_update_rules.LinearRule">
        <slope>1.0</slope>
        <bias>0.0</bias>
        <noiseGenerator class="org.simbrain.util.math.ProbDistributions.UniformDistribution">
          <floor>0.0</floor>
          <ceil>1.0</ceil>
          <polarity>BOTH</polarity>
        </noiseGenerator>
        <addNoise>false</addNoise>
        <clipping>true</clipping>
        <upperBound>1.0</upperBound>
        <lowerBound>-1.0</lowerBound>
      </updateRule>
      <id>Neuron_1</id>
      <label>Hear Baby!</label>
      <activation>0.0</activation>
      <increment>0.1</increment>
      <spike>false</spike>
      <buffer>0.0</buffer>
      <spkBuffer>false</spkBuffer>
      <inputValue>0.0</inputValue>
      <parent reference="../../.."/>
      <x>76.16913263884585</x>
      <y>129.78537283308856</y>
      <z>0.0</z>
      <clamped>false</clamped>
      <polarity>BOTH</polarity>
      <targetValue>0.0</targetValue>
      <lastActivation>0.0</lastActivation>
      <updatePriority>0</updatePriority>
      <auxValue>0.0</auxValue>
    </org.simbrain.network.core.Neuron>
    <org.simbrain.network.core.Neuron>
      <updateRule class="org.simbrain.network.neuron_update_rules.LinearRule">
        <slope>1.0</slope>
        <bias>0.0</bias>
        <noiseGenerator class="org.simbrain.util.math.ProbDistributions.UniformDistribution">
          <floor>0.0</floor>
          <ceil>1.0</ceil>
          <polarity>BOTH</polarity>
        </noiseGenerator>
        <addNoise>false</addNoise>
        <clipping>true</clipping>
        <upperBound>1.0</upperBound>
        <lowerBound>-1.0</lowerBound>
      </updateRule>
      <id>Neuron_2</id>
      <label>Distance from mom</label>
      <activation>0.0</activation>
      <increment>0.1</increment>
      <spike>false</spike>
      <buffer>0.0</buffer>
      <spkBuffer>false</spkBuffer>
      <inputValue>0.0</inputValue>
      <parent reference="../../.."/>
      <x>134.0263453293261</x>
      <y>176.0263374860671</y>
      <z>0.0</z>
      <clamped>false</clamped>
      <polarity>BOTH</polarity>
      <targetValue>0.0</targetValue>
      <lastActivation>0.0</lastActivation>
      <updatePriority>0</updatePriority>
      <auxValue>0.0</auxValue>
    </org.simbrain.network.core.Neuron>
    <org.simbrain.network.core.Neuron>
      <updateRule class="org.simbrain.network.neuron_update_rules.LinearRule">
        <slope>1.0</slope>
        <bias>0.0</bias>
        <noiseGenerator class="org.simbrain.util.math.ProbDistributions.UniformDistribution">
          <floor>0.0</floor>
          <ceil>1.0</ceil>
          <polarity>BOTH</polarity>
        </noiseGenerator>
        <addNoise>false</addNoise>
        <clipping>true</clipping>
        <upperBound>1.0</upperBound>
        <lowerBound>-1.0</lowerBound>
      </updateRule>
      <id>Neuron_3</id>
      <label>Move to Mother</label>
      <activation>0.0</activation>
      <increment>0.1</increment>
      <spike>false</spike>
      <buffer>0.0</buffer>
      <spkBuffer>false</spkBuffer>
      <inputValue>0.0</inputValue>
      <parent reference="../../.."/>
      <x>234.52354737821332</x>
      <y>197.66110893209722</y>
      <z>0.0</z>
      <clamped>false</clamped>
      <polarity>BOTH</polarity>
      <targetValue>0.0</targetValue>
      <lastActivation>0.0</lastActivation>
      <updatePriority>0</updatePriority>
      <auxValue>0.0</auxValue>
    </org.simbrain.network.core.Neuron>
    <org.simbrain.network.core.Neuron>
      <updateRule class="org.simbrain.network.neuron_update_rules.LinearRule">
        <slope>1.0</slope>
        <bias>0.0</bias>
        <noiseGenerator class="org.simbrain.util.math.ProbDistributions.UniformDistribution">
          <floor>0.0</floor>
          <ceil>1.0</ceil>
          <polarity>BOTH</polarity>
        </noiseGenerator>
        <addNoise>false</addNoise>
        <clipping>true</clipping>
        <upperBound>1.0</upperBound>
        <lowerBound>-1.0</lowerBound>
      </updateRule>
      <id>Neuron_4</id>
      <label>Security Detector</label>
      <activation>0.0</activation>
      <increment>0.1</increment>
      <spike>false</spike>
      <buffer>0.0</buffer>
      <spkBuffer>false</spkBuffer>
      <inputValue>0.0</inputValue>
      <parent reference="../../.."/>
      <x>210.53772284055356</x>
      <y>118.4473205018273</y>
      <z>0.0</z>
      <clamped>false</clamped>
      <polarity>BOTH</polarity>
      <targetValue>0.0</targetValue>
      <lastActivation>0.0</lastActivation>
      <updatePriority>0</updatePriority>
      <auxValue>0.0</auxValue>
    </org.simbrain.network.core.Neuron>
    <org.simbrain.network.core.Neuron>
      <updateRule class="org.simbrain.network.neuron_update_rules.LinearRule">
        <slope>1.0</slope>
        <bias>0.0</bias>
        <noiseGenerator class="org.simbrain.util.math.ProbDistributions.UniformDistribution">
          <floor>0.0</floor>
          <ceil>1.0</ceil>
          <polarity>BOTH</polarity>
        </noiseGenerator>
        <addNoise>false</addNoise>
        <clipping>true</clipping>
        <upperBound>1.0</upperBound>
        <lowerBound>-1.0</lowerBound>
      </updateRule>
      <id>Neuron_5</id>
      <label>AppSec (Insecurity)</label>
      <activation>0.0</activation>
      <increment>0.1</increment>
      <spike>false</spike>
      <buffer>0.0</buffer>
      <spkBuffer>false</spkBuffer>
      <inputValue>0.0</inputValue>
      <parent reference="../../.."/>
      <x>316.35667989784895</x>
      <y>141.06992204912726</y>
      <z>0.0</z>
      <clamped>false</clamped>
      <polarity>BOTH</polarity>
      <targetValue>0.0</targetValue>
      <lastActivation>0.0</lastActivation>
      <updatePriority>0</updatePriority>
      <auxValue>0.0</auxValue>
    </org.simbrain.network.core.Neuron>
    <org.simbrain.network.core.Neuron>
      <updateRule class="org.simbrain.network.neuron_update_rules.LinearRule">
        <slope>1.0</slope>
        <bias>0.0</bias>
        <noiseGenerator class="org.simbrain.util.math.ProbDistributions.UniformDistribution">
          <floor>0.0</floor>
          <ceil>1.0</ceil>
          <polarity>BOTH</polarity>
        </noiseGenerator>
        <addNoise>false</addNoise>
        <clipping>true</clipping>
        <upperBound>1.0</upperBound>
        <lowerBound>-1.0</lowerBound>
      </updateRule>
      <id>Neuron_6</id>
      <label>Say Mommy!</label>
      <activation>0.0</activation>
      <increment>0.1</increment>
      <spike>false</spike>
      <buffer>0.0</buffer>
      <spkBuffer>false</spkBuffer>
      <inputValue>0.0</inputValue>
      <parent reference="../../.."/>
      <x>317.7306349626408</x>
      <y>205.72287413174223</y>
      <z>0.0</z>
      <clamped>false</clamped>
      <polarity>BOTH</polarity>
      <targetValue>0.0</targetValue>
      <lastActivation>0.0</lastActivation>
      <updatePriority>0</updatePriority>
      <auxValue>0.0</auxValue>
    </org.simbrain.network.core.Neuron>
    <org.simbrain.network.core.Neuron>
      <updateRule class="org.simbrain.network.neuron_update_rules.LinearRule">
        <slope>1.0</slope>
        <bias>0.0</bias>
        <noiseGenerator class="org.simbrain.util.math.ProbDistributions.UniformDistribution">
          <floor>0.0</floor>
          <ceil>1.0</ceil>
          <polarity>BOTH</polarity>
        </noiseGenerator>
        <addNoise>false</addNoise>
        <clipping>true</clipping>
        <upperBound>1.0</upperBound>
        <lowerBound>-1.0</lowerBound>
      </updateRule>
      <id>Neuron_7</id>
      <label>Dependency</label>
      <activation>0.7</activation>
      <increment>0.1</increment>
      <spike>false</spike>
      <buffer>0.0</buffer>
      <spkBuffer>false</spkBuffer>
      <inputValue>0.0</inputValue>
      <parent reference="../../.."/>
      <x>417.0289086523239</x>
      <y>51.36080601570904</y>
      <z>0.0</z>
      <clamped>true</clamped>
      <polarity>BOTH</polarity>
      <targetValue>0.0</targetValue>
      <lastActivation>0.0</lastActivation>
      <updatePriority>0</updatePriority>
      <auxValue>0.0</auxValue>
    </org.simbrain.network.core.Neuron>
    <org.simbrain.network.core.Neuron>
      <updateRule class="org.simbrain.network.neuron_update_rules.LinearRule">
        <slope>1.0</slope>
        <bias>0.0</bias>
        <noiseGenerator class="org.simbrain.util.math.ProbDistributions.UniformDistribution">
          <floor>0.0</floor>
          <ceil>1.0</ceil>
          <polarity>BOTH</polarity>
        </noiseGenerator>
        <addNoise>false</addNoise>
        <clipping>true</clipping>
        <upperBound>1.0</upperBound>
        <lowerBound>-1.0</lowerBound>
      </updateRule>
      <id>Neuron_8</id>
      <label>Turn Left</label>
      <activation>0.0</activation>
      <increment>0.1</increment>
      <spike>false</spike>
      <buffer>0.0</buffer>
      <spkBuffer>false</spkBuffer>
      <inputValue>0.0</inputValue>
      <parent reference="../../.."/>
      <x>84.29339517606617</x>
      <y>323.324620939256</y>
      <z>0.0</z>
      <clamped>false</clamped>
      <polarity>BOTH</polarity>
      <targetValue>0.0</targetValue>
      <lastActivation>0.0</lastActivation>
      <updatePriority>0</updatePriority>
      <auxValue>0.0</auxValue>
    </org.simbrain.network.core.Neuron>
    <org.simbrain.network.core.Neuron>
      <updateRule class="org.simbrain.network.neuron_update_rules.LinearRule">
        <slope>1.0</slope>
        <bias>0.0</bias>
        <noiseGenerator class="org.simbrain.util.math.ProbDistributions.UniformDistribution">
          <floor>0.0</floor>
          <ceil>1.0</ceil>
          <polarity>BOTH</polarity>
        </noiseGenerator>
        <addNoise>false</addNoise>
        <clipping>true</clipping>
        <upperBound>1.0</upperBound>
        <lowerBound>-1.0</lowerBound>
      </updateRule>
      <id>Neuron_9</id>
      <label>Straight</label>
      <activation>0.0</activation>
      <increment>0.1</increment>
      <spike>false</spike>
      <buffer>0.0</buffer>
      <spkBuffer>false</spkBuffer>
      <inputValue>0.0</inputValue>
      <parent reference="../../.."/>
      <x>159.62696149176531</x>
      <y>323.06621512000055</y>
      <z>0.0</z>
      <clamped>false</clamped>
      <polarity>BOTH</polarity>
      <targetValue>0.0</targetValue>
      <lastActivation>0.0</lastActivation>
      <updatePriority>0</updatePriority>
      <auxValue>0.0</auxValue>
    </org.simbrain.network.core.Neuron>
    <org.simbrain.network.core.Neuron>
      <updateRule class="org.simbrain.network.neuron_update_rules.LinearRule">
        <slope>1.0</slope>
        <bias>0.0</bias>
        <noiseGenerator class="org.simbrain.util.math.ProbDistributions.UniformDistribution">
          <floor>0.0</floor>
          <ceil>1.0</ceil>
          <polarity>BOTH</polarity>
        </noiseGenerator>
        <addNoise>false</addNoise>
        <clipping>true</clipping>
        <upperBound>1.0</upperBound>
        <lowerBound>-1.0</lowerBound>
      </updateRule>
      <id>Neuron_10</id>
      <label>Turn Right</label>
      <activation>0.0</activation>
      <increment>0.1</increment>
      <spike>false</spike>
      <buffer>0.0</buffer>
      <spkBuffer>false</spkBuffer>
      <inputValue>0.0</inputValue>
      <parent reference="../../.."/>
      <x>234.68326878840134</x>
      <y>318.65112371409367</y>
      <z>0.0</z>
      <clamped>false</clamped>
      <polarity>BOTH</polarity>
      <targetValue>0.0</targetValue>
      <lastActivation>0.0</lastActivation>
      <updatePriority>0</updatePriority>
      <auxValue>0.0</auxValue>
    </org.simbrain.network.core.Neuron>
    <org.simbrain.network.core.Neuron>
      <updateRule class="org.simbrain.network.neuron_update_rules.LinearRule">
        <slope>1.0</slope>
        <bias>0.0</bias>
        <noiseGenerator class="org.simbrain.util.math.ProbDistributions.UniformDistribution">
          <floor>0.0</floor>
          <ceil>1.0</ceil>
          <polarity>BOTH</polarity>
        </noiseGenerator>
        <addNoise>false</addNoise>
        <clipping>true</clipping>
        <upperBound>1.0</upperBound>
        <lowerBound>-1.0</lowerBound>
      </updateRule>
      <id>Neuron_11</id>
      <label>Left Sensor</label>
      <activation>0.0</activation>
      <increment>0.1</increment>
      <spike>false</spike>
      <buffer>0.0</buffer>
      <spkBuffer>false</spkBuffer>
      <inputValue>0.0</inputValue>
      <parent reference="../../.."/>
      <x>82.40346862292552</x>
      <y>386.33022782234127</y>
      <z>0.0</z>
      <clamped>false</clamped>
      <polarity>BOTH</polarity>
      <targetValue>0.0</targetValue>
      <lastActivation>0.0</lastActivation>
      <updatePriority>0</updatePriority>
      <auxValue>0.0</auxValue>
    </org.simbrain.network.core.Neuron>
    <org.simbrain.network.core.Neuron>
      <updateRule class="org.simbrain.network.neuron_update_rules.LinearRule">
        <slope>1.0</slope>
        <bias>0.0</bias>
        <noiseGenerator class="org.simbrain.util.math.ProbDistributions.UniformDistribution">
          <floor>0.0</floor>
          <ceil>1.0</ceil>
          <polarity>BOTH</polarity>
        </noiseGenerator>
        <addNoise>false</addNoise>
        <clipping>true</clipping>
        <upperBound>1.0</upperBound>
        <lowerBound>-1.0</lowerBound>
      </updateRule>
      <id>Neuron_12</id>
      <label>Right Sensor</label>
      <activation>0.0</activation>
      <increment>0.1</increment>
      <spike>false</spike>
      <buffer>0.0</buffer>
      <spkBuffer>false</spkBuffer>
      <inputValue>0.0</inputValue>
      <parent reference="../../.."/>
      <x>235.3775837005637</x>
      <y>385.5368508358305</y>
      <z>0.0</z>
      <clamped>false</clamped>
      <polarity>BOTH</polarity>
      <targetValue>0.0</targetValue>
      <lastActivation>0.0</lastActivation>
      <updatePriority>0</updatePriority>
      <auxValue>0.0</auxValue>
    </org.simbrain.network.core.Neuron>
  </looseNeurons>
  <looseSynapses class="linked-hash-set">
    <org.simbrain.network.core.Synapse>
      <strength>1.0</strength>
      <parentNetwork reference="../../.."/>
      <source reference="../../../looseNeurons/org.simbrain.network.core.Neuron[7]"/>
      <target reference="../../../looseNeurons/org.simbrain.network.core.Neuron[5]"/>
      <learningRule class="org.simbrain.network.synapse_update_rules.StaticSynapseRule">
        <clipped>false</clipped>
      </learningRule>
      <spikeResponder class="org.simbrain.network.synapse_update_rules.spikeresponders.NonResponder">
        <value>0.0</value>
      </spikeResponder>
      <id>Synapse_1</id>
      <psr>0.0</psr>
      <increment>1.0</increment>
      <upperBound>10.0</upperBound>
      <lowerBound>-10.0</lowerBound>
      <delay>0</delay>
      <enabled>true</enabled>
      <frozen>false</frozen>
      <dlyPtr>0</dlyPtr>
      <dlyVal>0.0</dlyVal>
      <isTemplate>false</isTemplate>
    </org.simbrain.network.core.Synapse>
    <org.simbrain.network.core.Synapse>
      <strength>1.0</strength>
      <parentNetwork reference="../../.."/>
      <source reference="../../../looseNeurons/org.simbrain.network.core.Neuron"/>
      <target reference="../../../looseNeurons/org.simbrain.network.core.Neuron[4]"/>
      <learningRule class="org.simbrain.network.synapse_update_rules.StaticSynapseRule" reference="../../org.simbrain.network.core.Synapse/learningRule"/>
      <spikeResponder class="org.simbrain.network.synapse_update_rules.spikeresponders.NonResponder">
        <value>0.0</value>
      </spikeResponder>
      <id>Synapse_2</id>
      <psr>0.0</psr>
      <increment>1.0</increment>
      <upperBound>10.0</upperBound>
      <lowerBound>-10.0</lowerBound>
      <delay>0</delay>
      <enabled>true</enabled>
      <frozen>false</frozen>
      <dlyPtr>0</dlyPtr>
      <dlyVal>0.0</dlyVal>
      <isTemplate>false</isTemplate>
    </org.simbrain.network.core.Synapse>
    <org.simbrain.network.core.Synapse>
      <strength>1.5</strength>
      <parentNetwork reference="../../.."/>
      <source reference="../../../looseNeurons/org.simbrain.network.core.Neuron[2]"/>
      <target reference="../../../looseNeurons/org.simbrain.network.core.Neuron[4]"/>
      <learningRule class="org.simbrain.network.synapse_update_rules.StaticSynapseRule" reference="../../org.simbrain.network.core.Synapse/learningRule"/>
      <spikeResponder class="org.simbrain.network.synapse_update_rules.spikeresponders.NonResponder">
        <value>0.0</value>
      </spikeResponder>
      <id>Synapse_3</id>
      <psr>0.0</psr>
      <increment>1.0</increment>
      <upperBound>10.0</upperBound>
      <lowerBound>-10.0</lowerBound>
      <delay>0</delay>
      <enabled>true</enabled>
      <frozen>false</frozen>
      <dlyPtr>0</dlyPtr>
      <dlyVal>0.0</dlyVal>
      <isTemplate>false</isTemplate>
    </org.simbrain.network.core.Synapse>
    <org.simbrain.network.core.Synapse>
      <strength>1.0</strength>
      <parentNetwork reference="../../.."/>
      <source reference="../../../looseNeurons/org.simbrain.network.core.Neuron[5]"/>
      <target reference="../../../looseNeurons/org.simbrain.network.core.Neuron[3]"/>
      <learningRule class="org.simbrain.network.synapse_update_rules.StaticSynapseRule" reference="../../org.simbrain.network.core.Synapse/learningRule"/>
      <spikeResponder class="org.simbrain.network.synapse_update_rules.spikeresponders.NonResponder">
        <value>0.0</value>
      </spikeResponder>
      <id>Synapse_4</id>
      <psr>0.0</psr>
      <increment>1.0</increment>
      <upperBound>10.0</upperBound>
      <lowerBound>-10.0</lowerBound>
      <delay>0</delay>
      <enabled>true</enabled>
      <frozen>false</frozen>
      <dlyPtr>0</dlyPtr>
      <dlyVal>0.0</dlyVal>
      <isTemplate>false</isTemplate>
    </org.simbrain.network.core.Synapse>
    <org.simbrain.network.core.Synapse>
      <strength>1.0</strength>
      <parentNetwork reference="../../.."/>
      <source reference="../../../looseNeurons/org.simbrain.network.core.Neuron[5]"/>
      <target reference="../../../looseNeurons/org.simbrain.network.core.Neuron[6]"/>
      <learningRule class="org.simbrain.network.synapse_update_rules.StaticSynapseRule" reference="../../org.simbrain.network.core.Synapse/learningRule"/>
      <spikeResponder class="org.simbrain.network.synapse_update_rules.spikeresponders.NonResponder">
        <value>0.0</value>
      </spikeResponder>
      <id>Synapse_5</id>
      <psr>0.0</psr>
      <increment>1.0</increment>
      <upperBound>10.0</upperBound>
      <lowerBound>-10.0</lowerBound>
      <delay>0</delay>
      <enabled>true</enabled>
      <frozen>false</frozen>
      <dlyPtr>0</dlyPtr>
      <dlyVal>0.0</dlyVal>
      <isTemplate>false</isTemplate>
    </org.simbrain.network.core.Synapse>
    <org.simbrain.network.core.Synapse>
      <strength>-1.0</strength>
      <parentNetwork reference="../../.."/>
      <source reference="../../../looseNeurons/org.simbrain.network.core.Neuron[4]"/>
      <target reference="../../../looseNeurons/org.simbrain.network.core.Neuron[5]"/>
      <learningRule class="org.simbrain.network.synapse_update_rules.StaticSynapseRule" reference="../../org.simbrain.network.core.Synapse/learningRule"/>
      <spikeResponder class="org.simbrain.network.synapse_update_rules.spikeresponders.NonResponder">
        <value>0.0</value>
      </spikeResponder>
      <id>Synapse_6</id>
      <psr>0.0</psr>
      <increment>1.0</increment>
      <upperBound>10.0</upperBound>
      <lowerBound>-10.0</lowerBound>
      <delay>0</delay>
      <enabled>true</enabled>
      <frozen>false</frozen>
      <dlyPtr>0</dlyPtr>
      <dlyVal>0.0</dlyVal>
      <isTemplate>false</isTemplate>
    </org.simbrain.network.core.Synapse>
    <org.simbrain.network.core.Synapse>
      <strength>1.5</strength>
      <parentNetwork reference="../../.."/>
      <source reference="../../../looseNeurons/org.simbrain.network.core.Neuron[3]"/>
      <target reference="../../../looseNeurons/org.simbrain.network.core.Neuron[9]"/>
      <learningRule class="org.simbrain.network.synapse_update_rules.StaticSynapseRule" reference="../../org.simbrain.network.core.Synapse/learningRule"/>
      <spikeResponder class="org.simbrain.network.synapse_update_rules.spikeresponders.NonResponder">
        <value>0.0</value>
      </spikeResponder>
      <id>Synapse_7</id>
      <psr>0.0</psr>
      <increment>1.0</increment>
      <upperBound>10.0</upperBound>
      <lowerBound>-10.0</lowerBound>
      <delay>0</delay>
      <enabled>true</enabled>
      <frozen>false</frozen>
      <dlyPtr>0</dlyPtr>
      <dlyVal>0.0</dlyVal>
      <isTemplate>false</isTemplate>
    </org.simbrain.network.core.Synapse>
    <org.simbrain.network.core.Synapse>
      <strength>3.0</strength>
      <parentNetwork reference="../../.."/>
      <source reference="../../../looseNeurons/org.simbrain.network.core.Neuron[12]"/>
      <target reference="../../../looseNeurons/org.simbrain.network.core.Neuron[10]"/>
      <learningRule class="org.simbrain.network.synapse_update_rules.StaticSynapseRule" reference="../../org.simbrain.network.core.Synapse/learningRule"/>
      <spikeResponder class="org.simbrain.network.synapse_update_rules.spikeresponders.NonResponder">
        <value>0.0</value>
      </spikeResponder>
      <id>Synapse_8</id>
      <psr>0.0</psr>
      <increment>1.0</increment>
      <upperBound>10.0</upperBound>
      <lowerBound>-10.0</lowerBound>
      <delay>0</delay>
      <enabled>true</enabled>
      <frozen>false</frozen>
      <dlyPtr>0</dlyPtr>
      <dlyVal>0.0</dlyVal>
      <isTemplate>false</isTemplate>
    </org.simbrain.network.core.Synapse>
    <org.simbrain.network.core.Synapse>
      <strength>3.0</strength>
      <parentNetwork reference="../../.."/>
      <source reference="../../../looseNeurons/org.simbrain.network.core.Neuron[11]"/>
      <target reference="../../../looseNeurons/org.simbrain.network.core.Neuron[8]"/>
      <learningRule class="org.simbrain.network.synapse_update_rules.StaticSynapseRule" reference="../../org.simbrain.network.core.Synapse/learningRule"/>
      <spikeResponder class="org.simbrain.network.synapse_update_rules.spikeresponders.NonResponder">
        <value>0.0</value>
      </spikeResponder>
      <id>Synapse_9</id>
      <psr>0.0</psr>
      <increment>1.0</increment>
      <upperBound>10.0</upperBound>
      <lowerBound>-10.0</lowerBound>
      <delay>0</delay>
      <enabled>true</enabled>
      <frozen>false</frozen>
      <dlyPtr>0</dlyPtr>
      <dlyVal>0.0</dlyVal>
      <isTemplate>false</isTemplate>
    </org.simbrain.network.core.Synapse>
  </looseSynapses>
  <weightMatrices/>
  <neuronCollectionSet>
    <org.simbrain.network.groups.NeuronCollection>
      <parentNetwork reference="../../.."/>
      <id>Group_3</id>
      <label>Group 3</label>
      <stateInfo></stateInfo>
      <neuronList class="java.util.concurrent.CopyOnWriteArrayList" serialization="custom">
        <java.util.concurrent.CopyOnWriteArrayList>
          <default/>
          <int>5</int>
          <org.simbrain.network.core.Neuron reference="../../../../../looseNeurons/org.simbrain.network.core.Neuron[8]"/>
          <org.simbrain.network.core.Neuron reference="../../../../../looseNeurons/org.simbrain.network.core.Neuron[9]"/>
          <org.simbrain.network.core.Neuron reference="../../../../../looseNeurons/org.simbrain.network.core.Neuron[10]"/>
          <org.simbrain.network.core.Neuron reference="../../../../../looseNeurons/org.simbrain.network.core.Neuron[11]"/>
          <org.simbrain.network.core.Neuron reference="../../../../../looseNeurons/org.simbrain.network.core.Neuron[12]"/>
        </java.util.concurrent.CopyOnWriteArrayList>
      </neuronList>
      <outgoingWeightMatrices/>
      <inputMode>false</inputMode>
      <activationRecorder>
        <recordAsSpikes>false</recordAsSpikes>
        <recording>false</recording>
        <writeCounter>0</writeCounter>
        <nc class="org.simbrain.network.groups.NeuronCollection" reference="../.."/>
      </activationRecorder>
    </org.simbrain.network.groups.NeuronCollection>
  </neuronCollectionSet>
  <multiLayerNetworks/>
  <neuronGroups/>
  <synapseGroups/>
  <subnetworks/>
  <textList>
    <org.simbrain.network.core.NetworkTextObject>
      <parent reference="../../.."/>
      <x>168.6588152348097</x>
      <y>69.26206790458238</y>
      <text>Child Network</text>
      <fontName>Helvetica</fontName>
      <fontSize>12</fontSize>
      <italic>false</italic>
      <bold>false</bold>
    </org.simbrain.network.core.NetworkTextObject>
  </textList>
  <naList/>
  <updateManager>
    <actionList>
      <org.simbrain.network.update__actions.BufferedUpdate>
        <network reference="../../../.."/>
      </org.simbrain.network.update__actions.BufferedUpdate>
    </actionList>
    <network reference="../.."/>
  </updateManager>
  <time>0.0</time>
  <timeStep>0.1</timeStep>
  <isRunning>
    <value>0</value>
  </isRunning>
  <timeType>DISCRETE</timeType>
  <prioritySortedNeuronList>
    <org.simbrain.network.core.Neuron reference="../../looseNeurons/org.simbrain.network.core.Neuron"/>
    <org.simbrain.network.core.Neuron reference="../../looseNeurons/org.simbrain.network.core.Neuron[2]"/>
    <org.simbrain.network.core.Neuron reference="../../looseNeurons/org.simbrain.network.core.Neuron[3]"/>
    <org.simbrain.network.core.Neuron reference="../../looseNeurons/org.simbrain.network.core.Neuron[4]"/>
    <org.simbrain.network.core.Neuron reference="../../looseNeurons/org.simbrain.network.core.Neuron[5]"/>
    <org.simbrain.network.core.Neuron reference="../../looseNeurons/org.simbrain.network.core.Neuron[6]"/>
    <org.simbrain.network.core.Neuron reference="../../looseNeurons/org.simbrain.network.core.Neuron[7]"/>
    <org.simbrain.network.core.Neuron reference="../../looseNeurons/org.simbrain.network.core.Neuron[8]"/>
    <org.simbrain.network.core.Neuron reference="../../looseNeurons/org.simbrain.network.core.Neuron[9]"/>
    <org.simbrain.network.core.Neuron reference="../../looseNeurons/org.simbrain.network.core.Neuron[10]"/>
    <org.simbrain.network.core.Neuron reference="../../looseNeurons/org.simbrain.network.core.Neuron[11]"/>
    <org.simbrain.network.core.Neuron reference="../../looseNeurons/org.simbrain.network.core.Neuron[12]"/>
  </prioritySortedNeuronList>
  <priorityComparator>
    <outer-class reference="../.."/>
  </priorityComparator>
  <idManager>
    <idMap>
      <entry>
        <java-class>org.simbrain.network.dl4j.WeightMatrix</java-class>
        <org.simbrain.util.SimpleId>
          <rootName>WeightMatrix</rootName>
          <index>
            <value>1</value>
          </index>
        </org.simbrain.util.SimpleId>
      </entry>
      <entry>
        <java-class>org.simbrain.network.core.Neuron</java-class>
        <org.simbrain.util.SimpleId>
          <rootName>Neuron</rootName>
          <index>
            <value>13</value>
          </index>
        </org.simbrain.util.SimpleId>
      </entry>
      <entry>
        <java-class>org.simbrain.network.groups.SynapseGroup</java-class>
        <org.simbrain.util.SimpleId>
          <rootName>SynapseGroup</rootName>
          <index>
            <value>1</value>
          </index>
        </org.simbrain.util.SimpleId>
      </entry>
      <entry>
        <java-class>org.simbrain.network.dl4j.NeuronArray</java-class>
        <org.simbrain.util.SimpleId>
          <rootName>NeuronArray</rootName>
          <index>
            <value>1</value>
          </index>
        </org.simbrain.util.SimpleId>
      </entry>
      <entry>
        <java-class>org.simbrain.network.groups.NeuronGroup</java-class>
        <org.simbrain.util.SimpleId>
          <rootName>NeuronGroup</rootName>
          <index>
            <value>1</value>
          </index>
        </org.simbrain.util.SimpleId>
      </entry>
      <entry>
        <java-class>org.simbrain.network.groups.NeuronCollection</java-class>
        <org.simbrain.util.SimpleId>
          <rootName>NeuronCollection</rootName>
          <index>
            <value>2</value>
          </index>
        </org.simbrain.util.SimpleId>
      </entry>
      <entry>
        <java-class>org.simbrain.network.groups.Subnetwork</java-class>
        <org.simbrain.util.SimpleId>
          <rootName>Subnetwork</rootName>
          <index>
            <value>1</value>
          </index>
        </org.simbrain.util.SimpleId>
      </entry>
      <entry>
        <java-class>org.simbrain.network.dl4j.MultiLayerNet</java-class>
        <org.simbrain.util.SimpleId>
          <rootName>MultiLayerNet</rootName>
          <index>
            <value>1</value>
          </index>
        </org.simbrain.util.SimpleId>
      </entry>
      <entry>
        <java-class>org.simbrain.network.core.Synapse</java-class>
        <org.simbrain.util.SimpleId>
          <rootName>Synapse</rootName>
          <index>
            <value>10</value>
          </index>
        </org.simbrain.util.SimpleId>
      </entry>
    </idMap>
  </idManager>
  <name>Network1</name>
  <iterCount>0</iterCount>
  <updateFreq>1</updateFreq>
  <oneOffRun>false</oneOffRun>
</org.simbrain.network.core.Network>