<html>
<body>
<h1>Simulation of Child Attachment</h1>
<br>
<a href="http://www.bischof.com/">Norber Bischof</a> developed a 
mathematical theory of social attachment that can be modeled as a 
neural network.  His 1975 paper "A Systems Approach toward the Functional
Connections of Attachment and Fear" presents several models that simulate 
the way attachment develops between early infancy and adolescence. 
<blockquote>
All social mammals, including man, discriminate
between familiar and alien members
of their own species. In early childhood, the
familiar conspecific is an object of attachment.
Losing him causes distress. The stranger, on
the other hand, evokes wariness or even fear.
Although much more can be said about that,
this is the basic pattern.
<br><br>
Later in development, usually culminating
around puberty, this pattern changes. The
familiar partner turns less attractive, even repugnant,
whereas the stranger becomes a fascinating
object of exploratory approaches.
</blockquote><br>
<h2>Running This Simulation</h2>
This simulation roughly captures Bischof's first 1975 model, of the sense of attachment, whereby
there is "selection pressure enforcing the
development of an infantile propensity to stay
in continuous contact with the care giver".  
<br><br>
To see the model in action
simply <b>press the play</b> button.  The default settings will lead the child to 
ask for mommy and to move towards her.  Once he is within comfortable range,
he stops saying mommy and slows down.
<br><br>
By manually <b>reducing the activation of
the dependency node (select it and press the down button)</b>, the 
child will move less quickly towards its mom, and will eventually move away from
her.  This roughly corresponds to adolescence who "cut themselves off from parents", though we have
not implemented that stage completely here.  
<br><br>
Note that hear baby node is not currently used.
Future work would implement more of Bischof's model including a separate network 
governing the behavior of the mother.
<br><br>
Also note that Bischof himself does not present the model as a neural model but just as 
a system's model of the kind found in control engineering. 
The Movement subnetwork is a Braitenberg network that
is not part of the original Bischof model.
<br><br>
<h3>Credits</h3>
Lam Nguyen and Jeff Yoshimi built the 
simulation with input from Emil Ratko-Dehnert.
</body>
</html>
