<org.simbrain.world.odorworld.OdorWorld>
  <entityList class="java.util.concurrent.CopyOnWriteArrayList" serialization="custom">
    <java.util.concurrent.CopyOnWriteArrayList>
      <default/>
      <int>2</int>
      <org.simbrain.world.odorworld.entities.OdorWorldEntity>
        <entityType>AMY</entityType>
        <name>Mother</name>
        <id>Entity_3</id>
        <x>166.0</x>
        <y>211.0</y>
        <collisionBound>
          <collisionRadius>72.0</collisionRadius>
          <location>
            <x>166.0</x>
            <y>211.0</y>
          </location>
          <centerLocation>
            <x>214.0</x>
            <y>259.0</y>
          </centerLocation>
          <collisionBounds>
            <entry>
              <string>left</string>
              <java.awt.geom.Line2D_-Double>
                <x1>166.0</x1>
                <y1>211.0</y1>
                <x2>166.0</x2>
                <y2>307.0</y2>
              </java.awt.geom.Line2D_-Double>
            </entry>
            <entry>
              <string>up</string>
              <java.awt.geom.Line2D_-Double>
                <x1>166.0</x1>
                <y1>211.0</y1>
                <x2>262.0</x2>
                <y2>211.0</y2>
              </java.awt.geom.Line2D_-Double>
            </entry>
            <entry>
              <string>right</string>
              <java.awt.geom.Line2D_-Double>
                <x1>262.0</x1>
                <y1>211.0</y1>
                <x2>262.0</x2>
                <y2>307.0</y2>
              </java.awt.geom.Line2D_-Double>
            </entry>
            <entry>
              <string>down</string>
              <java.awt.geom.Line2D_-Double>
                <x1>166.0</x1>
                <y1>307.0</y1>
                <x2>262.0</x2>
                <y2>307.0</y2>
              </java.awt.geom.Line2D_-Double>
            </entry>
          </collisionBounds>
          <velocity>
            <x>0.0</x>
            <y>-0.0</y>
          </velocity>
          <shape>
            <x>166.0</x>
            <y>211.0</y>
            <width>96.0</width>
            <height>96.0</height>
          </shape>
        </collisionBound>
        <dx>0.0</dx>
        <dy>-0.0</dy>
        <manualStraightMovementIncrement>1.0</manualStraightMovementIncrement>
        <manualMovementVelocity>
          <x>0.0</x>
          <y>0.0</y>
        </manualMovementVelocity>
        <manualMode>false</manualMode>
        <heading>0.0</heading>
        <dtheta>0.0</dtheta>
        <manualMotionTurnIncrement>1.0</manualMotionTurnIncrement>
        <parentWorld reference="../../../.."/>
        <sensors>
          <org.simbrain.world.odorworld.sensors.ObjectSensor>
            <theta>0.39269908169872414</theta>
            <radius>50.0</radius>
            <relativeLocation>
              <x>94.19397662556435</x>
              <y>28.865828381745512</y>
            </relativeLocation>
            <parent reference="../../.."/>
            <id>Sensor_4</id>
            <label></label>
            <value>0.0</value>
            <baseValue>1.0</baseValue>
            <decayFunction class="org.simbrain.util.math.DecayFunctions.LinearDecayFunction">
              <dispersion>70.0</dispersion>
              <peakDistance>0.0</peakDistance>
              <randomizer class="org.simbrain.util.math.ProbDistributions.UniformDistribution">
                <floor>0.0</floor>
                <ceil>1.0</ceil>
                <polarity>BOTH</polarity>
              </randomizer>
              <addNoise>false</addNoise>
            </decayFunction>
            <objectType>SWISS</objectType>
            <showLabel>false</showLabel>
          </org.simbrain.world.odorworld.sensors.ObjectSensor>
          <org.simbrain.world.odorworld.sensors.ObjectSensor>
            <theta>0.0</theta>
            <radius>0.0</radius>
            <relativeLocation>
              <x>48.0</x>
              <y>48.0</y>
            </relativeLocation>
            <parent reference="../../.."/>
            <id>Sensor_5</id>
            <label></label>
            <value>0.0</value>
            <baseValue>1.0</baseValue>
            <decayFunction class="org.simbrain.util.math.DecayFunctions.LinearDecayFunction">
              <dispersion>70.0</dispersion>
              <peakDistance>0.0</peakDistance>
              <randomizer class="org.simbrain.util.math.ProbDistributions.UniformDistribution">
                <floor>0.0</floor>
                <ceil>1.0</ceil>
                <polarity>BOTH</polarity>
              </randomizer>
              <addNoise>false</addNoise>
            </decayFunction>
            <objectType>SWISS</objectType>
            <showLabel>false</showLabel>
          </org.simbrain.world.odorworld.sensors.ObjectSensor>
          <org.simbrain.world.odorworld.sensors.ObjectSensor>
            <theta>-0.39269908169872414</theta>
            <radius>50.0</radius>
            <relativeLocation>
              <x>94.19397662556435</x>
              <y>67.13417161825448</y>
            </relativeLocation>
            <parent reference="../../.."/>
            <id>Sensor_6</id>
            <label></label>
            <value>0.0</value>
            <baseValue>1.0</baseValue>
            <decayFunction class="org.simbrain.util.math.DecayFunctions.LinearDecayFunction">
              <dispersion>70.0</dispersion>
              <peakDistance>0.0</peakDistance>
              <randomizer class="org.simbrain.util.math.ProbDistributions.UniformDistribution">
                <floor>0.0</floor>
                <ceil>1.0</ceil>
                <polarity>BOTH</polarity>
              </randomizer>
              <addNoise>false</addNoise>
            </decayFunction>
            <objectType>SWISS</objectType>
            <showLabel>false</showLabel>
          </org.simbrain.world.odorworld.sensors.ObjectSensor>
          <org.simbrain.world.odorworld.sensors.SmellSensor>
            <theta>0.39</theta>
            <radius>50.0</radius>
            <relativeLocation>
              <x>94.24545299286565</x>
              <y>28.99057924384193</y>
            </relativeLocation>
            <parent reference="../../.."/>
            <id>Sensor_14</id>
            <label>Smell Left</label>
            <currentValue/>
          </org.simbrain.world.odorworld.sensors.SmellSensor>
          <org.simbrain.world.odorworld.sensors.SmellSensor>
            <theta>0.0</theta>
            <radius>0.0</radius>
            <relativeLocation>
              <x>48.0</x>
              <y>48.0</y>
            </relativeLocation>
            <parent reference="../../.."/>
            <id>Sensor_15</id>
            <label>Smell Center</label>
            <currentValue/>
          </org.simbrain.world.odorworld.sensors.SmellSensor>
          <org.simbrain.world.odorworld.sensors.SmellSensor>
            <theta>-0.39</theta>
            <radius>50.0</radius>
            <relativeLocation>
              <x>94.24545299286565</x>
              <y>67.00942075615808</y>
            </relativeLocation>
            <parent reference="../../.."/>
            <id>Sensor_16</id>
            <label>Smell Right</label>
            <currentValue/>
          </org.simbrain.world.odorworld.sensors.SmellSensor>
          <org.simbrain.world.odorworld.sensors.Hearing>
            <theta>0.0</theta>
            <radius>0.0</radius>
            <relativeLocation>
              <x>0.0</x>
              <y>0.0</y>
            </relativeLocation>
            <parent reference="../../.."/>
            <id>Sensor_17</id>
            <label>Hear: &quot;Mommy!&quot;</label>
            <phrase>Mommy!</phrase>
            <charactersPerRow>32</charactersPerRow>
            <activated>false</activated>
            <outputAmount>1.0</outputAmount>
            <time>-2</time>
            <lingerTime>10</lingerTime>
          </org.simbrain.world.odorworld.sensors.Hearing>
        </sensors>
        <effectors>
          <org.simbrain.world.odorworld.effectors.StraightMovement>
            <parent reference="../../.."/>
            <id>Effector_4</id>
            <label></label>
            <amount>0.0</amount>
            <scalingFactor>1.0</scalingFactor>
          </org.simbrain.world.odorworld.effectors.StraightMovement>
          <org.simbrain.world.odorworld.effectors.Turning>
            <parent reference="../../.."/>
            <id>Effector_5</id>
            <label></label>
            <direction>1.0</direction>
            <amount>0.0</amount>
          </org.simbrain.world.odorworld.effectors.Turning>
          <org.simbrain.world.odorworld.effectors.Turning>
            <parent reference="../../.."/>
            <id>Effector_6</id>
            <label></label>
            <direction>-1.0</direction>
            <amount>0.0</amount>
          </org.simbrain.world.odorworld.effectors.Turning>
        </effectors>
        <smellSource>
          <stimulusVector>
            <double>0.5658265846306174</double>
            <double>0.41655605455280176</double>
            <double>0.520593263420306</double>
            <double>0.06768575734179338</double>
            <double>0.587984041573794</double>
            <double>0.17528477310667812</double>
            <double>0.25848112007056434</double>
            <double>0.9105219617838813</double>
            <double>0.3465935039680714</double>
            <double>0.8931387086321004</double>
          </stimulusVector>
          <decayFunction class="org.simbrain.util.math.DecayFunctions.LinearDecayFunction">
            <dispersion>70.0</dispersion>
            <peakDistance>0.0</peakDistance>
            <randomizer class="org.simbrain.util.math.ProbDistributions.UniformDistribution">
              <floor>0.0</floor>
              <ceil>1.0</ceil>
              <polarity>BOTH</polarity>
            </randomizer>
            <addNoise>false</addNoise>
          </decayFunction>
        </smellSource>
        <sensorsEnabled>true</sensorsEnabled>
        <effectorsEnabled>true</effectorsEnabled>
        <showSensors>true</showSensors>
        <currentlyHeardPhrases/>
        <updateHeadingBasedOnVelocity>false</updateHeadingBasedOnVelocity>
        <edible>false</edible>
        <energyLevel>10000.0</energyLevel>
        <calories>1000.0</calories>
        <tileCollision>
          <x>0</x>
          <y>0</y>
          <outer-class reference="../.."/>
        </tileCollision>
      </org.simbrain.world.odorworld.entities.OdorWorldEntity>
      <org.simbrain.world.odorworld.entities.OdorWorldEntity>
        <entityType>BOY</entityType>
        <name>Infant</name>
        <id>Entity_4</id>
        <x>239.0</x>
        <y>85.0</y>
        <collisionBound>
          <collisionRadius>72.0</collisionRadius>
          <location>
            <x>239.0</x>
            <y>85.0</y>
          </location>
          <centerLocation>
            <x>287.0</x>
            <y>133.0</y>
          </centerLocation>
          <collisionBounds>
            <entry>
              <string>left</string>
              <java.awt.geom.Line2D_-Double>
                <x1>239.0</x1>
                <y1>85.0</y1>
                <x2>239.0</x2>
                <y2>181.0</y2>
              </java.awt.geom.Line2D_-Double>
            </entry>
            <entry>
              <string>up</string>
              <java.awt.geom.Line2D_-Double>
                <x1>239.0</x1>
                <y1>85.0</y1>
                <x2>335.0</x2>
                <y2>85.0</y2>
              </java.awt.geom.Line2D_-Double>
            </entry>
            <entry>
              <string>right</string>
              <java.awt.geom.Line2D_-Double>
                <x1>335.0</x1>
                <y1>85.0</y1>
                <x2>335.0</x2>
                <y2>181.0</y2>
              </java.awt.geom.Line2D_-Double>
            </entry>
            <entry>
              <string>down</string>
              <java.awt.geom.Line2D_-Double>
                <x1>239.0</x1>
                <y1>181.0</y1>
                <x2>335.0</x2>
                <y2>181.0</y2>
              </java.awt.geom.Line2D_-Double>
            </entry>
          </collisionBounds>
          <velocity>
            <x>0.0</x>
            <y>-0.0</y>
          </velocity>
          <shape>
            <x>239.0</x>
            <y>85.0</y>
            <width>96.0</width>
            <height>96.0</height>
          </shape>
        </collisionBound>
        <dx>0.0</dx>
        <dy>-0.0</dy>
        <manualStraightMovementIncrement>1.0</manualStraightMovementIncrement>
        <manualMovementVelocity>
          <x>0.0</x>
          <y>0.0</y>
        </manualMovementVelocity>
        <manualMode>false</manualMode>
        <heading>0.0</heading>
        <dtheta>0.0</dtheta>
        <manualMotionTurnIncrement>1.0</manualMotionTurnIncrement>
        <parentWorld reference="../../../.."/>
        <sensors>
          <org.simbrain.world.odorworld.sensors.ObjectSensor>
            <theta>0.39269908169872414</theta>
            <radius>50.0</radius>
            <relativeLocation>
              <x>94.19397662556435</x>
              <y>28.865828381745512</y>
            </relativeLocation>
            <parent reference="../../.."/>
            <id>Sensor_7</id>
            <label></label>
            <value>0.0</value>
            <baseValue>1.0</baseValue>
            <decayFunction class="org.simbrain.util.math.DecayFunctions.LinearDecayFunction">
              <dispersion>70.0</dispersion>
              <peakDistance>0.0</peakDistance>
              <randomizer class="org.simbrain.util.math.ProbDistributions.UniformDistribution">
                <floor>0.0</floor>
                <ceil>1.0</ceil>
                <polarity>BOTH</polarity>
              </randomizer>
              <addNoise>false</addNoise>
            </decayFunction>
            <objectType>SWISS</objectType>
            <showLabel>false</showLabel>
          </org.simbrain.world.odorworld.sensors.ObjectSensor>
          <org.simbrain.world.odorworld.sensors.ObjectSensor>
            <theta>0.0</theta>
            <radius>0.0</radius>
            <relativeLocation>
              <x>48.0</x>
              <y>48.0</y>
            </relativeLocation>
            <parent reference="../../.."/>
            <id>Sensor_8</id>
            <label></label>
            <value>0.0</value>
            <baseValue>1.0</baseValue>
            <decayFunction class="org.simbrain.util.math.DecayFunctions.LinearDecayFunction">
              <dispersion>70.0</dispersion>
              <peakDistance>0.0</peakDistance>
              <randomizer class="org.simbrain.util.math.ProbDistributions.UniformDistribution">
                <floor>0.0</floor>
                <ceil>1.0</ceil>
                <polarity>BOTH</polarity>
              </randomizer>
              <addNoise>false</addNoise>
            </decayFunction>
            <objectType>SWISS</objectType>
            <showLabel>false</showLabel>
          </org.simbrain.world.odorworld.sensors.ObjectSensor>
          <org.simbrain.world.odorworld.sensors.ObjectSensor>
            <theta>-0.39269908169872414</theta>
            <radius>50.0</radius>
            <relativeLocation>
              <x>94.19397662556435</x>
              <y>67.13417161825448</y>
            </relativeLocation>
            <parent reference="../../.."/>
            <id>Sensor_9</id>
            <label></label>
            <value>0.0</value>
            <baseValue>1.0</baseValue>
            <decayFunction class="org.simbrain.util.math.DecayFunctions.LinearDecayFunction">
              <dispersion>70.0</dispersion>
              <peakDistance>0.0</peakDistance>
              <randomizer class="org.simbrain.util.math.ProbDistributions.UniformDistribution">
                <floor>0.0</floor>
                <ceil>1.0</ceil>
                <polarity>BOTH</polarity>
              </randomizer>
              <addNoise>false</addNoise>
            </decayFunction>
            <objectType>SWISS</objectType>
            <showLabel>false</showLabel>
          </org.simbrain.world.odorworld.sensors.ObjectSensor>
          <org.simbrain.world.odorworld.sensors.Hearing>
            <theta>0.0</theta>
            <radius>0.0</radius>
            <relativeLocation>
              <x>0.0</x>
              <y>0.0</y>
            </relativeLocation>
            <parent reference="../../.."/>
            <id>Sensor_10</id>
            <label>Hear: &quot;Baby!&quot;</label>
            <phrase>Baby!</phrase>
            <charactersPerRow>32</charactersPerRow>
            <activated>false</activated>
            <outputAmount>1.0</outputAmount>
            <time>-2</time>
            <lingerTime>10</lingerTime>
          </org.simbrain.world.odorworld.sensors.Hearing>
          <org.simbrain.world.odorworld.sensors.ObjectSensor>
            <theta>0.39</theta>
            <radius>50.0</radius>
            <relativeLocation>
              <x>94.24545299286565</x>
              <y>28.99057924384193</y>
            </relativeLocation>
            <parent reference="../../.."/>
            <id>Sensor_11</id>
            <label>Sense Left</label>
            <value>0.0</value>
            <baseValue>1.0</baseValue>
            <decayFunction class="org.simbrain.util.math.DecayFunctions.LinearDecayFunction">
              <dispersion>70.0</dispersion>
              <peakDistance>0.0</peakDistance>
              <randomizer class="org.simbrain.util.math.ProbDistributions.UniformDistribution">
                <floor>0.0</floor>
                <ceil>1.0</ceil>
                <polarity>BOTH</polarity>
              </randomizer>
              <addNoise>false</addNoise>
            </decayFunction>
            <objectType>AMY</objectType>
            <showLabel>false</showLabel>
          </org.simbrain.world.odorworld.sensors.ObjectSensor>
          <org.simbrain.world.odorworld.sensors.ObjectSensor>
            <theta>0.0</theta>
            <radius>0.0</radius>
            <relativeLocation>
              <x>48.0</x>
              <y>48.0</y>
            </relativeLocation>
            <parent reference="../../.."/>
            <id>Sensor_12</id>
            <label>Sense Center</label>
            <value>0.0</value>
            <baseValue>1.0</baseValue>
            <decayFunction class="org.simbrain.util.math.DecayFunctions.LinearDecayFunction">
              <dispersion>70.0</dispersion>
              <peakDistance>0.0</peakDistance>
              <randomizer class="org.simbrain.util.math.ProbDistributions.UniformDistribution">
                <floor>0.0</floor>
                <ceil>1.0</ceil>
                <polarity>BOTH</polarity>
              </randomizer>
              <addNoise>false</addNoise>
            </decayFunction>
            <objectType>AMY</objectType>
            <showLabel>false</showLabel>
          </org.simbrain.world.odorworld.sensors.ObjectSensor>
          <org.simbrain.world.odorworld.sensors.ObjectSensor>
            <theta>-0.39</theta>
            <radius>50.0</radius>
            <relativeLocation>
              <x>94.24545299286565</x>
              <y>67.00942075615808</y>
            </relativeLocation>
            <parent reference="../../.."/>
            <id>Sensor_13</id>
            <label>Sense Right</label>
            <value>0.0</value>
            <baseValue>1.0</baseValue>
            <decayFunction class="org.simbrain.util.math.DecayFunctions.LinearDecayFunction">
              <dispersion>70.0</dispersion>
              <peakDistance>0.0</peakDistance>
              <randomizer class="org.simbrain.util.math.ProbDistributions.UniformDistribution">
                <floor>0.0</floor>
                <ceil>1.0</ceil>
                <polarity>BOTH</polarity>
              </randomizer>
              <addNoise>false</addNoise>
            </decayFunction>
            <objectType>AMY</objectType>
            <showLabel>false</showLabel>
          </org.simbrain.world.odorworld.sensors.ObjectSensor>
        </sensors>
        <effectors>
          <org.simbrain.world.odorworld.effectors.StraightMovement>
            <parent reference="../../.."/>
            <id>Effector_7</id>
            <label></label>
            <amount>0.0</amount>
            <scalingFactor>1.0</scalingFactor>
          </org.simbrain.world.odorworld.effectors.StraightMovement>
          <org.simbrain.world.odorworld.effectors.Turning>
            <parent reference="../../.."/>
            <id>Effector_8</id>
            <label></label>
            <direction>1.0</direction>
            <amount>0.0</amount>
          </org.simbrain.world.odorworld.effectors.Turning>
          <org.simbrain.world.odorworld.effectors.Turning>
            <parent reference="../../.."/>
            <id>Effector_9</id>
            <label></label>
            <direction>-1.0</direction>
            <amount>0.0</amount>
          </org.simbrain.world.odorworld.effectors.Turning>
          <org.simbrain.world.odorworld.effectors.Speech>
            <parent reference="../../.."/>
            <id>Effector_10</id>
            <label>Say: &quot;Mommy!&quot;</label>
            <phrase>Mommy!</phrase>
            <charactersPerRow>32</charactersPerRow>
            <threshold>0.01</threshold>
            <decayFunction class="org.simbrain.util.math.DecayFunctions.LinearDecayFunction">
              <dispersion>128.0</dispersion>
              <peakDistance>0.0</peakDistance>
              <randomizer class="org.simbrain.util.math.ProbDistributions.UniformDistribution">
                <floor>0.0</floor>
                <ceil>1.0</ceil>
                <polarity>BOTH</polarity>
              </randomizer>
              <addNoise>false</addNoise>
            </decayFunction>
            <activated>false</activated>
            <amount>0.0</amount>
          </org.simbrain.world.odorworld.effectors.Speech>
        </effectors>
        <smellSource>
          <stimulusVector>
            <double>0.3457577472731236</double>
            <double>0.08371439213637544</double>
            <double>0.9519890228524929</double>
            <double>0.580356724361099</double>
            <double>0.04171113322504583</double>
            <double>0.29425352449914977</double>
            <double>0.6952427454994359</double>
            <double>0.3496045130064369</double>
            <double>0.11527534805649131</double>
            <double>0.584646342979297</double>
          </stimulusVector>
          <decayFunction class="org.simbrain.util.math.DecayFunctions.LinearDecayFunction">
            <dispersion>70.0</dispersion>
            <peakDistance>0.0</peakDistance>
            <randomizer class="org.simbrain.util.math.ProbDistributions.UniformDistribution">
              <floor>0.0</floor>
              <ceil>1.0</ceil>
              <polarity>BOTH</polarity>
            </randomizer>
            <addNoise>false</addNoise>
          </decayFunction>
        </smellSource>
        <sensorsEnabled>true</sensorsEnabled>
        <effectorsEnabled>true</effectorsEnabled>
        <showSensors>true</showSensors>
        <currentlyHeardPhrases/>
        <updateHeadingBasedOnVelocity>false</updateHeadingBasedOnVelocity>
        <edible>false</edible>
        <energyLevel>10000.0</energyLevel>
        <calories>1000.0</calories>
        <tileCollision>
          <x>0</x>
          <y>0</y>
          <outer-class reference="../.."/>
        </tileCollision>
      </org.simbrain.world.odorworld.entities.OdorWorldEntity>
    </java.util.concurrent.CopyOnWriteArrayList>
  </entityList>
  <tileMap version="1.0" tiledversion="1.1.6" width="14" height="14" tilewidth="32" tileheight="32">
    <tileset firstgid="1" name="RoguelikeTileSet" tilewidth="32" tileheight="32" spacing="2" margin="0" tilecount="1767" columns="57" offsetX="0" offsetY="0">
      <image source="tileset_kenney.png" width="1936" height="1052"/>
      <tile id="5">
        <properties>
          <property name="type" value="Grass"/>
        </properties>
      </tile>
      <tile id="62">
        <properties>
          <property name="type" value="Grass"/>
        </properties>
      </tile>
      <tile id="293">
        <properties>
          <property name="smell" value="1, 0.45, 0.22, 0.45, 0.02"/>
        </properties>
      </tile>
      <tile id="406">
        <properties>
          <property name="label" value="DirtRoadTurnDownRight"/>
          <property name="type" value="DirtRoad"/>
        </properties>
      </tile>
    </tileset>
    <layer name="Tile Layer 1" width="14" height="14">
      <data encoding="csv">
0,0,0,0,0,0,0,0,0,0,0,0,0,0,
0,0,0,0,0,0,0,0,0,0,0,0,0,0,
0,0,0,0,0,0,0,0,0,0,0,0,0,0,
0,0,0,0,0,0,0,0,0,0,0,0,0,0,
0,0,0,0,0,0,0,0,0,0,0,0,0,0,
0,0,0,0,0,0,0,0,0,0,0,0,0,0,
0,0,0,0,0,0,0,0,0,0,0,0,0,0,
0,0,0,0,0,0,0,0,0,0,0,0,0,0,
0,0,0,0,0,0,0,0,0,0,0,0,0,0,
0,0,0,0,0,0,0,0,0,0,0,0,0,0,
0,0,0,0,0,0,0,0,0,0,0,0,0,0,
0,0,0,0,0,0,0,0,0,0,0,0,0,0,
0,0,0,0,0,0,0,0,0,0,0,0,0,0,
0,0,0,0,0,0,0,0,0,0,0,0,0,0
</data>
    </layer>
  </tileMap>
  <wrapAround>true</wrapAround>
  <objectsBlockMovement>true</objectsBlockMovement>
  <entityIDGenerator>
    <rootName>Entity</rootName>
    <index>
      <value>5</value>
    </index>
  </entityIDGenerator>
  <sensorIDGenerator>
    <rootName>Sensor</rootName>
    <index>
      <value>18</value>
    </index>
  </sensorIDGenerator>
  <effectorIDGenerator>
    <rootName>Effector</rootName>
    <index>
      <value>11</value>
    </index>
  </effectorIDGenerator>
  <agentIdGenerator>
    <rootName>Agent</rootName>
    <index>
      <value>1</value>
    </index>
  </agentIdGenerator>
  <lastClickedPosition class="java.awt.geom.Point2D$Double">
    <x>48.0</x>
    <y>50.0</y>
  </lastClickedPosition>
  <worldBoundary>
    <collisionRadius>336.0</collisionRadius>
    <location>
      <x>0.0</x>
      <y>0.0</y>
    </location>
    <centerLocation>
      <x>224.0</x>
      <y>224.0</y>
    </centerLocation>
    <collisionBounds>
      <entry>
        <string>left</string>
        <java.awt.geom.Line2D_-Double>
          <x1>0.0</x1>
          <y1>0.0</y1>
          <x2>0.0</x2>
          <y2>448.0</y2>
        </java.awt.geom.Line2D_-Double>
      </entry>
      <entry>
        <string>up</string>
        <java.awt.geom.Line2D_-Double>
          <x1>0.0</x1>
          <y1>0.0</y1>
          <x2>448.0</x2>
          <y2>0.0</y2>
        </java.awt.geom.Line2D_-Double>
      </entry>
      <entry>
        <string>right</string>
        <java.awt.geom.Line2D_-Double>
          <x1>448.0</x1>
          <y1>0.0</y1>
          <x2>448.0</x2>
          <y2>448.0</y2>
        </java.awt.geom.Line2D_-Double>
      </entry>
      <entry>
        <string>down</string>
        <java.awt.geom.Line2D_-Double>
          <x1>0.0</x1>
          <y1>448.0</y1>
          <x2>448.0</x2>
          <y2>448.0</y2>
        </java.awt.geom.Line2D_-Double>
      </entry>
    </collisionBounds>
    <velocity>
      <x>0.0</x>
      <y>0.0</y>
    </velocity>
    <shape>
      <x>0.0</x>
      <y>0.0</y>
      <width>448.0</width>
      <height>448.0</height>
    </shape>
  </worldBoundary>
</org.simbrain.world.odorworld.OdorWorld>