<Workspace>
  <archivedComponents>
    <Component>
      <className>org.simbrain.network.NetworkComponent</className>
      <name>RescorlaWagner.xml</name>
      <uri>components/0_RescorlaWagner.xml.xml</uri>
      <id>0</id>
      <format>xml</format>
      <desktopComponent>
        <className>org.simbrain.network.desktop.NetworkDesktopComponent</className>
        <uri>guis/0_RescorlaWagner.xml.xml</uri>
        <format>xml</format>
      </desktopComponent>
    </Component>
    <Component>
      <className>org.simbrain.world.odorworld.OdorWorldComponent</className>
      <name>CandleWorld.xml</name>
      <uri>components/1_CandleWorld.xml.xml</uri>
      <id>1</id>
      <format>xml</format>
      <desktopComponent>
        <className>org.simbrain.world.odorworld.OdorWorldDesktopComponent</className>
        <uri>guis/1_CandleWorld.xml.xml</uri>
        <format>xml</format>
      </desktopComponent>
    </Component>
    <Component>
      <className>org.simbrain.docviewer.DocViewerComponent</className>
      <name>DocViewer1</name>
      <uri>components/2_DocViewer1.xml</uri>
      <id>2</id>
      <format>xml</format>
      <desktopComponent>
        <className>org.simbrain.docviewer.DocViewerDesktopComponent</className>
        <uri>guis/2_DocViewer1.xml</uri>
        <format>xml</format>
      </desktopComponent>
    </Component>
  </archivedComponents>
  <archivedCouplings>
    <Coupling>
      <archivedProducer>
        <parentComponentRef>components/0_RescorlaWagner.xml.xml</parentComponentRef>
        <baseObjectKey>Neuron_3</baseObjectKey>
        <methodBaseName>getActivation</methodBaseName>
        <dataType>double</dataType>
        <description>Neuron_3:getActivation &lt;double&gt;</description>
      </archivedProducer>
      <archivedConsumer>
        <parentComponentRef>components/1_CandleWorld.xml.xml</parentComponentRef>
        <baseObjectKey>Entity_1</baseObjectKey>
        <methodBaseName>goStraight</methodBaseName>
        <dataType>double</dataType>
        <argumentDataTypes>
          <java-class>double</java-class>
        </argumentDataTypes>
        <description>Entity_1:goStraight</description>
      </archivedConsumer>
    </Coupling>
    <Coupling>
      <archivedProducer>
        <parentComponentRef>components/0_RescorlaWagner.xml.xml</parentComponentRef>
        <baseObjectKey>Neuron_5</baseObjectKey>
        <methodBaseName>getActivation</methodBaseName>
        <dataType>double</dataType>
        <description>Neuron_5:getActivation &lt;double&gt;</description>
      </archivedProducer>
      <archivedConsumer>
        <parentComponentRef>components/1_CandleWorld.xml.xml</parentComponentRef>
        <baseObjectKey>Entity_1</baseObjectKey>
        <methodBaseName>turnRight</methodBaseName>
        <dataType>double</dataType>
        <argumentDataTypes>
          <java-class>double</java-class>
        </argumentDataTypes>
        <description>Entity_1:turnRight</description>
      </archivedConsumer>
    </Coupling>
    <Coupling>
      <archivedProducer>
        <parentComponentRef>components/0_RescorlaWagner.xml.xml</parentComponentRef>
        <baseObjectKey>Neuron_4</baseObjectKey>
        <methodBaseName>getActivation</methodBaseName>
        <dataType>double</dataType>
        <description>Neuron_4:getActivation &lt;double&gt;</description>
      </archivedProducer>
      <archivedConsumer>
        <parentComponentRef>components/1_CandleWorld.xml.xml</parentComponentRef>
        <baseObjectKey>Entity_1</baseObjectKey>
        <methodBaseName>turnLeft</methodBaseName>
        <dataType>double</dataType>
        <argumentDataTypes>
          <java-class>double</java-class>
        </argumentDataTypes>
        <description>Entity_1:turnLeft</description>
      </archivedConsumer>
    </Coupling>
    <Coupling>
      <archivedProducer>
        <parentComponentRef>components/1_CandleWorld.xml.xml</parentComponentRef>
        <baseObjectKey>Agent_1:sensor:Left</baseObjectKey>
        <methodBaseName>getCurrentValue</methodBaseName>
        <dataType>double</dataType>
        <argumentDataTypes>
          <java-class>int</java-class>
        </argumentDataTypes>
        <argumentValues>
          <int>0</int>
        </argumentValues>
        <description>Entity_1:Left-1</description>
      </archivedProducer>
      <archivedConsumer>
        <parentComponentRef>components/0_RescorlaWagner.xml.xml</parentComponentRef>
        <baseObjectKey>Neuron_1</baseObjectKey>
        <methodBaseName>setInputValue</methodBaseName>
        <dataType>double</dataType>
        <argumentDataTypes>
          <java-class>double</java-class>
        </argumentDataTypes>
        <description>Neuron_1:setInputValue &lt;double&gt;</description>
      </archivedConsumer>
    </Coupling>
    <Coupling>
      <archivedProducer>
        <parentComponentRef>components/1_CandleWorld.xml.xml</parentComponentRef>
        <baseObjectKey>Agent_1:sensor:Right</baseObjectKey>
        <methodBaseName>getCurrentValue</methodBaseName>
        <dataType>double</dataType>
        <argumentDataTypes>
          <java-class>int</java-class>
        </argumentDataTypes>
        <argumentValues>
          <int>0</int>
        </argumentValues>
        <description>Entity_1:Right-1</description>
      </archivedProducer>
      <archivedConsumer>
        <parentComponentRef>components/0_RescorlaWagner.xml.xml</parentComponentRef>
        <baseObjectKey>Neuron_2</baseObjectKey>
        <methodBaseName>setInputValue</methodBaseName>
        <dataType>double</dataType>
        <argumentDataTypes>
          <java-class>double</java-class>
        </argumentDataTypes>
        <description>Neuron_2:setInputValue &lt;double&gt;</description>
      </archivedConsumer>
    </Coupling>
    <Coupling>
      <archivedProducer>
        <parentComponentRef>components/1_CandleWorld.xml.xml</parentComponentRef>
        <baseObjectKey>Agent_1:sensor:Center</baseObjectKey>
        <methodBaseName>getCurrentValue</methodBaseName>
        <dataType>double</dataType>
        <argumentDataTypes>
          <java-class>int</java-class>
        </argumentDataTypes>
        <argumentValues>
          <int>2</int>
        </argumentValues>
        <description>Entity_1:Center-3</description>
      </archivedProducer>
      <archivedConsumer>
        <parentComponentRef>components/0_RescorlaWagner.xml.xml</parentComponentRef>
        <baseObjectKey>Neuron_8</baseObjectKey>
        <methodBaseName>setInputValue</methodBaseName>
        <dataType>double</dataType>
        <argumentDataTypes>
          <java-class>double</java-class>
        </argumentDataTypes>
        <description>Neuron_8:setInputValue &lt;double&gt;</description>
      </archivedConsumer>
    </Coupling>
  </archivedCouplings>
  <archivedActions>
    <UpdateAction>
      <updateAction class="org.simbrain.workspace.updater.UpdateAllBuffered"/>
    </UpdateAction>
  </archivedActions>
  <archivedAvailableActions>
    <UpdateAction>
      <updateAction class="org.simbrain.workspace.updater.UpdateComponent"/>
      <componentId>components/0_RescorlaWagner.xml.xml</componentId>
    </UpdateAction>
    <UpdateAction>
      <updateAction class="org.simbrain.workspace.updater.UpdateComponent"/>
      <componentId>components/1_CandleWorld.xml.xml</componentId>
    </UpdateAction>
    <UpdateAction>
      <updateAction class="org.simbrain.workspace.updater.UpdateCoupling"/>
      <couplingId>RescorlaWagner.xml:Neuron_3:getActivation-CandleWorld.xml:Entity_1:goStraight</couplingId>
    </UpdateAction>
    <UpdateAction>
      <updateAction class="org.simbrain.workspace.updater.UpdateCoupling"/>
      <couplingId>RescorlaWagner.xml:Neuron_5:getActivation-CandleWorld.xml:Entity_1:turnRight</couplingId>
    </UpdateAction>
    <UpdateAction>
      <updateAction class="org.simbrain.workspace.updater.UpdateCoupling"/>
      <couplingId>RescorlaWagner.xml:Neuron_4:getActivation-CandleWorld.xml:Entity_1:turnLeft</couplingId>
    </UpdateAction>
    <UpdateAction>
      <updateAction class="org.simbrain.workspace.updater.UpdateCoupling"/>
      <couplingId>CandleWorld.xml:Agent_1:sensor:Left:getCurrentValue-RescorlaWagner.xml:Neuron_1:setInputValue</couplingId>
    </UpdateAction>
    <UpdateAction>
      <updateAction class="org.simbrain.workspace.updater.UpdateCoupling"/>
      <couplingId>CandleWorld.xml:Agent_1:sensor:Right:getCurrentValue-RescorlaWagner.xml:Neuron_2:setInputValue</couplingId>
    </UpdateAction>
    <UpdateAction>
      <updateAction class="org.simbrain.workspace.updater.UpdateCoupling"/>
    </UpdateAction>
    <UpdateAction>
      <updateAction class="org.simbrain.workspace.updater.UpdateCoupling"/>
    </UpdateAction>
    <UpdateAction>
      <updateAction class="org.simbrain.workspace.updater.UpdateCoupling"/>
      <couplingId>CandleWorld.xml:Agent_1:sensor:Left:getCurrentValue-RescorlaWagner.xml:Neuron_1:setInputValue</couplingId>
    </UpdateAction>
    <UpdateAction>
      <updateAction class="org.simbrain.workspace.updater.UpdateCoupling"/>
      <couplingId>CandleWorld.xml:Agent_1:sensor:Right:getCurrentValue-RescorlaWagner.xml:Neuron_2:setInputValue</couplingId>
    </UpdateAction>
    <UpdateAction>
      <updateAction class="org.simbrain.workspace.updater.UpdateCoupling"/>
      <couplingId>CandleWorld.xml:Agent_1:sensor:Center:getCurrentValue-RescorlaWagner.xml:Neuron_8:setInputValue</couplingId>
    </UpdateAction>
    <UpdateAction>
      <updateAction class="org.simbrain.workspace.updater.UpdateComponent"/>
      <componentId>components/2_DocViewer1.xml</componentId>
    </UpdateAction>
  </archivedAvailableActions>
  <workspaceParameters>
    <savedTime>0</savedTime>
    <updateDelay>0</updateDelay>
  </workspaceParameters>
</Workspace>