<Workspace>
  <archivedComponents>
    <Component>
      <className>org.simbrain.network.NetworkComponent</className>
      <name>Network1</name>
      <uri>components/0_Network1.xml</uri>
      <id>0</id>
      <format>xml</format>
      <desktopComponent>
        <className>org.simbrain.network.desktop.NetworkDesktopComponent</className>
        <uri>guis/0_Network1.xml</uri>
        <format>xml</format>
      </desktopComponent>
    </Component>
    <Component>
      <className>org.simbrain.world.dataworld.DataWorldComponent</className>
      <name>VisionPatterns.xml</name>
      <uri>components/1_VisionPatterns.xml.xml</uri>
      <id>1</id>
      <format>xml</format>
      <desktopComponent>
        <className>org.simbrain.world.dataworld.DataWorldDesktopComponent</className>
        <uri>guis/1_VisionPatterns.xml.xml</uri>
        <format>xml</format>
      </desktopComponent>
    </Component>
    <Component>
      <className>org.simbrain.world.dataworld.DataWorldComponent</className>
      <name>OlfactionPatterns.xml</name>
      <uri>components/2_OlfactionPatterns.xml.xml</uri>
      <id>2</id>
      <format>xml</format>
      <desktopComponent>
        <className>org.simbrain.world.dataworld.DataWorldDesktopComponent</className>
        <uri>guis/2_OlfactionPatterns.xml.xml</uri>
        <format>xml</format>
      </desktopComponent>
    </Component>
    <Component>
      <className>org.simbrain.docviewer.DocViewerComponent</className>
      <name>DocViewer1</name>
      <uri>components/3_DocViewer1.xml</uri>
      <id>3</id>
      <format>xml</format>
      <desktopComponent>
        <className>org.simbrain.docviewer.DocViewerDesktopComponent</className>
        <uri>guis/3_DocViewer1.xml</uri>
        <format>xml</format>
      </desktopComponent>
    </Component>
  </archivedComponents>
  <archivedCouplings>
    <Coupling>
      <archivedProducer>
        <parentComponentRef>components/2_OlfactionPatterns.xml.xml</parentComponentRef>
        <baseObjectKey>table</baseObjectKey>
        <methodBaseName>getVectorCurrentRow</methodBaseName>
        <dataType>[D</dataType>
        <description>Get current row</description>
      </archivedProducer>
      <archivedConsumer>
        <parentComponentRef>components/0_Network1.xml</parentComponentRef>
        <baseObjectKey>NeuronGroup:Group_2</baseObjectKey>
        <methodBaseName>setInputValues</methodBaseName>
        <dataType>[D</dataType>
        <argumentDataTypes>
          <java-class>[D</java-class>
        </argumentDataTypes>
        <description>Group_2:setInputValues</description>
      </archivedConsumer>
    </Coupling>
    <Coupling>
      <archivedProducer>
        <parentComponentRef>components/1_VisionPatterns.xml.xml</parentComponentRef>
        <baseObjectKey>table</baseObjectKey>
        <methodBaseName>getVectorCurrentRow</methodBaseName>
        <dataType>[D</dataType>
        <description>Get current row</description>
      </archivedProducer>
      <archivedConsumer>
        <parentComponentRef>components/0_Network1.xml</parentComponentRef>
        <baseObjectKey>NeuronGroup:Group_3</baseObjectKey>
        <methodBaseName>setInputValues</methodBaseName>
        <dataType>[D</dataType>
        <argumentDataTypes>
          <java-class>[D</java-class>
        </argumentDataTypes>
        <description>Group_3:setInputValues</description>
      </archivedConsumer>
    </Coupling>
  </archivedCouplings>
  <archivedActions>
    <UpdateAction>
      <updateAction class="org.simbrain.workspace.updater.UpdateAllBuffered"/>
    </UpdateAction>
  </archivedActions>
  <workspaceParameters>
    <savedTime>0</savedTime>
    <updateDelay>0</updateDelay>
  </workspaceParameters>
</Workspace>