<org.simbrain.world.odorworld.OdorWorld>
  <entityList class="java.util.concurrent.CopyOnWriteArrayList" serialization="custom">
    <java.util.concurrent.CopyOnWriteArrayList>
      <default/>
      <int>8</int>
      <org.simbrain.world.odorworld.entities.RotatingEntity>
        <animation>
          <imageNames>
            <string>rotating/mouse/Mouse_345.gif</string>
          </imageNames>
          <animTime>0</animTime>
          <totalDuration>4</totalDuration>
        </animation>
        <name>Agent_1</name>
        <id>Entity_1</id>
        <x>217.0</x>
        <y>180.0</y>
        <dx>0.0</dx>
        <dy>0.0</dy>
        <parentWorld reference="../../../.."/>
        <sensors>
          <org.simbrain.world.odorworld.sensors.SmellSensor>
            <parent class="org.simbrain.world.odorworld.entities.RotatingEntity" reference="../../.."/>
            <id>Sensor_1</id>
            <label>Smell-Left</label>
            <DEFAULT__RADIUS>23.0</DEFAULT__RADIUS>
            <theta>0.39269908169872414</theta>
            <radius>50.0</radius>
            <currentValue>
              <double>0.0</double>
              <double>0.0</double>
              <double>0.0</double>
              <double>0.0</double>
              <double>0.0</double>
              <double>0.0</double>
              <double>0.0</double>
              <double>0.0</double>
            </currentValue>
          </org.simbrain.world.odorworld.sensors.SmellSensor>
          <org.simbrain.world.odorworld.sensors.SmellSensor>
            <parent class="org.simbrain.world.odorworld.entities.RotatingEntity" reference="../../.."/>
            <id>Sensor_2</id>
            <label>Smell-Center</label>
            <DEFAULT__RADIUS>23.0</DEFAULT__RADIUS>
            <theta>0.0</theta>
            <radius>0.0</radius>
            <currentValue>
              <double>0.0</double>
              <double>0.0</double>
              <double>0.0</double>
              <double>0.0</double>
              <double>0.0</double>
              <double>0.0</double>
              <double>0.0</double>
              <double>0.0</double>
            </currentValue>
          </org.simbrain.world.odorworld.sensors.SmellSensor>
          <org.simbrain.world.odorworld.sensors.SmellSensor>
            <parent class="org.simbrain.world.odorworld.entities.RotatingEntity" reference="../../.."/>
            <id>Sensor_3</id>
            <label>Smell-Right</label>
            <DEFAULT__RADIUS>23.0</DEFAULT__RADIUS>
            <theta>-0.39269908169872414</theta>
            <radius>50.0</radius>
            <currentValue>
              <double>0.0</double>
              <double>0.0</double>
              <double>0.0</double>
              <double>0.0</double>
              <double>0.0</double>
              <double>0.0</double>
              <double>0.0</double>
              <double>0.0</double>
            </currentValue>
          </org.simbrain.world.odorworld.sensors.SmellSensor>
        </sensors>
        <effectors/>
        <behavior class="org.simbrain.world.odorworld.behaviors.StationaryBehavior"/>
        <collision>false</collision>
        <sensorsEnabled>true</sensorsEnabled>
        <effectorsEnabled>true</effectorsEnabled>
        <showSensors>true</showSensors>
        <sensorIDGenerator>
          <rootName>Sensor</rootName>
          <index>4</index>
        </sensorIDGenerator>
        <effectorIDGenerator>
          <rootName>Effector</rootName>
          <index>1</index>
        </effectorIDGenerator>
        <heading>342.9666530218655</heading>
        <manualMotionTurnIncrement>4.0</manualMotionTurnIncrement>
        <manualStraightMovementIncrement>4.0</manualStraightMovementIncrement>
        <entityType>Mouse</entityType>
      </org.simbrain.world.odorworld.entities.RotatingEntity>
      <org.simbrain.world.odorworld.entities.BasicEntity>
        <animation>
          <imageNames>
            <string>static/PinkFlower.gif</string>
          </imageNames>
          <animTime>0</animTime>
          <totalDuration>128</totalDuration>
        </animation>
        <name>Entity_2</name>
        <id>Entity_2</id>
        <x>204.0</x>
        <y>350.0</y>
        <dx>0.0</dx>
        <dy>0.0</dy>
        <parentWorld reference="../../../.."/>
        <sensors/>
        <effectors/>
        <behavior class="org.simbrain.world.odorworld.behaviors.StationaryBehavior"/>
        <smellSource>
          <stimulusVector>
            <double>1.0</double>
            <double>0.6</double>
            <double>1.0</double>
            <double>0.0</double>
            <double>0.0</double>
            <double>0.0</double>
            <double>0.8070190850397524</double>
            <double>0.6589191446122287</double>
          </stimulusVector>
          <returnVector reference="../stimulusVector"/>
          <location>
            <double>36.0</double>
            <double>107.0</double>
          </location>
          <decayFunction>GAUSSIAN</decayFunction>
          <stimulusDispersion>70.0</stimulusDispersion>
          <peak>0.0</peak>
          <addNoise>false</addNoise>
          <initNoise>0.3</initNoise>
          <noiseLevel>0.3</noiseLevel>
        </smellSource>
        <collision>false</collision>
        <sensorsEnabled>true</sensorsEnabled>
        <effectorsEnabled>true</effectorsEnabled>
        <showSensors>true</showSensors>
        <sensorIDGenerator>
          <rootName>Sensor</rootName>
          <index>1</index>
        </sensorIDGenerator>
        <effectorIDGenerator>
          <rootName>Effector</rootName>
          <index>1</index>
        </effectorIDGenerator>
      </org.simbrain.world.odorworld.entities.BasicEntity>
      <org.simbrain.world.odorworld.entities.BasicEntity>
        <animation>
          <imageNames>
            <string>static/Bluecheese.gif</string>
          </imageNames>
          <animTime>0</animTime>
          <totalDuration>128</totalDuration>
        </animation>
        <name>Entity_4</name>
        <id>Entity_4</id>
        <x>319.0</x>
        <y>58.0</y>
        <dx>0.0</dx>
        <dy>0.0</dy>
        <parentWorld reference="../../../.."/>
        <sensors/>
        <effectors/>
        <behavior class="org.simbrain.world.odorworld.behaviors.StationaryBehavior"/>
        <smellSource>
          <stimulusVector>
            <double>1.0</double>
            <double>0.2</double>
            <double>0.0</double>
            <double>0.0</double>
            <double>1.0</double>
            <double>0.0</double>
            <double>0.0</double>
            <double>0.0</double>
          </stimulusVector>
          <returnVector reference="../stimulusVector"/>
          <location>
            <double>304.0</double>
            <double>87.0</double>
          </location>
          <decayFunction>GAUSSIAN</decayFunction>
          <stimulusDispersion>70.0</stimulusDispersion>
          <peak>0.0</peak>
          <addNoise>false</addNoise>
          <initNoise>0.3</initNoise>
          <noiseLevel>0.3</noiseLevel>
        </smellSource>
        <collision>false</collision>
        <sensorsEnabled>true</sensorsEnabled>
        <effectorsEnabled>true</effectorsEnabled>
        <showSensors>true</showSensors>
        <sensorIDGenerator>
          <rootName>Sensor</rootName>
          <index>1</index>
        </sensorIDGenerator>
        <effectorIDGenerator>
          <rootName>Effector</rootName>
          <index>1</index>
        </effectorIDGenerator>
      </org.simbrain.world.odorworld.entities.BasicEntity>
      <org.simbrain.world.odorworld.entities.BasicEntity>
        <animation>
          <imageNames>
            <string>static/Tulip.gif</string>
          </imageNames>
          <animTime>0</animTime>
          <totalDuration>128</totalDuration>
        </animation>
        <name>Entity_7</name>
        <id>Entity_7</id>
        <x>136.0</x>
        <y>55.0</y>
        <dx>0.0</dx>
        <dy>0.0</dy>
        <parentWorld reference="../../../.."/>
        <sensors/>
        <effectors/>
        <behavior class="org.simbrain.world.odorworld.behaviors.StationaryBehavior"/>
        <smellSource>
          <stimulusVector>
            <double>1.0</double>
            <double>0.2</double>
            <double>1.0</double>
            <double>0.0</double>
            <double>0.0</double>
            <double>0.0</double>
          </stimulusVector>
          <returnVector reference="../stimulusVector"/>
          <location>
            <double>70.0</double>
            <double>59.0</double>
          </location>
          <decayFunction>STEP</decayFunction>
          <stimulusDispersion>100.0</stimulusDispersion>
          <peak>0.0</peak>
          <addNoise>false</addNoise>
          <initNoise>0.3</initNoise>
          <noiseLevel>0.3</noiseLevel>
        </smellSource>
        <collision>false</collision>
        <sensorsEnabled>true</sensorsEnabled>
        <effectorsEnabled>true</effectorsEnabled>
        <showSensors>true</showSensors>
        <sensorIDGenerator>
          <rootName>Sensor</rootName>
          <index>1</index>
        </sensorIDGenerator>
        <effectorIDGenerator>
          <rootName>Effector</rootName>
          <index>1</index>
        </effectorIDGenerator>
      </org.simbrain.world.odorworld.entities.BasicEntity>
      <org.simbrain.world.odorworld.entities.BasicEntity>
        <animation>
          <imageNames>
            <string>static/Flax.gif</string>
          </imageNames>
          <animTime>0</animTime>
          <totalDuration>128</totalDuration>
        </animation>
        <name>Entity_8</name>
        <id>Entity_8</id>
        <x>50.0</x>
        <y>269.0</y>
        <dx>0.0</dx>
        <dy>0.0</dy>
        <parentWorld reference="../../../.."/>
        <sensors/>
        <effectors/>
        <behavior class="org.simbrain.world.odorworld.behaviors.StationaryBehavior"/>
        <smellSource>
          <stimulusVector>
            <double>1.0</double>
            <double>0.4</double>
            <double>1.0</double>
            <double>0.0</double>
            <double>0.0</double>
            <double>0.0</double>
          </stimulusVector>
          <returnVector reference="../stimulusVector"/>
          <location>
            <double>58.0</double>
            <double>306.0</double>
          </location>
          <decayFunction>STEP</decayFunction>
          <stimulusDispersion>100.0</stimulusDispersion>
          <peak>0.0</peak>
          <addNoise>false</addNoise>
          <initNoise>0.3</initNoise>
          <noiseLevel>0.3</noiseLevel>
        </smellSource>
        <collision>false</collision>
        <sensorsEnabled>true</sensorsEnabled>
        <effectorsEnabled>true</effectorsEnabled>
        <showSensors>true</showSensors>
        <sensorIDGenerator>
          <rootName>Sensor</rootName>
          <index>1</index>
        </sensorIDGenerator>
        <effectorIDGenerator>
          <rootName>Effector</rootName>
          <index>1</index>
        </effectorIDGenerator>
      </org.simbrain.world.odorworld.entities.BasicEntity>
      <org.simbrain.world.odorworld.entities.BasicEntity>
        <animation>
          <imageNames>
            <string>static/Swiss.gif</string>
          </imageNames>
          <animTime>0</animTime>
          <totalDuration>128</totalDuration>
        </animation>
        <name>Entity_9</name>
        <id>Entity_9</id>
        <x>346.0</x>
        <y>365.0</y>
        <dx>0.0</dx>
        <dy>0.0</dy>
        <parentWorld reference="../../../.."/>
        <sensors/>
        <effectors/>
        <behavior class="org.simbrain.world.odorworld.behaviors.StationaryBehavior"/>
        <smellSource>
          <stimulusVector>
            <double>1.0</double>
            <double>0.8</double>
            <double>0.0</double>
            <double>0.0</double>
            <double>1.0</double>
            <double>0.0</double>
          </stimulusVector>
          <returnVector reference="../stimulusVector"/>
          <location>
            <double>347.0</double>
            <double>386.0</double>
          </location>
          <decayFunction>GAUSSIAN</decayFunction>
          <stimulusDispersion>70.0</stimulusDispersion>
          <peak>0.0</peak>
          <addNoise>false</addNoise>
          <initNoise>0.3</initNoise>
          <noiseLevel>0.3</noiseLevel>
        </smellSource>
        <collision>false</collision>
        <sensorsEnabled>true</sensorsEnabled>
        <effectorsEnabled>true</effectorsEnabled>
        <showSensors>true</showSensors>
        <sensorIDGenerator>
          <rootName>Sensor</rootName>
          <index>1</index>
        </sensorIDGenerator>
        <effectorIDGenerator>
          <rootName>Effector</rootName>
          <index>1</index>
        </effectorIDGenerator>
      </org.simbrain.world.odorworld.entities.BasicEntity>
      <org.simbrain.world.odorworld.entities.BasicEntity>
        <animation>
          <imageNames>
            <string>static/Gouda.gif</string>
          </imageNames>
          <animTime>0</animTime>
          <totalDuration>128</totalDuration>
        </animation>
        <name>Entity_10</name>
        <id>Entity_10</id>
        <x>347.0</x>
        <y>217.0</y>
        <dx>0.0</dx>
        <dy>0.0</dy>
        <parentWorld reference="../../../.."/>
        <sensors/>
        <effectors/>
        <behavior class="org.simbrain.world.odorworld.behaviors.StationaryBehavior"/>
        <smellSource>
          <stimulusVector>
            <double>1.0</double>
            <double>0.6</double>
            <double>0.0</double>
            <double>0.0</double>
            <double>1.0</double>
            <double>0.0</double>
          </stimulusVector>
          <returnVector reference="../stimulusVector"/>
          <location>
            <double>347.0</double>
            <double>216.0</double>
          </location>
          <decayFunction>GAUSSIAN</decayFunction>
          <stimulusDispersion>70.0</stimulusDispersion>
          <peak>0.0</peak>
          <addNoise>false</addNoise>
          <initNoise>0.3</initNoise>
          <noiseLevel>0.3</noiseLevel>
        </smellSource>
        <collision>false</collision>
        <sensorsEnabled>true</sensorsEnabled>
        <effectorsEnabled>true</effectorsEnabled>
        <showSensors>true</showSensors>
        <sensorIDGenerator>
          <rootName>Sensor</rootName>
          <index>1</index>
        </sensorIDGenerator>
        <effectorIDGenerator>
          <rootName>Effector</rootName>
          <index>1</index>
        </effectorIDGenerator>
      </org.simbrain.world.odorworld.entities.BasicEntity>
      <org.simbrain.world.odorworld.entities.BasicEntity>
        <animation>
          <imageNames>
            <string>static/Fish.gif</string>
          </imageNames>
          <animTime>0</animTime>
          <totalDuration>128</totalDuration>
        </animation>
        <name>Entity_11</name>
        <id>Entity_11</id>
        <x>44.0</x>
        <y>132.0</y>
        <dx>0.0</dx>
        <dy>0.0</dy>
        <parentWorld reference="../../../.."/>
        <sensors/>
        <effectors/>
        <behavior class="org.simbrain.world.odorworld.behaviors.StationaryBehavior"/>
        <smellSource>
          <stimulusVector>
            <double>1.0</double>
            <double>0.0</double>
            <double>0.0</double>
            <double>0.0</double>
            <double>1.0</double>
            <double>0.0</double>
          </stimulusVector>
          <returnVector reference="../stimulusVector"/>
          <location>
            <double>44.0</double>
            <double>132.0</double>
          </location>
          <decayFunction>GAUSSIAN</decayFunction>
          <stimulusDispersion>70.0</stimulusDispersion>
          <peak>0.0</peak>
          <addNoise>false</addNoise>
          <initNoise>0.3</initNoise>
          <noiseLevel>0.3</noiseLevel>
        </smellSource>
        <collision>false</collision>
        <sensorsEnabled>true</sensorsEnabled>
        <effectorsEnabled>true</effectorsEnabled>
        <showSensors>true</showSensors>
        <sensorIDGenerator>
          <rootName>Sensor</rootName>
          <index>1</index>
        </sensorIDGenerator>
        <effectorIDGenerator>
          <rootName>Effector</rootName>
          <index>1</index>
        </effectorIDGenerator>
      </org.simbrain.world.odorworld.entities.BasicEntity>
    </java.util.concurrent.CopyOnWriteArrayList>
  </entityList>
  <totalSmellVectorLength>10.757709091997588</totalSmellVectorLength>
  <wrapAround>true</wrapAround>
  <objectsBlockMovement>false</objectsBlockMovement>
  <height>450</height>
  <width>450</width>
  <entityIDGenerator>
    <rootName>Entity</rootName>
    <index>12</index>
  </entityIDGenerator>
  <agentNameGenerator>
    <rootName>Agent</rootName>
    <index>2</index>
  </agentNameGenerator>
</org.simbrain.world.odorworld.OdorWorld>