<html>
<body>
<h1>Classic IAC Jets and Sharks Net</h1>
<br>
<a href="http://en.wikipedia.org/wiki/Interactive_activation_and_competition_networks">
IAC</a> or interactive activation and
competition is a kind of hand-coded
associative network, which models 
associative links between memories
and spreading activation to capture
retrieval and other phenomena.   Probe
activations spread through active links.
Nodes in each group inhibit each other.
Thus only one or a few nodes in each group
tend to be active.
<br><br>
The network shown is from MCClelland 1981 and models an agent's knowledge of two gangs, the Jets
and the Sharks. The paper can be downloaded via the link below. Note that for reasons unclear to us
this network will not produce the exact same behavior as is described in the paper... But pretty close!
<h1>How to run the simulation</h1>
Clear net, add activation to a name neuron, run
and see what properties that pereson has.
Add activation to jets, to see who
the jets are and what they tend to 
be like.
<br><br>
(It helps to <b>click 5</b> to turn off 
synapse line graphics, since there are
quite a few synapses.)
<h1>Reference</h1>
McClelland 1981, "<a href="http://psych.stanford.edu/~jlm/papers/McClelland81.pdf">Retrieving General and Specific Information
from Stored Knowledge of Specifics</a>", Proceedings of the third annual conference of the Cognitive Science Society.
<h1>Credits</h1>
This simulation was built by Saraching Chao and Jeff Yoshimi. 
</body>
</html>
