<html>
<body>
<h1>Classic IAC Jets and Sharks Net</h1>
<br>
<a href="http://en.wikipedia.org/wiki/Interactive_activation_and_competition_networks">
IAC</a> or interactive activation and
competition is a kind of hand-coded
associative network, which models 
associative links between memories,
and uses spreading activation to simulate
memory retrieval and other phenomena. 
Nodes in each group inhibit each other.
Thus only one or a few nodes in each group
tend to be active.
<br><br>
The network shown is from MCClelland 1981 and models an agent's knowledge of two gangs, the Jets
and the Sharks. The paper can be downloaded via the link below. Note that for reasons unclear to us
this network will not produce the exact same behavior as is described in the paper... But pretty close!
<br><br>
<h2>Running This Simulation</h2>
Clear the network by clicking in 
the network window and pressing "N" to 
select all neurons and "C" to clear them.
Add activation to a name neuron by clicking
on it and pressing the up button.  Run
the simulation by pressing the play button
in the main toolbar above.  Over time
neurons should become active which 
correspond to that person's properties.
<br><br>
You can also add activation to  a 
gang neuron, like jets, to see who
the jets are and what they tend to 
be like. Similarly for neurons simulating
other attributes of the Jets and Sharks.
<br><br>
(Note: it helps to go in the
network window and <b>press the 5 key</b> to turn off 
synapse line graphics, since there are
quite a few synapses.) <br><br>
<h3>Reference</h3>
McClelland 1981, "<a href="http://psych.stanford.edu/~jlm/papers/McClelland81.pdf">Retrieving General and Specific Information
from Stored Knowledge of Specifics</a>", Proceedings of the third annual conference of the Cognitive Science Society.
<h3>Credits</h3>
This simulation was built by Saraching Chao and Jeff Yoshimi. 
</body>
</html>
