<html>
<body>
<h1>Competitive Net</h1>
<br>
<a href ="http://en.wikipedia.org/wiki/Competitive_learning">Competitive 
networks</a> learn to classify inputs
in an unsupervised way,
by making nodes respond
to similar inputs. This
effectively clusters the
input space.
<br><br>
<h2>Running This Simulation</h2>
<h3>Training</h3>
Begin by "training"
the network.
Press run and 
move the mouse around to
each object.  Do this for
about 300 iterations, and 
press stop.
<br>
<br>
<h3>Testing</h3>
Now test the network.  Freeze the
synapse group by 
right clicking on the 
interaction box labelled
"Weights 2 --> 1".
<br><br>
As you explore the objects
you can label
the output nodes, to see
how well it has learned
during the "training" period.
It should respond to the cheeses
and the flowers with different
nodes.
<br><br>
A more sophisticated variant
on competitive learning
that can distinguish the 
cheese and flowers is a
self-organizing map.
</body>
</html>
