<org.simbrain.network.core.Network>
  <looseNeurons/>
  <looseSynapses class="linked-hash-set"/>
  <weightMatrices/>
  <neuronCollectionSet/>
  <multiLayerNetworks/>
  <groupList>
    <org.simbrain.network.subnetworks.CompetitiveNetwork>
      <parentNetwork reference="../../.."/>
      <id>Group_1</id>
      <label>Group 1</label>
      <stateInfo></stateInfo>
      <markedForDeletion>false</markedForDeletion>
      <neuronGroupList class="java.util.concurrent.CopyOnWriteArrayList" serialization="custom">
        <java.util.concurrent.CopyOnWriteArrayList>
          <default/>
          <int>2</int>
          <org.simbrain.network.subnetworks.CompetitiveGroup>
            <parentNetwork reference="../../../../../.."/>
            <id>Group_2</id>
            <label>Group 2</label>
            <stateInfo></stateInfo>
            <markedForDeletion>false</markedForDeletion>
            <parentGroup class="org.simbrain.network.subnetworks.CompetitiveNetwork" reference="../../../.."/>
            <neuronList class="java.util.concurrent.CopyOnWriteArrayList" serialization="custom">
              <java.util.concurrent.CopyOnWriteArrayList>
                <default/>
                <int>9</int>
                <org.simbrain.network.core.Neuron>
                  <updateRule class="org.simbrain.network.neuron_update_rules.LinearRule">
                    <slope>1.0</slope>
                    <bias>0.0</bias>
                    <noiseGenerator class="org.simbrain.util.math.ProbDistributions.UniformDistribution">
                      <floor>0.0</floor>
                      <ceil>1.0</ceil>
                      <polarity>BOTH</polarity>
                    </noiseGenerator>
                    <addNoise>false</addNoise>
                    <clipping>true</clipping>
                    <upperBound>1.0</upperBound>
                    <lowerBound>-1.0</lowerBound>
                  </updateRule>
                  <id>Neuron_19</id>
                  <label></label>
                  <activation>0.0</activation>
                  <increment>0.1</increment>
                  <spike>false</spike>
                  <buffer>5.857968811683886E-177</buffer>
                  <spkBuffer>false</spkBuffer>
                  <inputValue>0.0</inputValue>
                  <parent reference="../../../../../../../../.."/>
                  <x>0.0</x>
                  <y>-200.0</y>
                  <z>0.0</z>
                  <clamped>false</clamped>
                  <polarity>BOTH</polarity>
                  <targetValue>0.0</targetValue>
                  <lastActivation>5.857968811683886E-177</lastActivation>
                  <parentGroup class="org.simbrain.network.subnetworks.CompetitiveGroup" reference="../../../.."/>
                  <updatePriority>0</updatePriority>
                  <auxValue>0.0</auxValue>
                </org.simbrain.network.core.Neuron>
                <org.simbrain.network.core.Neuron>
                  <updateRule class="org.simbrain.network.neuron_update_rules.LinearRule">
                    <slope>1.0</slope>
                    <bias>0.0</bias>
                    <noiseGenerator class="org.simbrain.util.math.ProbDistributions.UniformDistribution">
                      <floor>0.0</floor>
                      <ceil>1.0</ceil>
                      <polarity>BOTH</polarity>
                    </noiseGenerator>
                    <addNoise>false</addNoise>
                    <clipping>true</clipping>
                    <upperBound>1.0</upperBound>
                    <lowerBound>-1.0</lowerBound>
                  </updateRule>
                  <id>Neuron_21</id>
                  <label></label>
                  <activation>1.0</activation>
                  <increment>0.1</increment>
                  <spike>false</spike>
                  <buffer>0.08754637314855507</buffer>
                  <spkBuffer>false</spkBuffer>
                  <inputValue>0.0</inputValue>
                  <parent reference="../../../../../../../../.."/>
                  <x>50.0</x>
                  <y>-200.0</y>
                  <z>0.0</z>
                  <clamped>false</clamped>
                  <polarity>BOTH</polarity>
                  <targetValue>0.0</targetValue>
                  <lastActivation>0.08754637314855507</lastActivation>
                  <parentGroup class="org.simbrain.network.subnetworks.CompetitiveGroup" reference="../../../.."/>
                  <updatePriority>0</updatePriority>
                  <auxValue>0.0</auxValue>
                </org.simbrain.network.core.Neuron>
                <org.simbrain.network.core.Neuron>
                  <updateRule class="org.simbrain.network.neuron_update_rules.LinearRule">
                    <slope>1.0</slope>
                    <bias>0.0</bias>
                    <noiseGenerator class="org.simbrain.util.math.ProbDistributions.UniformDistribution">
                      <floor>0.0</floor>
                      <ceil>1.0</ceil>
                      <polarity>BOTH</polarity>
                    </noiseGenerator>
                    <addNoise>false</addNoise>
                    <clipping>true</clipping>
                    <upperBound>1.0</upperBound>
                    <lowerBound>-1.0</lowerBound>
                  </updateRule>
                  <id>Neuron_23</id>
                  <label></label>
                  <activation>0.0</activation>
                  <increment>0.1</increment>
                  <spike>false</spike>
                  <buffer>0.054595187958624364</buffer>
                  <spkBuffer>false</spkBuffer>
                  <inputValue>0.0</inputValue>
                  <parent reference="../../../../../../../../.."/>
                  <x>100.0</x>
                  <y>-200.0</y>
                  <z>0.0</z>
                  <clamped>false</clamped>
                  <polarity>BOTH</polarity>
                  <targetValue>0.0</targetValue>
                  <lastActivation>0.054595187958624364</lastActivation>
                  <parentGroup class="org.simbrain.network.subnetworks.CompetitiveGroup" reference="../../../.."/>
                  <updatePriority>0</updatePriority>
                  <auxValue>0.0</auxValue>
                </org.simbrain.network.core.Neuron>
                <org.simbrain.network.core.Neuron>
                  <updateRule class="org.simbrain.network.neuron_update_rules.LinearRule">
                    <slope>1.0</slope>
                    <bias>0.0</bias>
                    <noiseGenerator class="org.simbrain.util.math.ProbDistributions.UniformDistribution">
                      <floor>0.0</floor>
                      <ceil>1.0</ceil>
                      <polarity>BOTH</polarity>
                    </noiseGenerator>
                    <addNoise>false</addNoise>
                    <clipping>true</clipping>
                    <upperBound>1.0</upperBound>
                    <lowerBound>-1.0</lowerBound>
                  </updateRule>
                  <id>Neuron_25</id>
                  <label></label>
                  <activation>0.0</activation>
                  <increment>0.1</increment>
                  <spike>false</spike>
                  <buffer>-0.08373334330447119</buffer>
                  <spkBuffer>false</spkBuffer>
                  <inputValue>0.0</inputValue>
                  <parent reference="../../../../../../../../.."/>
                  <x>0.0</x>
                  <y>-150.0</y>
                  <z>0.0</z>
                  <clamped>false</clamped>
                  <polarity>BOTH</polarity>
                  <targetValue>0.0</targetValue>
                  <lastActivation>-0.08373334330447119</lastActivation>
                  <parentGroup class="org.simbrain.network.subnetworks.CompetitiveGroup" reference="../../../.."/>
                  <updatePriority>0</updatePriority>
                  <auxValue>0.0</auxValue>
                </org.simbrain.network.core.Neuron>
                <org.simbrain.network.core.Neuron>
                  <updateRule class="org.simbrain.network.neuron_update_rules.LinearRule">
                    <slope>1.0</slope>
                    <bias>0.0</bias>
                    <noiseGenerator class="org.simbrain.util.math.ProbDistributions.UniformDistribution">
                      <floor>0.0</floor>
                      <ceil>1.0</ceil>
                      <polarity>BOTH</polarity>
                    </noiseGenerator>
                    <addNoise>false</addNoise>
                    <clipping>true</clipping>
                    <upperBound>1.0</upperBound>
                    <lowerBound>-1.0</lowerBound>
                  </updateRule>
                  <id>Neuron_27</id>
                  <label></label>
                  <activation>0.0</activation>
                  <increment>0.1</increment>
                  <spike>false</spike>
                  <buffer>0.05795603449753521</buffer>
                  <spkBuffer>false</spkBuffer>
                  <inputValue>0.0</inputValue>
                  <parent reference="../../../../../../../../.."/>
                  <x>50.0</x>
                  <y>-150.0</y>
                  <z>0.0</z>
                  <clamped>false</clamped>
                  <polarity>BOTH</polarity>
                  <targetValue>0.0</targetValue>
                  <lastActivation>0.05795603449753521</lastActivation>
                  <parentGroup class="org.simbrain.network.subnetworks.CompetitiveGroup" reference="../../../.."/>
                  <updatePriority>0</updatePriority>
                  <auxValue>0.0</auxValue>
                </org.simbrain.network.core.Neuron>
                <org.simbrain.network.core.Neuron>
                  <updateRule class="org.simbrain.network.neuron_update_rules.LinearRule">
                    <slope>1.0</slope>
                    <bias>0.0</bias>
                    <noiseGenerator class="org.simbrain.util.math.ProbDistributions.UniformDistribution">
                      <floor>0.0</floor>
                      <ceil>1.0</ceil>
                      <polarity>BOTH</polarity>
                    </noiseGenerator>
                    <addNoise>false</addNoise>
                    <clipping>true</clipping>
                    <upperBound>1.0</upperBound>
                    <lowerBound>-1.0</lowerBound>
                  </updateRule>
                  <id>Neuron_29</id>
                  <label></label>
                  <activation>0.0</activation>
                  <increment>0.1</increment>
                  <spike>false</spike>
                  <buffer>0.013571429371538699</buffer>
                  <spkBuffer>false</spkBuffer>
                  <inputValue>0.0</inputValue>
                  <parent reference="../../../../../../../../.."/>
                  <x>100.0</x>
                  <y>-150.0</y>
                  <z>0.0</z>
                  <clamped>false</clamped>
                  <polarity>BOTH</polarity>
                  <targetValue>0.0</targetValue>
                  <lastActivation>0.013571429371538699</lastActivation>
                  <parentGroup class="org.simbrain.network.subnetworks.CompetitiveGroup" reference="../../../.."/>
                  <updatePriority>0</updatePriority>
                  <auxValue>0.0</auxValue>
                </org.simbrain.network.core.Neuron>
                <org.simbrain.network.core.Neuron>
                  <updateRule class="org.simbrain.network.neuron_update_rules.LinearRule">
                    <slope>1.0</slope>
                    <bias>0.0</bias>
                    <noiseGenerator class="org.simbrain.util.math.ProbDistributions.UniformDistribution">
                      <floor>0.0</floor>
                      <ceil>1.0</ceil>
                      <polarity>BOTH</polarity>
                    </noiseGenerator>
                    <addNoise>false</addNoise>
                    <clipping>true</clipping>
                    <upperBound>1.0</upperBound>
                    <lowerBound>-1.0</lowerBound>
                  </updateRule>
                  <id>Neuron_31</id>
                  <label></label>
                  <activation>0.0</activation>
                  <increment>0.1</increment>
                  <spike>false</spike>
                  <buffer>-0.07094840284870184</buffer>
                  <spkBuffer>false</spkBuffer>
                  <inputValue>0.0</inputValue>
                  <parent reference="../../../../../../../../.."/>
                  <x>0.0</x>
                  <y>-100.0</y>
                  <z>0.0</z>
                  <clamped>false</clamped>
                  <polarity>BOTH</polarity>
                  <targetValue>0.0</targetValue>
                  <lastActivation>-0.07094840284870184</lastActivation>
                  <parentGroup class="org.simbrain.network.subnetworks.CompetitiveGroup" reference="../../../.."/>
                  <updatePriority>0</updatePriority>
                  <auxValue>0.0</auxValue>
                </org.simbrain.network.core.Neuron>
                <org.simbrain.network.core.Neuron>
                  <updateRule class="org.simbrain.network.neuron_update_rules.LinearRule">
                    <slope>1.0</slope>
                    <bias>0.0</bias>
                    <noiseGenerator class="org.simbrain.util.math.ProbDistributions.UniformDistribution">
                      <floor>0.0</floor>
                      <ceil>1.0</ceil>
                      <polarity>BOTH</polarity>
                    </noiseGenerator>
                    <addNoise>false</addNoise>
                    <clipping>true</clipping>
                    <upperBound>1.0</upperBound>
                    <lowerBound>-1.0</lowerBound>
                  </updateRule>
                  <id>Neuron_33</id>
                  <label></label>
                  <activation>0.0</activation>
                  <increment>0.1</increment>
                  <spike>false</spike>
                  <buffer>-0.05156847109470043</buffer>
                  <spkBuffer>false</spkBuffer>
                  <inputValue>0.0</inputValue>
                  <parent reference="../../../../../../../../.."/>
                  <x>50.0</x>
                  <y>-100.0</y>
                  <z>0.0</z>
                  <clamped>false</clamped>
                  <polarity>BOTH</polarity>
                  <targetValue>0.0</targetValue>
                  <lastActivation>-0.05156847109470043</lastActivation>
                  <parentGroup class="org.simbrain.network.subnetworks.CompetitiveGroup" reference="../../../.."/>
                  <updatePriority>0</updatePriority>
                  <auxValue>0.0</auxValue>
                </org.simbrain.network.core.Neuron>
                <org.simbrain.network.core.Neuron>
                  <updateRule class="org.simbrain.network.neuron_update_rules.LinearRule">
                    <slope>1.0</slope>
                    <bias>0.0</bias>
                    <noiseGenerator class="org.simbrain.util.math.ProbDistributions.UniformDistribution">
                      <floor>0.0</floor>
                      <ceil>1.0</ceil>
                      <polarity>BOTH</polarity>
                    </noiseGenerator>
                    <addNoise>false</addNoise>
                    <clipping>true</clipping>
                    <upperBound>1.0</upperBound>
                    <lowerBound>-1.0</lowerBound>
                  </updateRule>
                  <id>Neuron_35</id>
                  <label></label>
                  <activation>0.0</activation>
                  <increment>0.1</increment>
                  <spike>false</spike>
                  <buffer>0.06998303640997969</buffer>
                  <spkBuffer>false</spkBuffer>
                  <inputValue>0.0</inputValue>
                  <parent reference="../../../../../../../../.."/>
                  <x>100.0</x>
                  <y>-100.0</y>
                  <z>0.0</z>
                  <clamped>false</clamped>
                  <polarity>BOTH</polarity>
                  <targetValue>0.0</targetValue>
                  <lastActivation>0.06998303640997969</lastActivation>
                  <parentGroup class="org.simbrain.network.subnetworks.CompetitiveGroup" reference="../../../.."/>
                  <updatePriority>0</updatePriority>
                  <auxValue>0.0</auxValue>
                </org.simbrain.network.core.Neuron>
              </java.util.concurrent.CopyOnWriteArrayList>
            </neuronList>
            <outgoingWeightMatrices/>
            <inputMode>false</inputMode>
            <inputManager>
              <inputIndex>0</inputIndex>
              <inputSpikes>false</inputSpikes>
              <parentCollection class="org.simbrain.network.subnetworks.CompetitiveGroup" reference="../.."/>
            </inputManager>
            <subsamplingManager>
              <numSubSamples>100</numSubSamples>
              <subsamplingIndices>
                <int>4</int>
                <int>6</int>
                <int>0</int>
                <int>2</int>
                <int>5</int>
                <int>8</int>
                <int>1</int>
                <int>7</int>
                <int>3</int>
              </subsamplingIndices>
              <subSampledValues>
                <double>0.0</double>
                <double>0.0</double>
                <double>0.0</double>
                <double>0.0</double>
                <double>0.0</double>
                <double>0.0</double>
                <double>0.0</double>
                <double>0.0</double>
                <double>0.0</double>
                <double>0.0</double>
                <double>0.0</double>
                <double>0.0</double>
                <double>0.0</double>
                <double>0.0</double>
                <double>0.0</double>
                <double>0.0</double>
                <double>0.0</double>
                <double>0.0</double>
                <double>0.0</double>
                <double>0.0</double>
                <double>0.0</double>
                <double>0.0</double>
                <double>0.0</double>
                <double>0.0</double>
                <double>0.0</double>
                <double>0.0</double>
                <double>0.0</double>
                <double>0.0</double>
                <double>0.0</double>
                <double>0.0</double>
                <double>0.0</double>
                <double>0.0</double>
                <double>0.0</double>
                <double>0.0</double>
                <double>0.0</double>
                <double>0.0</double>
                <double>0.0</double>
                <double>0.0</double>
                <double>0.0</double>
                <double>0.0</double>
                <double>0.0</double>
                <double>0.0</double>
                <double>0.0</double>
                <double>0.0</double>
                <double>0.0</double>
                <double>0.0</double>
                <double>0.0</double>
                <double>0.0</double>
                <double>0.0</double>
                <double>0.0</double>
                <double>0.0</double>
                <double>0.0</double>
                <double>0.0</double>
                <double>0.0</double>
                <double>0.0</double>
                <double>0.0</double>
                <double>0.0</double>
                <double>0.0</double>
                <double>0.0</double>
                <double>0.0</double>
                <double>0.0</double>
                <double>0.0</double>
                <double>0.0</double>
                <double>0.0</double>
                <double>0.0</double>
                <double>0.0</double>
                <double>0.0</double>
                <double>0.0</double>
                <double>0.0</double>
                <double>0.0</double>
                <double>0.0</double>
                <double>0.0</double>
                <double>0.0</double>
                <double>0.0</double>
                <double>0.0</double>
                <double>0.0</double>
                <double>0.0</double>
                <double>0.0</double>
                <double>0.0</double>
                <double>0.0</double>
                <double>0.0</double>
                <double>0.0</double>
                <double>0.0</double>
                <double>0.0</double>
                <double>0.0</double>
                <double>0.0</double>
                <double>0.0</double>
                <double>0.0</double>
                <double>0.0</double>
                <double>0.0</double>
                <double>0.0</double>
                <double>0.0</double>
                <double>0.0</double>
                <double>0.0</double>
                <double>0.0</double>
                <double>0.0</double>
                <double>0.0</double>
                <double>0.0</double>
                <double>0.0</double>
                <double>0.0</double>
              </subSampledValues>
              <nc class="org.simbrain.network.subnetworks.CompetitiveGroup" reference="../.."/>
            </subsamplingManager>
            <layout>
              <layout class="org.simbrain.network.layouts.GridLayout">
                <initialX>0.0</initialX>
                <initialY>0.0</initialY>
                <hSpacing>50.0</hSpacing>
                <vSpacing>50.0</vSpacing>
                <autoColumns>true</autoColumns>
                <numColumns>3</numColumns>
              </layout>
            </layout>
            <incomingSgs>
              <org.simbrain.network.groups.SynapseGroup>
                <parentNetwork reference="../../../../../../../.."/>
                <id>Group_4</id>
                <label>Group 4</label>
                <stateInfo></stateInfo>
                <markedForDeletion>false</markedForDeletion>
                <parentGroup class="org.simbrain.network.subnetworks.CompetitiveNetwork" reference="../../../../../.."/>
                <sourceNeuronGroup>
                  <parentNetwork reference="../../../../../../../../.."/>
                  <id>Group_3</id>
                  <label>Group 3</label>
                  <stateInfo></stateInfo>
                  <markedForDeletion>false</markedForDeletion>
                  <parentGroup class="org.simbrain.network.subnetworks.CompetitiveNetwork" reference="../../../../../../.."/>
                  <neuronList class="java.util.concurrent.CopyOnWriteArrayList" serialization="custom">
                    <java.util.concurrent.CopyOnWriteArrayList>
                      <default/>
                      <int>9</int>
                      <org.simbrain.network.core.Neuron>
                        <updateRule class="org.simbrain.network.neuron_update_rules.LinearRule">
                          <slope>1.0</slope>
                          <bias>0.0</bias>
                          <noiseGenerator class="org.simbrain.util.math.ProbDistributions.UniformDistribution">
                            <floor>0.0</floor>
                            <ceil>1.0</ceil>
                            <polarity>BOTH</polarity>
                          </noiseGenerator>
                          <addNoise>false</addNoise>
                          <clipping>true</clipping>
                          <upperBound>1.0</upperBound>
                          <lowerBound>0.0</lowerBound>
                        </updateRule>
                        <id>Neuron_36</id>
                        <label></label>
                        <activation>0.02079028880275905</activation>
                        <increment>0.1</increment>
                        <spike>false</spike>
                        <buffer>0.0</buffer>
                        <spkBuffer>false</spkBuffer>
                        <inputValue>0.0</inputValue>
                        <parent reference="../../../../../../../../../../../.."/>
                        <x>6.2020406437054</x>
                        <y>265.75427294813335</y>
                        <z>0.0</z>
                        <clamped>true</clamped>
                        <polarity>BOTH</polarity>
                        <targetValue>0.0</targetValue>
                        <lastActivation>0.02079028880275905</lastActivation>
                        <parentGroup class="org.simbrain.network.groups.NeuronGroup" reference="../../../.."/>
                        <updatePriority>0</updatePriority>
                        <auxValue>0.0</auxValue>
                      </org.simbrain.network.core.Neuron>
                      <org.simbrain.network.core.Neuron>
                        <updateRule class="org.simbrain.network.neuron_update_rules.LinearRule">
                          <slope>1.0</slope>
                          <bias>0.0</bias>
                          <noiseGenerator class="org.simbrain.util.math.ProbDistributions.UniformDistribution">
                            <floor>0.0</floor>
                            <ceil>1.0</ceil>
                            <polarity>BOTH</polarity>
                          </noiseGenerator>
                          <addNoise>false</addNoise>
                          <clipping>true</clipping>
                          <upperBound>1.0</upperBound>
                          <lowerBound>0.0</lowerBound>
                        </updateRule>
                        <id>Neuron_37</id>
                        <label></label>
                        <activation>0.023662612543359964</activation>
                        <increment>0.1</increment>
                        <spike>false</spike>
                        <buffer>0.0</buffer>
                        <spkBuffer>false</spkBuffer>
                        <inputValue>0.0</inputValue>
                        <parent reference="../../../../../../../../../../../.."/>
                        <x>56.2020406437054</x>
                        <y>265.75427294813335</y>
                        <z>0.0</z>
                        <clamped>true</clamped>
                        <polarity>BOTH</polarity>
                        <targetValue>0.0</targetValue>
                        <lastActivation>0.023662612543359964</lastActivation>
                        <parentGroup class="org.simbrain.network.groups.NeuronGroup" reference="../../../.."/>
                        <updatePriority>0</updatePriority>
                        <auxValue>0.0</auxValue>
                      </org.simbrain.network.core.Neuron>
                      <org.simbrain.network.core.Neuron>
                        <updateRule class="org.simbrain.network.neuron_update_rules.LinearRule">
                          <slope>1.0</slope>
                          <bias>0.0</bias>
                          <noiseGenerator class="org.simbrain.util.math.ProbDistributions.UniformDistribution">
                            <floor>0.0</floor>
                            <ceil>1.0</ceil>
                            <polarity>BOTH</polarity>
                          </noiseGenerator>
                          <addNoise>false</addNoise>
                          <clipping>true</clipping>
                          <upperBound>1.0</upperBound>
                          <lowerBound>0.0</lowerBound>
                        </updateRule>
                        <id>Neuron_38</id>
                        <label></label>
                        <activation>0.036755126815318395</activation>
                        <increment>0.1</increment>
                        <spike>false</spike>
                        <buffer>0.0</buffer>
                        <spkBuffer>false</spkBuffer>
                        <inputValue>0.0</inputValue>
                        <parent reference="../../../../../../../../../../../.."/>
                        <x>106.20204064370535</x>
                        <y>265.75427294813335</y>
                        <z>0.0</z>
                        <clamped>true</clamped>
                        <polarity>BOTH</polarity>
                        <targetValue>0.0</targetValue>
                        <lastActivation>0.036755126815318395</lastActivation>
                        <parentGroup class="org.simbrain.network.groups.NeuronGroup" reference="../../../.."/>
                        <updatePriority>0</updatePriority>
                        <auxValue>0.0</auxValue>
                      </org.simbrain.network.core.Neuron>
                      <org.simbrain.network.core.Neuron>
                        <updateRule class="org.simbrain.network.neuron_update_rules.LinearRule">
                          <slope>1.0</slope>
                          <bias>0.0</bias>
                          <noiseGenerator class="org.simbrain.util.math.ProbDistributions.UniformDistribution">
                            <floor>0.0</floor>
                            <ceil>1.0</ceil>
                            <polarity>BOTH</polarity>
                          </noiseGenerator>
                          <addNoise>false</addNoise>
                          <clipping>true</clipping>
                          <upperBound>1.0</upperBound>
                          <lowerBound>0.0</lowerBound>
                        </updateRule>
                        <id>Neuron_39</id>
                        <label></label>
                        <activation>0.07500306306568397</activation>
                        <increment>0.1</increment>
                        <spike>false</spike>
                        <buffer>0.0</buffer>
                        <spkBuffer>false</spkBuffer>
                        <inputValue>0.0</inputValue>
                        <parent reference="../../../../../../../../../../../.."/>
                        <x>6.2020406437054</x>
                        <y>315.7542729481339</y>
                        <z>0.0</z>
                        <clamped>true</clamped>
                        <polarity>BOTH</polarity>
                        <targetValue>0.0</targetValue>
                        <lastActivation>0.07500306306568397</lastActivation>
                        <parentGroup class="org.simbrain.network.groups.NeuronGroup" reference="../../../.."/>
                        <updatePriority>0</updatePriority>
                        <auxValue>0.0</auxValue>
                      </org.simbrain.network.core.Neuron>
                      <org.simbrain.network.core.Neuron>
                        <updateRule class="org.simbrain.network.neuron_update_rules.LinearRule">
                          <slope>1.0</slope>
                          <bias>0.0</bias>
                          <noiseGenerator class="org.simbrain.util.math.ProbDistributions.UniformDistribution">
                            <floor>0.0</floor>
                            <ceil>1.0</ceil>
                            <polarity>BOTH</polarity>
                          </noiseGenerator>
                          <addNoise>false</addNoise>
                          <clipping>true</clipping>
                          <upperBound>1.0</upperBound>
                          <lowerBound>0.0</lowerBound>
                        </updateRule>
                        <id>Neuron_40</id>
                        <label></label>
                        <activation>0.017013610967278735</activation>
                        <increment>0.1</increment>
                        <spike>false</spike>
                        <buffer>0.0</buffer>
                        <spkBuffer>false</spkBuffer>
                        <inputValue>0.0</inputValue>
                        <parent reference="../../../../../../../../../../../.."/>
                        <x>56.2020406437054</x>
                        <y>315.7542729481339</y>
                        <z>0.0</z>
                        <clamped>true</clamped>
                        <polarity>BOTH</polarity>
                        <targetValue>0.0</targetValue>
                        <lastActivation>0.017013610967278735</lastActivation>
                        <parentGroup class="org.simbrain.network.groups.NeuronGroup" reference="../../../.."/>
                        <updatePriority>0</updatePriority>
                        <auxValue>0.0</auxValue>
                      </org.simbrain.network.core.Neuron>
                      <org.simbrain.network.core.Neuron>
                        <updateRule class="org.simbrain.network.neuron_update_rules.LinearRule">
                          <slope>1.0</slope>
                          <bias>0.0</bias>
                          <noiseGenerator class="org.simbrain.util.math.ProbDistributions.UniformDistribution">
                            <floor>0.0</floor>
                            <ceil>1.0</ceil>
                            <polarity>BOTH</polarity>
                          </noiseGenerator>
                          <addNoise>false</addNoise>
                          <clipping>true</clipping>
                          <upperBound>1.0</upperBound>
                          <lowerBound>0.0</lowerBound>
                        </updateRule>
                        <id>Neuron_41</id>
                        <label></label>
                        <activation>0.019738768970605152</activation>
                        <increment>0.1</increment>
                        <spike>false</spike>
                        <buffer>0.0</buffer>
                        <spkBuffer>false</spkBuffer>
                        <inputValue>0.0</inputValue>
                        <parent reference="../../../../../../../../../../../.."/>
                        <x>106.20204064370535</x>
                        <y>315.7542729481339</y>
                        <z>0.0</z>
                        <clamped>true</clamped>
                        <polarity>BOTH</polarity>
                        <targetValue>0.0</targetValue>
                        <lastActivation>0.019738768970605152</lastActivation>
                        <parentGroup class="org.simbrain.network.groups.NeuronGroup" reference="../../../.."/>
                        <updatePriority>0</updatePriority>
                        <auxValue>0.0</auxValue>
                      </org.simbrain.network.core.Neuron>
                      <org.simbrain.network.core.Neuron>
                        <updateRule class="org.simbrain.network.neuron_update_rules.LinearRule">
                          <slope>1.0</slope>
                          <bias>0.0</bias>
                          <noiseGenerator class="org.simbrain.util.math.ProbDistributions.UniformDistribution">
                            <floor>0.0</floor>
                            <ceil>1.0</ceil>
                            <polarity>BOTH</polarity>
                          </noiseGenerator>
                          <addNoise>false</addNoise>
                          <clipping>true</clipping>
                          <upperBound>1.0</upperBound>
                          <lowerBound>0.0</lowerBound>
                        </updateRule>
                        <id>Neuron_42</id>
                        <label></label>
                        <activation>0.11927220153356087</activation>
                        <increment>0.1</increment>
                        <spike>false</spike>
                        <buffer>0.0</buffer>
                        <spkBuffer>false</spkBuffer>
                        <inputValue>0.0</inputValue>
                        <parent reference="../../../../../../../../../../../.."/>
                        <x>6.2020406437054</x>
                        <y>365.75427294813414</y>
                        <z>0.0</z>
                        <clamped>true</clamped>
                        <polarity>BOTH</polarity>
                        <targetValue>0.0</targetValue>
                        <lastActivation>0.11927220153356087</lastActivation>
                        <parentGroup class="org.simbrain.network.groups.NeuronGroup" reference="../../../.."/>
                        <updatePriority>0</updatePriority>
                        <auxValue>0.0</auxValue>
                      </org.simbrain.network.core.Neuron>
                      <org.simbrain.network.core.Neuron>
                        <updateRule class="org.simbrain.network.neuron_update_rules.LinearRule">
                          <slope>1.0</slope>
                          <bias>0.0</bias>
                          <noiseGenerator class="org.simbrain.util.math.ProbDistributions.UniformDistribution">
                            <floor>0.0</floor>
                            <ceil>1.0</ceil>
                            <polarity>BOTH</polarity>
                          </noiseGenerator>
                          <addNoise>false</addNoise>
                          <clipping>true</clipping>
                          <upperBound>1.0</upperBound>
                          <lowerBound>0.0</lowerBound>
                        </updateRule>
                        <id>Neuron_43</id>
                        <label></label>
                        <activation>0.06520816135363555</activation>
                        <increment>0.1</increment>
                        <spike>false</spike>
                        <buffer>0.0</buffer>
                        <spkBuffer>false</spkBuffer>
                        <inputValue>0.0</inputValue>
                        <parent reference="../../../../../../../../../../../.."/>
                        <x>56.2020406437054</x>
                        <y>365.75427294813414</y>
                        <z>0.0</z>
                        <clamped>true</clamped>
                        <polarity>BOTH</polarity>
                        <targetValue>0.0</targetValue>
                        <lastActivation>0.06520816135363555</lastActivation>
                        <parentGroup class="org.simbrain.network.groups.NeuronGroup" reference="../../../.."/>
                        <updatePriority>0</updatePriority>
                        <auxValue>0.0</auxValue>
                      </org.simbrain.network.core.Neuron>
                      <org.simbrain.network.core.Neuron>
                        <updateRule class="org.simbrain.network.neuron_update_rules.LinearRule">
                          <slope>1.0</slope>
                          <bias>0.0</bias>
                          <noiseGenerator class="org.simbrain.util.math.ProbDistributions.UniformDistribution">
                            <floor>0.0</floor>
                            <ceil>1.0</ceil>
                            <polarity>BOTH</polarity>
                          </noiseGenerator>
                          <addNoise>false</addNoise>
                          <clipping>true</clipping>
                          <upperBound>1.0</upperBound>
                          <lowerBound>0.0</lowerBound>
                        </updateRule>
                        <id>Neuron_44</id>
                        <label></label>
                        <activation>0.13228494918068207</activation>
                        <increment>0.1</increment>
                        <spike>false</spike>
                        <buffer>0.0</buffer>
                        <spkBuffer>false</spkBuffer>
                        <inputValue>0.0</inputValue>
                        <parent reference="../../../../../../../../../../../.."/>
                        <x>106.20204064370535</x>
                        <y>365.75427294813414</y>
                        <z>0.0</z>
                        <clamped>true</clamped>
                        <polarity>BOTH</polarity>
                        <targetValue>0.0</targetValue>
                        <lastActivation>0.13228494918068207</lastActivation>
                        <parentGroup class="org.simbrain.network.groups.NeuronGroup" reference="../../../.."/>
                        <updatePriority>0</updatePriority>
                        <auxValue>0.0</auxValue>
                      </org.simbrain.network.core.Neuron>
                    </java.util.concurrent.CopyOnWriteArrayList>
                  </neuronList>
                  <outgoingWeightMatrices/>
                  <inputMode>false</inputMode>
                  <inputManager>
                    <inputIndex>0</inputIndex>
                    <inputSpikes>false</inputSpikes>
                    <parentCollection class="org.simbrain.network.groups.NeuronGroup" reference="../.."/>
                  </inputManager>
                  <subsamplingManager>
                    <numSubSamples>100</numSubSamples>
                    <subsamplingIndices>
                      <int>7</int>
                      <int>8</int>
                      <int>2</int>
                      <int>3</int>
                      <int>5</int>
                      <int>1</int>
                      <int>6</int>
                      <int>4</int>
                      <int>0</int>
                    </subsamplingIndices>
                    <subSampledValues>
                      <double>0.0</double>
                      <double>0.0</double>
                      <double>0.0</double>
                      <double>0.0</double>
                      <double>0.0</double>
                      <double>0.0</double>
                      <double>0.0</double>
                      <double>0.0</double>
                      <double>0.0</double>
                      <double>0.0</double>
                      <double>0.0</double>
                      <double>0.0</double>
                      <double>0.0</double>
                      <double>0.0</double>
                      <double>0.0</double>
                      <double>0.0</double>
                      <double>0.0</double>
                      <double>0.0</double>
                      <double>0.0</double>
                      <double>0.0</double>
                      <double>0.0</double>
                      <double>0.0</double>
                      <double>0.0</double>
                      <double>0.0</double>
                      <double>0.0</double>
                      <double>0.0</double>
                      <double>0.0</double>
                      <double>0.0</double>
                      <double>0.0</double>
                      <double>0.0</double>
                      <double>0.0</double>
                      <double>0.0</double>
                      <double>0.0</double>
                      <double>0.0</double>
                      <double>0.0</double>
                      <double>0.0</double>
                      <double>0.0</double>
                      <double>0.0</double>
                      <double>0.0</double>
                      <double>0.0</double>
                      <double>0.0</double>
                      <double>0.0</double>
                      <double>0.0</double>
                      <double>0.0</double>
                      <double>0.0</double>
                      <double>0.0</double>
                      <double>0.0</double>
                      <double>0.0</double>
                      <double>0.0</double>
                      <double>0.0</double>
                      <double>0.0</double>
                      <double>0.0</double>
                      <double>0.0</double>
                      <double>0.0</double>
                      <double>0.0</double>
                      <double>0.0</double>
                      <double>0.0</double>
                      <double>0.0</double>
                      <double>0.0</double>
                      <double>0.0</double>
                      <double>0.0</double>
                      <double>0.0</double>
                      <double>0.0</double>
                      <double>0.0</double>
                      <double>0.0</double>
                      <double>0.0</double>
                      <double>0.0</double>
                      <double>0.0</double>
                      <double>0.0</double>
                      <double>0.0</double>
                      <double>0.0</double>
                      <double>0.0</double>
                      <double>0.0</double>
                      <double>0.0</double>
                      <double>0.0</double>
                      <double>0.0</double>
                      <double>0.0</double>
                      <double>0.0</double>
                      <double>0.0</double>
                      <double>0.0</double>
                      <double>0.0</double>
                      <double>0.0</double>
                      <double>0.0</double>
                      <double>0.0</double>
                      <double>0.0</double>
                      <double>0.0</double>
                      <double>0.0</double>
                      <double>0.0</double>
                      <double>0.0</double>
                      <double>0.0</double>
                      <double>0.0</double>
                      <double>0.0</double>
                      <double>0.0</double>
                      <double>0.0</double>
                      <double>0.0</double>
                      <double>0.0</double>
                      <double>0.0</double>
                      <double>0.0</double>
                      <double>0.0</double>
                      <double>0.0</double>
                    </subSampledValues>
                    <nc class="org.simbrain.network.groups.NeuronGroup" reference="../.."/>
                  </subsamplingManager>
                  <groupUpdateRule>LINEAR</groupUpdateRule>
                  <layout>
                    <layout class="org.simbrain.network.layouts.GridLayout">
                      <initialX>0.0</initialX>
                      <initialY>0.0</initialY>
                      <hSpacing>50.0</hSpacing>
                      <vSpacing>50.0</vSpacing>
                      <autoColumns>true</autoColumns>
                      <numColumns>3</numColumns>
                    </layout>
                  </layout>
                  <incomingSgs/>
                  <outgoingSgs>
                    <org.simbrain.network.groups.SynapseGroup reference="../../.."/>
                  </outgoingSgs>
                  <gridThreshold>9</gridThreshold>
                  <betweenNeuronInterval>50</betweenNeuronInterval>
                  <recordAsSpikes>false</recordAsSpikes>
                  <recording>false</recording>
                  <writeCounter>0</writeCounter>
                </sourceNeuronGroup>
                <targetNeuronGroup class="org.simbrain.network.subnetworks.CompetitiveGroup" reference="../../.."/>
                <connectionManager class="org.simbrain.network.connections.AllToAll">
                  <useExcitatoryRandomization>false</useExcitatoryRandomization>
                  <useInhibitoryRandomization>false</useInhibitoryRandomization>
                  <excitatoryRatio>1.0</excitatoryRatio>
                  <exRandomizer class="org.simbrain.util.math.ProbDistributions.UniformDistribution">
                    <floor>0.0</floor>
                    <ceil>1.0</ceil>
                    <polarity>EXCITATORY</polarity>
                  </exRandomizer>
                  <inRandomizer class="org.simbrain.util.math.ProbDistributions.UniformDistribution">
                    <floor>0.0</floor>
                    <ceil>1.0</ceil>
                    <polarity>INHIBITORY</polarity>
                  </inRandomizer>
                  <selfConnectionAllowed>true</selfConnectionAllowed>
                </connectionManager>
                <excitatoryRatio>0.49382716049382713</excitatoryRatio>
                <excitatoryPrototype>
                  <strength>0.0</strength>
                  <learningRule class="org.simbrain.network.synapse_update_rules.StaticSynapseRule">
                    <clipped>false</clipped>
                  </learningRule>
                  <spikeResponder class="org.simbrain.network.synapse_update_rules.spikeresponders.NonResponder">
                    <value>0.0</value>
                  </spikeResponder>
                  <id></id>
                  <psr>0.0</psr>
                  <increment>1.0</increment>
                  <upperBound>10.0</upperBound>
                  <lowerBound>-10.0</lowerBound>
                  <delay>0</delay>
                  <enabled>true</enabled>
                  <frozen>false</frozen>
                  <dlyPtr>0</dlyPtr>
                  <dlyVal>0.0</dlyVal>
                  <isTemplate>true</isTemplate>
                </excitatoryPrototype>
                <inhibitoryPrototype>
                  <strength>0.0</strength>
                  <learningRule class="org.simbrain.network.synapse_update_rules.StaticSynapseRule">
                    <clipped>false</clipped>
                  </learningRule>
                  <spikeResponder class="org.simbrain.network.synapse_update_rules.spikeresponders.NonResponder">
                    <value>0.0</value>
                  </spikeResponder>
                  <id></id>
                  <psr>0.0</psr>
                  <increment>1.0</increment>
                  <upperBound>10.0</upperBound>
                  <lowerBound>-10.0</lowerBound>
                  <delay>0</delay>
                  <enabled>true</enabled>
                  <frozen>false</frozen>
                  <dlyPtr>0</dlyPtr>
                  <dlyVal>0.0</dlyVal>
                  <isTemplate>true</isTemplate>
                </inhibitoryPrototype>
                <exciteRand class="org.simbrain.util.math.ProbDistributions.UniformDistribution">
                  <floor>0.0</floor>
                  <ceil>1.0</ceil>
                  <polarity>EXCITATORY</polarity>
                </exciteRand>
                <inhibRand class="org.simbrain.util.math.ProbDistributions.UniformDistribution">
                  <floor>0.0</floor>
                  <ceil>1.0</ceil>
                  <polarity>INHIBITORY</polarity>
                </inhibRand>
                <displaySynapses>true</displaySynapses>
                <recurrent>false</recurrent>
                <inStatic>true</inStatic>
                <exStatic>true</exStatic>
                <useGroupLevelSettings>true</useGroupLevelSettings>
                <compressedMatrixRep>AAAAUQABAgMEBQYHCP////8AAQIDBAUGBwj/////AAECAwQFBgcI/////wABAgMEBQYHCP////8A
AQIDBAUGBwj/////AAECAwQFBgcI/////wABAgMEBQYHCP////8AAQIDBAUGBwj/////AAECAwQF
BgcIAAAAAD0nEDs+TKlavT6srjxf/+K/OTCpP2ncaj8AGK89DqnUgAAAAD0+JPY+HXufPxYNGT4V
5aS+eRQHvtY4Zr8/0WY+VT5nAAAAAD2TrPQ+EeoGv2G1aT4LvFg/BqnIvy780r60AGs7RlLNAAAA
AD4WrK09LytHPuYiEz4E0+S+IlA4PofsmT8R/rA9XniAAAAAAD0ItyE9hFzQv179Rz4SkV6+afR0
vxv5Sbu8aXo98geuAAAAAD0enR89zQ6Evw6D9T2epG6+ivtKPssavT4BQ389p4JvAAAAAD5vm3g9
yUzKv3rIKj4gp/8+LPgsv3gB3L9GLh0+WA5EgAAAAD4C/1c9IUFSvwXH/T4MIFy/Oe/WvziTh71N
3Xs90F5PgAAAAD6E39c+InnLPxh3Lj1zeMo+9VATPy6xuD4UCQA+P10/</compressedMatrixRep>
                <useFullRepOnSave>false</useFullRepOnSave>
              </org.simbrain.network.groups.SynapseGroup>
            </incomingSgs>
            <outgoingSgs/>
            <gridThreshold>9</gridThreshold>
            <betweenNeuronInterval>50</betweenNeuronInterval>
            <recordAsSpikes>false</recordAsSpikes>
            <recording>false</recording>
            <writeCounter>0</writeCounter>
            <learningRate>0.1</learningRate>
            <winValue>1.0</winValue>
            <loseValue>0.0</loseValue>
            <normalizeInputs>true</normalizeInputs>
            <useLeakyLearning>false</useLeakyLearning>
            <leakyLearningRate>0.025</leakyLearningRate>
            <synpaseDecayPercent>8.0E-4</synpaseDecayPercent>
            <max>0.08754637314855507</max>
            <val>0.0</val>
            <activation>0.2595202655453028</activation>
            <winner>1</winner>
            <updateMethod>RUMM_ZIPSER</updateMethod>
          </org.simbrain.network.subnetworks.CompetitiveGroup>
          <org.simbrain.network.groups.NeuronGroup reference="../org.simbrain.network.subnetworks.CompetitiveGroup/incomingSgs/org.simbrain.network.groups.SynapseGroup/sourceNeuronGroup"/>
        </java.util.concurrent.CopyOnWriteArrayList>
      </neuronGroupList>
      <synapseGroupList class="java.util.concurrent.CopyOnWriteArrayList" serialization="custom">
        <java.util.concurrent.CopyOnWriteArrayList>
          <default/>
          <int>1</int>
          <org.simbrain.network.groups.SynapseGroup reference="../../../neuronGroupList/java.util.concurrent.CopyOnWriteArrayList/org.simbrain.network.subnetworks.CompetitiveGroup/incomingSgs/org.simbrain.network.groups.SynapseGroup"/>
        </java.util.concurrent.CopyOnWriteArrayList>
      </synapseGroupList>
      <displayNeuronGroups>true</displayNeuronGroups>
      <numMembers>99</numMembers>
      <competitive reference="../neuronGroupList/java.util.concurrent.CopyOnWriteArrayList/org.simbrain.network.subnetworks.CompetitiveGroup"/>
      <inputLayer reference="../neuronGroupList/java.util.concurrent.CopyOnWriteArrayList/org.simbrain.network.subnetworks.CompetitiveGroup/incomingSgs/org.simbrain.network.groups.SynapseGroup/sourceNeuronGroup"/>
      <trainingSet>
        <percentValidation>0.25</percentValidation>
      </trainingSet>
    </org.simbrain.network.subnetworks.CompetitiveNetwork>
  </groupList>
  <textList/>
  <naList/>
  <updateManager>
    <actionList>
      <org.simbrain.network.update__actions.BufferedUpdate>
        <network reference="../../../.."/>
      </org.simbrain.network.update__actions.BufferedUpdate>
      <org.simbrain.network.update__actions.UpdateGroup>
        <group class="org.simbrain.network.subnetworks.CompetitiveNetwork" reference="../../../../groupList/org.simbrain.network.subnetworks.CompetitiveNetwork"/>
      </org.simbrain.network.update__actions.UpdateGroup>
    </actionList>
    <network reference="../.."/>
  </updateManager>
  <time>607.4000000000696</time>
  <timeStep>0.1</timeStep>
  <isRunning>
    <value>0</value>
  </isRunning>
  <timeType>DISCRETE</timeType>
  <prioritySortedNeuronList/>
  <priorityComparator>
    <outer-class reference="../.."/>
  </priorityComparator>
  <neuronIdGenerator>
    <rootName>Neuron</rootName>
    <index>
      <value>45</value>
    </index>
  </neuronIdGenerator>
  <synapseIdGenerator>
    <rootName>Synapse</rootName>
    <index>
      <value>162</value>
    </index>
  </synapseIdGenerator>
  <groupIdGenerator>
    <rootName>Group</rootName>
    <index>
      <value>5</value>
    </index>
  </groupIdGenerator>
  <collectionIdGenerator>
    <rootName>Collection</rootName>
    <index>
      <value>0</value>
    </index>
  </collectionIdGenerator>
  <arrayIdGenerator>
    <rootName>Array</rootName>
    <index>
      <value>0</value>
    </index>
  </arrayIdGenerator>
  <weightMatrixGenerator>
    <rootName>Weight Matrix</rootName>
    <index>
      <value>0</value>
    </index>
  </weightMatrixGenerator>
  <fireUpdates>true</fireUpdates>
  <name>Network1</name>
  <iterCount>6074</iterCount>
  <updateFreq>1</updateFreq>
  <oneOffRun>true</oneOffRun>
</org.simbrain.network.core.Network>