<org.simbrain.world.odorworld.OdorWorld>
  <entityList class="java.util.concurrent.CopyOnWriteArrayList" serialization="custom">
    <java.util.concurrent.CopyOnWriteArrayList>
      <default/>
      <int>6</int>
      <org.simbrain.world.odorworld.entities.OdorWorldEntity>
        <entityType>MOUSE</entityType>
        <name>Entity_1</name>
        <id>Entity_1</id>
        <x>189.22162422706833</x>
        <y>179.68550687521326</y>
        <collisionBound>
          <collisionRadius>30.0</collisionRadius>
          <location>
            <x>189.22162422706833</x>
            <y>179.68550687521326</y>
          </location>
          <centerLocation>
            <x>209.22162422706833</x>
            <y>199.68550687521326</y>
          </centerLocation>
          <collisionBounds>
            <entry>
              <string>left</string>
              <java.awt.geom.Line2D_-Double>
                <x1>189.22162422706833</x1>
                <y1>179.68550687521326</y1>
                <x2>189.22162422706833</x2>
                <y2>219.68550687521326</y2>
              </java.awt.geom.Line2D_-Double>
            </entry>
            <entry>
              <string>up</string>
              <java.awt.geom.Line2D_-Double>
                <x1>189.22162422706833</x1>
                <y1>179.68550687521326</y1>
                <x2>229.22162422706833</x2>
                <y2>179.68550687521326</y2>
              </java.awt.geom.Line2D_-Double>
            </entry>
            <entry>
              <string>right</string>
              <java.awt.geom.Line2D_-Double>
                <x1>229.22162422706833</x1>
                <y1>179.68550687521326</y1>
                <x2>229.22162422706833</x2>
                <y2>219.68550687521326</y2>
              </java.awt.geom.Line2D_-Double>
            </entry>
            <entry>
              <string>down</string>
              <java.awt.geom.Line2D_-Double>
                <x1>189.22162422706833</x1>
                <y1>219.68550687521326</y1>
                <x2>229.22162422706833</x2>
                <y2>219.68550687521326</y2>
              </java.awt.geom.Line2D_-Double>
            </entry>
          </collisionBounds>
          <velocity>
            <x>0.0</x>
            <y>-0.0</y>
          </velocity>
          <shape>
            <x>189.22162422706833</x>
            <y>179.68550687521326</y>
            <width>40.0</width>
            <height>40.0</height>
          </shape>
        </collisionBound>
        <dx>0.0</dx>
        <dy>-0.0</dy>
        <manualStraightMovementIncrement>1.0</manualStraightMovementIncrement>
        <manualMovementVelocity>
          <x>0.0</x>
          <y>0.0</y>
        </manualMovementVelocity>
        <manualMode>false</manualMode>
        <heading>0.0</heading>
        <dtheta>0.0</dtheta>
        <manualMotionTurnIncrement>1.0</manualMotionTurnIncrement>
        <parentWorld reference="../../../.."/>
        <sensors>
          <org.simbrain.world.odorworld.sensors.SmellSensor>
            <theta>0.0</theta>
            <radius>0.0</radius>
            <relativeLocation>
              <x>20.0</x>
              <y>20.0</y>
            </relativeLocation>
            <parent reference="../../.."/>
            <id>Sensor_1</id>
            <label>Smell</label>
            <currentValue/>
          </org.simbrain.world.odorworld.sensors.SmellSensor>
        </sensors>
        <effectors>
          <org.simbrain.world.odorworld.effectors.StraightMovement>
            <parent reference="../../.."/>
            <id>Effector_1</id>
            <label></label>
            <amount>0.0</amount>
            <scalingFactor>1.0</scalingFactor>
          </org.simbrain.world.odorworld.effectors.StraightMovement>
          <org.simbrain.world.odorworld.effectors.Turning>
            <parent reference="../../.."/>
            <id>Effector_2</id>
            <label></label>
            <direction>1.0</direction>
            <amount>0.0</amount>
          </org.simbrain.world.odorworld.effectors.Turning>
          <org.simbrain.world.odorworld.effectors.Turning>
            <parent reference="../../.."/>
            <id>Effector_3</id>
            <label></label>
            <direction>-1.0</direction>
            <amount>0.0</amount>
          </org.simbrain.world.odorworld.effectors.Turning>
        </effectors>
        <smellSource>
          <stimulusVector>
            <double>0.995252315919258</double>
            <double>0.8596609356915901</double>
            <double>0.8604777384184427</double>
            <double>0.5477947591234705</double>
            <double>0.269592202299868</double>
            <double>0.4978200078517331</double>
            <double>0.13953774838983146</double>
            <double>0.9546143662318047</double>
            <double>0.9206920326964784</double>
            <double>0.5258963760559432</double>
          </stimulusVector>
          <returnVector reference="../stimulusVector"/>
          <decayFunction class="org.simbrain.util.math.DecayFunctions.LinearDecayFunction">
            <dispersion>70.0</dispersion>
            <peakDistance>0.0</peakDistance>
            <randomizer class="org.simbrain.util.math.ProbDistributions.UniformDistribution">
              <floor>0.0</floor>
              <ceil>1.0</ceil>
              <polarity>BOTH</polarity>
            </randomizer>
            <addNoise>false</addNoise>
          </decayFunction>
        </smellSource>
        <sensorsEnabled>true</sensorsEnabled>
        <effectorsEnabled>true</effectorsEnabled>
        <showSensors>true</showSensors>
        <currentlyHeardPhrases/>
        <updateHeadingBasedOnVelocity>false</updateHeadingBasedOnVelocity>
        <edible>false</edible>
        <energyLevel>10000.0</energyLevel>
        <calories>1000.0</calories>
        <tileCollision>
          <x>0</x>
          <y>0</y>
          <outer-class reference="../.."/>
        </tileCollision>
      </org.simbrain.world.odorworld.entities.OdorWorldEntity>
      <org.simbrain.world.odorworld.entities.OdorWorldEntity>
        <entityType>SWISS</entityType>
        <name>Entity_2</name>
        <id>Entity_2</id>
        <x>112.0</x>
        <y>53.0</y>
        <collisionBound>
          <collisionRadius>24.0</collisionRadius>
          <location>
            <x>112.0</x>
            <y>53.0</y>
          </location>
          <centerLocation>
            <x>128.0</x>
            <y>69.0</y>
          </centerLocation>
          <collisionBounds>
            <entry>
              <string>left</string>
              <java.awt.geom.Line2D_-Double>
                <x1>112.0</x1>
                <y1>53.0</y1>
                <x2>112.0</x2>
                <y2>85.0</y2>
              </java.awt.geom.Line2D_-Double>
            </entry>
            <entry>
              <string>up</string>
              <java.awt.geom.Line2D_-Double>
                <x1>112.0</x1>
                <y1>53.0</y1>
                <x2>144.0</x2>
                <y2>53.0</y2>
              </java.awt.geom.Line2D_-Double>
            </entry>
            <entry>
              <string>right</string>
              <java.awt.geom.Line2D_-Double>
                <x1>144.0</x1>
                <y1>53.0</y1>
                <x2>144.0</x2>
                <y2>85.0</y2>
              </java.awt.geom.Line2D_-Double>
            </entry>
            <entry>
              <string>down</string>
              <java.awt.geom.Line2D_-Double>
                <x1>112.0</x1>
                <y1>85.0</y1>
                <x2>144.0</x2>
                <y2>85.0</y2>
              </java.awt.geom.Line2D_-Double>
            </entry>
          </collisionBounds>
          <velocity>
            <x>0.0</x>
            <y>0.0</y>
          </velocity>
          <shape>
            <x>112.0</x>
            <y>53.0</y>
            <width>32.0</width>
            <height>32.0</height>
          </shape>
        </collisionBound>
        <dx>0.0</dx>
        <dy>0.0</dy>
        <manualStraightMovementIncrement>1.0</manualStraightMovementIncrement>
        <manualMovementVelocity>
          <x>0.0</x>
          <y>0.0</y>
        </manualMovementVelocity>
        <manualMode>false</manualMode>
        <heading>0.0</heading>
        <dtheta>0.0</dtheta>
        <manualMotionTurnIncrement>1.0</manualMotionTurnIncrement>
        <parentWorld reference="../../../.."/>
        <sensors/>
        <effectors/>
        <smellSource>
          <stimulusVector>
            <double>0.1438418583266532</double>
            <double>0.16371461663624287</double>
            <double>0.2542978500349442</double>
            <double>0.5189240069684559</double>
            <double>0.11771214154828513</double>
            <double>0.1365667036542335</double>
            <double>0.8252090809350228</double>
            <double>0.4511559794170067</double>
            <double>0.9152404326519502</double>
            <double>0.7241617768226704</double>
          </stimulusVector>
          <returnVector reference="../stimulusVector"/>
          <decayFunction class="org.simbrain.util.math.DecayFunctions.LinearDecayFunction">
            <dispersion>70.0</dispersion>
            <peakDistance>0.0</peakDistance>
            <randomizer class="org.simbrain.util.math.ProbDistributions.UniformDistribution">
              <floor>0.0</floor>
              <ceil>1.0</ceil>
              <polarity>BOTH</polarity>
            </randomizer>
            <addNoise>false</addNoise>
          </decayFunction>
        </smellSource>
        <sensorsEnabled>false</sensorsEnabled>
        <effectorsEnabled>false</effectorsEnabled>
        <showSensors>true</showSensors>
        <currentlyHeardPhrases/>
        <updateHeadingBasedOnVelocity>false</updateHeadingBasedOnVelocity>
        <edible>false</edible>
        <energyLevel>10000.0</energyLevel>
        <calories>1000.0</calories>
        <tileCollision>
          <x>0</x>
          <y>0</y>
          <outer-class reference="../.."/>
        </tileCollision>
      </org.simbrain.world.odorworld.entities.OdorWorldEntity>
      <org.simbrain.world.odorworld.entities.OdorWorldEntity>
        <entityType>GOUDA</entityType>
        <name>Entity_3</name>
        <id>Entity_3</id>
        <x>300.0</x>
        <y>60.0</y>
        <collisionBound>
          <collisionRadius>24.0</collisionRadius>
          <location>
            <x>300.0</x>
            <y>60.0</y>
          </location>
          <centerLocation>
            <x>316.0</x>
            <y>76.0</y>
          </centerLocation>
          <collisionBounds>
            <entry>
              <string>left</string>
              <java.awt.geom.Line2D_-Double>
                <x1>300.0</x1>
                <y1>60.0</y1>
                <x2>300.0</x2>
                <y2>92.0</y2>
              </java.awt.geom.Line2D_-Double>
            </entry>
            <entry>
              <string>up</string>
              <java.awt.geom.Line2D_-Double>
                <x1>300.0</x1>
                <y1>60.0</y1>
                <x2>332.0</x2>
                <y2>60.0</y2>
              </java.awt.geom.Line2D_-Double>
            </entry>
            <entry>
              <string>right</string>
              <java.awt.geom.Line2D_-Double>
                <x1>332.0</x1>
                <y1>60.0</y1>
                <x2>332.0</x2>
                <y2>92.0</y2>
              </java.awt.geom.Line2D_-Double>
            </entry>
            <entry>
              <string>down</string>
              <java.awt.geom.Line2D_-Double>
                <x1>300.0</x1>
                <y1>92.0</y1>
                <x2>332.0</x2>
                <y2>92.0</y2>
              </java.awt.geom.Line2D_-Double>
            </entry>
          </collisionBounds>
          <velocity>
            <x>0.0</x>
            <y>0.0</y>
          </velocity>
          <shape>
            <x>300.0</x>
            <y>60.0</y>
            <width>32.0</width>
            <height>32.0</height>
          </shape>
        </collisionBound>
        <dx>0.0</dx>
        <dy>0.0</dy>
        <manualStraightMovementIncrement>1.0</manualStraightMovementIncrement>
        <manualMovementVelocity>
          <x>0.0</x>
          <y>0.0</y>
        </manualMovementVelocity>
        <manualMode>false</manualMode>
        <heading>0.0</heading>
        <dtheta>0.0</dtheta>
        <manualMotionTurnIncrement>1.0</manualMotionTurnIncrement>
        <parentWorld reference="../../../.."/>
        <sensors/>
        <effectors/>
        <smellSource>
          <stimulusVector>
            <double>0.9749235752743575</double>
            <double>0.7501839017012312</double>
            <double>0.6950752048082195</double>
            <double>0.2086083795523067</double>
            <double>0.31526046563361376</double>
            <double>0.48840302468653984</double>
            <double>0.47945522033602916</double>
            <double>0.19203836541535602</double>
            <double>0.7739678793363245</double>
            <double>0.23606162080165727</double>
          </stimulusVector>
          <returnVector reference="../stimulusVector"/>
          <decayFunction class="org.simbrain.util.math.DecayFunctions.LinearDecayFunction">
            <dispersion>70.0</dispersion>
            <peakDistance>0.0</peakDistance>
            <randomizer class="org.simbrain.util.math.ProbDistributions.UniformDistribution">
              <floor>0.0</floor>
              <ceil>1.0</ceil>
              <polarity>BOTH</polarity>
            </randomizer>
            <addNoise>false</addNoise>
          </decayFunction>
        </smellSource>
        <sensorsEnabled>false</sensorsEnabled>
        <effectorsEnabled>false</effectorsEnabled>
        <showSensors>true</showSensors>
        <currentlyHeardPhrases/>
        <updateHeadingBasedOnVelocity>false</updateHeadingBasedOnVelocity>
        <edible>false</edible>
        <energyLevel>10000.0</energyLevel>
        <calories>1000.0</calories>
        <tileCollision>
          <x>0</x>
          <y>0</y>
          <outer-class reference="../.."/>
        </tileCollision>
      </org.simbrain.world.odorworld.entities.OdorWorldEntity>
      <org.simbrain.world.odorworld.entities.OdorWorldEntity>
        <entityType>FLAX</entityType>
        <name>Entity_4</name>
        <id>Entity_4</id>
        <x>352.0</x>
        <y>225.0</y>
        <collisionBound>
          <collisionRadius>24.0</collisionRadius>
          <location>
            <x>352.0</x>
            <y>225.0</y>
          </location>
          <centerLocation>
            <x>368.0</x>
            <y>241.0</y>
          </centerLocation>
          <collisionBounds>
            <entry>
              <string>left</string>
              <java.awt.geom.Line2D_-Double>
                <x1>352.0</x1>
                <y1>225.0</y1>
                <x2>352.0</x2>
                <y2>257.0</y2>
              </java.awt.geom.Line2D_-Double>
            </entry>
            <entry>
              <string>up</string>
              <java.awt.geom.Line2D_-Double>
                <x1>352.0</x1>
                <y1>225.0</y1>
                <x2>384.0</x2>
                <y2>225.0</y2>
              </java.awt.geom.Line2D_-Double>
            </entry>
            <entry>
              <string>right</string>
              <java.awt.geom.Line2D_-Double>
                <x1>384.0</x1>
                <y1>225.0</y1>
                <x2>384.0</x2>
                <y2>257.0</y2>
              </java.awt.geom.Line2D_-Double>
            </entry>
            <entry>
              <string>down</string>
              <java.awt.geom.Line2D_-Double>
                <x1>352.0</x1>
                <y1>257.0</y1>
                <x2>384.0</x2>
                <y2>257.0</y2>
              </java.awt.geom.Line2D_-Double>
            </entry>
          </collisionBounds>
          <velocity>
            <x>0.0</x>
            <y>0.0</y>
          </velocity>
          <shape>
            <x>352.0</x>
            <y>225.0</y>
            <width>32.0</width>
            <height>32.0</height>
          </shape>
        </collisionBound>
        <dx>0.0</dx>
        <dy>0.0</dy>
        <manualStraightMovementIncrement>1.0</manualStraightMovementIncrement>
        <manualMovementVelocity>
          <x>0.0</x>
          <y>0.0</y>
        </manualMovementVelocity>
        <manualMode>false</manualMode>
        <heading>0.0</heading>
        <dtheta>0.0</dtheta>
        <manualMotionTurnIncrement>1.0</manualMotionTurnIncrement>
        <parentWorld reference="../../../.."/>
        <sensors/>
        <effectors/>
        <smellSource>
          <stimulusVector>
            <double>0.0821955986331332</double>
            <double>0.8800644387002143</double>
            <double>0.8204060214537369</double>
            <double>0.7798482354796032</double>
            <double>0.8605182859506825</double>
            <double>0.4657045131880291</double>
            <double>0.9432330356252785</double>
            <double>0.8226997843839793</double>
            <double>0.357363466634646</double>
            <double>0.6307645388934712</double>
          </stimulusVector>
          <returnVector reference="../stimulusVector"/>
          <decayFunction class="org.simbrain.util.math.DecayFunctions.LinearDecayFunction">
            <dispersion>70.0</dispersion>
            <peakDistance>0.0</peakDistance>
            <randomizer class="org.simbrain.util.math.ProbDistributions.UniformDistribution">
              <floor>0.0</floor>
              <ceil>1.0</ceil>
              <polarity>BOTH</polarity>
            </randomizer>
            <addNoise>false</addNoise>
          </decayFunction>
        </smellSource>
        <sensorsEnabled>false</sensorsEnabled>
        <effectorsEnabled>false</effectorsEnabled>
        <showSensors>true</showSensors>
        <currentlyHeardPhrases/>
        <updateHeadingBasedOnVelocity>false</updateHeadingBasedOnVelocity>
        <edible>false</edible>
        <energyLevel>10000.0</energyLevel>
        <calories>1000.0</calories>
        <tileCollision>
          <x>0</x>
          <y>0</y>
          <outer-class reference="../.."/>
        </tileCollision>
      </org.simbrain.world.odorworld.entities.OdorWorldEntity>
      <org.simbrain.world.odorworld.entities.OdorWorldEntity>
        <entityType>PANSY</entityType>
        <name>Entity_5</name>
        <id>Entity_5</id>
        <x>220.0</x>
        <y>356.0</y>
        <collisionBound>
          <collisionRadius>24.0</collisionRadius>
          <location>
            <x>220.0</x>
            <y>356.0</y>
          </location>
          <centerLocation>
            <x>236.0</x>
            <y>372.0</y>
          </centerLocation>
          <collisionBounds>
            <entry>
              <string>left</string>
              <java.awt.geom.Line2D_-Double>
                <x1>220.0</x1>
                <y1>356.0</y1>
                <x2>220.0</x2>
                <y2>388.0</y2>
              </java.awt.geom.Line2D_-Double>
            </entry>
            <entry>
              <string>up</string>
              <java.awt.geom.Line2D_-Double>
                <x1>220.0</x1>
                <y1>356.0</y1>
                <x2>252.0</x2>
                <y2>356.0</y2>
              </java.awt.geom.Line2D_-Double>
            </entry>
            <entry>
              <string>right</string>
              <java.awt.geom.Line2D_-Double>
                <x1>252.0</x1>
                <y1>356.0</y1>
                <x2>252.0</x2>
                <y2>388.0</y2>
              </java.awt.geom.Line2D_-Double>
            </entry>
            <entry>
              <string>down</string>
              <java.awt.geom.Line2D_-Double>
                <x1>220.0</x1>
                <y1>388.0</y1>
                <x2>252.0</x2>
                <y2>388.0</y2>
              </java.awt.geom.Line2D_-Double>
            </entry>
          </collisionBounds>
          <velocity>
            <x>0.0</x>
            <y>0.0</y>
          </velocity>
          <shape>
            <x>220.0</x>
            <y>356.0</y>
            <width>32.0</width>
            <height>32.0</height>
          </shape>
        </collisionBound>
        <dx>0.0</dx>
        <dy>0.0</dy>
        <manualStraightMovementIncrement>1.0</manualStraightMovementIncrement>
        <manualMovementVelocity>
          <x>0.0</x>
          <y>0.0</y>
        </manualMovementVelocity>
        <manualMode>false</manualMode>
        <heading>0.0</heading>
        <dtheta>0.0</dtheta>
        <manualMotionTurnIncrement>1.0</manualMotionTurnIncrement>
        <parentWorld reference="../../../.."/>
        <sensors/>
        <effectors/>
        <smellSource>
          <stimulusVector>
            <double>0.15865300554649298</double>
            <double>0.9485758645604142</double>
            <double>0.013784462131017916</double>
            <double>0.2474050620495124</double>
            <double>0.5383131108229275</double>
            <double>0.37256769516095956</double>
            <double>0.9610844107293608</double>
            <double>0.46344436103475684</double>
            <double>0.8512488249016583</double>
            <double>0.5851386584778041</double>
          </stimulusVector>
          <returnVector reference="../stimulusVector"/>
          <decayFunction class="org.simbrain.util.math.DecayFunctions.LinearDecayFunction">
            <dispersion>70.0</dispersion>
            <peakDistance>0.0</peakDistance>
            <randomizer class="org.simbrain.util.math.ProbDistributions.UniformDistribution">
              <floor>0.0</floor>
              <ceil>1.0</ceil>
              <polarity>BOTH</polarity>
            </randomizer>
            <addNoise>false</addNoise>
          </decayFunction>
        </smellSource>
        <sensorsEnabled>false</sensorsEnabled>
        <effectorsEnabled>false</effectorsEnabled>
        <showSensors>true</showSensors>
        <currentlyHeardPhrases/>
        <updateHeadingBasedOnVelocity>false</updateHeadingBasedOnVelocity>
        <edible>false</edible>
        <energyLevel>10000.0</energyLevel>
        <calories>1000.0</calories>
        <tileCollision>
          <x>0</x>
          <y>0</y>
          <outer-class reference="../.."/>
        </tileCollision>
      </org.simbrain.world.odorworld.entities.OdorWorldEntity>
      <org.simbrain.world.odorworld.entities.OdorWorldEntity>
        <entityType>TULIP</entityType>
        <name>Entity_6</name>
        <id>Entity_6</id>
        <x>53.0</x>
        <y>258.0</y>
        <collisionBound>
          <collisionRadius>24.0</collisionRadius>
          <location>
            <x>53.0</x>
            <y>258.0</y>
          </location>
          <centerLocation>
            <x>69.0</x>
            <y>274.0</y>
          </centerLocation>
          <collisionBounds>
            <entry>
              <string>left</string>
              <java.awt.geom.Line2D_-Double>
                <x1>53.0</x1>
                <y1>258.0</y1>
                <x2>53.0</x2>
                <y2>290.0</y2>
              </java.awt.geom.Line2D_-Double>
            </entry>
            <entry>
              <string>up</string>
              <java.awt.geom.Line2D_-Double>
                <x1>53.0</x1>
                <y1>258.0</y1>
                <x2>85.0</x2>
                <y2>258.0</y2>
              </java.awt.geom.Line2D_-Double>
            </entry>
            <entry>
              <string>right</string>
              <java.awt.geom.Line2D_-Double>
                <x1>85.0</x1>
                <y1>258.0</y1>
                <x2>85.0</x2>
                <y2>290.0</y2>
              </java.awt.geom.Line2D_-Double>
            </entry>
            <entry>
              <string>down</string>
              <java.awt.geom.Line2D_-Double>
                <x1>53.0</x1>
                <y1>290.0</y1>
                <x2>85.0</x2>
                <y2>290.0</y2>
              </java.awt.geom.Line2D_-Double>
            </entry>
          </collisionBounds>
          <velocity>
            <x>0.0</x>
            <y>0.0</y>
          </velocity>
          <shape>
            <x>53.0</x>
            <y>258.0</y>
            <width>32.0</width>
            <height>32.0</height>
          </shape>
        </collisionBound>
        <dx>0.0</dx>
        <dy>0.0</dy>
        <manualStraightMovementIncrement>1.0</manualStraightMovementIncrement>
        <manualMovementVelocity>
          <x>0.0</x>
          <y>0.0</y>
        </manualMovementVelocity>
        <manualMode>false</manualMode>
        <heading>0.0</heading>
        <dtheta>0.0</dtheta>
        <manualMotionTurnIncrement>1.0</manualMotionTurnIncrement>
        <parentWorld reference="../../../.."/>
        <sensors/>
        <effectors/>
        <smellSource>
          <stimulusVector>
            <double>0.63421511947193</double>
            <double>0.3441473005600484</double>
            <double>0.7217644478719293</double>
            <double>0.39892376013600184</double>
            <double>0.1645400366482631</double>
            <double>0.10134144921182409</double>
            <double>0.863201314833082</double>
            <double>0.781002946354138</double>
            <double>0.7797393202359225</double>
            <double>0.3688427510174952</double>
          </stimulusVector>
          <returnVector reference="../stimulusVector"/>
          <decayFunction class="org.simbrain.util.math.DecayFunctions.LinearDecayFunction">
            <dispersion>70.0</dispersion>
            <peakDistance>0.0</peakDistance>
            <randomizer class="org.simbrain.util.math.ProbDistributions.UniformDistribution">
              <floor>0.0</floor>
              <ceil>1.0</ceil>
              <polarity>BOTH</polarity>
            </randomizer>
            <addNoise>false</addNoise>
          </decayFunction>
        </smellSource>
        <sensorsEnabled>false</sensorsEnabled>
        <effectorsEnabled>false</effectorsEnabled>
        <showSensors>true</showSensors>
        <currentlyHeardPhrases/>
        <updateHeadingBasedOnVelocity>false</updateHeadingBasedOnVelocity>
        <edible>false</edible>
        <energyLevel>10000.0</energyLevel>
        <calories>1000.0</calories>
        <tileCollision>
          <x>0</x>
          <y>0</y>
          <outer-class reference="../.."/>
        </tileCollision>
      </org.simbrain.world.odorworld.entities.OdorWorldEntity>
    </java.util.concurrent.CopyOnWriteArrayList>
  </entityList>
  <tileMap version="1.0" tiledversion="1.1.6" width="14" height="14" tilewidth="32" tileheight="32">
    <tileset firstgid="1" name="RoguelikeTileSet" tilewidth="32" tileheight="32" spacing="2" margin="0" tilecount="1767" columns="57" offsetX="0" offsetY="0">
      <image source="tileset_kenney.png" width="1936" height="1052"/>
      <tile id="5">
        <properties>
          <property name="type" value="Grass"/>
        </properties>
      </tile>
      <tile id="62">
        <properties>
          <property name="type" value="Grass"/>
        </properties>
      </tile>
      <tile id="293">
        <properties>
          <property name="smell" value="1, 0.45, 0.22, 0.45, 0.02"/>
        </properties>
      </tile>
      <tile id="406">
        <properties>
          <property name="label" value="DirtRoadTurnDownRight"/>
          <property name="type" value="DirtRoad"/>
        </properties>
      </tile>
    </tileset>
    <layer name="Tile Layer 1" width="14" height="14">
      <data encoding="csv">
0,0,0,0,0,0,0,0,0,0,0,0,0,0,
0,0,0,0,0,0,0,0,0,0,0,0,0,0,
0,0,0,0,0,0,0,0,0,0,0,0,0,0,
0,0,0,0,0,0,0,0,0,0,0,0,0,0,
0,0,0,0,0,0,0,0,0,0,0,0,0,0,
0,0,0,0,0,0,0,0,0,0,0,0,0,0,
0,0,0,0,0,0,0,0,0,0,0,0,0,0,
0,0,0,0,0,0,0,0,0,0,0,0,0,0,
0,0,0,0,0,0,0,0,0,0,0,0,0,0,
0,0,0,0,0,0,0,0,0,0,0,0,0,0,
0,0,0,0,0,0,0,0,0,0,0,0,0,0,
0,0,0,0,0,0,0,0,0,0,0,0,0,0,
0,0,0,0,0,0,0,0,0,0,0,0,0,0,
0,0,0,0,0,0,0,0,0,0,0,0,0,0
</data>
    </layer>
  </tileMap>
  <wrapAround>true</wrapAround>
  <objectsBlockMovement>true</objectsBlockMovement>
  <entityIDGenerator>
    <rootName>Entity</rootName>
    <index>
      <value>0</value>
    </index>
  </entityIDGenerator>
  <sensorIDGenerator>
    <rootName>Sensor</rootName>
    <index>
      <value>2</value>
    </index>
  </sensorIDGenerator>
  <effectorIDGenerator>
    <rootName>Effector</rootName>
    <index>
      <value>0</value>
    </index>
  </effectorIDGenerator>
  <agentIdGenerator>
    <rootName>Agent</rootName>
    <index>
      <value>0</value>
    </index>
  </agentIdGenerator>
  <lastClickedPosition class="java.awt.geom.Point2D$Double">
    <x>30.0</x>
    <y>126.0</y>
  </lastClickedPosition>
  <worldBoundary>
    <collisionRadius>336.0</collisionRadius>
    <location>
      <x>0.0</x>
      <y>0.0</y>
    </location>
    <centerLocation>
      <x>224.0</x>
      <y>224.0</y>
    </centerLocation>
    <collisionBounds>
      <entry>
        <string>left</string>
        <java.awt.geom.Line2D_-Double>
          <x1>0.0</x1>
          <y1>0.0</y1>
          <x2>0.0</x2>
          <y2>448.0</y2>
        </java.awt.geom.Line2D_-Double>
      </entry>
      <entry>
        <string>up</string>
        <java.awt.geom.Line2D_-Double>
          <x1>0.0</x1>
          <y1>0.0</y1>
          <x2>448.0</x2>
          <y2>0.0</y2>
        </java.awt.geom.Line2D_-Double>
      </entry>
      <entry>
        <string>right</string>
        <java.awt.geom.Line2D_-Double>
          <x1>448.0</x1>
          <y1>0.0</y1>
          <x2>448.0</x2>
          <y2>448.0</y2>
        </java.awt.geom.Line2D_-Double>
      </entry>
      <entry>
        <string>down</string>
        <java.awt.geom.Line2D_-Double>
          <x1>0.0</x1>
          <y1>448.0</y1>
          <x2>448.0</x2>
          <y2>448.0</y2>
        </java.awt.geom.Line2D_-Double>
      </entry>
    </collisionBounds>
    <velocity>
      <x>0.0</x>
      <y>0.0</y>
    </velocity>
    <shape>
      <x>0.0</x>
      <y>0.0</y>
      <width>448.0</width>
      <height>448.0</height>
    </shape>
  </worldBoundary>
</org.simbrain.world.odorworld.OdorWorld>