<org.simbrain.network.core.Network>
  <looseNeurons>
    <org.simbrain.network.core.Neuron>
      <updateRule class="org.simbrain.network.neuron_update_rules.LinearRule">
        <slope>1.0</slope>
        <bias>0.0</bias>
        <noiseGenerator class="org.simbrain.util.math.ProbDistributions.UniformDistribution">
          <floor>0.0</floor>
          <ceil>1.0</ceil>
          <polarity>BOTH</polarity>
        </noiseGenerator>
        <addNoise>false</addNoise>
        <clipping>true</clipping>
        <upperBound>1.0</upperBound>
        <lowerBound>-1.0</lowerBound>
      </updateRule>
      <id>Neuron_1</id>
      <label>Left</label>
      <activation>0.0</activation>
      <increment>0.1</increment>
      <spike>false</spike>
      <buffer>0.0</buffer>
      <spkBuffer>false</spkBuffer>
      <inputValue>0.0</inputValue>
      <parent reference="../../.."/>
      <x>479.77429757352184</x>
      <y>43.79506950078799</y>
      <z>0.0</z>
      <clamped>false</clamped>
      <polarity>BOTH</polarity>
      <targetValue>0.0</targetValue>
      <lastActivation>0.0</lastActivation>
      <updatePriority>0</updatePriority>
      <auxValue>0.0</auxValue>
    </org.simbrain.network.core.Neuron>
    <org.simbrain.network.core.Neuron>
      <updateRule class="org.simbrain.network.neuron_update_rules.LinearRule">
        <slope>1.0</slope>
        <bias>0.0</bias>
        <noiseGenerator class="org.simbrain.util.math.ProbDistributions.UniformDistribution">
          <floor>0.0</floor>
          <ceil>1.0</ceil>
          <polarity>BOTH</polarity>
        </noiseGenerator>
        <addNoise>false</addNoise>
        <clipping>true</clipping>
        <upperBound>1.0</upperBound>
        <lowerBound>-1.0</lowerBound>
      </updateRule>
      <id>Neuron_2</id>
      <label>Up</label>
      <activation>0.0</activation>
      <increment>0.1</increment>
      <spike>false</spike>
      <buffer>0.0</buffer>
      <spkBuffer>false</spkBuffer>
      <inputValue>0.0</inputValue>
      <parent reference="../../.."/>
      <x>521.6071025857902</x>
      <y>12.119323020602437</y>
      <z>0.0</z>
      <clamped>false</clamped>
      <polarity>BOTH</polarity>
      <targetValue>0.0</targetValue>
      <lastActivation>0.0</lastActivation>
      <updatePriority>0</updatePriority>
      <auxValue>0.0</auxValue>
    </org.simbrain.network.core.Neuron>
    <org.simbrain.network.core.Neuron>
      <updateRule class="org.simbrain.network.neuron_update_rules.LinearRule">
        <slope>1.0</slope>
        <bias>0.0</bias>
        <noiseGenerator class="org.simbrain.util.math.ProbDistributions.UniformDistribution">
          <floor>0.0</floor>
          <ceil>1.0</ceil>
          <polarity>BOTH</polarity>
        </noiseGenerator>
        <addNoise>false</addNoise>
        <clipping>true</clipping>
        <upperBound>1.0</upperBound>
        <lowerBound>-1.0</lowerBound>
      </updateRule>
      <id>Neuron_3</id>
      <label>Down</label>
      <activation>0.0</activation>
      <increment>0.1</increment>
      <spike>false</spike>
      <buffer>0.0</buffer>
      <spkBuffer>false</spkBuffer>
      <inputValue>0.0</inputValue>
      <parent reference="../../.."/>
      <x>517.8201975163214</x>
      <y>75.9012450803348</y>
      <z>0.0</z>
      <clamped>false</clamped>
      <polarity>BOTH</polarity>
      <targetValue>0.0</targetValue>
      <lastActivation>0.0</lastActivation>
      <updatePriority>0</updatePriority>
      <auxValue>0.0</auxValue>
    </org.simbrain.network.core.Neuron>
    <org.simbrain.network.core.Neuron>
      <updateRule class="org.simbrain.network.neuron_update_rules.LinearRule">
        <slope>1.0</slope>
        <bias>0.0</bias>
        <noiseGenerator class="org.simbrain.util.math.ProbDistributions.UniformDistribution">
          <floor>0.0</floor>
          <ceil>1.0</ceil>
          <polarity>BOTH</polarity>
        </noiseGenerator>
        <addNoise>false</addNoise>
        <clipping>true</clipping>
        <upperBound>1.0</upperBound>
        <lowerBound>-1.0</lowerBound>
      </updateRule>
      <id>Neuron_4</id>
      <label>Right</label>
      <activation>0.0</activation>
      <increment>0.1</increment>
      <spike>false</spike>
      <buffer>0.0</buffer>
      <spkBuffer>false</spkBuffer>
      <inputValue>0.0</inputValue>
      <parent reference="../../.."/>
      <x>559.7346375267363</x>
      <y>45.30994841684462</y>
      <z>0.0</z>
      <clamped>false</clamped>
      <polarity>BOTH</polarity>
      <targetValue>0.0</targetValue>
      <lastActivation>0.0</lastActivation>
      <updatePriority>0</updatePriority>
      <auxValue>0.0</auxValue>
    </org.simbrain.network.core.Neuron>
    <org.simbrain.network.core.Neuron>
      <updateRule class="org.simbrain.network.neuron_update_rules.LinearRule">
        <slope>1.0</slope>
        <bias>0.0</bias>
        <noiseGenerator class="org.simbrain.util.math.ProbDistributions.UniformDistribution">
          <floor>0.0</floor>
          <ceil>1.0</ceil>
          <polarity>BOTH</polarity>
        </noiseGenerator>
        <addNoise>false</addNoise>
        <clipping>true</clipping>
        <upperBound>1.0</upperBound>
        <lowerBound>-1.0</lowerBound>
      </updateRule>
      <id>Neuron_5</id>
      <label>little</label>
      <activation>0.0</activation>
      <increment>0.1</increment>
      <spike>false</spike>
      <buffer>0.0</buffer>
      <spkBuffer>false</spkBuffer>
      <inputValue>0.0</inputValue>
      <parent reference="../../.."/>
      <x>552.152167805712</x>
      <y>-111.47137752281103</y>
      <z>0.0</z>
      <clamped>false</clamped>
      <polarity>BOTH</polarity>
      <targetValue>0.0</targetValue>
      <lastActivation>0.0</lastActivation>
      <updatePriority>0</updatePriority>
      <auxValue>0.0</auxValue>
    </org.simbrain.network.core.Neuron>
    <org.simbrain.network.core.Neuron>
      <updateRule class="org.simbrain.network.neuron_update_rules.LinearRule">
        <slope>1.0</slope>
        <bias>0.0</bias>
        <noiseGenerator class="org.simbrain.util.math.ProbDistributions.UniformDistribution">
          <floor>0.0</floor>
          <ceil>1.0</ceil>
          <polarity>BOTH</polarity>
        </noiseGenerator>
        <addNoise>false</addNoise>
        <clipping>true</clipping>
        <upperBound>1.0</upperBound>
        <lowerBound>-1.0</lowerBound>
      </updateRule>
      <id>Neuron_6</id>
      <label>ring</label>
      <activation>0.0</activation>
      <increment>0.1</increment>
      <spike>false</spike>
      <buffer>0.0</buffer>
      <spkBuffer>false</spkBuffer>
      <inputValue>0.0</inputValue>
      <parent reference="../../.."/>
      <x>609.4425936135374</x>
      <y>-110.42206585660183</y>
      <z>0.0</z>
      <clamped>false</clamped>
      <polarity>BOTH</polarity>
      <targetValue>0.0</targetValue>
      <lastActivation>0.0</lastActivation>
      <updatePriority>0</updatePriority>
      <auxValue>0.0</auxValue>
    </org.simbrain.network.core.Neuron>
    <org.simbrain.network.core.Neuron>
      <updateRule class="org.simbrain.network.neuron_update_rules.LinearRule">
        <slope>1.0</slope>
        <bias>0.0</bias>
        <noiseGenerator class="org.simbrain.util.math.ProbDistributions.UniformDistribution">
          <floor>0.0</floor>
          <ceil>1.0</ceil>
          <polarity>BOTH</polarity>
        </noiseGenerator>
        <addNoise>false</addNoise>
        <clipping>true</clipping>
        <upperBound>1.0</upperBound>
        <lowerBound>-1.0</lowerBound>
      </updateRule>
      <id>Neuron_7</id>
      <label>middle</label>
      <activation>0.0</activation>
      <increment>0.1</increment>
      <spike>false</spike>
      <buffer>0.0</buffer>
      <spkBuffer>false</spkBuffer>
      <inputValue>0.0</inputValue>
      <parent reference="../../.."/>
      <x>664.5901664834266</x>
      <y>-110.01526317336186</y>
      <z>0.0</z>
      <clamped>false</clamped>
      <polarity>BOTH</polarity>
      <targetValue>0.0</targetValue>
      <lastActivation>0.0</lastActivation>
      <updatePriority>0</updatePriority>
      <auxValue>0.0</auxValue>
    </org.simbrain.network.core.Neuron>
    <org.simbrain.network.core.Neuron>
      <updateRule class="org.simbrain.network.neuron_update_rules.LinearRule">
        <slope>1.0</slope>
        <bias>0.0</bias>
        <noiseGenerator class="org.simbrain.util.math.ProbDistributions.UniformDistribution">
          <floor>0.0</floor>
          <ceil>1.0</ceil>
          <polarity>BOTH</polarity>
        </noiseGenerator>
        <addNoise>false</addNoise>
        <clipping>true</clipping>
        <upperBound>1.0</upperBound>
        <lowerBound>-1.0</lowerBound>
      </updateRule>
      <id>Neuron_8</id>
      <label>index</label>
      <activation>0.0</activation>
      <increment>0.1</increment>
      <spike>false</spike>
      <buffer>0.0</buffer>
      <spkBuffer>false</spkBuffer>
      <inputValue>0.0</inputValue>
      <parent reference="../../.."/>
      <x>719.5046208327896</x>
      <y>-109.81266043735735</y>
      <z>0.0</z>
      <clamped>false</clamped>
      <polarity>BOTH</polarity>
      <targetValue>0.0</targetValue>
      <lastActivation>0.0</lastActivation>
      <updatePriority>0</updatePriority>
      <auxValue>0.0</auxValue>
    </org.simbrain.network.core.Neuron>
    <org.simbrain.network.core.Neuron>
      <updateRule class="org.simbrain.network.neuron_update_rules.LinearRule">
        <slope>1.0</slope>
        <bias>0.0</bias>
        <noiseGenerator class="org.simbrain.util.math.ProbDistributions.UniformDistribution">
          <floor>0.0</floor>
          <ceil>1.0</ceil>
          <polarity>BOTH</polarity>
        </noiseGenerator>
        <addNoise>false</addNoise>
        <clipping>true</clipping>
        <upperBound>1.0</upperBound>
        <lowerBound>-1.0</lowerBound>
      </updateRule>
      <id>Neuron_9</id>
      <label>thumb</label>
      <activation>0.0</activation>
      <increment>0.1</increment>
      <spike>false</spike>
      <buffer>0.0</buffer>
      <spkBuffer>false</spkBuffer>
      <inputValue>0.0</inputValue>
      <parent reference="../../.."/>
      <x>812.9669819251616</x>
      <y>-53.02250480363192</y>
      <z>0.0</z>
      <clamped>false</clamped>
      <polarity>BOTH</polarity>
      <targetValue>0.0</targetValue>
      <lastActivation>0.0</lastActivation>
      <updatePriority>0</updatePriority>
      <auxValue>0.0</auxValue>
    </org.simbrain.network.core.Neuron>
    <org.simbrain.network.core.Neuron>
      <updateRule class="org.simbrain.network.neuron_update_rules.LinearRule">
        <slope>1.0</slope>
        <bias>0.0</bias>
        <noiseGenerator class="org.simbrain.util.math.ProbDistributions.UniformDistribution">
          <floor>0.0</floor>
          <ceil>1.0</ceil>
          <polarity>BOTH</polarity>
        </noiseGenerator>
        <addNoise>false</addNoise>
        <clipping>true</clipping>
        <upperBound>1.0</upperBound>
        <lowerBound>-1.0</lowerBound>
      </updateRule>
      <id>Neuron_10</id>
      <label>thumb</label>
      <activation>0.0</activation>
      <increment>0.1</increment>
      <spike>false</spike>
      <buffer>0.0</buffer>
      <spkBuffer>false</spkBuffer>
      <inputValue>0.0</inputValue>
      <parent reference="../../.."/>
      <x>876.3650464784262</x>
      <y>-52.043010265905224</y>
      <z>0.0</z>
      <clamped>false</clamped>
      <polarity>BOTH</polarity>
      <targetValue>0.0</targetValue>
      <lastActivation>0.0</lastActivation>
      <updatePriority>0</updatePriority>
      <auxValue>0.0</auxValue>
    </org.simbrain.network.core.Neuron>
    <org.simbrain.network.core.Neuron>
      <updateRule class="org.simbrain.network.neuron_update_rules.LinearRule">
        <slope>1.0</slope>
        <bias>0.0</bias>
        <noiseGenerator class="org.simbrain.util.math.ProbDistributions.UniformDistribution">
          <floor>0.0</floor>
          <ceil>1.0</ceil>
          <polarity>BOTH</polarity>
        </noiseGenerator>
        <addNoise>false</addNoise>
        <clipping>true</clipping>
        <upperBound>1.0</upperBound>
        <lowerBound>-1.0</lowerBound>
      </updateRule>
      <id>Neuron_11</id>
      <label>index</label>
      <activation>0.0</activation>
      <increment>0.1</increment>
      <spike>false</spike>
      <buffer>0.0</buffer>
      <spkBuffer>false</spkBuffer>
      <inputValue>0.0</inputValue>
      <parent reference="../../.."/>
      <x>966.9004328617887</x>
      <y>-104.01361479360258</y>
      <z>0.0</z>
      <clamped>false</clamped>
      <polarity>BOTH</polarity>
      <targetValue>0.0</targetValue>
      <lastActivation>1.0</lastActivation>
      <updatePriority>0</updatePriority>
      <auxValue>0.0</auxValue>
    </org.simbrain.network.core.Neuron>
    <org.simbrain.network.core.Neuron>
      <updateRule class="org.simbrain.network.neuron_update_rules.LinearRule">
        <slope>1.0</slope>
        <bias>0.0</bias>
        <noiseGenerator class="org.simbrain.util.math.ProbDistributions.UniformDistribution">
          <floor>0.0</floor>
          <ceil>1.0</ceil>
          <polarity>BOTH</polarity>
        </noiseGenerator>
        <addNoise>false</addNoise>
        <clipping>true</clipping>
        <upperBound>1.0</upperBound>
        <lowerBound>-1.0</lowerBound>
      </updateRule>
      <id>Neuron_12</id>
      <label>middle</label>
      <activation>0.0</activation>
      <increment>0.1</increment>
      <spike>false</spike>
      <buffer>0.0</buffer>
      <spkBuffer>false</spkBuffer>
      <inputValue>0.0</inputValue>
      <parent reference="../../.."/>
      <x>1021.1177739108081</x>
      <y>-103.97887129668798</y>
      <z>0.0</z>
      <clamped>false</clamped>
      <polarity>BOTH</polarity>
      <targetValue>0.0</targetValue>
      <lastActivation>0.0</lastActivation>
      <updatePriority>0</updatePriority>
      <auxValue>0.0</auxValue>
    </org.simbrain.network.core.Neuron>
    <org.simbrain.network.core.Neuron>
      <updateRule class="org.simbrain.network.neuron_update_rules.LinearRule">
        <slope>1.0</slope>
        <bias>0.0</bias>
        <noiseGenerator class="org.simbrain.util.math.ProbDistributions.UniformDistribution">
          <floor>0.0</floor>
          <ceil>1.0</ceil>
          <polarity>BOTH</polarity>
        </noiseGenerator>
        <addNoise>false</addNoise>
        <clipping>true</clipping>
        <upperBound>1.0</upperBound>
        <lowerBound>-1.0</lowerBound>
      </updateRule>
      <id>Neuron_13</id>
      <label>ring</label>
      <activation>0.0</activation>
      <increment>0.1</increment>
      <spike>false</spike>
      <buffer>0.0</buffer>
      <spkBuffer>false</spkBuffer>
      <inputValue>0.0</inputValue>
      <parent reference="../../.."/>
      <x>1076.0802209657631</x>
      <y>-103.99026769800169</y>
      <z>0.0</z>
      <clamped>false</clamped>
      <polarity>BOTH</polarity>
      <targetValue>0.0</targetValue>
      <lastActivation>0.0</lastActivation>
      <updatePriority>0</updatePriority>
      <auxValue>0.0</auxValue>
    </org.simbrain.network.core.Neuron>
    <org.simbrain.network.core.Neuron>
      <updateRule class="org.simbrain.network.neuron_update_rules.LinearRule">
        <slope>1.0</slope>
        <bias>0.0</bias>
        <noiseGenerator class="org.simbrain.util.math.ProbDistributions.UniformDistribution">
          <floor>0.0</floor>
          <ceil>1.0</ceil>
          <polarity>BOTH</polarity>
        </noiseGenerator>
        <addNoise>false</addNoise>
        <clipping>true</clipping>
        <upperBound>1.0</upperBound>
        <lowerBound>-1.0</lowerBound>
      </updateRule>
      <id>Neuron_14</id>
      <label>little</label>
      <activation>0.0</activation>
      <increment>0.1</increment>
      <spike>false</spike>
      <buffer>0.0</buffer>
      <spkBuffer>false</spkBuffer>
      <inputValue>0.0</inputValue>
      <parent reference="../../.."/>
      <x>1125.026162671214</x>
      <y>-103.99026769800169</y>
      <z>0.0</z>
      <clamped>false</clamped>
      <polarity>BOTH</polarity>
      <targetValue>0.0</targetValue>
      <lastActivation>0.0</lastActivation>
      <updatePriority>0</updatePriority>
      <auxValue>0.0</auxValue>
    </org.simbrain.network.core.Neuron>
    <org.simbrain.network.core.Neuron>
      <updateRule class="org.simbrain.network.neuron_update_rules.LinearRule">
        <slope>1.0</slope>
        <bias>0.0</bias>
        <noiseGenerator class="org.simbrain.util.math.ProbDistributions.UniformDistribution">
          <floor>0.0</floor>
          <ceil>1.0</ceil>
          <polarity>BOTH</polarity>
        </noiseGenerator>
        <addNoise>false</addNoise>
        <clipping>true</clipping>
        <upperBound>1.0</upperBound>
        <lowerBound>-1.0</lowerBound>
      </updateRule>
      <id>Neuron_15</id>
      <label>v</label>
      <activation>0.0</activation>
      <increment>0.1</increment>
      <spike>false</spike>
      <buffer>0.0</buffer>
      <spkBuffer>false</spkBuffer>
      <inputValue>0.0</inputValue>
      <parent reference="../../.."/>
      <x>777.8394615531126</x>
      <y>83.63897878417767</y>
      <z>0.0</z>
      <clamped>false</clamped>
      <polarity>BOTH</polarity>
      <targetValue>0.0</targetValue>
      <lastActivation>0.0</lastActivation>
      <updatePriority>0</updatePriority>
      <auxValue>0.0</auxValue>
    </org.simbrain.network.core.Neuron>
    <org.simbrain.network.core.Neuron>
      <updateRule class="org.simbrain.network.neuron_update_rules.LinearRule">
        <slope>1.0</slope>
        <bias>0.0</bias>
        <noiseGenerator class="org.simbrain.util.math.ProbDistributions.UniformDistribution">
          <floor>0.0</floor>
          <ceil>1.0</ceil>
          <polarity>BOTH</polarity>
        </noiseGenerator>
        <addNoise>false</addNoise>
        <clipping>true</clipping>
        <upperBound>1.0</upperBound>
        <lowerBound>-1.0</lowerBound>
      </updateRule>
      <id>Neuron_16</id>
      <label>e</label>
      <activation>0.0</activation>
      <increment>0.1</increment>
      <spike>false</spike>
      <buffer>0.0</buffer>
      <spkBuffer>false</spkBuffer>
      <inputValue>0.0</inputValue>
      <parent reference="../../.."/>
      <x>822.8394615531126</x>
      <y>83.63897878417767</y>
      <z>0.0</z>
      <clamped>false</clamped>
      <polarity>BOTH</polarity>
      <targetValue>0.0</targetValue>
      <lastActivation>0.0</lastActivation>
      <updatePriority>0</updatePriority>
      <auxValue>0.0</auxValue>
    </org.simbrain.network.core.Neuron>
    <org.simbrain.network.core.Neuron>
      <updateRule class="org.simbrain.network.neuron_update_rules.LinearRule">
        <slope>1.0</slope>
        <bias>0.0</bias>
        <noiseGenerator class="org.simbrain.util.math.ProbDistributions.UniformDistribution">
          <floor>0.0</floor>
          <ceil>1.0</ceil>
          <polarity>BOTH</polarity>
        </noiseGenerator>
        <addNoise>false</addNoise>
        <clipping>true</clipping>
        <upperBound>1.0</upperBound>
        <lowerBound>-1.0</lowerBound>
      </updateRule>
      <id>Neuron_17</id>
      <label>r</label>
      <activation>0.0</activation>
      <increment>0.1</increment>
      <spike>false</spike>
      <buffer>0.0</buffer>
      <spkBuffer>false</spkBuffer>
      <inputValue>0.0</inputValue>
      <parent reference="../../.."/>
      <x>867.8394615531129</x>
      <y>83.63897878417767</y>
      <z>0.0</z>
      <clamped>false</clamped>
      <polarity>BOTH</polarity>
      <targetValue>0.0</targetValue>
      <lastActivation>0.0</lastActivation>
      <updatePriority>0</updatePriority>
      <auxValue>0.0</auxValue>
    </org.simbrain.network.core.Neuron>
    <org.simbrain.network.core.Neuron>
      <updateRule class="org.simbrain.network.neuron_update_rules.LinearRule">
        <slope>1.0</slope>
        <bias>0.0</bias>
        <noiseGenerator class="org.simbrain.util.math.ProbDistributions.UniformDistribution">
          <floor>0.0</floor>
          <ceil>1.0</ceil>
          <polarity>BOTH</polarity>
        </noiseGenerator>
        <addNoise>false</addNoise>
        <clipping>true</clipping>
        <upperBound>1.0</upperBound>
        <lowerBound>-1.0</lowerBound>
      </updateRule>
      <id>Neuron_18</id>
      <label>y</label>
      <activation>0.0</activation>
      <increment>0.1</increment>
      <spike>false</spike>
      <buffer>0.0</buffer>
      <spkBuffer>false</spkBuffer>
      <inputValue>0.0</inputValue>
      <parent reference="../../.."/>
      <x>912.839461553113</x>
      <y>83.63897878417767</y>
      <z>0.0</z>
      <clamped>false</clamped>
      <polarity>BOTH</polarity>
      <targetValue>0.0</targetValue>
      <lastActivation>0.0</lastActivation>
      <updatePriority>0</updatePriority>
      <auxValue>0.0</auxValue>
    </org.simbrain.network.core.Neuron>
    <org.simbrain.network.core.Neuron>
      <updateRule class="org.simbrain.network.neuron_update_rules.LinearRule">
        <slope>1.0</slope>
        <bias>0.0</bias>
        <noiseGenerator class="org.simbrain.util.math.ProbDistributions.UniformDistribution">
          <floor>0.0</floor>
          <ceil>1.0</ceil>
          <polarity>BOTH</polarity>
        </noiseGenerator>
        <addNoise>false</addNoise>
        <clipping>true</clipping>
        <upperBound>1.0</upperBound>
        <lowerBound>-1.0</lowerBound>
      </updateRule>
      <id>Neuron_19</id>
      <label>Very</label>
      <activation>0.0</activation>
      <increment>1.0</increment>
      <spike>false</spike>
      <buffer>0.0</buffer>
      <spkBuffer>false</spkBuffer>
      <inputValue>0.0</inputValue>
      <parent reference="../../.."/>
      <x>832.6002465470451</x>
      <y>203.2966848394427</y>
      <z>0.0</z>
      <clamped>false</clamped>
      <polarity>BOTH</polarity>
      <targetValue>0.0</targetValue>
      <lastActivation>0.0</lastActivation>
      <updatePriority>0</updatePriority>
      <auxValue>0.0</auxValue>
    </org.simbrain.network.core.Neuron>
    <org.simbrain.network.core.Neuron>
      <updateRule class="org.simbrain.network.neuron_update_rules.LinearRule">
        <slope>1.0</slope>
        <bias>0.0</bias>
        <noiseGenerator class="org.simbrain.util.math.ProbDistributions.UniformDistribution">
          <floor>0.0</floor>
          <ceil>1.0</ceil>
          <polarity>BOTH</polarity>
        </noiseGenerator>
        <addNoise>false</addNoise>
        <clipping>true</clipping>
        <upperBound>1.0</upperBound>
        <lowerBound>-1.0</lowerBound>
      </updateRule>
      <id>Neuron_20</id>
      <label>Left</label>
      <activation>0.0</activation>
      <increment>0.1</increment>
      <spike>false</spike>
      <buffer>0.0</buffer>
      <spkBuffer>false</spkBuffer>
      <inputValue>0.0</inputValue>
      <parent reference="../../.."/>
      <x>1118.2022732147075</x>
      <y>56.84808243256641</y>
      <z>0.0</z>
      <clamped>false</clamped>
      <polarity>BOTH</polarity>
      <targetValue>0.0</targetValue>
      <lastActivation>1.0</lastActivation>
      <updatePriority>0</updatePriority>
      <auxValue>0.0</auxValue>
    </org.simbrain.network.core.Neuron>
    <org.simbrain.network.core.Neuron>
      <updateRule class="org.simbrain.network.neuron_update_rules.LinearRule">
        <slope>1.0</slope>
        <bias>0.0</bias>
        <noiseGenerator class="org.simbrain.util.math.ProbDistributions.UniformDistribution">
          <floor>0.0</floor>
          <ceil>1.0</ceil>
          <polarity>BOTH</polarity>
        </noiseGenerator>
        <addNoise>false</addNoise>
        <clipping>true</clipping>
        <upperBound>1.0</upperBound>
        <lowerBound>-1.0</lowerBound>
      </updateRule>
      <id>Neuron_21</id>
      <label>Down</label>
      <activation>0.0</activation>
      <increment>0.1</increment>
      <spike>false</spike>
      <buffer>0.0</buffer>
      <spkBuffer>false</spkBuffer>
      <inputValue>0.0</inputValue>
      <parent reference="../../.."/>
      <x>1160.7407267822782</x>
      <y>92.44022676715369</y>
      <z>0.0</z>
      <clamped>false</clamped>
      <polarity>BOTH</polarity>
      <targetValue>0.0</targetValue>
      <lastActivation>0.0</lastActivation>
      <updatePriority>0</updatePriority>
      <auxValue>0.0</auxValue>
    </org.simbrain.network.core.Neuron>
    <org.simbrain.network.core.Neuron>
      <updateRule class="org.simbrain.network.neuron_update_rules.LinearRule">
        <slope>1.0</slope>
        <bias>0.0</bias>
        <noiseGenerator class="org.simbrain.util.math.ProbDistributions.UniformDistribution">
          <floor>0.0</floor>
          <ceil>1.0</ceil>
          <polarity>BOTH</polarity>
        </noiseGenerator>
        <addNoise>false</addNoise>
        <clipping>true</clipping>
        <upperBound>1.0</upperBound>
        <lowerBound>-1.0</lowerBound>
      </updateRule>
      <id>Neuron_22</id>
      <label>Up</label>
      <activation>0.0</activation>
      <increment>0.1</increment>
      <spike>false</spike>
      <buffer>0.0</buffer>
      <spkBuffer>false</spkBuffer>
      <inputValue>0.0</inputValue>
      <parent reference="../../.."/>
      <x>1157.0908134276622</x>
      <y>23.631824994687644</y>
      <z>0.0</z>
      <clamped>false</clamped>
      <polarity>BOTH</polarity>
      <targetValue>0.0</targetValue>
      <lastActivation>1.0</lastActivation>
      <updatePriority>0</updatePriority>
      <auxValue>0.0</auxValue>
    </org.simbrain.network.core.Neuron>
    <org.simbrain.network.core.Neuron>
      <updateRule class="org.simbrain.network.neuron_update_rules.LinearRule">
        <slope>1.0</slope>
        <bias>0.0</bias>
        <noiseGenerator class="org.simbrain.util.math.ProbDistributions.UniformDistribution">
          <floor>0.0</floor>
          <ceil>1.0</ceil>
          <polarity>BOTH</polarity>
        </noiseGenerator>
        <addNoise>false</addNoise>
        <clipping>true</clipping>
        <upperBound>1.0</upperBound>
        <lowerBound>-1.0</lowerBound>
      </updateRule>
      <id>Neuron_23</id>
      <label>Right</label>
      <activation>0.0</activation>
      <increment>0.1</increment>
      <spike>false</spike>
      <buffer>0.0</buffer>
      <spkBuffer>false</spkBuffer>
      <inputValue>0.0</inputValue>
      <parent reference="../../.."/>
      <x>1197.0386422123636</x>
      <y>57.88722952010606</y>
      <z>0.0</z>
      <clamped>false</clamped>
      <polarity>BOTH</polarity>
      <targetValue>0.0</targetValue>
      <lastActivation>0.0</lastActivation>
      <updatePriority>0</updatePriority>
      <auxValue>0.0</auxValue>
    </org.simbrain.network.core.Neuron>
  </looseNeurons>
  <looseSynapses class="linked-hash-set">
    <org.simbrain.network.core.Synapse>
      <strength>1.0</strength>
      <parentNetwork reference="../../.."/>
      <source reference="../../../looseNeurons/org.simbrain.network.core.Neuron[15]"/>
      <target reference="../../../looseNeurons/org.simbrain.network.core.Neuron[4]"/>
      <learningRule class="org.simbrain.network.synapse_update_rules.StaticSynapseRule">
        <clipped>false</clipped>
      </learningRule>
      <spikeResponder class="org.simbrain.network.synapse_update_rules.spikeresponders.NonResponder">
        <value>0.0</value>
      </spikeResponder>
      <id>Synapse_1</id>
      <psr>0.0</psr>
      <increment>1.0</increment>
      <upperBound>10.0</upperBound>
      <lowerBound>-10.0</lowerBound>
      <delay>0</delay>
      <enabled>true</enabled>
      <frozen>false</frozen>
      <dlyPtr>0</dlyPtr>
      <dlyVal>0.0</dlyVal>
      <isTemplate>false</isTemplate>
    </org.simbrain.network.core.Synapse>
    <org.simbrain.network.core.Synapse>
      <strength>1.0</strength>
      <parentNetwork reference="../../.."/>
      <source reference="../../../looseNeurons/org.simbrain.network.core.Neuron[19]"/>
      <target reference="../../../looseNeurons/org.simbrain.network.core.Neuron[15]"/>
      <learningRule class="org.simbrain.network.synapse_update_rules.StaticSynapseRule" reference="../../org.simbrain.network.core.Synapse/learningRule"/>
      <spikeResponder class="org.simbrain.network.synapse_update_rules.spikeresponders.NonResponder">
        <value>0.0</value>
      </spikeResponder>
      <id>Synapse_2</id>
      <psr>0.0</psr>
      <increment>1.0</increment>
      <upperBound>10.0</upperBound>
      <lowerBound>-10.0</lowerBound>
      <delay>0</delay>
      <enabled>true</enabled>
      <frozen>false</frozen>
      <dlyPtr>0</dlyPtr>
      <dlyVal>0.0</dlyVal>
      <isTemplate>false</isTemplate>
    </org.simbrain.network.core.Synapse>
    <org.simbrain.network.core.Synapse>
      <strength>1.0</strength>
      <parentNetwork reference="../../.."/>
      <source reference="../../../looseNeurons/org.simbrain.network.core.Neuron[15]"/>
      <target reference="../../../looseNeurons/org.simbrain.network.core.Neuron[3]"/>
      <learningRule class="org.simbrain.network.synapse_update_rules.StaticSynapseRule" reference="../../org.simbrain.network.core.Synapse/learningRule"/>
      <spikeResponder class="org.simbrain.network.synapse_update_rules.spikeresponders.NonResponder">
        <value>0.0</value>
      </spikeResponder>
      <id>Synapse_3</id>
      <psr>0.0</psr>
      <increment>1.0</increment>
      <upperBound>10.0</upperBound>
      <lowerBound>-10.0</lowerBound>
      <delay>0</delay>
      <enabled>true</enabled>
      <frozen>false</frozen>
      <dlyPtr>0</dlyPtr>
      <dlyVal>0.0</dlyVal>
      <isTemplate>false</isTemplate>
    </org.simbrain.network.core.Synapse>
    <org.simbrain.network.core.Synapse>
      <strength>1.0</strength>
      <parentNetwork reference="../../.."/>
      <source reference="../../../looseNeurons/org.simbrain.network.core.Neuron[16]"/>
      <target reference="../../../looseNeurons/org.simbrain.network.core.Neuron[7]"/>
      <learningRule class="org.simbrain.network.synapse_update_rules.StaticSynapseRule" reference="../../org.simbrain.network.core.Synapse/learningRule"/>
      <spikeResponder class="org.simbrain.network.synapse_update_rules.spikeresponders.NonResponder">
        <value>0.0</value>
      </spikeResponder>
      <id>Synapse_4</id>
      <psr>0.0</psr>
      <increment>1.0</increment>
      <upperBound>10.0</upperBound>
      <lowerBound>-10.0</lowerBound>
      <delay>0</delay>
      <enabled>true</enabled>
      <frozen>false</frozen>
      <dlyPtr>0</dlyPtr>
      <dlyVal>0.0</dlyVal>
      <isTemplate>false</isTemplate>
    </org.simbrain.network.core.Synapse>
    <org.simbrain.network.core.Synapse>
      <strength>1.0</strength>
      <parentNetwork reference="../../.."/>
      <source reference="../../../looseNeurons/org.simbrain.network.core.Neuron[15]"/>
      <target reference="../../../looseNeurons/org.simbrain.network.core.Neuron[8]"/>
      <learningRule class="org.simbrain.network.synapse_update_rules.StaticSynapseRule" reference="../../org.simbrain.network.core.Synapse/learningRule"/>
      <spikeResponder class="org.simbrain.network.synapse_update_rules.spikeresponders.NonResponder">
        <value>0.0</value>
      </spikeResponder>
      <id>Synapse_5</id>
      <psr>0.0</psr>
      <increment>1.0</increment>
      <upperBound>10.0</upperBound>
      <lowerBound>-10.0</lowerBound>
      <delay>0</delay>
      <enabled>true</enabled>
      <frozen>false</frozen>
      <dlyPtr>0</dlyPtr>
      <dlyVal>0.0</dlyVal>
      <isTemplate>false</isTemplate>
    </org.simbrain.network.core.Synapse>
    <org.simbrain.network.core.Synapse>
      <strength>1.0</strength>
      <parentNetwork reference="../../.."/>
      <source reference="../../../looseNeurons/org.simbrain.network.core.Neuron[15]"/>
      <target reference="../../../looseNeurons/org.simbrain.network.core.Neuron[16]"/>
      <learningRule class="org.simbrain.network.synapse_update_rules.StaticSynapseRule" reference="../../org.simbrain.network.core.Synapse/learningRule"/>
      <spikeResponder class="org.simbrain.network.synapse_update_rules.spikeresponders.NonResponder">
        <value>0.0</value>
      </spikeResponder>
      <id>Synapse_6</id>
      <psr>0.0</psr>
      <increment>1.0</increment>
      <upperBound>10.0</upperBound>
      <lowerBound>-10.0</lowerBound>
      <delay>0</delay>
      <enabled>true</enabled>
      <frozen>false</frozen>
      <dlyPtr>0</dlyPtr>
      <dlyVal>0.0</dlyVal>
      <isTemplate>false</isTemplate>
    </org.simbrain.network.core.Synapse>
    <org.simbrain.network.core.Synapse>
      <strength>1.0</strength>
      <parentNetwork reference="../../.."/>
      <source reference="../../../looseNeurons/org.simbrain.network.core.Neuron[16]"/>
      <target reference="../../../looseNeurons/org.simbrain.network.core.Neuron[17]"/>
      <learningRule class="org.simbrain.network.synapse_update_rules.StaticSynapseRule" reference="../../org.simbrain.network.core.Synapse/learningRule"/>
      <spikeResponder class="org.simbrain.network.synapse_update_rules.spikeresponders.NonResponder">
        <value>0.0</value>
      </spikeResponder>
      <id>Synapse_7</id>
      <psr>0.0</psr>
      <increment>1.0</increment>
      <upperBound>10.0</upperBound>
      <lowerBound>-10.0</lowerBound>
      <delay>0</delay>
      <enabled>true</enabled>
      <frozen>false</frozen>
      <dlyPtr>0</dlyPtr>
      <dlyVal>0.0</dlyVal>
      <isTemplate>false</isTemplate>
    </org.simbrain.network.core.Synapse>
    <org.simbrain.network.core.Synapse>
      <strength>1.0</strength>
      <parentNetwork reference="../../.."/>
      <source reference="../../../looseNeurons/org.simbrain.network.core.Neuron[16]"/>
      <target reference="../../../looseNeurons/org.simbrain.network.core.Neuron[2]"/>
      <learningRule class="org.simbrain.network.synapse_update_rules.StaticSynapseRule" reference="../../org.simbrain.network.core.Synapse/learningRule"/>
      <spikeResponder class="org.simbrain.network.synapse_update_rules.spikeresponders.NonResponder">
        <value>0.0</value>
      </spikeResponder>
      <id>Synapse_8</id>
      <psr>0.0</psr>
      <increment>1.0</increment>
      <upperBound>10.0</upperBound>
      <lowerBound>-10.0</lowerBound>
      <delay>0</delay>
      <enabled>true</enabled>
      <frozen>false</frozen>
      <dlyPtr>0</dlyPtr>
      <dlyVal>0.0</dlyVal>
      <isTemplate>false</isTemplate>
    </org.simbrain.network.core.Synapse>
    <org.simbrain.network.core.Synapse>
      <strength>1.0</strength>
      <parentNetwork reference="../../.."/>
      <source reference="../../../looseNeurons/org.simbrain.network.core.Neuron[17]"/>
      <target reference="../../../looseNeurons/org.simbrain.network.core.Neuron[18]"/>
      <learningRule class="org.simbrain.network.synapse_update_rules.StaticSynapseRule" reference="../../org.simbrain.network.core.Synapse/learningRule"/>
      <spikeResponder class="org.simbrain.network.synapse_update_rules.spikeresponders.NonResponder">
        <value>0.0</value>
      </spikeResponder>
      <id>Synapse_9</id>
      <psr>0.0</psr>
      <increment>1.0</increment>
      <upperBound>10.0</upperBound>
      <lowerBound>-10.0</lowerBound>
      <delay>0</delay>
      <enabled>true</enabled>
      <frozen>false</frozen>
      <dlyPtr>0</dlyPtr>
      <dlyVal>0.0</dlyVal>
      <isTemplate>false</isTemplate>
    </org.simbrain.network.core.Synapse>
    <org.simbrain.network.core.Synapse>
      <strength>1.0</strength>
      <parentNetwork reference="../../.."/>
      <source reference="../../../looseNeurons/org.simbrain.network.core.Neuron[17]"/>
      <target reference="../../../looseNeurons/org.simbrain.network.core.Neuron[8]"/>
      <learningRule class="org.simbrain.network.synapse_update_rules.StaticSynapseRule" reference="../../org.simbrain.network.core.Synapse/learningRule"/>
      <spikeResponder class="org.simbrain.network.synapse_update_rules.spikeresponders.NonResponder">
        <value>0.0</value>
      </spikeResponder>
      <id>Synapse_10</id>
      <psr>0.0</psr>
      <increment>1.0</increment>
      <upperBound>10.0</upperBound>
      <lowerBound>-10.0</lowerBound>
      <delay>0</delay>
      <enabled>true</enabled>
      <frozen>false</frozen>
      <dlyPtr>0</dlyPtr>
      <dlyVal>0.0</dlyVal>
      <isTemplate>false</isTemplate>
    </org.simbrain.network.core.Synapse>
    <org.simbrain.network.core.Synapse>
      <strength>1.0</strength>
      <parentNetwork reference="../../.."/>
      <source reference="../../../looseNeurons/org.simbrain.network.core.Neuron[17]"/>
      <target reference="../../../looseNeurons/org.simbrain.network.core.Neuron[2]"/>
      <learningRule class="org.simbrain.network.synapse_update_rules.StaticSynapseRule" reference="../../org.simbrain.network.core.Synapse/learningRule"/>
      <spikeResponder class="org.simbrain.network.synapse_update_rules.spikeresponders.NonResponder">
        <value>0.0</value>
      </spikeResponder>
      <id>Synapse_11</id>
      <psr>0.0</psr>
      <increment>1.0</increment>
      <upperBound>10.0</upperBound>
      <lowerBound>-10.0</lowerBound>
      <delay>0</delay>
      <enabled>true</enabled>
      <frozen>false</frozen>
      <dlyPtr>0</dlyPtr>
      <dlyVal>0.0</dlyVal>
      <isTemplate>false</isTemplate>
    </org.simbrain.network.core.Synapse>
    <org.simbrain.network.core.Synapse>
      <strength>1.0</strength>
      <parentNetwork reference="../../.."/>
      <source reference="../../../looseNeurons/org.simbrain.network.core.Neuron[18]"/>
      <target reference="../../../looseNeurons/org.simbrain.network.core.Neuron[20]"/>
      <learningRule class="org.simbrain.network.synapse_update_rules.StaticSynapseRule" reference="../../org.simbrain.network.core.Synapse/learningRule"/>
      <spikeResponder class="org.simbrain.network.synapse_update_rules.spikeresponders.NonResponder">
        <value>0.0</value>
      </spikeResponder>
      <id>Synapse_12</id>
      <psr>0.0</psr>
      <increment>1.0</increment>
      <upperBound>10.0</upperBound>
      <lowerBound>-10.0</lowerBound>
      <delay>0</delay>
      <enabled>true</enabled>
      <frozen>false</frozen>
      <dlyPtr>0</dlyPtr>
      <dlyVal>0.0</dlyVal>
      <isTemplate>false</isTemplate>
    </org.simbrain.network.core.Synapse>
    <org.simbrain.network.core.Synapse>
      <strength>1.0</strength>
      <parentNetwork reference="../../.."/>
      <source reference="../../../looseNeurons/org.simbrain.network.core.Neuron[18]"/>
      <target reference="../../../looseNeurons/org.simbrain.network.core.Neuron[22]"/>
      <learningRule class="org.simbrain.network.synapse_update_rules.StaticSynapseRule" reference="../../org.simbrain.network.core.Synapse/learningRule"/>
      <spikeResponder class="org.simbrain.network.synapse_update_rules.spikeresponders.NonResponder">
        <value>0.0</value>
      </spikeResponder>
      <id>Synapse_13</id>
      <psr>0.0</psr>
      <increment>1.0</increment>
      <upperBound>10.0</upperBound>
      <lowerBound>-10.0</lowerBound>
      <delay>0</delay>
      <enabled>true</enabled>
      <frozen>false</frozen>
      <dlyPtr>0</dlyPtr>
      <dlyVal>0.0</dlyVal>
      <isTemplate>false</isTemplate>
    </org.simbrain.network.core.Synapse>
    <org.simbrain.network.core.Synapse>
      <strength>1.0</strength>
      <parentNetwork reference="../../.."/>
      <source reference="../../../looseNeurons/org.simbrain.network.core.Neuron[18]"/>
      <target reference="../../../looseNeurons/org.simbrain.network.core.Neuron[11]"/>
      <learningRule class="org.simbrain.network.synapse_update_rules.StaticSynapseRule" reference="../../org.simbrain.network.core.Synapse/learningRule"/>
      <spikeResponder class="org.simbrain.network.synapse_update_rules.spikeresponders.NonResponder">
        <value>0.0</value>
      </spikeResponder>
      <id>Synapse_14</id>
      <psr>0.0</psr>
      <increment>1.0</increment>
      <upperBound>10.0</upperBound>
      <lowerBound>-10.0</lowerBound>
      <delay>0</delay>
      <enabled>true</enabled>
      <frozen>false</frozen>
      <dlyPtr>0</dlyPtr>
      <dlyVal>0.0</dlyVal>
      <isTemplate>false</isTemplate>
    </org.simbrain.network.core.Synapse>
  </looseSynapses>
  <weightMatrices/>
  <neuronCollectionSet/>
  <multiLayerNetworks/>
  <neuronGroups/>
  <synapseGroups/>
  <subnetworks/>
  <textList>
    <org.simbrain.network.core.NetworkTextObject>
      <parent reference="../../.."/>
      <x>793.5966039487606</x>
      <y>110.88053739728605</y>
      <text>Keypress Schemata</text>
      <fontName>Helvetica</fontName>
      <fontSize>12</fontSize>
      <italic>false</italic>
      <bold>false</bold>
    </org.simbrain.network.core.NetworkTextObject>
    <org.simbrain.network.core.NetworkTextObject>
      <parent reference="../../.."/>
      <x>613.3770536529697</x>
      <y>-92.02468976795281</y>
      <text>Left Hand</text>
      <fontName>Helvetica</fontName>
      <fontSize>12</fontSize>
      <italic>false</italic>
      <bold>false</bold>
    </org.simbrain.network.core.NetworkTextObject>
    <org.simbrain.network.core.NetworkTextObject>
      <parent reference="../../.."/>
      <x>1018.7017753753905</x>
      <y>-89.1948522517844</y>
      <text>Right Hand</text>
      <fontName>Helvetica</fontName>
      <fontSize>12</fontSize>
      <italic>false</italic>
      <bold>false</bold>
    </org.simbrain.network.core.NetworkTextObject>
    <org.simbrain.network.core.NetworkTextObject>
      <parent reference="../../.."/>
      <x>727.7344828757954</x>
      <y>195.6350734017186</y>
      <text>Word Schema</text>
      <fontName>Helvetica</fontName>
      <fontSize>12</fontSize>
      <italic>false</italic>
      <bold>false</bold>
    </org.simbrain.network.core.NetworkTextObject>
  </textList>
  <naList/>
  <updateManager>
    <actionList>
      <org.simbrain.network.update__actions.BufferedUpdate>
        <network reference="../../../.."/>
      </org.simbrain.network.update__actions.BufferedUpdate>
    </actionList>
    <network reference="../.."/>
  </updateManager>
  <time>1.3</time>
  <timeStep>0.1</timeStep>
  <isRunning>
    <value>0</value>
  </isRunning>
  <timeType>DISCRETE</timeType>
  <prioritySortedNeuronList>
    <org.simbrain.network.core.Neuron reference="../../looseNeurons/org.simbrain.network.core.Neuron"/>
    <org.simbrain.network.core.Neuron reference="../../looseNeurons/org.simbrain.network.core.Neuron[2]"/>
    <org.simbrain.network.core.Neuron reference="../../looseNeurons/org.simbrain.network.core.Neuron[3]"/>
    <org.simbrain.network.core.Neuron reference="../../looseNeurons/org.simbrain.network.core.Neuron[4]"/>
    <org.simbrain.network.core.Neuron reference="../../looseNeurons/org.simbrain.network.core.Neuron[5]"/>
    <org.simbrain.network.core.Neuron reference="../../looseNeurons/org.simbrain.network.core.Neuron[6]"/>
    <org.simbrain.network.core.Neuron reference="../../looseNeurons/org.simbrain.network.core.Neuron[7]"/>
    <org.simbrain.network.core.Neuron reference="../../looseNeurons/org.simbrain.network.core.Neuron[8]"/>
    <org.simbrain.network.core.Neuron reference="../../looseNeurons/org.simbrain.network.core.Neuron[9]"/>
    <org.simbrain.network.core.Neuron reference="../../looseNeurons/org.simbrain.network.core.Neuron[10]"/>
    <org.simbrain.network.core.Neuron reference="../../looseNeurons/org.simbrain.network.core.Neuron[11]"/>
    <org.simbrain.network.core.Neuron reference="../../looseNeurons/org.simbrain.network.core.Neuron[12]"/>
    <org.simbrain.network.core.Neuron reference="../../looseNeurons/org.simbrain.network.core.Neuron[13]"/>
    <org.simbrain.network.core.Neuron reference="../../looseNeurons/org.simbrain.network.core.Neuron[14]"/>
    <org.simbrain.network.core.Neuron reference="../../looseNeurons/org.simbrain.network.core.Neuron[15]"/>
    <org.simbrain.network.core.Neuron reference="../../looseNeurons/org.simbrain.network.core.Neuron[16]"/>
    <org.simbrain.network.core.Neuron reference="../../looseNeurons/org.simbrain.network.core.Neuron[17]"/>
    <org.simbrain.network.core.Neuron reference="../../looseNeurons/org.simbrain.network.core.Neuron[18]"/>
    <org.simbrain.network.core.Neuron reference="../../looseNeurons/org.simbrain.network.core.Neuron[19]"/>
    <org.simbrain.network.core.Neuron reference="../../looseNeurons/org.simbrain.network.core.Neuron[20]"/>
    <org.simbrain.network.core.Neuron reference="../../looseNeurons/org.simbrain.network.core.Neuron[21]"/>
    <org.simbrain.network.core.Neuron reference="../../looseNeurons/org.simbrain.network.core.Neuron[22]"/>
    <org.simbrain.network.core.Neuron reference="../../looseNeurons/org.simbrain.network.core.Neuron[23]"/>
  </prioritySortedNeuronList>
  <priorityComparator>
    <outer-class reference="../.."/>
  </priorityComparator>
  <idManager>
    <idMap>
      <entry>
        <java-class>org.simbrain.network.groups.SynapseGroup</java-class>
        <org.simbrain.util.SimpleId>
          <rootName>SynapseGroup</rootName>
          <index>
            <value>1</value>
          </index>
        </org.simbrain.util.SimpleId>
      </entry>
      <entry>
        <java-class>org.simbrain.network.core.Neuron</java-class>
        <org.simbrain.util.SimpleId>
          <rootName>Neuron</rootName>
          <index>
            <value>24</value>
          </index>
        </org.simbrain.util.SimpleId>
      </entry>
      <entry>
        <java-class>org.simbrain.network.groups.NeuronCollection</java-class>
        <org.simbrain.util.SimpleId>
          <rootName>NeuronCollection</rootName>
          <index>
            <value>1</value>
          </index>
        </org.simbrain.util.SimpleId>
      </entry>
      <entry>
        <java-class>org.simbrain.network.dl4j.WeightMatrix</java-class>
        <org.simbrain.util.SimpleId>
          <rootName>WeightMatrix</rootName>
          <index>
            <value>1</value>
          </index>
        </org.simbrain.util.SimpleId>
      </entry>
      <entry>
        <java-class>org.simbrain.network.dl4j.NeuronArray</java-class>
        <org.simbrain.util.SimpleId>
          <rootName>NeuronArray</rootName>
          <index>
            <value>1</value>
          </index>
        </org.simbrain.util.SimpleId>
      </entry>
      <entry>
        <java-class>org.simbrain.network.dl4j.MultiLayerNet</java-class>
        <org.simbrain.util.SimpleId>
          <rootName>MultiLayerNet</rootName>
          <index>
            <value>1</value>
          </index>
        </org.simbrain.util.SimpleId>
      </entry>
      <entry>
        <java-class>org.simbrain.network.groups.NeuronGroup</java-class>
        <org.simbrain.util.SimpleId>
          <rootName>NeuronGroup</rootName>
          <index>
            <value>1</value>
          </index>
        </org.simbrain.util.SimpleId>
      </entry>
      <entry>
        <java-class>org.simbrain.network.core.Synapse</java-class>
        <org.simbrain.util.SimpleId>
          <rootName>Synapse</rootName>
          <index>
            <value>15</value>
          </index>
        </org.simbrain.util.SimpleId>
      </entry>
      <entry>
        <java-class>org.simbrain.network.groups.Subnetwork</java-class>
        <org.simbrain.util.SimpleId>
          <rootName>Subnetwork</rootName>
          <index>
            <value>1</value>
          </index>
        </org.simbrain.util.SimpleId>
      </entry>
    </idMap>
  </idManager>
  <name>Network2</name>
  <iterCount>13</iterCount>
  <updateFreq>1</updateFreq>
  <oneOffRun>false</oneOffRun>
</org.simbrain.network.core.Network>