<org.simbrain.world.odorworld.OdorWorld>
  <entityList class="java.util.concurrent.CopyOnWriteArrayList" serialization="custom">
    <java.util.concurrent.CopyOnWriteArrayList>
      <default/>
      <int>7</int>
      <org.simbrain.world.odorworld.entities.RotatingEntity>
        <animation>
          <imageNames>
            <string>rotating/mouse/Mouse_0.gif</string>
          </imageNames>
          <animTime>0</animTime>
          <totalDuration>2</totalDuration>
          <frameDuration>1</frameDuration>
        </animation>
        <name>Agent_1</name>
        <id>Entity_1</id>
        <x>140.0</x>
        <y>205.0</y>
        <dx>0.0</dx>
        <dy>0.0</dy>
        <parentWorld reference="../../../.."/>
        <sensors>
          <org.simbrain.world.odorworld.sensors.SmellSensor>
            <parent class="org.simbrain.world.odorworld.entities.RotatingEntity" reference="../../.."/>
            <id>Sensor_1</id>
            <label>Smell-Left</label>
            <theta>0.39269908169872414</theta>
            <radius>50.0</radius>
            <currentValue>
              <double>-0.006475688464604918</double>
              <double>0.4837743410406968</double>
              <double>-0.001357289616100676</double>
              <double>-0.0346588597114524</double>
              <double>0.029799550962257188</double>
              <double>0.02909073222257743</double>
              <double>-0.015087198646139655</double>
              <double>-0.03311672710203331</double>
              <double>0.020866882053570963</double>
            </currentValue>
          </org.simbrain.world.odorworld.sensors.SmellSensor>
          <org.simbrain.world.odorworld.sensors.SmellSensor>
            <parent class="org.simbrain.world.odorworld.entities.RotatingEntity" reference="../../.."/>
            <id>Sensor_2</id>
            <label>Smell-Center</label>
            <theta>0.0</theta>
            <radius>0.0</radius>
            <currentValue>
              <double>-0.010124859172666666</double>
              <double>0.756390166259412</double>
              <double>-0.002122147520631317</double>
              <double>-0.054189770799154</double>
              <double>0.04659215132888039</double>
              <double>0.04548390006611022</double>
              <double>-0.02358911526351983</double>
              <double>-0.05177861782580017</double>
              <double>0.03262575760397412</double>
            </currentValue>
          </org.simbrain.world.odorworld.sensors.SmellSensor>
          <org.simbrain.world.odorworld.sensors.SmellSensor>
            <parent class="org.simbrain.world.odorworld.entities.RotatingEntity" reference="../../.."/>
            <id>Sensor_3</id>
            <label>Smell-Right</label>
            <theta>-0.39269908169872414</theta>
            <radius>50.0</radius>
            <currentValue>
              <double>-0.011499926485677114</double>
              <double>0.8591162759038506</double>
              <double>-0.0024103585109514648</double>
              <double>-0.06154933810322142</double>
              <double>0.05291987828711183</double>
              <double>0.05166111430509794</double>
              <double>-0.02679277674547592</double>
              <double>-0.05881072401818345</double>
              <double>0.03705669457587188</double>
            </currentValue>
          </org.simbrain.world.odorworld.sensors.SmellSensor>
        </sensors>
        <effectors>
          <org.simbrain.world.odorworld.effectors.StraightMovement>
            <parent class="org.simbrain.world.odorworld.entities.RotatingEntity" reference="../../.."/>
            <id>Effector_1</id>
            <label>Go-straight</label>
            <amount>0.0</amount>
            <scalingFactor>1.0</scalingFactor>
          </org.simbrain.world.odorworld.effectors.StraightMovement>
          <org.simbrain.world.odorworld.effectors.Turning>
            <parent class="org.simbrain.world.odorworld.entities.RotatingEntity" reference="../../.."/>
            <id>Effector_2</id>
            <label>Go-left</label>
            <direction>1.0</direction>
            <amount>0.0</amount>
          </org.simbrain.world.odorworld.effectors.Turning>
          <org.simbrain.world.odorworld.effectors.Turning>
            <parent class="org.simbrain.world.odorworld.entities.RotatingEntity" reference="../../.."/>
            <id>Effector_3</id>
            <label>Go-right</label>
            <direction>-1.0</direction>
            <amount>0.0</amount>
          </org.simbrain.world.odorworld.effectors.Turning>
        </effectors>
        <behavior class="org.simbrain.world.odorworld.behaviors.StationaryBehavior"/>
        <collision>false</collision>
        <sensorsEnabled>true</sensorsEnabled>
        <effectorsEnabled>true</effectorsEnabled>
        <showSensors>true</showSensors>
        <sensorIDGenerator>
          <rootName>Sensor</rootName>
          <index>4</index>
        </sensorIDGenerator>
        <effectorIDGenerator>
          <rootName>Effector</rootName>
          <index>4</index>
        </effectorIDGenerator>
        <currentlyHeardPhrases/>
        <heading>0.0</heading>
        <manualMotionTurnIncrement>4.0</manualMotionTurnIncrement>
        <manualStraightMovementIncrement>4.0</manualStraightMovementIncrement>
        <entityType>Mouse</entityType>
      </org.simbrain.world.odorworld.entities.RotatingEntity>
      <org.simbrain.world.odorworld.entities.BasicEntity>
        <animation>
          <imageNames>
            <string>static/Swiss.gif</string>
          </imageNames>
          <animTime>0</animTime>
          <totalDuration>7</totalDuration>
          <frameDuration>1</frameDuration>
        </animation>
        <name>Entity_2</name>
        <id>Entity_2</id>
        <x>36.0</x>
        <y>107.0</y>
        <dx>0.0</dx>
        <dy>0.0</dy>
        <parentWorld reference="../../../.."/>
        <sensors/>
        <effectors/>
        <behavior class="org.simbrain.world.odorworld.behaviors.StationaryBehavior"/>
        <smellSource>
          <stimulusVector>
            <double>0.2843023824819105</double>
            <double>0.7969005568449742</double>
            <double>-0.1869959701309641</double>
            <double>-0.03930965224307115</double>
            <double>0.053630097604160105</double>
            <double>0.2719959853127682</double>
            <double>-0.11784800055216271</double>
            <double>-0.017583042347626886</double>
            <double>-0.18146609193569982</double>
          </stimulusVector>
          <returnVector>
            <double>0.04117007198410221</double>
            <double>1.0415493888368865</double>
            <double>-0.09313298743746373</double>
            <double>-0.053313569303225554</double>
            <double>0.041685422804146735</double>
            <double>-0.08763155134161893</double>
            <double>0.06955082687641677</double>
            <double>-0.014526070420961212</double>
            <double>-0.036777139602466716</double>
          </returnVector>
          <location>
            <double>36.0</double>
            <double>107.0</double>
          </location>
          <decayFunction>GAUSSIAN</decayFunction>
          <stimulusDispersion>70.0</stimulusDispersion>
          <peak>0.0</peak>
          <addNoise>false</addNoise>
          <initNoise>0.3</initNoise>
          <noiseLevel>0.3</noiseLevel>
        </smellSource>
        <collision>false</collision>
        <sensorsEnabled>true</sensorsEnabled>
        <effectorsEnabled>true</effectorsEnabled>
        <showSensors>true</showSensors>
        <sensorIDGenerator>
          <rootName>Sensor</rootName>
          <index>1</index>
        </sensorIDGenerator>
        <effectorIDGenerator>
          <rootName>Effector</rootName>
          <index>1</index>
        </effectorIDGenerator>
        <currentlyHeardPhrases/>
      </org.simbrain.world.odorworld.entities.BasicEntity>
      <org.simbrain.world.odorworld.entities.BasicEntity>
        <animation>
          <imageNames>
            <string>static/Gouda.gif</string>
          </imageNames>
          <animTime>0</animTime>
          <totalDuration>10</totalDuration>
          <frameDuration>1</frameDuration>
        </animation>
        <name>Entity_3</name>
        <id>Entity_3</id>
        <x>169.0</x>
        <y>32.0</y>
        <dx>0.0</dx>
        <dy>0.0</dy>
        <parentWorld reference="../../../.."/>
        <sensors/>
        <effectors/>
        <behavior class="org.simbrain.world.odorworld.behaviors.StationaryBehavior"/>
        <smellSource>
          <stimulusVector>
            <double>0.15685293544672108</double>
            <double>1.221526823511768</double>
            <double>-0.04346913373941728</double>
            <double>0.003500259993022259</double>
            <double>0.22820144543044077</double>
            <double>-0.05772506145969827</double>
            <double>0.007412608834111722</double>
            <double>0.16480447914896104</double>
            <double>0.005611294738952099</double>
          </stimulusVector>
          <returnVector>
            <double>-0.014271421058189883</double>
            <double>1.0661642164963778</double>
            <double>-0.0029912574879346733</double>
            <double>-0.07638279436116267</double>
            <double>0.0656736255074473</double>
            <double>0.06411149806058247</double>
            <double>-0.03324986457339525</double>
            <double>-0.07298417135499438</double>
            <double>0.04598739756951325</double>
          </returnVector>
          <location>
            <double>169.0</double>
            <double>32.0</double>
          </location>
          <decayFunction>GAUSSIAN</decayFunction>
          <stimulusDispersion>70.0</stimulusDispersion>
          <peak>0.0</peak>
          <addNoise>false</addNoise>
          <initNoise>0.3</initNoise>
          <noiseLevel>0.3</noiseLevel>
        </smellSource>
        <collision>false</collision>
        <sensorsEnabled>true</sensorsEnabled>
        <effectorsEnabled>true</effectorsEnabled>
        <showSensors>true</showSensors>
        <sensorIDGenerator>
          <rootName>Sensor</rootName>
          <index>1</index>
        </sensorIDGenerator>
        <effectorIDGenerator>
          <rootName>Effector</rootName>
          <index>1</index>
        </effectorIDGenerator>
        <currentlyHeardPhrases/>
      </org.simbrain.world.odorworld.entities.BasicEntity>
      <org.simbrain.world.odorworld.entities.BasicEntity>
        <animation>
          <imageNames>
            <string>static/Flax.gif</string>
          </imageNames>
          <animTime>0</animTime>
          <totalDuration>10</totalDuration>
          <frameDuration>1</frameDuration>
        </animation>
        <name>Entity_4</name>
        <id>Entity_4</id>
        <x>315.0</x>
        <y>349.0</y>
        <dx>0.0</dx>
        <dy>0.0</dy>
        <parentWorld reference="../../../.."/>
        <sensors/>
        <effectors/>
        <behavior class="org.simbrain.world.odorworld.behaviors.StationaryBehavior"/>
        <smellSource>
          <stimulusVector>
            <double>-0.010560182705044729</double>
            <double>0.026571523931577266</double>
            <double>-0.020953978263698426</double>
            <double>0.11038351834856239</double>
            <double>0.2004498158179706</double>
            <double>0.2554258614582945</double>
            <double>-0.035022510283423534</double>
            <double>1.0522166340913646</double>
            <double>-0.21703143721480345</double>
          </stimulusVector>
          <returnVector>
            <double>0.0014797971222586083</double>
            <double>-0.01461389509109663</double>
            <double>-0.05542744436989638</double>
            <double>-0.0030136163260538365</double>
            <double>0.02712024805385951</double>
            <double>-0.09721300549392516</double>
            <double>0.03830738551276802</double>
            <double>1.0891138032114376</double>
            <double>0.01629555326238079</double>
          </returnVector>
          <location>
            <double>304.0</double>
            <double>87.0</double>
          </location>
          <decayFunction>GAUSSIAN</decayFunction>
          <stimulusDispersion>70.0</stimulusDispersion>
          <peak>0.0</peak>
          <addNoise>false</addNoise>
          <initNoise>0.3</initNoise>
          <noiseLevel>0.3</noiseLevel>
        </smellSource>
        <collision>false</collision>
        <sensorsEnabled>true</sensorsEnabled>
        <effectorsEnabled>true</effectorsEnabled>
        <showSensors>true</showSensors>
        <sensorIDGenerator>
          <rootName>Sensor</rootName>
          <index>1</index>
        </sensorIDGenerator>
        <effectorIDGenerator>
          <rootName>Effector</rootName>
          <index>1</index>
        </effectorIDGenerator>
        <currentlyHeardPhrases/>
      </org.simbrain.world.odorworld.entities.BasicEntity>
      <org.simbrain.world.odorworld.entities.BasicEntity>
        <animation>
          <imageNames>
            <string>static/Tulip.gif</string>
          </imageNames>
          <animTime>0</animTime>
          <totalDuration>10</totalDuration>
          <frameDuration>1</frameDuration>
        </animation>
        <name>Entity_5</name>
        <id>Entity_5</id>
        <x>55.0</x>
        <y>349.0</y>
        <dx>0.0</dx>
        <dy>0.0</dy>
        <parentWorld reference="../../../.."/>
        <sensors/>
        <effectors/>
        <behavior class="org.simbrain.world.odorworld.behaviors.StationaryBehavior"/>
        <smellSource>
          <stimulusVector>
            <double>-0.13098862375238882</double>
            <double>0.27927051862860713</double>
            <double>0.2580699935112152</double>
            <double>-0.15164347434053907</double>
            <double>-0.03638494874066445</double>
            <double>-0.02723936667295006</double>
            <double>0.0769829931118381</double>
            <double>1.2672660699668596</double>
            <double>-0.16995842810080472</double>
          </stimulusVector>
          <returnVector>
            <double>-0.033873229436150835</double>
            <double>0.09180994413213371</double>
            <double>-0.04485225442675938</double>
            <double>-0.007143123194069756</double>
            <double>-0.04107388887482799</double>
            <double>0.09759747288070464</double>
            <double>-0.06321856694337483</double>
            <double>1.0031711811827895</double>
            <double>0.054841798961973214</double>
          </returnVector>
          <location>
            <double>80.0</double>
            <double>351.0</double>
          </location>
          <decayFunction>GAUSSIAN</decayFunction>
          <stimulusDispersion>70.0</stimulusDispersion>
          <peak>0.0</peak>
          <addNoise>false</addNoise>
          <initNoise>0.3</initNoise>
          <noiseLevel>0.3</noiseLevel>
        </smellSource>
        <collision>false</collision>
        <sensorsEnabled>true</sensorsEnabled>
        <effectorsEnabled>true</effectorsEnabled>
        <showSensors>true</showSensors>
        <sensorIDGenerator>
          <rootName>Sensor</rootName>
          <index>1</index>
        </sensorIDGenerator>
        <effectorIDGenerator>
          <rootName>Effector</rootName>
          <index>1</index>
        </effectorIDGenerator>
        <currentlyHeardPhrases/>
      </org.simbrain.world.odorworld.entities.BasicEntity>
      <org.simbrain.world.odorworld.entities.BasicEntity>
        <animation>
          <imageNames>
            <string>static/Pansy.gif</string>
          </imageNames>
          <animTime>0</animTime>
          <totalDuration>10</totalDuration>
          <frameDuration>1</frameDuration>
        </animation>
        <name>Entity_6</name>
        <id>Entity_6</id>
        <x>198.0</x>
        <y>385.0</y>
        <dx>0.0</dx>
        <dy>0.0</dy>
        <parentWorld reference="../../../.."/>
        <sensors/>
        <effectors/>
        <behavior class="org.simbrain.world.odorworld.behaviors.StationaryBehavior"/>
        <smellSource>
          <stimulusVector>
            <double>-0.14163903550434465</double>
            <double>-0.11730551337793613</double>
            <double>0.16291558437323667</double>
            <double>0.041681576470888305</double>
            <double>0.025233570401022785</double>
            <double>-0.14725712846433012</double>
            <double>0.22536179032743064</double>
            <double>0.7027610174415445</double>
            <double>0.03595542268231242</double>
          </stimulusVector>
          <returnVector>
            <double>0.043320990413851825</double>
            <double>0.06152900561791202</double>
            <double>-0.09247233018922003</double>
            <double>-0.04665283115422417</double>
            <double>0.03764603316163049</double>
            <double>-0.04764449541875196</double>
            <double>0.08150994010223239</double>
            <double>1.0740186797565936</double>
            <double>0.02151714417499131</double>
          </returnVector>
          <location>
            <double>251.0</double>
            <double>370.0</double>
          </location>
          <decayFunction>GAUSSIAN</decayFunction>
          <stimulusDispersion>70.0</stimulusDispersion>
          <peak>0.0</peak>
          <addNoise>false</addNoise>
          <initNoise>0.3</initNoise>
          <noiseLevel>0.3</noiseLevel>
        </smellSource>
        <collision>false</collision>
        <sensorsEnabled>true</sensorsEnabled>
        <effectorsEnabled>true</effectorsEnabled>
        <showSensors>true</showSensors>
        <sensorIDGenerator>
          <rootName>Sensor</rootName>
          <index>1</index>
        </sensorIDGenerator>
        <effectorIDGenerator>
          <rootName>Effector</rootName>
          <index>1</index>
        </effectorIDGenerator>
        <currentlyHeardPhrases/>
      </org.simbrain.world.odorworld.entities.BasicEntity>
      <org.simbrain.world.odorworld.entities.BasicEntity>
        <animation>
          <imageNames>
            <string>static/Bluecheese.gif</string>
          </imageNames>
          <animTime>0</animTime>
          <totalDuration>2</totalDuration>
          <frameDuration>1</frameDuration>
        </animation>
        <name>Entity_8</name>
        <id>Entity_8</id>
        <x>284.0</x>
        <y>90.0</y>
        <dx>0.0</dx>
        <dy>0.0</dy>
        <parentWorld reference="../../../.."/>
        <sensors/>
        <effectors/>
        <behavior class="org.simbrain.world.odorworld.behaviors.StationaryBehavior"/>
        <smellSource>
          <stimulusVector>
            <double>0.1843023824819105</double>
            <double>0.8969005568449742</double>
            <double>-0.0869959701309641</double>
            <double>-0.03930965224307115</double>
            <double>0.053630097604160105</double>
            <double>0.1719959853127682</double>
            <double>-0.21784800055216272</double>
            <double>-0.027583042347626888</double>
            <double>-0.2814660919356998</double>
          </stimulusVector>
          <location>
            <double>315.0</double>
            <double>39.0</double>
          </location>
          <decayFunction>GAUSSIAN</decayFunction>
          <stimulusDispersion>70.0</stimulusDispersion>
          <peak>0.0</peak>
          <addNoise>false</addNoise>
          <initNoise>0.3</initNoise>
          <noiseLevel>0.3</noiseLevel>
        </smellSource>
        <collision>false</collision>
        <sensorsEnabled>true</sensorsEnabled>
        <effectorsEnabled>true</effectorsEnabled>
        <showSensors>true</showSensors>
        <sensorIDGenerator>
          <rootName>Sensor</rootName>
          <index>1</index>
        </sensorIDGenerator>
        <effectorIDGenerator>
          <rootName>Effector</rootName>
          <index>1</index>
        </effectorIDGenerator>
        <currentlyHeardPhrases/>
      </org.simbrain.world.odorworld.entities.BasicEntity>
    </java.util.concurrent.CopyOnWriteArrayList>
  </entityList>
  <totalSmellVectorLength>6.479986358618806</totalSmellVectorLength>
  <wrapAround>true</wrapAround>
  <objectsBlockMovement>true</objectsBlockMovement>
  <height>514</height>
  <width>453</width>
  <entityIDGenerator>
    <rootName>Entity</rootName>
    <index>9</index>
  </entityIDGenerator>
  <agentNameGenerator>
    <rootName>Agent</rootName>
    <index>2</index>
  </agentNameGenerator>
</org.simbrain.world.odorworld.OdorWorld>