<html>

<body>
    <h1>Auto Associator Part 1</h1>
    <br>
    How can a machine remember things? We're all familiar with desktop computers, which usually store 'memories' separately from each other, for example as independent files.
    <br>
    <br>In a desktop computer, if one was to store two grocery lists, like 'milk, chicken, butter, durian, rice' and 'lentils, chicken, bread', then chicken would be recorded twice, perhaps in two separate files. By contrast, in connectionist networks, when two memories share an element (e.g., chicken), then typically that element is stored only once and the two memories share the element. In this lesson, you'll see how such network-style memory works.
    <br>
    <br>In the network to the right, every unit is connected to every other unit. The grey color of each of the synapses indicates that the synaptic strengths are all initially set to 0. The units could represent just about anything.
    <br>
    <br>For this exercise, we'll speak as if they represent potential food items for a grocery list (as shown below). To stretch this example a bit, the network might be the grocer's memory of the different lists of food items that his customers shopped for.
    <br>
    <br>
    <img src="file:docs/Images/recurrentGroceryLists.png">
    <br>
    <br>Let's encode a list into this network memory.
    <br>
    <br>
    <h2>Running This Simulation</h2>
    The network uses the Hebbian rule for pattern encoding, which embodies the maxim that "Neurons that fire together wire together."
    <br>
    <br>At every time step, each synaptic weight changes in proportion to the product of the pre-synaptic neuron's activation and the post-synaptic neuron's activation. Epsilon is how fast it changes, which is sometimes termed the learning rate.
    <br>
    <br>To train the network on a first pattern, make a pattern.
    <br>
    <br>
    <ul>
        <li>Select the five units and yield an activation of 1 in each neuron.</li>
        <br>
        <img src="file:docs/Images/RecurrentBinary.png">
        <br>
        <li>Iterate the network one step. You will see that co-active neurons "wire together" in that the connections between them turn red, indicating the synaptic strengths have become highly positive (excitatory).</li>

        <li>In the window containing the network, press 'N' > double-click on a neuron > more > clamped set to yes This clamps the neurons so their activity stays constant. This gave the synapses time to learn the pattern you imposed.</li>
    </ul>
    Now we must unclamp the neurons so we can test the network's memory.
    <ul>
        <li>Unclamp the neurons</li>

        <li>Test the network's memory, by cuing it with one item from the list (one neuron active), and see whether it recalls the remainder of the list.</li>

        <li>Clamp the weights by pressing 'W' > more > frozen set to yes. This turns off learning during this recall stage.</li>

        <li>De-activate all the neurons. Do this by selecting those that are active, and pressing the down arrow key to reduce their activity to 0.</li>

        <li>Activate one of the neurons from the pattern you taught the network.</li>

        <li>Iterate the network step by step.</li>
    </ul>
    The network should quickly reproduce the pattern you taught it!
    <br>During learning (the first steps above, where the neurons were clamped and the weights were not clamped) the synapses strengthened among all the units of the pattern. Those units now fire together.
    <br>
    <br>The network can perform acceptably even if some synapses are removed. In contrast, a conventional desktop computer often fails completely if you take out even just one piece. But a network memory has built-in redundancy because of the multiple connections.
    <br>
    <br>What will happen if you train the network to store a second pattern?
	<br><br>
    <h2>Exercise</h2>
    Without clearing the network, repeat the two groups of steps above, but this time for a different pattern. Be sure at least one neuron is in common with the first pattern.
    <br>
    <br>How well does the network recall each of the two patterns you trained it with? Try various cues from the two patterns. Open the workspace <i>autoAssociator_part2</i> to continue on to the next part of this lesson.
    <br>
    <br>
    <h3>Credits</h3>
    Alex Holcombe, Jeff Yoshimi, Saraching Chao.
</body>

</html>
