<org.simbrain.world.textworld.ReaderWorld>
  <text>Shall I compare thee to a summer&apos;s day? 
Thou art more lovely and more temperate: 
Rough winds do shake the darling buds of May, 
And summer&apos;s lease hath all too short a date: 
Sometime too hot the eye of heaven shines, 
And often is his gold complexion dimm&apos;d; 
And every fair from fair sometime declines, 
By chance, or nature&apos;s changing course, untrimm&apos;d; 
But thy eternal summer shall not fade, 
Nor lose possession of that fair thou owest; 
Nor shall Death brag thou wander&apos;st in his shade, 
When in eternal lines to time thou growest; 
So long as men can breathe, or eyes can see, 
So long lives this, and this gives life to thee.</text>
  <currentItem>
    <beginPosition>338</beginPosition>
    <endPosition>339</endPosition>
    <text>a</text>
    <outer-class class="org.simbrain.world.textworld.ReaderWorld" reference="../.."/>
  </currentItem>
  <position>636</position>
  <lastPosition>0</lastPosition>
  <dictionary class="sorted-set"/>
  <highlightColor>
    <red>128</red>
    <green>128</green>
    <blue>128</blue>
    <alpha>255</alpha>
  </highlightColor>
  <parseStyle>CHARACTER</parseStyle>
  <delimeter>\s</delimeter>
  <pattern>
    <pattern>\s</pattern>
    <flags>0</flags>
  </pattern>
  <matcher>
    <parentPattern reference="../../pattern"/>
    <groups>
      <int>-1</int>
      <int>-1</int>
      <int>-1</int>
      <int>-1</int>
      <int>-1</int>
      <int>-1</int>
      <int>-1</int>
      <int>-1</int>
      <int>-1</int>
      <int>-1</int>
      <int>-1</int>
      <int>-1</int>
      <int>-1</int>
      <int>-1</int>
      <int>-1</int>
      <int>-1</int>
      <int>-1</int>
      <int>-1</int>
      <int>-1</int>
      <int>-1</int>
    </groups>
    <from>636</from>
    <to>636</to>
    <lookbehindTo>0</lookbehindTo>
    <text class="string">Shall I compare thee to a summer&apos;s day? 
Thou art more lovely and more temperate: 
Rough winds do shake the darling buds of May, 
And summer&apos;s lease hath all too short a date: 
Sometime too hot the eye of heaven shines, 
And often is his gold complexion dimm&apos;d; 
And every fair from fair sometime declines, 
By chance, or nature&apos;s changing course, untrimm&apos;d; 
But thy eternal summer shall not fade, 
Nor lose possession of that fair thou owest; 
Nor shall Death brag thou wander&apos;st in his shade, 
When in eternal lines to time thou growest; 
So long as men can breathe, or eyes can see, 
So long lives this, and this gives life to thee.</text>
    <acceptMode>0</acceptMode>
    <first>-1</first>
    <last>0</last>
    <oldLast>-1</oldLast>
    <lastAppendPosition>0</lastAppendPosition>
    <locals/>
    <hitEnd>false</hitEnd>
    <requireEnd>false</requireEnd>
    <transparentBounds>false</transparentBounds>
    <anchoringBounds>true</anchoringBounds>
  </matcher>
  <positionAfterLastDelimeter>636</positionAfterLastDelimeter>
  <matcherInValidState>false</matcherInValidState>
</org.simbrain.world.textworld.ReaderWorld>