<org.simbrain.network.core.Network>
  <neuronList/>
  <synapseList/>
  <groupList>
    <org.simbrain.network.subnetworks.BackpropNetwork>
      <parentNetwork reference="../../.."/>
      <id>Group_1</id>
      <label>Backprop</label>
      <deleteWhenEmpty>true</deleteWhenEmpty>
      <markedForDeletion>false</markedForDeletion>
      <neuronGroupList class="java.util.concurrent.CopyOnWriteArrayList" serialization="custom">
        <java.util.concurrent.CopyOnWriteArrayList>
          <default/>
          <int>3</int>
          <org.simbrain.network.groups.NeuronGroup>
            <parentNetwork reference="../../../../../.."/>
            <id>Group_2</id>
            <label>Layer 1</label>
            <deleteWhenEmpty>true</deleteWhenEmpty>
            <markedForDeletion>false</markedForDeletion>
            <parentGroup class="org.simbrain.network.subnetworks.BackpropNetwork" reference="../../../.."/>
            <neuronList class="java.util.concurrent.CopyOnWriteArrayList" serialization="custom">
              <java.util.concurrent.CopyOnWriteArrayList>
                <default/>
                <int>3</int>
                <org.simbrain.network.core.Neuron>
                  <updateRule class="org.simbrain.network.neuron_update_rules.LinearRule">
                    <slope>1.0</slope>
                    <bias>0.0</bias>
                    <noiseGenerator>
                      <distributionIndex>0</distributionIndex>
                      <upperBound>1.0</upperBound>
                      <lowerBound>-1.0</lowerBound>
                      <mean>0.5</mean>
                      <standardDeviation>0.5</standardDeviation>
                      <clipping>true</clipping>
                      <randomGenerator serialization="custom">
                        <java.util.Random>
                          <default>
                            <seed>248772921457699</seed>
                            <nextNextGaussian>0.0</nextNextGaussian>
                            <haveNextNextGaussian>false</haveNextNextGaussian>
                          </default>
                        </java.util.Random>
                      </randomGenerator>
                    </noiseGenerator>
                    <addNoise>false</addNoise>
                    <clipping>true</clipping>
                  </updateRule>
                  <id>Neuron_1</id>
                  <label></label>
                  <activation>0.0</activation>
                  <lowerBound>0.0</lowerBound>
                  <upperBound>1.0</upperBound>
                  <increment>1.0</increment>
                  <buffer>0.0</buffer>
                  <inputValue>0.0</inputValue>
                  <parent reference="../../../../../../../../.."/>
                  <x>143.0</x>
                  <y>64.13036809815951</y>
                  <clamped>false</clamped>
                  <targetValue>0.0</targetValue>
                  <parentGroup class="org.simbrain.network.groups.NeuronGroup" reference="../../../.."/>
                  <updatePriority>0</updatePriority>
                </org.simbrain.network.core.Neuron>
                <org.simbrain.network.core.Neuron>
                  <updateRule class="org.simbrain.network.neuron_update_rules.LinearRule">
                    <slope>1.0</slope>
                    <bias>0.0</bias>
                    <noiseGenerator>
                      <distributionIndex>0</distributionIndex>
                      <upperBound>1.0</upperBound>
                      <lowerBound>-1.0</lowerBound>
                      <mean>0.5</mean>
                      <standardDeviation>0.5</standardDeviation>
                      <clipping>true</clipping>
                      <randomGenerator serialization="custom">
                        <java.util.Random>
                          <default>
                            <seed>248772919803016</seed>
                            <nextNextGaussian>0.0</nextNextGaussian>
                            <haveNextNextGaussian>false</haveNextNextGaussian>
                          </default>
                        </java.util.Random>
                      </randomGenerator>
                    </noiseGenerator>
                    <addNoise>false</addNoise>
                    <clipping>true</clipping>
                  </updateRule>
                  <id>Neuron_2</id>
                  <label></label>
                  <activation>0.0</activation>
                  <lowerBound>0.0</lowerBound>
                  <upperBound>1.0</upperBound>
                  <increment>1.0</increment>
                  <buffer>0.0</buffer>
                  <inputValue>0.0</inputValue>
                  <parent reference="../../../../../../../../.."/>
                  <x>193.0</x>
                  <y>64.13036809815951</y>
                  <clamped>false</clamped>
                  <targetValue>0.0</targetValue>
                  <parentGroup class="org.simbrain.network.groups.NeuronGroup" reference="../../../.."/>
                  <updatePriority>0</updatePriority>
                </org.simbrain.network.core.Neuron>
                <org.simbrain.network.core.Neuron>
                  <updateRule class="org.simbrain.network.neuron_update_rules.LinearRule">
                    <slope>1.0</slope>
                    <bias>0.0</bias>
                    <noiseGenerator>
                      <distributionIndex>0</distributionIndex>
                      <upperBound>1.0</upperBound>
                      <lowerBound>-1.0</lowerBound>
                      <mean>0.5</mean>
                      <standardDeviation>0.5</standardDeviation>
                      <clipping>true</clipping>
                      <randomGenerator serialization="custom">
                        <java.util.Random>
                          <default>
                            <seed>248772921437050</seed>
                            <nextNextGaussian>0.0</nextNextGaussian>
                            <haveNextNextGaussian>false</haveNextNextGaussian>
                          </default>
                        </java.util.Random>
                      </randomGenerator>
                    </noiseGenerator>
                    <addNoise>false</addNoise>
                    <clipping>true</clipping>
                  </updateRule>
                  <id>Neuron_3</id>
                  <label></label>
                  <activation>0.0</activation>
                  <lowerBound>0.0</lowerBound>
                  <upperBound>1.0</upperBound>
                  <increment>1.0</increment>
                  <buffer>0.0</buffer>
                  <inputValue>0.0</inputValue>
                  <parent reference="../../../../../../../../.."/>
                  <x>243.0</x>
                  <y>64.13036809815951</y>
                  <clamped>false</clamped>
                  <targetValue>0.0</targetValue>
                  <parentGroup class="org.simbrain.network.groups.NeuronGroup" reference="../../../.."/>
                  <updatePriority>0</updatePriority>
                </org.simbrain.network.core.Neuron>
              </java.util.concurrent.CopyOnWriteArrayList>
            </neuronList>
          </org.simbrain.network.groups.NeuronGroup>
          <org.simbrain.network.groups.NeuronGroup>
            <parentNetwork reference="../../../../../.."/>
            <id>Group_3</id>
            <label>Layer 2</label>
            <deleteWhenEmpty>true</deleteWhenEmpty>
            <markedForDeletion>false</markedForDeletion>
            <parentGroup class="org.simbrain.network.subnetworks.BackpropNetwork" reference="../../../.."/>
            <neuronList class="java.util.concurrent.CopyOnWriteArrayList" serialization="custom">
              <java.util.concurrent.CopyOnWriteArrayList>
                <default/>
                <int>7</int>
                <org.simbrain.network.core.Neuron>
                  <updateRule class="org.simbrain.network.neuron_update_rules.SigmoidalRule">
                    <type>LOGISTIC</type>
                    <bias>-0.6064980965586171</bias>
                    <slope>1.0</slope>
                    <noiseGenerator>
                      <distributionIndex>0</distributionIndex>
                      <upperBound>1.0</upperBound>
                      <lowerBound>-1.0</lowerBound>
                      <mean>0.5</mean>
                      <standardDeviation>0.5</standardDeviation>
                      <clipping>false</clipping>
                      <randomGenerator serialization="custom">
                        <java.util.Random>
                          <default>
                            <seed>248685125558188</seed>
                            <nextNextGaussian>0.0</nextNextGaussian>
                            <haveNextNextGaussian>false</haveNextNextGaussian>
                          </default>
                        </java.util.Random>
                      </randomGenerator>
                    </noiseGenerator>
                    <addNoise>false</addNoise>
                  </updateRule>
                  <id>Neuron_4</id>
                  <label></label>
                  <activation>0.0</activation>
                  <lowerBound>0.0</lowerBound>
                  <upperBound>1.0</upperBound>
                  <increment>0.1</increment>
                  <buffer>0.3528584426883151</buffer>
                  <inputValue>0.0</inputValue>
                  <parent reference="../../../../../../../../.."/>
                  <x>43.0</x>
                  <y>-35.0</y>
                  <clamped>false</clamped>
                  <targetValue>0.0</targetValue>
                  <parentGroup class="org.simbrain.network.groups.NeuronGroup" reference="../../../.."/>
                  <updatePriority>1</updatePriority>
                </org.simbrain.network.core.Neuron>
                <org.simbrain.network.core.Neuron>
                  <updateRule class="org.simbrain.network.neuron_update_rules.SigmoidalRule">
                    <type>LOGISTIC</type>
                    <bias>-1.2188848433034916</bias>
                    <slope>1.0</slope>
                    <noiseGenerator>
                      <distributionIndex>0</distributionIndex>
                      <upperBound>1.0</upperBound>
                      <lowerBound>-1.0</lowerBound>
                      <mean>0.5</mean>
                      <standardDeviation>0.5</standardDeviation>
                      <clipping>false</clipping>
                      <randomGenerator serialization="custom">
                        <java.util.Random>
                          <default>
                            <seed>248685125528999</seed>
                            <nextNextGaussian>0.0</nextNextGaussian>
                            <haveNextNextGaussian>false</haveNextNextGaussian>
                          </default>
                        </java.util.Random>
                      </randomGenerator>
                    </noiseGenerator>
                    <addNoise>false</addNoise>
                  </updateRule>
                  <id>Neuron_5</id>
                  <label></label>
                  <activation>0.0</activation>
                  <lowerBound>0.0</lowerBound>
                  <upperBound>1.0</upperBound>
                  <increment>0.1</increment>
                  <buffer>0.22813275697558869</buffer>
                  <inputValue>0.0</inputValue>
                  <parent reference="../../../../../../../../.."/>
                  <x>93.0</x>
                  <y>-35.0</y>
                  <clamped>false</clamped>
                  <targetValue>0.0</targetValue>
                  <parentGroup class="org.simbrain.network.groups.NeuronGroup" reference="../../../.."/>
                  <updatePriority>1</updatePriority>
                </org.simbrain.network.core.Neuron>
                <org.simbrain.network.core.Neuron>
                  <updateRule class="org.simbrain.network.neuron_update_rules.SigmoidalRule">
                    <type>LOGISTIC</type>
                    <bias>0.9599515336673535</bias>
                    <slope>1.0</slope>
                    <noiseGenerator>
                      <distributionIndex>0</distributionIndex>
                      <upperBound>1.0</upperBound>
                      <lowerBound>-1.0</lowerBound>
                      <mean>0.5</mean>
                      <standardDeviation>0.5</standardDeviation>
                      <clipping>false</clipping>
                      <randomGenerator serialization="custom">
                        <java.util.Random>
                          <default>
                            <seed>248685125519518</seed>
                            <nextNextGaussian>0.0</nextNextGaussian>
                            <haveNextNextGaussian>false</haveNextNextGaussian>
                          </default>
                        </java.util.Random>
                      </randomGenerator>
                    </noiseGenerator>
                    <addNoise>false</addNoise>
                  </updateRule>
                  <id>Neuron_6</id>
                  <label></label>
                  <activation>0.0</activation>
                  <lowerBound>0.0</lowerBound>
                  <upperBound>1.0</upperBound>
                  <increment>0.1</increment>
                  <buffer>0.7231121012522063</buffer>
                  <inputValue>0.0</inputValue>
                  <parent reference="../../../../../../../../.."/>
                  <x>143.0</x>
                  <y>-35.0</y>
                  <clamped>false</clamped>
                  <targetValue>0.0</targetValue>
                  <parentGroup class="org.simbrain.network.groups.NeuronGroup" reference="../../../.."/>
                  <updatePriority>1</updatePriority>
                </org.simbrain.network.core.Neuron>
                <org.simbrain.network.core.Neuron>
                  <updateRule class="org.simbrain.network.neuron_update_rules.SigmoidalRule">
                    <type>LOGISTIC</type>
                    <bias>-0.3904354057194381</bias>
                    <slope>1.0</slope>
                    <noiseGenerator>
                      <distributionIndex>0</distributionIndex>
                      <upperBound>1.0</upperBound>
                      <lowerBound>-1.0</lowerBound>
                      <mean>0.5</mean>
                      <standardDeviation>0.5</standardDeviation>
                      <clipping>false</clipping>
                      <randomGenerator serialization="custom">
                        <java.util.Random>
                          <default>
                            <seed>248685125514353</seed>
                            <nextNextGaussian>0.0</nextNextGaussian>
                            <haveNextNextGaussian>false</haveNextNextGaussian>
                          </default>
                        </java.util.Random>
                      </randomGenerator>
                    </noiseGenerator>
                    <addNoise>false</addNoise>
                  </updateRule>
                  <id>Neuron_7</id>
                  <label></label>
                  <activation>0.0</activation>
                  <lowerBound>0.0</lowerBound>
                  <upperBound>1.0</upperBound>
                  <increment>0.1</increment>
                  <buffer>0.4036124900358597</buffer>
                  <inputValue>0.0</inputValue>
                  <parent reference="../../../../../../../../.."/>
                  <x>193.0</x>
                  <y>-35.0</y>
                  <clamped>false</clamped>
                  <targetValue>0.0</targetValue>
                  <parentGroup class="org.simbrain.network.groups.NeuronGroup" reference="../../../.."/>
                  <updatePriority>1</updatePriority>
                </org.simbrain.network.core.Neuron>
                <org.simbrain.network.core.Neuron>
                  <updateRule class="org.simbrain.network.neuron_update_rules.SigmoidalRule">
                    <type>LOGISTIC</type>
                    <bias>0.0878171900778943</bias>
                    <slope>1.0</slope>
                    <noiseGenerator>
                      <distributionIndex>0</distributionIndex>
                      <upperBound>1.0</upperBound>
                      <lowerBound>-1.0</lowerBound>
                      <mean>0.5</mean>
                      <standardDeviation>0.5</standardDeviation>
                      <clipping>false</clipping>
                      <randomGenerator serialization="custom">
                        <java.util.Random>
                          <default>
                            <seed>248685125505832</seed>
                            <nextNextGaussian>0.0</nextNextGaussian>
                            <haveNextNextGaussian>false</haveNextNextGaussian>
                          </default>
                        </java.util.Random>
                      </randomGenerator>
                    </noiseGenerator>
                    <addNoise>false</addNoise>
                  </updateRule>
                  <id>Neuron_8</id>
                  <label></label>
                  <activation>0.0</activation>
                  <lowerBound>0.0</lowerBound>
                  <upperBound>1.0</upperBound>
                  <increment>0.1</increment>
                  <buffer>0.5219401993546686</buffer>
                  <inputValue>0.0</inputValue>
                  <parent reference="../../../../../../../../.."/>
                  <x>243.0</x>
                  <y>-35.0</y>
                  <clamped>false</clamped>
                  <targetValue>0.0</targetValue>
                  <parentGroup class="org.simbrain.network.groups.NeuronGroup" reference="../../../.."/>
                  <updatePriority>1</updatePriority>
                </org.simbrain.network.core.Neuron>
                <org.simbrain.network.core.Neuron>
                  <updateRule class="org.simbrain.network.neuron_update_rules.SigmoidalRule">
                    <type>LOGISTIC</type>
                    <bias>1.0440900272033387</bias>
                    <slope>1.0</slope>
                    <noiseGenerator>
                      <distributionIndex>0</distributionIndex>
                      <upperBound>1.0</upperBound>
                      <lowerBound>-1.0</lowerBound>
                      <mean>0.5</mean>
                      <standardDeviation>0.5</standardDeviation>
                      <clipping>false</clipping>
                      <randomGenerator serialization="custom">
                        <java.util.Random>
                          <default>
                            <seed>248685125628651</seed>
                            <nextNextGaussian>0.0</nextNextGaussian>
                            <haveNextNextGaussian>false</haveNextNextGaussian>
                          </default>
                        </java.util.Random>
                      </randomGenerator>
                    </noiseGenerator>
                    <addNoise>false</addNoise>
                  </updateRule>
                  <id>Neuron_9</id>
                  <label></label>
                  <activation>0.0</activation>
                  <lowerBound>0.0</lowerBound>
                  <upperBound>1.0</upperBound>
                  <increment>0.1</increment>
                  <buffer>0.7396384083006774</buffer>
                  <inputValue>0.0</inputValue>
                  <parent reference="../../../../../../../../.."/>
                  <x>293.0</x>
                  <y>-35.0</y>
                  <clamped>false</clamped>
                  <targetValue>0.0</targetValue>
                  <parentGroup class="org.simbrain.network.groups.NeuronGroup" reference="../../../.."/>
                  <updatePriority>1</updatePriority>
                </org.simbrain.network.core.Neuron>
                <org.simbrain.network.core.Neuron>
                  <updateRule class="org.simbrain.network.neuron_update_rules.SigmoidalRule">
                    <type>LOGISTIC</type>
                    <bias>1.2346267169133749</bias>
                    <slope>1.0</slope>
                    <noiseGenerator>
                      <distributionIndex>0</distributionIndex>
                      <upperBound>1.0</upperBound>
                      <lowerBound>-1.0</lowerBound>
                      <mean>0.5</mean>
                      <standardDeviation>0.5</standardDeviation>
                      <clipping>false</clipping>
                      <randomGenerator serialization="custom">
                        <java.util.Random>
                          <default>
                            <seed>248685125620162</seed>
                            <nextNextGaussian>0.0</nextNextGaussian>
                            <haveNextNextGaussian>false</haveNextNextGaussian>
                          </default>
                        </java.util.Random>
                      </randomGenerator>
                    </noiseGenerator>
                    <addNoise>false</addNoise>
                  </updateRule>
                  <id>Neuron_10</id>
                  <label></label>
                  <activation>0.0</activation>
                  <lowerBound>0.0</lowerBound>
                  <upperBound>1.0</upperBound>
                  <increment>0.1</increment>
                  <buffer>0.7746273318983116</buffer>
                  <inputValue>0.0</inputValue>
                  <parent reference="../../../../../../../../.."/>
                  <x>343.0</x>
                  <y>-35.0</y>
                  <clamped>false</clamped>
                  <targetValue>0.0</targetValue>
                  <parentGroup class="org.simbrain.network.groups.NeuronGroup" reference="../../../.."/>
                  <updatePriority>1</updatePriority>
                </org.simbrain.network.core.Neuron>
              </java.util.concurrent.CopyOnWriteArrayList>
            </neuronList>
          </org.simbrain.network.groups.NeuronGroup>
          <org.simbrain.network.groups.NeuronGroup>
            <parentNetwork reference="../../../../../.."/>
            <id>Group_4</id>
            <label>Layer 3</label>
            <deleteWhenEmpty>true</deleteWhenEmpty>
            <markedForDeletion>false</markedForDeletion>
            <parentGroup class="org.simbrain.network.subnetworks.BackpropNetwork" reference="../../../.."/>
            <neuronList class="java.util.concurrent.CopyOnWriteArrayList" serialization="custom">
              <java.util.concurrent.CopyOnWriteArrayList>
                <default/>
                <int>3</int>
                <org.simbrain.network.core.Neuron>
                  <updateRule class="org.simbrain.network.neuron_update_rules.SigmoidalRule">
                    <type>LOGISTIC</type>
                    <bias>-1.3893572845345326</bias>
                    <slope>1.0</slope>
                    <noiseGenerator>
                      <distributionIndex>0</distributionIndex>
                      <upperBound>1.0</upperBound>
                      <lowerBound>-1.0</lowerBound>
                      <mean>0.5</mean>
                      <standardDeviation>0.5</standardDeviation>
                      <clipping>true</clipping>
                      <randomGenerator serialization="custom">
                        <java.util.Random>
                          <default>
                            <seed>248685060054878</seed>
                            <nextNextGaussian>0.0</nextNextGaussian>
                            <haveNextNextGaussian>false</haveNextNextGaussian>
                          </default>
                        </java.util.Random>
                      </randomGenerator>
                    </noiseGenerator>
                    <addNoise>false</addNoise>
                  </updateRule>
                  <id>Neuron_11</id>
                  <label>Fish</label>
                  <activation>0.0</activation>
                  <lowerBound>0.0</lowerBound>
                  <upperBound>1.0</upperBound>
                  <increment>0.1</increment>
                  <buffer>0.06570856312290868</buffer>
                  <inputValue>0.0</inputValue>
                  <parent reference="../../../../../../../../.."/>
                  <x>143.0</x>
                  <y>-135.0</y>
                  <clamped>false</clamped>
                  <targetValue>0.0</targetValue>
                  <parentGroup class="org.simbrain.network.groups.NeuronGroup" reference="../../../.."/>
                  <updatePriority>2</updatePriority>
                </org.simbrain.network.core.Neuron>
                <org.simbrain.network.core.Neuron>
                  <updateRule class="org.simbrain.network.neuron_update_rules.SigmoidalRule">
                    <type>LOGISTIC</type>
                    <bias>-0.673895476410939</bias>
                    <slope>1.0</slope>
                    <noiseGenerator>
                      <distributionIndex>0</distributionIndex>
                      <upperBound>1.0</upperBound>
                      <lowerBound>-1.0</lowerBound>
                      <mean>0.5</mean>
                      <standardDeviation>0.5</standardDeviation>
                      <clipping>true</clipping>
                      <randomGenerator serialization="custom">
                        <java.util.Random>
                          <default>
                            <seed>248685060035033</seed>
                            <nextNextGaussian>0.0</nextNextGaussian>
                            <haveNextNextGaussian>false</haveNextNextGaussian>
                          </default>
                        </java.util.Random>
                      </randomGenerator>
                    </noiseGenerator>
                    <addNoise>false</addNoise>
                  </updateRule>
                  <id>Neuron_12</id>
                  <label>Gouda</label>
                  <activation>0.0</activation>
                  <lowerBound>0.0</lowerBound>
                  <upperBound>1.0</upperBound>
                  <increment>0.1</increment>
                  <buffer>0.06199581049893268</buffer>
                  <inputValue>0.0</inputValue>
                  <parent reference="../../../../../../../../.."/>
                  <x>193.0</x>
                  <y>-135.0</y>
                  <clamped>false</clamped>
                  <targetValue>0.0</targetValue>
                  <parentGroup class="org.simbrain.network.groups.NeuronGroup" reference="../../../.."/>
                  <updatePriority>2</updatePriority>
                </org.simbrain.network.core.Neuron>
                <org.simbrain.network.core.Neuron>
                  <updateRule class="org.simbrain.network.neuron_update_rules.SigmoidalRule">
                    <type>LOGISTIC</type>
                    <bias>1.0618598295164832</bias>
                    <slope>1.0</slope>
                    <noiseGenerator>
                      <distributionIndex>0</distributionIndex>
                      <upperBound>1.0</upperBound>
                      <lowerBound>-1.0</lowerBound>
                      <mean>0.5</mean>
                      <standardDeviation>0.5</standardDeviation>
                      <clipping>true</clipping>
                      <randomGenerator serialization="custom">
                        <java.util.Random>
                          <default>
                            <seed>248685060159656</seed>
                            <nextNextGaussian>0.0</nextNextGaussian>
                            <haveNextNextGaussian>false</haveNextNextGaussian>
                          </default>
                        </java.util.Random>
                      </randomGenerator>
                    </noiseGenerator>
                    <addNoise>false</addNoise>
                  </updateRule>
                  <id>Neuron_13</id>
                  <label>Blue</label>
                  <activation>0.0</activation>
                  <lowerBound>0.0</lowerBound>
                  <upperBound>1.0</upperBound>
                  <increment>0.1</increment>
                  <buffer>0.05790382541260485</buffer>
                  <inputValue>0.0</inputValue>
                  <parent reference="../../../../../../../../.."/>
                  <x>243.0</x>
                  <y>-135.0</y>
                  <clamped>false</clamped>
                  <targetValue>0.0</targetValue>
                  <parentGroup class="org.simbrain.network.groups.NeuronGroup" reference="../../../.."/>
                  <updatePriority>2</updatePriority>
                </org.simbrain.network.core.Neuron>
              </java.util.concurrent.CopyOnWriteArrayList>
            </neuronList>
          </org.simbrain.network.groups.NeuronGroup>
        </java.util.concurrent.CopyOnWriteArrayList>
      </neuronGroupList>
      <synapseGroupList class="java.util.concurrent.CopyOnWriteArrayList" serialization="custom">
        <java.util.concurrent.CopyOnWriteArrayList>
          <default/>
          <int>2</int>
          <org.simbrain.network.groups.SynapseGroup>
            <parentNetwork reference="../../../../../.."/>
            <id>Group_5</id>
            <label>Weights 1 &gt; 2</label>
            <deleteWhenEmpty>false</deleteWhenEmpty>
            <markedForDeletion>false</markedForDeletion>
            <parentGroup class="org.simbrain.network.subnetworks.BackpropNetwork" reference="../../../.."/>
            <synapseList class="java.util.concurrent.CopyOnWriteArrayList" serialization="custom">
              <java.util.concurrent.CopyOnWriteArrayList>
                <default/>
                <int>21</int>
                <org.simbrain.network.core.Synapse>
                  <parentNetwork reference="../../../../../../../../.."/>
                  <source reference="../../../../../../../neuronGroupList/java.util.concurrent.CopyOnWriteArrayList/org.simbrain.network.groups.NeuronGroup/neuronList/java.util.concurrent.CopyOnWriteArrayList/org.simbrain.network.core.Neuron"/>
                  <target reference="../../../../../../../neuronGroupList/java.util.concurrent.CopyOnWriteArrayList/org.simbrain.network.groups.NeuronGroup[2]/neuronList/java.util.concurrent.CopyOnWriteArrayList/org.simbrain.network.core.Neuron"/>
                  <learningRule class="org.simbrain.network.synapse_update_rules.ClampedSynapseRule">
                    <clipped>false</clipped>
                  </learningRule>
                  <id>Synapse_22</id>
                  <strength>-1.1546712500757508</strength>
                  <increment>1.0</increment>
                  <upperBound>10.0</upperBound>
                  <lowerBound>-10.0</lowerBound>
                  <delay>0</delay>
                  <parentGroup class="org.simbrain.network.groups.SynapseGroup" reference="../../../.."/>
                  <sendWeightedInput>true</sendWeightedInput>
                </org.simbrain.network.core.Synapse>
                <org.simbrain.network.core.Synapse>
                  <parentNetwork reference="../../../../../../../../.."/>
                  <source reference="../../../../../../../neuronGroupList/java.util.concurrent.CopyOnWriteArrayList/org.simbrain.network.groups.NeuronGroup/neuronList/java.util.concurrent.CopyOnWriteArrayList/org.simbrain.network.core.Neuron"/>
                  <target reference="../../../../../../../neuronGroupList/java.util.concurrent.CopyOnWriteArrayList/org.simbrain.network.groups.NeuronGroup[2]/neuronList/java.util.concurrent.CopyOnWriteArrayList/org.simbrain.network.core.Neuron[2]"/>
                  <learningRule class="org.simbrain.network.synapse_update_rules.ClampedSynapseRule">
                    <clipped>false</clipped>
                  </learningRule>
                  <id>Synapse_23</id>
                  <strength>2.8824624515799333</strength>
                  <increment>1.0</increment>
                  <upperBound>10.0</upperBound>
                  <lowerBound>-10.0</lowerBound>
                  <delay>0</delay>
                  <parentGroup class="org.simbrain.network.groups.SynapseGroup" reference="../../../.."/>
                  <sendWeightedInput>true</sendWeightedInput>
                </org.simbrain.network.core.Synapse>
                <org.simbrain.network.core.Synapse>
                  <parentNetwork reference="../../../../../../../../.."/>
                  <source reference="../../../../../../../neuronGroupList/java.util.concurrent.CopyOnWriteArrayList/org.simbrain.network.groups.NeuronGroup/neuronList/java.util.concurrent.CopyOnWriteArrayList/org.simbrain.network.core.Neuron"/>
                  <target reference="../../../../../../../neuronGroupList/java.util.concurrent.CopyOnWriteArrayList/org.simbrain.network.groups.NeuronGroup[2]/neuronList/java.util.concurrent.CopyOnWriteArrayList/org.simbrain.network.core.Neuron[3]"/>
                  <learningRule class="org.simbrain.network.synapse_update_rules.ClampedSynapseRule">
                    <clipped>false</clipped>
                  </learningRule>
                  <id>Synapse_24</id>
                  <strength>1.6109453389756005</strength>
                  <increment>1.0</increment>
                  <upperBound>10.0</upperBound>
                  <lowerBound>-10.0</lowerBound>
                  <delay>0</delay>
                  <parentGroup class="org.simbrain.network.groups.SynapseGroup" reference="../../../.."/>
                  <sendWeightedInput>true</sendWeightedInput>
                </org.simbrain.network.core.Synapse>
                <org.simbrain.network.core.Synapse>
                  <parentNetwork reference="../../../../../../../../.."/>
                  <source reference="../../../../../../../neuronGroupList/java.util.concurrent.CopyOnWriteArrayList/org.simbrain.network.groups.NeuronGroup/neuronList/java.util.concurrent.CopyOnWriteArrayList/org.simbrain.network.core.Neuron"/>
                  <target reference="../../../../../../../neuronGroupList/java.util.concurrent.CopyOnWriteArrayList/org.simbrain.network.groups.NeuronGroup[2]/neuronList/java.util.concurrent.CopyOnWriteArrayList/org.simbrain.network.core.Neuron[4]"/>
                  <learningRule class="org.simbrain.network.synapse_update_rules.ClampedSynapseRule">
                    <clipped>false</clipped>
                  </learningRule>
                  <id>Synapse_25</id>
                  <strength>-2.4051631492265404</strength>
                  <increment>1.0</increment>
                  <upperBound>10.0</upperBound>
                  <lowerBound>-10.0</lowerBound>
                  <delay>0</delay>
                  <parentGroup class="org.simbrain.network.groups.SynapseGroup" reference="../../../.."/>
                  <sendWeightedInput>true</sendWeightedInput>
                </org.simbrain.network.core.Synapse>
                <org.simbrain.network.core.Synapse>
                  <parentNetwork reference="../../../../../../../../.."/>
                  <source reference="../../../../../../../neuronGroupList/java.util.concurrent.CopyOnWriteArrayList/org.simbrain.network.groups.NeuronGroup/neuronList/java.util.concurrent.CopyOnWriteArrayList/org.simbrain.network.core.Neuron"/>
                  <target reference="../../../../../../../neuronGroupList/java.util.concurrent.CopyOnWriteArrayList/org.simbrain.network.groups.NeuronGroup[2]/neuronList/java.util.concurrent.CopyOnWriteArrayList/org.simbrain.network.core.Neuron[5]"/>
                  <learningRule class="org.simbrain.network.synapse_update_rules.ClampedSynapseRule">
                    <clipped>false</clipped>
                  </learningRule>
                  <id>Synapse_26</id>
                  <strength>-0.46942370185904414</strength>
                  <increment>1.0</increment>
                  <upperBound>10.0</upperBound>
                  <lowerBound>-10.0</lowerBound>
                  <delay>0</delay>
                  <parentGroup class="org.simbrain.network.groups.SynapseGroup" reference="../../../.."/>
                  <sendWeightedInput>true</sendWeightedInput>
                </org.simbrain.network.core.Synapse>
                <org.simbrain.network.core.Synapse>
                  <parentNetwork reference="../../../../../../../../.."/>
                  <source reference="../../../../../../../neuronGroupList/java.util.concurrent.CopyOnWriteArrayList/org.simbrain.network.groups.NeuronGroup/neuronList/java.util.concurrent.CopyOnWriteArrayList/org.simbrain.network.core.Neuron"/>
                  <target reference="../../../../../../../neuronGroupList/java.util.concurrent.CopyOnWriteArrayList/org.simbrain.network.groups.NeuronGroup[2]/neuronList/java.util.concurrent.CopyOnWriteArrayList/org.simbrain.network.core.Neuron[6]"/>
                  <learningRule class="org.simbrain.network.synapse_update_rules.ClampedSynapseRule">
                    <clipped>false</clipped>
                  </learningRule>
                  <id>Synapse_27</id>
                  <strength>0.7430609811782929</strength>
                  <increment>1.0</increment>
                  <upperBound>10.0</upperBound>
                  <lowerBound>-10.0</lowerBound>
                  <delay>0</delay>
                  <parentGroup class="org.simbrain.network.groups.SynapseGroup" reference="../../../.."/>
                  <sendWeightedInput>true</sendWeightedInput>
                </org.simbrain.network.core.Synapse>
                <org.simbrain.network.core.Synapse>
                  <parentNetwork reference="../../../../../../../../.."/>
                  <source reference="../../../../../../../neuronGroupList/java.util.concurrent.CopyOnWriteArrayList/org.simbrain.network.groups.NeuronGroup/neuronList/java.util.concurrent.CopyOnWriteArrayList/org.simbrain.network.core.Neuron"/>
                  <target reference="../../../../../../../neuronGroupList/java.util.concurrent.CopyOnWriteArrayList/org.simbrain.network.groups.NeuronGroup[2]/neuronList/java.util.concurrent.CopyOnWriteArrayList/org.simbrain.network.core.Neuron[7]"/>
                  <learningRule class="org.simbrain.network.synapse_update_rules.ClampedSynapseRule">
                    <clipped>false</clipped>
                  </learningRule>
                  <id>Synapse_28</id>
                  <strength>-2.662422437935082</strength>
                  <increment>1.0</increment>
                  <upperBound>10.0</upperBound>
                  <lowerBound>-10.0</lowerBound>
                  <delay>0</delay>
                  <parentGroup class="org.simbrain.network.groups.SynapseGroup" reference="../../../.."/>
                  <sendWeightedInput>true</sendWeightedInput>
                </org.simbrain.network.core.Synapse>
                <org.simbrain.network.core.Synapse>
                  <parentNetwork reference="../../../../../../../../.."/>
                  <source reference="../../../../../../../neuronGroupList/java.util.concurrent.CopyOnWriteArrayList/org.simbrain.network.groups.NeuronGroup/neuronList/java.util.concurrent.CopyOnWriteArrayList/org.simbrain.network.core.Neuron[2]"/>
                  <target reference="../../../../../../../neuronGroupList/java.util.concurrent.CopyOnWriteArrayList/org.simbrain.network.groups.NeuronGroup[2]/neuronList/java.util.concurrent.CopyOnWriteArrayList/org.simbrain.network.core.Neuron"/>
                  <learningRule class="org.simbrain.network.synapse_update_rules.ClampedSynapseRule">
                    <clipped>false</clipped>
                  </learningRule>
                  <id>Synapse_29</id>
                  <strength>0.37882104458596677</strength>
                  <increment>1.0</increment>
                  <upperBound>10.0</upperBound>
                  <lowerBound>-10.0</lowerBound>
                  <delay>0</delay>
                  <parentGroup class="org.simbrain.network.groups.SynapseGroup" reference="../../../.."/>
                  <sendWeightedInput>true</sendWeightedInput>
                </org.simbrain.network.core.Synapse>
                <org.simbrain.network.core.Synapse>
                  <parentNetwork reference="../../../../../../../../.."/>
                  <source reference="../../../../../../../neuronGroupList/java.util.concurrent.CopyOnWriteArrayList/org.simbrain.network.groups.NeuronGroup/neuronList/java.util.concurrent.CopyOnWriteArrayList/org.simbrain.network.core.Neuron[2]"/>
                  <target reference="../../../../../../../neuronGroupList/java.util.concurrent.CopyOnWriteArrayList/org.simbrain.network.groups.NeuronGroup[2]/neuronList/java.util.concurrent.CopyOnWriteArrayList/org.simbrain.network.core.Neuron[2]"/>
                  <learningRule class="org.simbrain.network.synapse_update_rules.ClampedSynapseRule">
                    <clipped>false</clipped>
                  </learningRule>
                  <id>Synapse_30</id>
                  <strength>-1.4292326663776902</strength>
                  <increment>1.0</increment>
                  <upperBound>10.0</upperBound>
                  <lowerBound>-10.0</lowerBound>
                  <delay>0</delay>
                  <parentGroup class="org.simbrain.network.groups.SynapseGroup" reference="../../../.."/>
                  <sendWeightedInput>true</sendWeightedInput>
                </org.simbrain.network.core.Synapse>
                <org.simbrain.network.core.Synapse>
                  <parentNetwork reference="../../../../../../../../.."/>
                  <source reference="../../../../../../../neuronGroupList/java.util.concurrent.CopyOnWriteArrayList/org.simbrain.network.groups.NeuronGroup/neuronList/java.util.concurrent.CopyOnWriteArrayList/org.simbrain.network.core.Neuron[2]"/>
                  <target reference="../../../../../../../neuronGroupList/java.util.concurrent.CopyOnWriteArrayList/org.simbrain.network.groups.NeuronGroup[2]/neuronList/java.util.concurrent.CopyOnWriteArrayList/org.simbrain.network.core.Neuron[3]"/>
                  <learningRule class="org.simbrain.network.synapse_update_rules.ClampedSynapseRule">
                    <clipped>false</clipped>
                  </learningRule>
                  <id>Synapse_31</id>
                  <strength>-3.2164806631480296</strength>
                  <increment>1.0</increment>
                  <upperBound>10.0</upperBound>
                  <lowerBound>-10.0</lowerBound>
                  <delay>0</delay>
                  <parentGroup class="org.simbrain.network.groups.SynapseGroup" reference="../../../.."/>
                  <sendWeightedInput>true</sendWeightedInput>
                </org.simbrain.network.core.Synapse>
                <org.simbrain.network.core.Synapse>
                  <parentNetwork reference="../../../../../../../../.."/>
                  <source reference="../../../../../../../neuronGroupList/java.util.concurrent.CopyOnWriteArrayList/org.simbrain.network.groups.NeuronGroup/neuronList/java.util.concurrent.CopyOnWriteArrayList/org.simbrain.network.core.Neuron[2]"/>
                  <target reference="../../../../../../../neuronGroupList/java.util.concurrent.CopyOnWriteArrayList/org.simbrain.network.groups.NeuronGroup[2]/neuronList/java.util.concurrent.CopyOnWriteArrayList/org.simbrain.network.core.Neuron[4]"/>
                  <learningRule class="org.simbrain.network.synapse_update_rules.ClampedSynapseRule">
                    <clipped>false</clipped>
                  </learningRule>
                  <id>Synapse_32</id>
                  <strength>2.36559884177817</strength>
                  <increment>1.0</increment>
                  <upperBound>10.0</upperBound>
                  <lowerBound>-10.0</lowerBound>
                  <delay>0</delay>
                  <parentGroup class="org.simbrain.network.groups.SynapseGroup" reference="../../../.."/>
                  <sendWeightedInput>true</sendWeightedInput>
                </org.simbrain.network.core.Synapse>
                <org.simbrain.network.core.Synapse>
                  <parentNetwork reference="../../../../../../../../.."/>
                  <source reference="../../../../../../../neuronGroupList/java.util.concurrent.CopyOnWriteArrayList/org.simbrain.network.groups.NeuronGroup/neuronList/java.util.concurrent.CopyOnWriteArrayList/org.simbrain.network.core.Neuron[2]"/>
                  <target reference="../../../../../../../neuronGroupList/java.util.concurrent.CopyOnWriteArrayList/org.simbrain.network.groups.NeuronGroup[2]/neuronList/java.util.concurrent.CopyOnWriteArrayList/org.simbrain.network.core.Neuron[5]"/>
                  <learningRule class="org.simbrain.network.synapse_update_rules.ClampedSynapseRule">
                    <clipped>false</clipped>
                  </learningRule>
                  <id>Synapse_33</id>
                  <strength>-2.4504295501134234</strength>
                  <increment>1.0</increment>
                  <upperBound>10.0</upperBound>
                  <lowerBound>-10.0</lowerBound>
                  <delay>0</delay>
                  <parentGroup class="org.simbrain.network.groups.SynapseGroup" reference="../../../.."/>
                  <sendWeightedInput>true</sendWeightedInput>
                </org.simbrain.network.core.Synapse>
                <org.simbrain.network.core.Synapse>
                  <parentNetwork reference="../../../../../../../../.."/>
                  <source reference="../../../../../../../neuronGroupList/java.util.concurrent.CopyOnWriteArrayList/org.simbrain.network.groups.NeuronGroup/neuronList/java.util.concurrent.CopyOnWriteArrayList/org.simbrain.network.core.Neuron[2]"/>
                  <target reference="../../../../../../../neuronGroupList/java.util.concurrent.CopyOnWriteArrayList/org.simbrain.network.groups.NeuronGroup[2]/neuronList/java.util.concurrent.CopyOnWriteArrayList/org.simbrain.network.core.Neuron[6]"/>
                  <learningRule class="org.simbrain.network.synapse_update_rules.ClampedSynapseRule">
                    <clipped>false</clipped>
                  </learningRule>
                  <id>Synapse_34</id>
                  <strength>1.2542768779944942</strength>
                  <increment>1.0</increment>
                  <upperBound>10.0</upperBound>
                  <lowerBound>-10.0</lowerBound>
                  <delay>0</delay>
                  <parentGroup class="org.simbrain.network.groups.SynapseGroup" reference="../../../.."/>
                  <sendWeightedInput>true</sendWeightedInput>
                </org.simbrain.network.core.Synapse>
                <org.simbrain.network.core.Synapse>
                  <parentNetwork reference="../../../../../../../../.."/>
                  <source reference="../../../../../../../neuronGroupList/java.util.concurrent.CopyOnWriteArrayList/org.simbrain.network.groups.NeuronGroup/neuronList/java.util.concurrent.CopyOnWriteArrayList/org.simbrain.network.core.Neuron[2]"/>
                  <target reference="../../../../../../../neuronGroupList/java.util.concurrent.CopyOnWriteArrayList/org.simbrain.network.groups.NeuronGroup[2]/neuronList/java.util.concurrent.CopyOnWriteArrayList/org.simbrain.network.core.Neuron[7]"/>
                  <learningRule class="org.simbrain.network.synapse_update_rules.ClampedSynapseRule">
                    <clipped>false</clipped>
                  </learningRule>
                  <id>Synapse_35</id>
                  <strength>-1.2955759539476919</strength>
                  <increment>1.0</increment>
                  <upperBound>10.0</upperBound>
                  <lowerBound>-10.0</lowerBound>
                  <delay>0</delay>
                  <parentGroup class="org.simbrain.network.groups.SynapseGroup" reference="../../../.."/>
                  <sendWeightedInput>true</sendWeightedInput>
                </org.simbrain.network.core.Synapse>
                <org.simbrain.network.core.Synapse>
                  <parentNetwork reference="../../../../../../../../.."/>
                  <source reference="../../../../../../../neuronGroupList/java.util.concurrent.CopyOnWriteArrayList/org.simbrain.network.groups.NeuronGroup/neuronList/java.util.concurrent.CopyOnWriteArrayList/org.simbrain.network.core.Neuron[3]"/>
                  <target reference="../../../../../../../neuronGroupList/java.util.concurrent.CopyOnWriteArrayList/org.simbrain.network.groups.NeuronGroup[2]/neuronList/java.util.concurrent.CopyOnWriteArrayList/org.simbrain.network.core.Neuron"/>
                  <learningRule class="org.simbrain.network.synapse_update_rules.ClampedSynapseRule">
                    <clipped>false</clipped>
                  </learningRule>
                  <id>Synapse_36</id>
                  <strength>-0.9735287491747576</strength>
                  <increment>1.0</increment>
                  <upperBound>10.0</upperBound>
                  <lowerBound>-10.0</lowerBound>
                  <delay>0</delay>
                  <parentGroup class="org.simbrain.network.groups.SynapseGroup" reference="../../../.."/>
                  <sendWeightedInput>true</sendWeightedInput>
                </org.simbrain.network.core.Synapse>
                <org.simbrain.network.core.Synapse>
                  <parentNetwork reference="../../../../../../../../.."/>
                  <source reference="../../../../../../../neuronGroupList/java.util.concurrent.CopyOnWriteArrayList/org.simbrain.network.groups.NeuronGroup/neuronList/java.util.concurrent.CopyOnWriteArrayList/org.simbrain.network.core.Neuron[3]"/>
                  <target reference="../../../../../../../neuronGroupList/java.util.concurrent.CopyOnWriteArrayList/org.simbrain.network.groups.NeuronGroup[2]/neuronList/java.util.concurrent.CopyOnWriteArrayList/org.simbrain.network.core.Neuron[2]"/>
                  <learningRule class="org.simbrain.network.synapse_update_rules.ClampedSynapseRule">
                    <clipped>false</clipped>
                  </learningRule>
                  <id>Synapse_37</id>
                  <strength>1.4820976317689807</strength>
                  <increment>1.0</increment>
                  <upperBound>10.0</upperBound>
                  <lowerBound>-10.0</lowerBound>
                  <delay>0</delay>
                  <parentGroup class="org.simbrain.network.groups.SynapseGroup" reference="../../../.."/>
                  <sendWeightedInput>true</sendWeightedInput>
                </org.simbrain.network.core.Synapse>
                <org.simbrain.network.core.Synapse>
                  <parentNetwork reference="../../../../../../../../.."/>
                  <source reference="../../../../../../../neuronGroupList/java.util.concurrent.CopyOnWriteArrayList/org.simbrain.network.groups.NeuronGroup/neuronList/java.util.concurrent.CopyOnWriteArrayList/org.simbrain.network.core.Neuron[3]"/>
                  <target reference="../../../../../../../neuronGroupList/java.util.concurrent.CopyOnWriteArrayList/org.simbrain.network.groups.NeuronGroup[2]/neuronList/java.util.concurrent.CopyOnWriteArrayList/org.simbrain.network.core.Neuron[3]"/>
                  <learningRule class="org.simbrain.network.synapse_update_rules.ClampedSynapseRule">
                    <clipped>false</clipped>
                  </learningRule>
                  <id>Synapse_38</id>
                  <strength>-0.004677944572803923</strength>
                  <increment>1.0</increment>
                  <upperBound>10.0</upperBound>
                  <lowerBound>-10.0</lowerBound>
                  <delay>0</delay>
                  <parentGroup class="org.simbrain.network.groups.SynapseGroup" reference="../../../.."/>
                  <sendWeightedInput>true</sendWeightedInput>
                </org.simbrain.network.core.Synapse>
                <org.simbrain.network.core.Synapse>
                  <parentNetwork reference="../../../../../../../../.."/>
                  <source reference="../../../../../../../neuronGroupList/java.util.concurrent.CopyOnWriteArrayList/org.simbrain.network.groups.NeuronGroup/neuronList/java.util.concurrent.CopyOnWriteArrayList/org.simbrain.network.core.Neuron[3]"/>
                  <target reference="../../../../../../../neuronGroupList/java.util.concurrent.CopyOnWriteArrayList/org.simbrain.network.groups.NeuronGroup[2]/neuronList/java.util.concurrent.CopyOnWriteArrayList/org.simbrain.network.core.Neuron[4]"/>
                  <learningRule class="org.simbrain.network.synapse_update_rules.ClampedSynapseRule">
                    <clipped>false</clipped>
                  </learningRule>
                  <id>Synapse_39</id>
                  <strength>1.8571423813362276</strength>
                  <increment>1.0</increment>
                  <upperBound>10.0</upperBound>
                  <lowerBound>-10.0</lowerBound>
                  <delay>0</delay>
                  <parentGroup class="org.simbrain.network.groups.SynapseGroup" reference="../../../.."/>
                  <sendWeightedInput>true</sendWeightedInput>
                </org.simbrain.network.core.Synapse>
                <org.simbrain.network.core.Synapse>
                  <parentNetwork reference="../../../../../../../../.."/>
                  <source reference="../../../../../../../neuronGroupList/java.util.concurrent.CopyOnWriteArrayList/org.simbrain.network.groups.NeuronGroup/neuronList/java.util.concurrent.CopyOnWriteArrayList/org.simbrain.network.core.Neuron[3]"/>
                  <target reference="../../../../../../../neuronGroupList/java.util.concurrent.CopyOnWriteArrayList/org.simbrain.network.groups.NeuronGroup[2]/neuronList/java.util.concurrent.CopyOnWriteArrayList/org.simbrain.network.core.Neuron[5]"/>
                  <learningRule class="org.simbrain.network.synapse_update_rules.ClampedSynapseRule">
                    <clipped>false</clipped>
                  </learningRule>
                  <id>Synapse_40</id>
                  <strength>3.007202736276579</strength>
                  <increment>1.0</increment>
                  <upperBound>10.0</upperBound>
                  <lowerBound>-10.0</lowerBound>
                  <delay>0</delay>
                  <parentGroup class="org.simbrain.network.groups.SynapseGroup" reference="../../../.."/>
                  <sendWeightedInput>true</sendWeightedInput>
                </org.simbrain.network.core.Synapse>
                <org.simbrain.network.core.Synapse>
                  <parentNetwork reference="../../../../../../../../.."/>
                  <source reference="../../../../../../../neuronGroupList/java.util.concurrent.CopyOnWriteArrayList/org.simbrain.network.groups.NeuronGroup/neuronList/java.util.concurrent.CopyOnWriteArrayList/org.simbrain.network.core.Neuron[3]"/>
                  <target reference="../../../../../../../neuronGroupList/java.util.concurrent.CopyOnWriteArrayList/org.simbrain.network.groups.NeuronGroup[2]/neuronList/java.util.concurrent.CopyOnWriteArrayList/org.simbrain.network.core.Neuron[6]"/>
                  <learningRule class="org.simbrain.network.synapse_update_rules.ClampedSynapseRule">
                    <clipped>false</clipped>
                  </learningRule>
                  <id>Synapse_41</id>
                  <strength>-3.5037077527010108</strength>
                  <increment>1.0</increment>
                  <upperBound>10.0</upperBound>
                  <lowerBound>-10.0</lowerBound>
                  <delay>0</delay>
                  <parentGroup class="org.simbrain.network.groups.SynapseGroup" reference="../../../.."/>
                  <sendWeightedInput>true</sendWeightedInput>
                </org.simbrain.network.core.Synapse>
                <org.simbrain.network.core.Synapse>
                  <parentNetwork reference="../../../../../../../../.."/>
                  <source reference="../../../../../../../neuronGroupList/java.util.concurrent.CopyOnWriteArrayList/org.simbrain.network.groups.NeuronGroup/neuronList/java.util.concurrent.CopyOnWriteArrayList/org.simbrain.network.core.Neuron[3]"/>
                  <target reference="../../../../../../../neuronGroupList/java.util.concurrent.CopyOnWriteArrayList/org.simbrain.network.groups.NeuronGroup[2]/neuronList/java.util.concurrent.CopyOnWriteArrayList/org.simbrain.network.core.Neuron[7]"/>
                  <learningRule class="org.simbrain.network.synapse_update_rules.ClampedSynapseRule">
                    <clipped>false</clipped>
                  </learningRule>
                  <id>Synapse_42</id>
                  <strength>0.41596206229108673</strength>
                  <increment>1.0</increment>
                  <upperBound>10.0</upperBound>
                  <lowerBound>-10.0</lowerBound>
                  <delay>0</delay>
                  <parentGroup class="org.simbrain.network.groups.SynapseGroup" reference="../../../.."/>
                  <sendWeightedInput>true</sendWeightedInput>
                </org.simbrain.network.core.Synapse>
              </java.util.concurrent.CopyOnWriteArrayList>
            </synapseList>
          </org.simbrain.network.groups.SynapseGroup>
          <org.simbrain.network.groups.SynapseGroup>
            <parentNetwork reference="../../../../../.."/>
            <id>Group_6</id>
            <label>Weights 2 &gt; 3</label>
            <deleteWhenEmpty>false</deleteWhenEmpty>
            <markedForDeletion>false</markedForDeletion>
            <parentGroup class="org.simbrain.network.subnetworks.BackpropNetwork" reference="../../../.."/>
            <synapseList class="java.util.concurrent.CopyOnWriteArrayList" serialization="custom">
              <java.util.concurrent.CopyOnWriteArrayList>
                <default/>
                <int>21</int>
                <org.simbrain.network.core.Synapse>
                  <parentNetwork reference="../../../../../../../../.."/>
                  <source reference="../../../../../../../neuronGroupList/java.util.concurrent.CopyOnWriteArrayList/org.simbrain.network.groups.NeuronGroup[2]/neuronList/java.util.concurrent.CopyOnWriteArrayList/org.simbrain.network.core.Neuron"/>
                  <target reference="../../../../../../../neuronGroupList/java.util.concurrent.CopyOnWriteArrayList/org.simbrain.network.groups.NeuronGroup[3]/neuronList/java.util.concurrent.CopyOnWriteArrayList/org.simbrain.network.core.Neuron"/>
                  <learningRule class="org.simbrain.network.synapse_update_rules.ClampedSynapseRule">
                    <clipped>false</clipped>
                  </learningRule>
                  <id>Synapse_64</id>
                  <strength>-0.28003511066437375</strength>
                  <increment>1.0</increment>
                  <upperBound>10.0</upperBound>
                  <lowerBound>-10.0</lowerBound>
                  <delay>0</delay>
                  <parentGroup class="org.simbrain.network.groups.SynapseGroup" reference="../../../.."/>
                  <sendWeightedInput>true</sendWeightedInput>
                </org.simbrain.network.core.Synapse>
                <org.simbrain.network.core.Synapse>
                  <parentNetwork reference="../../../../../../../../.."/>
                  <source reference="../../../../../../../neuronGroupList/java.util.concurrent.CopyOnWriteArrayList/org.simbrain.network.groups.NeuronGroup[2]/neuronList/java.util.concurrent.CopyOnWriteArrayList/org.simbrain.network.core.Neuron"/>
                  <target reference="../../../../../../../neuronGroupList/java.util.concurrent.CopyOnWriteArrayList/org.simbrain.network.groups.NeuronGroup[3]/neuronList/java.util.concurrent.CopyOnWriteArrayList/org.simbrain.network.core.Neuron[2]"/>
                  <learningRule class="org.simbrain.network.synapse_update_rules.ClampedSynapseRule">
                    <clipped>false</clipped>
                  </learningRule>
                  <id>Synapse_65</id>
                  <strength>-0.685453303559366</strength>
                  <increment>1.0</increment>
                  <upperBound>10.0</upperBound>
                  <lowerBound>-10.0</lowerBound>
                  <delay>0</delay>
                  <parentGroup class="org.simbrain.network.groups.SynapseGroup" reference="../../../.."/>
                  <sendWeightedInput>true</sendWeightedInput>
                </org.simbrain.network.core.Synapse>
                <org.simbrain.network.core.Synapse>
                  <parentNetwork reference="../../../../../../../../.."/>
                  <source reference="../../../../../../../neuronGroupList/java.util.concurrent.CopyOnWriteArrayList/org.simbrain.network.groups.NeuronGroup[2]/neuronList/java.util.concurrent.CopyOnWriteArrayList/org.simbrain.network.core.Neuron"/>
                  <target reference="../../../../../../../neuronGroupList/java.util.concurrent.CopyOnWriteArrayList/org.simbrain.network.groups.NeuronGroup[3]/neuronList/java.util.concurrent.CopyOnWriteArrayList/org.simbrain.network.core.Neuron[3]"/>
                  <learningRule class="org.simbrain.network.synapse_update_rules.ClampedSynapseRule">
                    <clipped>false</clipped>
                  </learningRule>
                  <id>Synapse_66</id>
                  <strength>0.2567084361806593</strength>
                  <increment>1.0</increment>
                  <upperBound>10.0</upperBound>
                  <lowerBound>-10.0</lowerBound>
                  <delay>0</delay>
                  <parentGroup class="org.simbrain.network.groups.SynapseGroup" reference="../../../.."/>
                  <sendWeightedInput>true</sendWeightedInput>
                </org.simbrain.network.core.Synapse>
                <org.simbrain.network.core.Synapse>
                  <parentNetwork reference="../../../../../../../../.."/>
                  <source reference="../../../../../../../neuronGroupList/java.util.concurrent.CopyOnWriteArrayList/org.simbrain.network.groups.NeuronGroup[2]/neuronList/java.util.concurrent.CopyOnWriteArrayList/org.simbrain.network.core.Neuron[2]"/>
                  <target reference="../../../../../../../neuronGroupList/java.util.concurrent.CopyOnWriteArrayList/org.simbrain.network.groups.NeuronGroup[3]/neuronList/java.util.concurrent.CopyOnWriteArrayList/org.simbrain.network.core.Neuron"/>
                  <learningRule class="org.simbrain.network.synapse_update_rules.ClampedSynapseRule">
                    <clipped>false</clipped>
                  </learningRule>
                  <id>Synapse_67</id>
                  <strength>1.2190021628383587</strength>
                  <increment>1.0</increment>
                  <upperBound>10.0</upperBound>
                  <lowerBound>-10.0</lowerBound>
                  <delay>0</delay>
                  <parentGroup class="org.simbrain.network.groups.SynapseGroup" reference="../../../.."/>
                  <sendWeightedInput>true</sendWeightedInput>
                </org.simbrain.network.core.Synapse>
                <org.simbrain.network.core.Synapse>
                  <parentNetwork reference="../../../../../../../../.."/>
                  <source reference="../../../../../../../neuronGroupList/java.util.concurrent.CopyOnWriteArrayList/org.simbrain.network.groups.NeuronGroup[2]/neuronList/java.util.concurrent.CopyOnWriteArrayList/org.simbrain.network.core.Neuron[2]"/>
                  <target reference="../../../../../../../neuronGroupList/java.util.concurrent.CopyOnWriteArrayList/org.simbrain.network.groups.NeuronGroup[3]/neuronList/java.util.concurrent.CopyOnWriteArrayList/org.simbrain.network.core.Neuron[2]"/>
                  <learningRule class="org.simbrain.network.synapse_update_rules.ClampedSynapseRule">
                    <clipped>false</clipped>
                  </learningRule>
                  <id>Synapse_68</id>
                  <strength>3.1427633201924454</strength>
                  <increment>1.0</increment>
                  <upperBound>10.0</upperBound>
                  <lowerBound>-10.0</lowerBound>
                  <delay>0</delay>
                  <parentGroup class="org.simbrain.network.groups.SynapseGroup" reference="../../../.."/>
                  <sendWeightedInput>true</sendWeightedInput>
                </org.simbrain.network.core.Synapse>
                <org.simbrain.network.core.Synapse>
                  <parentNetwork reference="../../../../../../../../.."/>
                  <source reference="../../../../../../../neuronGroupList/java.util.concurrent.CopyOnWriteArrayList/org.simbrain.network.groups.NeuronGroup[2]/neuronList/java.util.concurrent.CopyOnWriteArrayList/org.simbrain.network.core.Neuron[2]"/>
                  <target reference="../../../../../../../neuronGroupList/java.util.concurrent.CopyOnWriteArrayList/org.simbrain.network.groups.NeuronGroup[3]/neuronList/java.util.concurrent.CopyOnWriteArrayList/org.simbrain.network.core.Neuron[3]"/>
                  <learningRule class="org.simbrain.network.synapse_update_rules.ClampedSynapseRule">
                    <clipped>false</clipped>
                  </learningRule>
                  <id>Synapse_69</id>
                  <strength>-1.6206806970570047</strength>
                  <increment>1.0</increment>
                  <upperBound>10.0</upperBound>
                  <lowerBound>-10.0</lowerBound>
                  <delay>0</delay>
                  <parentGroup class="org.simbrain.network.groups.SynapseGroup" reference="../../../.."/>
                  <sendWeightedInput>true</sendWeightedInput>
                </org.simbrain.network.core.Synapse>
                <org.simbrain.network.core.Synapse>
                  <parentNetwork reference="../../../../../../../../.."/>
                  <source reference="../../../../../../../neuronGroupList/java.util.concurrent.CopyOnWriteArrayList/org.simbrain.network.groups.NeuronGroup[2]/neuronList/java.util.concurrent.CopyOnWriteArrayList/org.simbrain.network.core.Neuron[3]"/>
                  <target reference="../../../../../../../neuronGroupList/java.util.concurrent.CopyOnWriteArrayList/org.simbrain.network.groups.NeuronGroup[3]/neuronList/java.util.concurrent.CopyOnWriteArrayList/org.simbrain.network.core.Neuron"/>
                  <learningRule class="org.simbrain.network.synapse_update_rules.ClampedSynapseRule">
                    <clipped>false</clipped>
                  </learningRule>
                  <id>Synapse_70</id>
                  <strength>-1.0870045684549448</strength>
                  <increment>1.0</increment>
                  <upperBound>10.0</upperBound>
                  <lowerBound>-10.0</lowerBound>
                  <delay>0</delay>
                  <parentGroup class="org.simbrain.network.groups.SynapseGroup" reference="../../../.."/>
                  <sendWeightedInput>true</sendWeightedInput>
                </org.simbrain.network.core.Synapse>
                <org.simbrain.network.core.Synapse>
                  <parentNetwork reference="../../../../../../../../.."/>
                  <source reference="../../../../../../../neuronGroupList/java.util.concurrent.CopyOnWriteArrayList/org.simbrain.network.groups.NeuronGroup[2]/neuronList/java.util.concurrent.CopyOnWriteArrayList/org.simbrain.network.core.Neuron[3]"/>
                  <target reference="../../../../../../../neuronGroupList/java.util.concurrent.CopyOnWriteArrayList/org.simbrain.network.groups.NeuronGroup[3]/neuronList/java.util.concurrent.CopyOnWriteArrayList/org.simbrain.network.core.Neuron[2]"/>
                  <learningRule class="org.simbrain.network.synapse_update_rules.ClampedSynapseRule">
                    <clipped>false</clipped>
                  </learningRule>
                  <id>Synapse_71</id>
                  <strength>1.4281276131807283</strength>
                  <increment>1.0</increment>
                  <upperBound>10.0</upperBound>
                  <lowerBound>-10.0</lowerBound>
                  <delay>0</delay>
                  <parentGroup class="org.simbrain.network.groups.SynapseGroup" reference="../../../.."/>
                  <sendWeightedInput>true</sendWeightedInput>
                </org.simbrain.network.core.Synapse>
                <org.simbrain.network.core.Synapse>
                  <parentNetwork reference="../../../../../../../../.."/>
                  <source reference="../../../../../../../neuronGroupList/java.util.concurrent.CopyOnWriteArrayList/org.simbrain.network.groups.NeuronGroup[2]/neuronList/java.util.concurrent.CopyOnWriteArrayList/org.simbrain.network.core.Neuron[3]"/>
                  <target reference="../../../../../../../neuronGroupList/java.util.concurrent.CopyOnWriteArrayList/org.simbrain.network.groups.NeuronGroup[3]/neuronList/java.util.concurrent.CopyOnWriteArrayList/org.simbrain.network.core.Neuron[3]"/>
                  <learningRule class="org.simbrain.network.synapse_update_rules.ClampedSynapseRule">
                    <clipped>false</clipped>
                  </learningRule>
                  <id>Synapse_72</id>
                  <strength>-3.677954964734329</strength>
                  <increment>1.0</increment>
                  <upperBound>10.0</upperBound>
                  <lowerBound>-10.0</lowerBound>
                  <delay>0</delay>
                  <parentGroup class="org.simbrain.network.groups.SynapseGroup" reference="../../../.."/>
                  <sendWeightedInput>true</sendWeightedInput>
                </org.simbrain.network.core.Synapse>
                <org.simbrain.network.core.Synapse>
                  <parentNetwork reference="../../../../../../../../.."/>
                  <source reference="../../../../../../../neuronGroupList/java.util.concurrent.CopyOnWriteArrayList/org.simbrain.network.groups.NeuronGroup[2]/neuronList/java.util.concurrent.CopyOnWriteArrayList/org.simbrain.network.core.Neuron[4]"/>
                  <target reference="../../../../../../../neuronGroupList/java.util.concurrent.CopyOnWriteArrayList/org.simbrain.network.groups.NeuronGroup[3]/neuronList/java.util.concurrent.CopyOnWriteArrayList/org.simbrain.network.core.Neuron"/>
                  <learningRule class="org.simbrain.network.synapse_update_rules.ClampedSynapseRule">
                    <clipped>false</clipped>
                  </learningRule>
                  <id>Synapse_73</id>
                  <strength>1.691430255424772</strength>
                  <increment>1.0</increment>
                  <upperBound>10.0</upperBound>
                  <lowerBound>-10.0</lowerBound>
                  <delay>0</delay>
                  <parentGroup class="org.simbrain.network.groups.SynapseGroup" reference="../../../.."/>
                  <sendWeightedInput>true</sendWeightedInput>
                </org.simbrain.network.core.Synapse>
                <org.simbrain.network.core.Synapse>
                  <parentNetwork reference="../../../../../../../../.."/>
                  <source reference="../../../../../../../neuronGroupList/java.util.concurrent.CopyOnWriteArrayList/org.simbrain.network.groups.NeuronGroup[2]/neuronList/java.util.concurrent.CopyOnWriteArrayList/org.simbrain.network.core.Neuron[4]"/>
                  <target reference="../../../../../../../neuronGroupList/java.util.concurrent.CopyOnWriteArrayList/org.simbrain.network.groups.NeuronGroup[3]/neuronList/java.util.concurrent.CopyOnWriteArrayList/org.simbrain.network.core.Neuron[2]"/>
                  <learningRule class="org.simbrain.network.synapse_update_rules.ClampedSynapseRule">
                    <clipped>false</clipped>
                  </learningRule>
                  <id>Synapse_74</id>
                  <strength>-3.2986372545929816</strength>
                  <increment>1.0</increment>
                  <upperBound>10.0</upperBound>
                  <lowerBound>-10.0</lowerBound>
                  <delay>0</delay>
                  <parentGroup class="org.simbrain.network.groups.SynapseGroup" reference="../../../.."/>
                  <sendWeightedInput>true</sendWeightedInput>
                </org.simbrain.network.core.Synapse>
                <org.simbrain.network.core.Synapse>
                  <parentNetwork reference="../../../../../../../../.."/>
                  <source reference="../../../../../../../neuronGroupList/java.util.concurrent.CopyOnWriteArrayList/org.simbrain.network.groups.NeuronGroup[2]/neuronList/java.util.concurrent.CopyOnWriteArrayList/org.simbrain.network.core.Neuron[4]"/>
                  <target reference="../../../../../../../neuronGroupList/java.util.concurrent.CopyOnWriteArrayList/org.simbrain.network.groups.NeuronGroup[3]/neuronList/java.util.concurrent.CopyOnWriteArrayList/org.simbrain.network.core.Neuron[3]"/>
                  <learningRule class="org.simbrain.network.synapse_update_rules.ClampedSynapseRule">
                    <clipped>false</clipped>
                  </learningRule>
                  <id>Synapse_75</id>
                  <strength>2.0692729881980623</strength>
                  <increment>1.0</increment>
                  <upperBound>10.0</upperBound>
                  <lowerBound>-10.0</lowerBound>
                  <delay>0</delay>
                  <parentGroup class="org.simbrain.network.groups.SynapseGroup" reference="../../../.."/>
                  <sendWeightedInput>true</sendWeightedInput>
                </org.simbrain.network.core.Synapse>
                <org.simbrain.network.core.Synapse>
                  <parentNetwork reference="../../../../../../../../.."/>
                  <source reference="../../../../../../../neuronGroupList/java.util.concurrent.CopyOnWriteArrayList/org.simbrain.network.groups.NeuronGroup[2]/neuronList/java.util.concurrent.CopyOnWriteArrayList/org.simbrain.network.core.Neuron[5]"/>
                  <target reference="../../../../../../../neuronGroupList/java.util.concurrent.CopyOnWriteArrayList/org.simbrain.network.groups.NeuronGroup[3]/neuronList/java.util.concurrent.CopyOnWriteArrayList/org.simbrain.network.core.Neuron"/>
                  <learningRule class="org.simbrain.network.synapse_update_rules.ClampedSynapseRule">
                    <clipped>false</clipped>
                  </learningRule>
                  <id>Synapse_76</id>
                  <strength>3.0513171469616847</strength>
                  <increment>1.0</increment>
                  <upperBound>10.0</upperBound>
                  <lowerBound>-10.0</lowerBound>
                  <delay>0</delay>
                  <parentGroup class="org.simbrain.network.groups.SynapseGroup" reference="../../../.."/>
                  <sendWeightedInput>true</sendWeightedInput>
                </org.simbrain.network.core.Synapse>
                <org.simbrain.network.core.Synapse>
                  <parentNetwork reference="../../../../../../../../.."/>
                  <source reference="../../../../../../../neuronGroupList/java.util.concurrent.CopyOnWriteArrayList/org.simbrain.network.groups.NeuronGroup[2]/neuronList/java.util.concurrent.CopyOnWriteArrayList/org.simbrain.network.core.Neuron[5]"/>
                  <target reference="../../../../../../../neuronGroupList/java.util.concurrent.CopyOnWriteArrayList/org.simbrain.network.groups.NeuronGroup[3]/neuronList/java.util.concurrent.CopyOnWriteArrayList/org.simbrain.network.core.Neuron[2]"/>
                  <learningRule class="org.simbrain.network.synapse_update_rules.ClampedSynapseRule">
                    <clipped>false</clipped>
                  </learningRule>
                  <id>Synapse_77</id>
                  <strength>-0.5702585530057186</strength>
                  <increment>1.0</increment>
                  <upperBound>10.0</upperBound>
                  <lowerBound>-10.0</lowerBound>
                  <delay>0</delay>
                  <parentGroup class="org.simbrain.network.groups.SynapseGroup" reference="../../../.."/>
                  <sendWeightedInput>true</sendWeightedInput>
                </org.simbrain.network.core.Synapse>
                <org.simbrain.network.core.Synapse>
                  <parentNetwork reference="../../../../../../../../.."/>
                  <source reference="../../../../../../../neuronGroupList/java.util.concurrent.CopyOnWriteArrayList/org.simbrain.network.groups.NeuronGroup[2]/neuronList/java.util.concurrent.CopyOnWriteArrayList/org.simbrain.network.core.Neuron[5]"/>
                  <target reference="../../../../../../../neuronGroupList/java.util.concurrent.CopyOnWriteArrayList/org.simbrain.network.groups.NeuronGroup[3]/neuronList/java.util.concurrent.CopyOnWriteArrayList/org.simbrain.network.core.Neuron[3]"/>
                  <learningRule class="org.simbrain.network.synapse_update_rules.ClampedSynapseRule">
                    <clipped>false</clipped>
                  </learningRule>
                  <id>Synapse_78</id>
                  <strength>-2.9235268651979647</strength>
                  <increment>1.0</increment>
                  <upperBound>10.0</upperBound>
                  <lowerBound>-10.0</lowerBound>
                  <delay>0</delay>
                  <parentGroup class="org.simbrain.network.groups.SynapseGroup" reference="../../../.."/>
                  <sendWeightedInput>true</sendWeightedInput>
                </org.simbrain.network.core.Synapse>
                <org.simbrain.network.core.Synapse>
                  <parentNetwork reference="../../../../../../../../.."/>
                  <source reference="../../../../../../../neuronGroupList/java.util.concurrent.CopyOnWriteArrayList/org.simbrain.network.groups.NeuronGroup[2]/neuronList/java.util.concurrent.CopyOnWriteArrayList/org.simbrain.network.core.Neuron[6]"/>
                  <target reference="../../../../../../../neuronGroupList/java.util.concurrent.CopyOnWriteArrayList/org.simbrain.network.groups.NeuronGroup[3]/neuronList/java.util.concurrent.CopyOnWriteArrayList/org.simbrain.network.core.Neuron"/>
                  <learningRule class="org.simbrain.network.synapse_update_rules.ClampedSynapseRule">
                    <clipped>false</clipped>
                  </learningRule>
                  <id>Synapse_79</id>
                  <strength>-4.332081698250753</strength>
                  <increment>1.0</increment>
                  <upperBound>10.0</upperBound>
                  <lowerBound>-10.0</lowerBound>
                  <delay>0</delay>
                  <parentGroup class="org.simbrain.network.groups.SynapseGroup" reference="../../../.."/>
                  <sendWeightedInput>true</sendWeightedInput>
                </org.simbrain.network.core.Synapse>
                <org.simbrain.network.core.Synapse>
                  <parentNetwork reference="../../../../../../../../.."/>
                  <source reference="../../../../../../../neuronGroupList/java.util.concurrent.CopyOnWriteArrayList/org.simbrain.network.groups.NeuronGroup[2]/neuronList/java.util.concurrent.CopyOnWriteArrayList/org.simbrain.network.core.Neuron[6]"/>
                  <target reference="../../../../../../../neuronGroupList/java.util.concurrent.CopyOnWriteArrayList/org.simbrain.network.groups.NeuronGroup[3]/neuronList/java.util.concurrent.CopyOnWriteArrayList/org.simbrain.network.core.Neuron[2]"/>
                  <learningRule class="org.simbrain.network.synapse_update_rules.ClampedSynapseRule">
                    <clipped>false</clipped>
                  </learningRule>
                  <id>Synapse_80</id>
                  <strength>0.8571977529758024</strength>
                  <increment>1.0</increment>
                  <upperBound>10.0</upperBound>
                  <lowerBound>-10.0</lowerBound>
                  <delay>0</delay>
                  <parentGroup class="org.simbrain.network.groups.SynapseGroup" reference="../../../.."/>
                  <sendWeightedInput>true</sendWeightedInput>
                </org.simbrain.network.core.Synapse>
                <org.simbrain.network.core.Synapse>
                  <parentNetwork reference="../../../../../../../../.."/>
                  <source reference="../../../../../../../neuronGroupList/java.util.concurrent.CopyOnWriteArrayList/org.simbrain.network.groups.NeuronGroup[2]/neuronList/java.util.concurrent.CopyOnWriteArrayList/org.simbrain.network.core.Neuron[6]"/>
                  <target reference="../../../../../../../neuronGroupList/java.util.concurrent.CopyOnWriteArrayList/org.simbrain.network.groups.NeuronGroup[3]/neuronList/java.util.concurrent.CopyOnWriteArrayList/org.simbrain.network.core.Neuron[3]"/>
                  <learningRule class="org.simbrain.network.synapse_update_rules.ClampedSynapseRule">
                    <clipped>false</clipped>
                  </learningRule>
                  <id>Synapse_81</id>
                  <strength>1.3924046530661742</strength>
                  <increment>1.0</increment>
                  <upperBound>10.0</upperBound>
                  <lowerBound>-10.0</lowerBound>
                  <delay>0</delay>
                  <parentGroup class="org.simbrain.network.groups.SynapseGroup" reference="../../../.."/>
                  <sendWeightedInput>true</sendWeightedInput>
                </org.simbrain.network.core.Synapse>
                <org.simbrain.network.core.Synapse>
                  <parentNetwork reference="../../../../../../../../.."/>
                  <source reference="../../../../../../../neuronGroupList/java.util.concurrent.CopyOnWriteArrayList/org.simbrain.network.groups.NeuronGroup[2]/neuronList/java.util.concurrent.CopyOnWriteArrayList/org.simbrain.network.core.Neuron[7]"/>
                  <target reference="../../../../../../../neuronGroupList/java.util.concurrent.CopyOnWriteArrayList/org.simbrain.network.groups.NeuronGroup[3]/neuronList/java.util.concurrent.CopyOnWriteArrayList/org.simbrain.network.core.Neuron"/>
                  <learningRule class="org.simbrain.network.synapse_update_rules.ClampedSynapseRule">
                    <clipped>false</clipped>
                  </learningRule>
                  <id>Synapse_82</id>
                  <strength>0.34910885263425045</strength>
                  <increment>1.0</increment>
                  <upperBound>10.0</upperBound>
                  <lowerBound>-10.0</lowerBound>
                  <delay>0</delay>
                  <parentGroup class="org.simbrain.network.groups.SynapseGroup" reference="../../../.."/>
                  <sendWeightedInput>true</sendWeightedInput>
                </org.simbrain.network.core.Synapse>
                <org.simbrain.network.core.Synapse>
                  <parentNetwork reference="../../../../../../../../.."/>
                  <source reference="../../../../../../../neuronGroupList/java.util.concurrent.CopyOnWriteArrayList/org.simbrain.network.groups.NeuronGroup[2]/neuronList/java.util.concurrent.CopyOnWriteArrayList/org.simbrain.network.core.Neuron[7]"/>
                  <target reference="../../../../../../../neuronGroupList/java.util.concurrent.CopyOnWriteArrayList/org.simbrain.network.groups.NeuronGroup[3]/neuronList/java.util.concurrent.CopyOnWriteArrayList/org.simbrain.network.core.Neuron[2]"/>
                  <learningRule class="org.simbrain.network.synapse_update_rules.ClampedSynapseRule">
                    <clipped>false</clipped>
                  </learningRule>
                  <id>Synapse_83</id>
                  <strength>-3.29912459975786</strength>
                  <increment>1.0</increment>
                  <upperBound>10.0</upperBound>
                  <lowerBound>-10.0</lowerBound>
                  <delay>0</delay>
                  <parentGroup class="org.simbrain.network.groups.SynapseGroup" reference="../../../.."/>
                  <sendWeightedInput>true</sendWeightedInput>
                </org.simbrain.network.core.Synapse>
                <org.simbrain.network.core.Synapse>
                  <parentNetwork reference="../../../../../../../../.."/>
                  <source reference="../../../../../../../neuronGroupList/java.util.concurrent.CopyOnWriteArrayList/org.simbrain.network.groups.NeuronGroup[2]/neuronList/java.util.concurrent.CopyOnWriteArrayList/org.simbrain.network.core.Neuron[7]"/>
                  <target reference="../../../../../../../neuronGroupList/java.util.concurrent.CopyOnWriteArrayList/org.simbrain.network.groups.NeuronGroup[3]/neuronList/java.util.concurrent.CopyOnWriteArrayList/org.simbrain.network.core.Neuron[3]"/>
                  <learningRule class="org.simbrain.network.synapse_update_rules.ClampedSynapseRule">
                    <clipped>false</clipped>
                  </learningRule>
                  <id>Synapse_84</id>
                  <strength>-1.6157647970333815</strength>
                  <increment>1.0</increment>
                  <upperBound>10.0</upperBound>
                  <lowerBound>-10.0</lowerBound>
                  <delay>0</delay>
                  <parentGroup class="org.simbrain.network.groups.SynapseGroup" reference="../../../.."/>
                  <sendWeightedInput>true</sendWeightedInput>
                </org.simbrain.network.core.Synapse>
              </java.util.concurrent.CopyOnWriteArrayList>
            </synapseList>
          </org.simbrain.network.groups.SynapseGroup>
        </java.util.concurrent.CopyOnWriteArrayList>
      </synapseGroupList>
      <betweenLayerInterval>100</betweenLayerInterval>
      <betweenNeuronInterval>50</betweenNeuronInterval>
      <initialPosition class="java.awt.geom.Point2D$Double">
        <x>143.0</x>
        <y>65.0</y>
      </initialPosition>
      <inputData>
        <double-array>
          <double>0.2</double>
          <double>0.4</double>
          <double>1.0</double>
        </double-array>
        <double-array>
          <double>1.0</double>
          <double>0.4</double>
          <double>0.2</double>
        </double-array>
        <double-array>
          <double>0.4</double>
          <double>1.0</double>
          <double>0.2</double>
        </double-array>
        <double-array>
          <double>0.0</double>
          <double>0.0</double>
          <double>0.0</double>
        </double-array>
      </inputData>
      <trainingData>
        <double-array>
          <double>1.0</double>
          <double>0.0</double>
          <double>0.0</double>
        </double-array>
        <double-array>
          <double>0.0</double>
          <double>1.0</double>
          <double>0.0</double>
        </double-array>
        <double-array>
          <double>0.0</double>
          <double>0.0</double>
          <double>1.0</double>
        </double-array>
        <double-array>
          <double>0.0</double>
          <double>0.0</double>
          <double>0.0</double>
        </double-array>
      </trainingData>
    </org.simbrain.network.subnetworks.BackpropNetwork>
  </groupList>
  <textList/>
  <updateManager>
    <actionList>
      <org.simbrain.network.update__actions.BufferedUpdate>
        <network reference="../../../.."/>
      </org.simbrain.network.update__actions.BufferedUpdate>
      <org.simbrain.network.update__actions.UpdateGroup>
        <group class="org.simbrain.network.subnetworks.BackpropNetwork" reference="../../../../groupList/org.simbrain.network.subnetworks.BackpropNetwork"/>
      </org.simbrain.network.update__actions.UpdateGroup>
    </actionList>
    <availableActionList>
      <org.simbrain.network.update__actions.PriorityUpdate>
        <network reference="../../../.."/>
      </org.simbrain.network.update__actions.PriorityUpdate>
    </availableActionList>
    <network reference="../.."/>
  </updateManager>
  <synapseRouter>
    <routingMap>
      <entry>
        <org.simbrain.network.util.SynapseRouter_-NeuronGroupPair>
          <sourceNeuronGroup reference="../../../../../groupList/org.simbrain.network.subnetworks.BackpropNetwork/neuronGroupList/java.util.concurrent.CopyOnWriteArrayList/org.simbrain.network.groups.NeuronGroup"/>
          <targetNeuronGroup reference="../../../../../groupList/org.simbrain.network.subnetworks.BackpropNetwork/neuronGroupList/java.util.concurrent.CopyOnWriteArrayList/org.simbrain.network.groups.NeuronGroup[2]"/>
          <outer-class reference="../../../.."/>
        </org.simbrain.network.util.SynapseRouter_-NeuronGroupPair>
        <org.simbrain.network.groups.SynapseGroup reference="../../../../groupList/org.simbrain.network.subnetworks.BackpropNetwork/synapseGroupList/java.util.concurrent.CopyOnWriteArrayList/org.simbrain.network.groups.SynapseGroup"/>
      </entry>
      <entry>
        <org.simbrain.network.util.SynapseRouter_-NeuronGroupPair>
          <sourceNeuronGroup reference="../../../../../groupList/org.simbrain.network.subnetworks.BackpropNetwork/neuronGroupList/java.util.concurrent.CopyOnWriteArrayList/org.simbrain.network.groups.NeuronGroup[2]"/>
          <targetNeuronGroup reference="../../../../../groupList/org.simbrain.network.subnetworks.BackpropNetwork/neuronGroupList/java.util.concurrent.CopyOnWriteArrayList/org.simbrain.network.groups.NeuronGroup[3]"/>
          <outer-class reference="../../../.."/>
        </org.simbrain.network.util.SynapseRouter_-NeuronGroupPair>
        <org.simbrain.network.groups.SynapseGroup reference="../../../../groupList/org.simbrain.network.subnetworks.BackpropNetwork/synapseGroupList/java.util.concurrent.CopyOnWriteArrayList/org.simbrain.network.groups.SynapseGroup[2]"/>
      </entry>
    </routingMap>
    <incomingUnified/>
    <outgoingUnified/>
    <autoRouting>false</autoRouting>
  </synapseRouter>
  <time>0.0</time>
  <timeStep>0.01</timeStep>
  <timeType>DISCRETE</timeType>
  <clampWeights>false</clampWeights>
  <clampNeurons>false</clampNeurons>
  <prioritySortedNeuronList/>
  <priorityComparator>
    <outer-class reference="../.."/>
  </priorityComparator>
  <neuronIdGenerator>
    <rootName>Neuron</rootName>
    <index>14</index>
  </neuronIdGenerator>
  <synapseIdGenerator>
    <rootName>Synapse</rootName>
    <index>85</index>
  </synapseIdGenerator>
  <groupIdGenerator>
    <rootName>Group</rootName>
    <index>7</index>
  </groupIdGenerator>
  <roundOffActivationValues>false</roundOffActivationValues>
  <precision>0</precision>
</org.simbrain.network.core.Network>