<org.simbrain.network.core.Network>
  <neuronList/>
  <synapseList class="linked-hash-set"/>
  <groupList>
    <org.simbrain.network.subnetworks.BackpropNetwork>
      <parentNetwork reference="../../.."/>
      <id>Group_1</id>
      <label>Backprop</label>
      <stateInfo></stateInfo>
      <markedForDeletion>false</markedForDeletion>
      <neuronGroupList class="java.util.concurrent.CopyOnWriteArrayList" serialization="custom">
        <java.util.concurrent.CopyOnWriteArrayList>
          <default/>
          <int>3</int>
          <org.simbrain.network.groups.NeuronGroup>
            <parentNetwork reference="../../../../../.."/>
            <label>Layer 1</label>
            <stateInfo></stateInfo>
            <markedForDeletion>false</markedForDeletion>
            <parentGroup class="org.simbrain.network.subnetworks.BackpropNetwork" reference="../../../.."/>
            <isSpikingNeuronGroup>false</isSpikingNeuronGroup>
            <neuronList class="java.util.concurrent.CopyOnWriteArrayList" serialization="custom">
              <java.util.concurrent.CopyOnWriteArrayList>
                <default/>
                <int>3</int>
                <org.simbrain.network.core.Neuron>
                  <updateRule class="org.simbrain.network.neuron_update_rules.LinearRule">
                    <inputType>WEIGHTED</inputType>
                    <increment>0.1</increment>
                    <slope>1.0</slope>
                    <bias>0.0</bias>
                    <noiseGenerator>
                      <pdf>UNIFORM</pdf>
                      <param1>0.0</param1>
                      <param2>1.0</param2>
                      <upperBound>1.0</upperBound>
                      <lowerBound>0.0</lowerBound>
                      <clipping>false</clipping>
                    </noiseGenerator>
                    <addNoise>false</addNoise>
                    <clipping>true</clipping>
                    <upperBound>1.0</upperBound>
                    <lowerBound>-1.0</lowerBound>
                  </updateRule>
                  <id>Neuron_1</id>
                  <label></label>
                  <activation>0.0</activation>
                  <spike>false</spike>
                  <buffer>0.0</buffer>
                  <spkBuffer>false</spkBuffer>
                  <inputValue>0.0</inputValue>
                  <parent reference="../../../../../../../../.."/>
                  <x>0.0</x>
                  <y>0.0</y>
                  <z>0.0</z>
                  <clamped>false</clamped>
                  <polarity>BOTH</polarity>
                  <targetValue>0.0</targetValue>
                  <parentGroup class="org.simbrain.network.groups.NeuronGroup" reference="../../../.."/>
                  <updatePriority>0</updatePriority>
                  <auxValue>0.0</auxValue>
                </org.simbrain.network.core.Neuron>
                <org.simbrain.network.core.Neuron>
                  <updateRule class="org.simbrain.network.neuron_update_rules.LinearRule">
                    <inputType>WEIGHTED</inputType>
                    <increment>0.1</increment>
                    <slope>1.0</slope>
                    <bias>0.0</bias>
                    <noiseGenerator>
                      <pdf>UNIFORM</pdf>
                      <param1>0.0</param1>
                      <param2>1.0</param2>
                      <upperBound>1.0</upperBound>
                      <lowerBound>0.0</lowerBound>
                      <clipping>false</clipping>
                    </noiseGenerator>
                    <addNoise>false</addNoise>
                    <clipping>true</clipping>
                    <upperBound>1.0</upperBound>
                    <lowerBound>-1.0</lowerBound>
                  </updateRule>
                  <id>Neuron_2</id>
                  <label></label>
                  <activation>0.0</activation>
                  <spike>false</spike>
                  <buffer>0.0</buffer>
                  <spkBuffer>false</spkBuffer>
                  <inputValue>0.0</inputValue>
                  <parent reference="../../../../../../../../.."/>
                  <x>51.231073288690474</x>
                  <y>1.2310732886904763</y>
                  <z>0.0</z>
                  <clamped>false</clamped>
                  <polarity>BOTH</polarity>
                  <targetValue>0.0</targetValue>
                  <parentGroup class="org.simbrain.network.groups.NeuronGroup" reference="../../../.."/>
                  <updatePriority>0</updatePriority>
                  <auxValue>0.0</auxValue>
                </org.simbrain.network.core.Neuron>
                <org.simbrain.network.core.Neuron>
                  <updateRule class="org.simbrain.network.neuron_update_rules.LinearRule">
                    <inputType>WEIGHTED</inputType>
                    <increment>0.1</increment>
                    <slope>1.0</slope>
                    <bias>0.0</bias>
                    <noiseGenerator>
                      <pdf>UNIFORM</pdf>
                      <param1>0.0</param1>
                      <param2>1.0</param2>
                      <upperBound>1.0</upperBound>
                      <lowerBound>0.0</lowerBound>
                      <clipping>false</clipping>
                    </noiseGenerator>
                    <addNoise>false</addNoise>
                    <clipping>true</clipping>
                    <upperBound>1.0</upperBound>
                    <lowerBound>-1.0</lowerBound>
                  </updateRule>
                  <id>Neuron_3</id>
                  <label></label>
                  <activation>0.0</activation>
                  <spike>false</spike>
                  <buffer>0.0</buffer>
                  <spkBuffer>false</spkBuffer>
                  <inputValue>0.0</inputValue>
                  <parent reference="../../../../../../../../.."/>
                  <x>100.0</x>
                  <y>0.0</y>
                  <z>0.0</z>
                  <clamped>false</clamped>
                  <polarity>BOTH</polarity>
                  <targetValue>0.0</targetValue>
                  <parentGroup class="org.simbrain.network.groups.NeuronGroup" reference="../../../.."/>
                  <updatePriority>0</updatePriority>
                  <auxValue>0.0</auxValue>
                </org.simbrain.network.core.Neuron>
              </java.util.concurrent.CopyOnWriteArrayList>
            </neuronList>
            <layout class="org.simbrain.network.layouts.LineLayout">
              <orientation>HORIZONTAL</orientation>
              <spacing>50.0</spacing>
              <initialX>0.0</initialX>
              <initialY>0.0</initialY>
            </layout>
            <incomingSgs/>
            <outgoingSgs>
              <org.simbrain.network.groups.SynapseGroup>
                <parentNetwork reference="../../../../../../../.."/>
                <label>Weights: 1 → 2</label>
                <stateInfo></stateInfo>
                <markedForDeletion>false</markedForDeletion>
                <parentGroup class="org.simbrain.network.subnetworks.BackpropNetwork" reference="../../../../../.."/>
                <sourceNeuronGroup reference="../../.."/>
                <targetNeuronGroup>
                  <parentNetwork reference="../../../../../../../../.."/>
                  <label>Layer 2</label>
                  <stateInfo></stateInfo>
                  <markedForDeletion>false</markedForDeletion>
                  <parentGroup class="org.simbrain.network.subnetworks.BackpropNetwork" reference="../../../../../../.."/>
                  <isSpikingNeuronGroup>false</isSpikingNeuronGroup>
                  <neuronList class="java.util.concurrent.CopyOnWriteArrayList" serialization="custom">
                    <java.util.concurrent.CopyOnWriteArrayList>
                      <default/>
                      <int>5</int>
                      <org.simbrain.network.core.Neuron>
                        <updateRule class="org.simbrain.network.neuron_update_rules.SigmoidalRule">
                          <inputType>WEIGHTED</inputType>
                          <increment>0.1</increment>
                          <sFunction>LOGISTIC</sFunction>
                          <bias>0.615934676600461</bias>
                          <slope>1.0</slope>
                          <noiseGenerator>
                            <pdf>UNIFORM</pdf>
                            <param1>0.0</param1>
                            <param2>1.0</param2>
                            <upperBound>1.0</upperBound>
                            <lowerBound>0.0</lowerBound>
                            <clipping>false</clipping>
                          </noiseGenerator>
                          <addNoise>false</addNoise>
                          <upperBound>1.0</upperBound>
                          <lowerBound>0.0</lowerBound>
                        </updateRule>
                        <id>Neuron_4</id>
                        <label></label>
                        <activation>0.649293390527984</activation>
                        <spike>false</spike>
                        <buffer>0.649293390527984</buffer>
                        <spkBuffer>false</spkBuffer>
                        <inputValue>0.0</inputValue>
                        <parent reference="../../../../../../../../../../../.."/>
                        <x>-50.0</x>
                        <y>-150.0</y>
                        <z>0.0</z>
                        <clamped>false</clamped>
                        <polarity>BOTH</polarity>
                        <targetValue>0.0</targetValue>
                        <parentGroup class="org.simbrain.network.groups.NeuronGroup" reference="../../../.."/>
                        <updatePriority>1</updatePriority>
                        <auxValue>0.0</auxValue>
                      </org.simbrain.network.core.Neuron>
                      <org.simbrain.network.core.Neuron>
                        <updateRule class="org.simbrain.network.neuron_update_rules.SigmoidalRule">
                          <inputType>WEIGHTED</inputType>
                          <increment>0.1</increment>
                          <sFunction>LOGISTIC</sFunction>
                          <bias>0.20404605426462966</bias>
                          <slope>1.0</slope>
                          <noiseGenerator>
                            <pdf>UNIFORM</pdf>
                            <param1>0.0</param1>
                            <param2>1.0</param2>
                            <upperBound>1.0</upperBound>
                            <lowerBound>0.0</lowerBound>
                            <clipping>false</clipping>
                          </noiseGenerator>
                          <addNoise>false</addNoise>
                          <upperBound>1.0</upperBound>
                          <lowerBound>0.0</lowerBound>
                        </updateRule>
                        <id>Neuron_5</id>
                        <label></label>
                        <activation>0.550835259545568</activation>
                        <spike>false</spike>
                        <buffer>0.550835259545568</buffer>
                        <spkBuffer>false</spkBuffer>
                        <inputValue>0.0</inputValue>
                        <parent reference="../../../../../../../../../../../.."/>
                        <x>0.0</x>
                        <y>-150.0</y>
                        <z>0.0</z>
                        <clamped>false</clamped>
                        <polarity>BOTH</polarity>
                        <targetValue>0.0</targetValue>
                        <parentGroup class="org.simbrain.network.groups.NeuronGroup" reference="../../../.."/>
                        <updatePriority>1</updatePriority>
                        <auxValue>0.0</auxValue>
                      </org.simbrain.network.core.Neuron>
                      <org.simbrain.network.core.Neuron>
                        <updateRule class="org.simbrain.network.neuron_update_rules.SigmoidalRule">
                          <inputType>WEIGHTED</inputType>
                          <increment>0.1</increment>
                          <sFunction>LOGISTIC</sFunction>
                          <bias>0.4088321193408702</bias>
                          <slope>1.0</slope>
                          <noiseGenerator>
                            <pdf>UNIFORM</pdf>
                            <param1>0.0</param1>
                            <param2>1.0</param2>
                            <upperBound>1.0</upperBound>
                            <lowerBound>0.0</lowerBound>
                            <clipping>false</clipping>
                          </noiseGenerator>
                          <addNoise>false</addNoise>
                          <upperBound>1.0</upperBound>
                          <lowerBound>0.0</lowerBound>
                        </updateRule>
                        <id>Neuron_6</id>
                        <label></label>
                        <activation>0.6008078099421721</activation>
                        <spike>false</spike>
                        <buffer>0.6008078099421721</buffer>
                        <spkBuffer>false</spkBuffer>
                        <inputValue>0.0</inputValue>
                        <parent reference="../../../../../../../../../../../.."/>
                        <x>50.0</x>
                        <y>-150.0</y>
                        <z>0.0</z>
                        <clamped>false</clamped>
                        <polarity>BOTH</polarity>
                        <targetValue>0.0</targetValue>
                        <parentGroup class="org.simbrain.network.groups.NeuronGroup" reference="../../../.."/>
                        <updatePriority>1</updatePriority>
                        <auxValue>0.0</auxValue>
                      </org.simbrain.network.core.Neuron>
                      <org.simbrain.network.core.Neuron>
                        <updateRule class="org.simbrain.network.neuron_update_rules.SigmoidalRule">
                          <inputType>WEIGHTED</inputType>
                          <increment>0.1</increment>
                          <sFunction>LOGISTIC</sFunction>
                          <bias>0.3741914110561628</bias>
                          <slope>1.0</slope>
                          <noiseGenerator>
                            <pdf>UNIFORM</pdf>
                            <param1>0.0</param1>
                            <param2>1.0</param2>
                            <upperBound>1.0</upperBound>
                            <lowerBound>0.0</lowerBound>
                            <clipping>false</clipping>
                          </noiseGenerator>
                          <addNoise>false</addNoise>
                          <upperBound>1.0</upperBound>
                          <lowerBound>0.0</lowerBound>
                        </updateRule>
                        <id>Neuron_7</id>
                        <label></label>
                        <activation>0.5924713815342957</activation>
                        <spike>false</spike>
                        <buffer>0.5924713815342957</buffer>
                        <spkBuffer>false</spkBuffer>
                        <inputValue>0.0</inputValue>
                        <parent reference="../../../../../../../../../../../.."/>
                        <x>100.0</x>
                        <y>-150.0</y>
                        <z>0.0</z>
                        <clamped>false</clamped>
                        <polarity>BOTH</polarity>
                        <targetValue>0.0</targetValue>
                        <parentGroup class="org.simbrain.network.groups.NeuronGroup" reference="../../../.."/>
                        <updatePriority>1</updatePriority>
                        <auxValue>0.0</auxValue>
                      </org.simbrain.network.core.Neuron>
                      <org.simbrain.network.core.Neuron>
                        <updateRule class="org.simbrain.network.neuron_update_rules.SigmoidalRule">
                          <inputType>WEIGHTED</inputType>
                          <increment>0.1</increment>
                          <sFunction>LOGISTIC</sFunction>
                          <bias>0.36123619784586397</bias>
                          <slope>1.0</slope>
                          <noiseGenerator>
                            <pdf>UNIFORM</pdf>
                            <param1>0.0</param1>
                            <param2>1.0</param2>
                            <upperBound>1.0</upperBound>
                            <lowerBound>0.0</lowerBound>
                            <clipping>false</clipping>
                          </noiseGenerator>
                          <addNoise>false</addNoise>
                          <upperBound>1.0</upperBound>
                          <lowerBound>0.0</lowerBound>
                        </updateRule>
                        <id>Neuron_8</id>
                        <label></label>
                        <activation>0.5893396497244829</activation>
                        <spike>false</spike>
                        <buffer>0.5893396497244829</buffer>
                        <spkBuffer>false</spkBuffer>
                        <inputValue>0.0</inputValue>
                        <parent reference="../../../../../../../../../../../.."/>
                        <x>150.0</x>
                        <y>-150.0</y>
                        <z>0.0</z>
                        <clamped>false</clamped>
                        <polarity>BOTH</polarity>
                        <targetValue>0.0</targetValue>
                        <parentGroup class="org.simbrain.network.groups.NeuronGroup" reference="../../../.."/>
                        <updatePriority>1</updatePriority>
                        <auxValue>0.0</auxValue>
                      </org.simbrain.network.core.Neuron>
                    </java.util.concurrent.CopyOnWriteArrayList>
                  </neuronList>
                  <layout class="org.simbrain.network.layouts.LineLayout">
                    <orientation>HORIZONTAL</orientation>
                    <spacing>50.0</spacing>
                    <initialX>0.0</initialX>
                    <initialY>0.0</initialY>
                  </layout>
                  <incomingSgs>
                    <org.simbrain.network.groups.SynapseGroup reference="../../.."/>
                  </incomingSgs>
                  <outgoingSgs>
                    <org.simbrain.network.groups.SynapseGroup>
                      <parentNetwork reference="../../../../../../../../../../.."/>
                      <label>Weights: 2 → 3</label>
                      <stateInfo></stateInfo>
                      <markedForDeletion>false</markedForDeletion>
                      <parentGroup class="org.simbrain.network.subnetworks.BackpropNetwork" reference="../../../../../../../../.."/>
                      <sourceNeuronGroup reference="../../.."/>
                      <targetNeuronGroup>
                        <parentNetwork reference="../../../../../../../../../../../.."/>
                        <label>Layer 3</label>
                        <stateInfo></stateInfo>
                        <markedForDeletion>false</markedForDeletion>
                        <parentGroup class="org.simbrain.network.subnetworks.BackpropNetwork" reference="../../../../../../../../../.."/>
                        <isSpikingNeuronGroup>false</isSpikingNeuronGroup>
                        <neuronList class="java.util.concurrent.CopyOnWriteArrayList" serialization="custom">
                          <java.util.concurrent.CopyOnWriteArrayList>
                            <default/>
                            <int>3</int>
                            <org.simbrain.network.core.Neuron>
                              <updateRule class="org.simbrain.network.neuron_update_rules.SigmoidalRule">
                                <inputType>WEIGHTED</inputType>
                                <increment>0.1</increment>
                                <sFunction>LOGISTIC</sFunction>
                                <bias>-0.1444365469480952</bias>
                                <slope>1.0</slope>
                                <noiseGenerator>
                                  <pdf>UNIFORM</pdf>
                                  <param1>0.0</param1>
                                  <param2>1.0</param2>
                                  <upperBound>1.0</upperBound>
                                  <lowerBound>0.0</lowerBound>
                                  <clipping>false</clipping>
                                </noiseGenerator>
                                <addNoise>false</addNoise>
                                <upperBound>1.0</upperBound>
                                <lowerBound>0.0</lowerBound>
                              </updateRule>
                              <id>Neuron_9</id>
                              <label>Fish</label>
                              <activation>0.005010886104588663</activation>
                              <spike>false</spike>
                              <buffer>0.005010886104588663</buffer>
                              <spkBuffer>false</spkBuffer>
                              <inputValue>0.0</inputValue>
                              <parent reference="../../../../../../../../../../../../../../.."/>
                              <x>0.0</x>
                              <y>-300.0</y>
                              <z>0.0</z>
                              <clamped>false</clamped>
                              <polarity>BOTH</polarity>
                              <targetValue>0.0</targetValue>
                              <parentGroup class="org.simbrain.network.groups.NeuronGroup" reference="../../../.."/>
                              <updatePriority>2</updatePriority>
                              <auxValue>0.0</auxValue>
                            </org.simbrain.network.core.Neuron>
                            <org.simbrain.network.core.Neuron>
                              <updateRule class="org.simbrain.network.neuron_update_rules.SigmoidalRule">
                                <inputType>WEIGHTED</inputType>
                                <increment>0.1</increment>
                                <sFunction>LOGISTIC</sFunction>
                                <bias>-0.3912393607146126</bias>
                                <slope>1.0</slope>
                                <noiseGenerator>
                                  <pdf>UNIFORM</pdf>
                                  <param1>0.0</param1>
                                  <param2>1.0</param2>
                                  <upperBound>1.0</upperBound>
                                  <lowerBound>0.0</lowerBound>
                                  <clipping>false</clipping>
                                </noiseGenerator>
                                <addNoise>false</addNoise>
                                <upperBound>1.0</upperBound>
                                <lowerBound>0.0</lowerBound>
                              </updateRule>
                              <id>Neuron_10</id>
                              <label>Gouda</label>
                              <activation>0.004204806244253293</activation>
                              <spike>false</spike>
                              <buffer>0.004204806244253293</buffer>
                              <spkBuffer>false</spkBuffer>
                              <inputValue>0.0</inputValue>
                              <parent reference="../../../../../../../../../../../../../../.."/>
                              <x>50.0</x>
                              <y>-300.0</y>
                              <z>0.0</z>
                              <clamped>false</clamped>
                              <polarity>BOTH</polarity>
                              <targetValue>0.0</targetValue>
                              <parentGroup class="org.simbrain.network.groups.NeuronGroup" reference="../../../.."/>
                              <updatePriority>2</updatePriority>
                              <auxValue>0.0</auxValue>
                            </org.simbrain.network.core.Neuron>
                            <org.simbrain.network.core.Neuron>
                              <updateRule class="org.simbrain.network.neuron_update_rules.SigmoidalRule">
                                <inputType>WEIGHTED</inputType>
                                <increment>0.1</increment>
                                <sFunction>LOGISTIC</sFunction>
                                <bias>-0.10570319413578845</bias>
                                <slope>1.0</slope>
                                <noiseGenerator>
                                  <pdf>UNIFORM</pdf>
                                  <param1>0.0</param1>
                                  <param2>1.0</param2>
                                  <upperBound>1.0</upperBound>
                                  <lowerBound>0.0</lowerBound>
                                  <clipping>false</clipping>
                                </noiseGenerator>
                                <addNoise>false</addNoise>
                                <upperBound>1.0</upperBound>
                                <lowerBound>0.0</lowerBound>
                              </updateRule>
                              <id>Neuron_11</id>
                              <label>Blue</label>
                              <activation>0.004791950610298738</activation>
                              <spike>false</spike>
                              <buffer>0.004791950610298738</buffer>
                              <spkBuffer>false</spkBuffer>
                              <inputValue>0.0</inputValue>
                              <parent reference="../../../../../../../../../../../../../../.."/>
                              <x>100.0</x>
                              <y>-300.0</y>
                              <z>0.0</z>
                              <clamped>false</clamped>
                              <polarity>BOTH</polarity>
                              <targetValue>0.0</targetValue>
                              <parentGroup class="org.simbrain.network.groups.NeuronGroup" reference="../../../.."/>
                              <updatePriority>2</updatePriority>
                              <auxValue>0.0</auxValue>
                            </org.simbrain.network.core.Neuron>
                          </java.util.concurrent.CopyOnWriteArrayList>
                        </neuronList>
                        <layout class="org.simbrain.network.layouts.LineLayout">
                          <orientation>HORIZONTAL</orientation>
                          <spacing>50.0</spacing>
                          <initialX>0.0</initialX>
                          <initialY>0.0</initialY>
                        </layout>
                        <incomingSgs>
                          <org.simbrain.network.groups.SynapseGroup reference="../../.."/>
                        </incomingSgs>
                        <outgoingSgs/>
                        <gridThreshold>30</gridThreshold>
                        <betweenNeuronInterval>50</betweenNeuronInterval>
                        <recordAsSpikes>false</recordAsSpikes>
                        <recording>false</recording>
                        <inputMode>false</inputMode>
                        <inputIndex>0</inputIndex>
                        <writeCounter>0</writeCounter>
                        <fileNum>0</fileNum>
                      </targetNeuronGroup>
                      <connectionManager class="org.simbrain.network.connections.AllToAll">
                        <selfConnectionAllowed>false</selfConnectionAllowed>
                      </connectionManager>
                      <excitatoryRatio>0.3333333333333333</excitatoryRatio>
                      <excitatoryPrototype>
                        <learningRule class="org.simbrain.network.synapse_update_rules.StaticSynapseRule">
                          <clipped>false</clipped>
                        </learningRule>
                        <spikeResponder class="org.simbrain.network.synapse_update_rules.spikeresponders.JumpAndDecay">
                          <value>0.0</value>
                          <jumpHeight>1.0</jumpHeight>
                          <baseLine>0.0</baseLine>
                          <timeConstant>3.0</timeConstant>
                        </spikeResponder>
                        <id></id>
                        <strength>0.0</strength>
                        <psr>0.0</psr>
                        <increment>1.0</increment>
                        <upperBound>10.0</upperBound>
                        <lowerBound>-10.0</lowerBound>
                        <delay>0</delay>
                        <enabled>true</enabled>
                        <frozen>false</frozen>
                        <dlyPtr>0</dlyPtr>
                        <dlyVal>0.0</dlyVal>
                        <isTemplate>false</isTemplate>
                      </excitatoryPrototype>
                      <inhibitoryPrototype>
                        <learningRule class="org.simbrain.network.synapse_update_rules.StaticSynapseRule">
                          <clipped>false</clipped>
                        </learningRule>
                        <spikeResponder class="org.simbrain.network.synapse_update_rules.spikeresponders.JumpAndDecay">
                          <value>0.0</value>
                          <jumpHeight>1.0</jumpHeight>
                          <baseLine>0.0</baseLine>
                          <timeConstant>3.0</timeConstant>
                        </spikeResponder>
                        <id></id>
                        <strength>0.0</strength>
                        <psr>0.0</psr>
                        <increment>1.0</increment>
                        <upperBound>10.0</upperBound>
                        <lowerBound>-10.0</lowerBound>
                        <delay>0</delay>
                        <enabled>true</enabled>
                        <frozen>false</frozen>
                        <dlyPtr>0</dlyPtr>
                        <dlyVal>0.0</dlyVal>
                        <isTemplate>false</isTemplate>
                      </inhibitoryPrototype>
                      <exciteRand>
                        <pdf>UNIFORM</pdf>
                        <param1>0.0</param1>
                        <param2>1.0</param2>
                        <upperBound>1.0</upperBound>
                        <lowerBound>0.0</lowerBound>
                        <clipping>false</clipping>
                        <polarity>EXCITATORY</polarity>
                      </exciteRand>
                      <inhibRand>
                        <pdf>UNIFORM</pdf>
                        <param1>0.0</param1>
                        <param2>1.0</param2>
                        <upperBound>1.0</upperBound>
                        <lowerBound>0.0</lowerBound>
                        <clipping>false</clipping>
                        <polarity>INHIBITORY</polarity>
                      </inhibRand>
                      <displaySynapses>true</displaySynapses>
                      <recurrent>false</recurrent>
                      <inStatic>true</inStatic>
                      <exStatic>true</exStatic>
                      <useGroupLevelSettings>true</useGroupLevelSettings>
                      <compressedMatrixRep>AAAADwABAv////8AAQL/////AAEC/////wABAv////8AAQJALEOowKVq9sCPKIPAyNDEwJytyEDn
dwDAmqRNQA9oCsA3tSDAlzBnQKFBA8CoB4NAdfqfwLYkasAgGvc=</compressedMatrixRep>
                      <useFullRepOnSave>false</useFullRepOnSave>
                    </org.simbrain.network.groups.SynapseGroup>
                  </outgoingSgs>
                  <gridThreshold>30</gridThreshold>
                  <betweenNeuronInterval>50</betweenNeuronInterval>
                  <recordAsSpikes>false</recordAsSpikes>
                  <recording>false</recording>
                  <inputMode>false</inputMode>
                  <inputIndex>0</inputIndex>
                  <writeCounter>0</writeCounter>
                  <fileNum>0</fileNum>
                </targetNeuronGroup>
                <connectionManager class="org.simbrain.network.connections.AllToAll">
                  <selfConnectionAllowed>false</selfConnectionAllowed>
                </connectionManager>
                <excitatoryRatio>0.3333333333333333</excitatoryRatio>
                <excitatoryPrototype>
                  <learningRule class="org.simbrain.network.synapse_update_rules.StaticSynapseRule">
                    <clipped>false</clipped>
                  </learningRule>
                  <spikeResponder class="org.simbrain.network.synapse_update_rules.spikeresponders.JumpAndDecay">
                    <value>0.0</value>
                    <jumpHeight>1.0</jumpHeight>
                    <baseLine>0.0</baseLine>
                    <timeConstant>3.0</timeConstant>
                  </spikeResponder>
                  <id></id>
                  <strength>0.0</strength>
                  <psr>0.0</psr>
                  <increment>1.0</increment>
                  <upperBound>10.0</upperBound>
                  <lowerBound>-10.0</lowerBound>
                  <delay>0</delay>
                  <enabled>true</enabled>
                  <frozen>false</frozen>
                  <dlyPtr>0</dlyPtr>
                  <dlyVal>0.0</dlyVal>
                  <isTemplate>false</isTemplate>
                </excitatoryPrototype>
                <inhibitoryPrototype>
                  <learningRule class="org.simbrain.network.synapse_update_rules.StaticSynapseRule">
                    <clipped>false</clipped>
                  </learningRule>
                  <spikeResponder class="org.simbrain.network.synapse_update_rules.spikeresponders.JumpAndDecay">
                    <value>0.0</value>
                    <jumpHeight>1.0</jumpHeight>
                    <baseLine>0.0</baseLine>
                    <timeConstant>3.0</timeConstant>
                  </spikeResponder>
                  <id></id>
                  <strength>0.0</strength>
                  <psr>0.0</psr>
                  <increment>1.0</increment>
                  <upperBound>10.0</upperBound>
                  <lowerBound>-10.0</lowerBound>
                  <delay>0</delay>
                  <enabled>true</enabled>
                  <frozen>false</frozen>
                  <dlyPtr>0</dlyPtr>
                  <dlyVal>0.0</dlyVal>
                  <isTemplate>false</isTemplate>
                </inhibitoryPrototype>
                <exciteRand reference="../targetNeuronGroup/outgoingSgs/org.simbrain.network.groups.SynapseGroup/exciteRand"/>
                <inhibRand reference="../targetNeuronGroup/outgoingSgs/org.simbrain.network.groups.SynapseGroup/inhibRand"/>
                <displaySynapses>true</displaySynapses>
                <recurrent>false</recurrent>
                <inStatic>true</inStatic>
                <exStatic>true</exStatic>
                <useGroupLevelSettings>true</useGroupLevelSettings>
                <compressedMatrixRep>AAAADwABAgME/////wABAgME/////wABAgMEwEkT1cBNvC5ALhgQQI/ZOMBq0v3ADPbpQJ6QNMAn
4nvAiK6Kv4bwCEBUzKPAkg+bwC7l58AXyd1AX17E</compressedMatrixRep>
                <useFullRepOnSave>false</useFullRepOnSave>
              </org.simbrain.network.groups.SynapseGroup>
            </outgoingSgs>
            <gridThreshold>30</gridThreshold>
            <betweenNeuronInterval>50</betweenNeuronInterval>
            <recordAsSpikes>false</recordAsSpikes>
            <recording>false</recording>
            <inputMode>false</inputMode>
            <inputIndex>0</inputIndex>
            <writeCounter>0</writeCounter>
            <fileNum>0</fileNum>
          </org.simbrain.network.groups.NeuronGroup>
          <org.simbrain.network.groups.NeuronGroup reference="../org.simbrain.network.groups.NeuronGroup/outgoingSgs/org.simbrain.network.groups.SynapseGroup/targetNeuronGroup"/>
          <org.simbrain.network.groups.NeuronGroup reference="../org.simbrain.network.groups.NeuronGroup/outgoingSgs/org.simbrain.network.groups.SynapseGroup/targetNeuronGroup/outgoingSgs/org.simbrain.network.groups.SynapseGroup/targetNeuronGroup"/>
        </java.util.concurrent.CopyOnWriteArrayList>
      </neuronGroupList>
      <synapseGroupList class="java.util.concurrent.CopyOnWriteArrayList" serialization="custom">
        <java.util.concurrent.CopyOnWriteArrayList>
          <default/>
          <int>2</int>
          <org.simbrain.network.groups.SynapseGroup reference="../../../neuronGroupList/java.util.concurrent.CopyOnWriteArrayList/org.simbrain.network.groups.NeuronGroup/outgoingSgs/org.simbrain.network.groups.SynapseGroup"/>
          <org.simbrain.network.groups.SynapseGroup reference="../../../neuronGroupList/java.util.concurrent.CopyOnWriteArrayList/org.simbrain.network.groups.NeuronGroup/outgoingSgs/org.simbrain.network.groups.SynapseGroup/targetNeuronGroup/outgoingSgs/org.simbrain.network.groups.SynapseGroup"/>
        </java.util.concurrent.CopyOnWriteArrayList>
      </synapseGroupList>
      <displayNeuronGroups>true</displayNeuronGroups>
      <numMembers>41</numMembers>
      <betweenLayerInterval>150</betweenLayerInterval>
      <trainingSet>
        <inputData>
          <double-array>
            <double>0.2</double>
            <double>0.4</double>
            <double>1.0</double>
          </double-array>
          <double-array>
            <double>1.0</double>
            <double>0.4</double>
            <double>0.2</double>
          </double-array>
          <double-array>
            <double>0.4</double>
            <double>1.0</double>
            <double>0.2</double>
          </double-array>
          <double-array>
            <double>0.0</double>
            <double>0.0</double>
            <double>0.0</double>
          </double-array>
        </inputData>
        <targetData>
          <double-array>
            <double>1.0</double>
            <double>0.0</double>
            <double>0.0</double>
          </double-array>
          <double-array>
            <double>0.0</double>
            <double>1.0</double>
            <double>0.0</double>
          </double-array>
          <double-array>
            <double>0.0</double>
            <double>0.0</double>
            <double>1.0</double>
          </double-array>
          <double-array>
            <double>0.0</double>
            <double>0.0</double>
            <double>0.0</double>
          </double-array>
        </targetData>
        <percentValidation>0.25</percentValidation>
      </trainingSet>
    </org.simbrain.network.subnetworks.BackpropNetwork>
  </groupList>
  <textList/>
  <updateManager>
    <actionList class="java.util.concurrent.CopyOnWriteArrayList" serialization="custom">
      <java.util.concurrent.CopyOnWriteArrayList>
        <default/>
        <int>2</int>
        <org.simbrain.network.update__actions.BufferedUpdate>
          <network reference="../../../../.."/>
        </org.simbrain.network.update__actions.BufferedUpdate>
        <org.simbrain.network.update__actions.UpdateGroup>
          <group class="org.simbrain.network.subnetworks.BackpropNetwork" reference="../../../../../groupList/org.simbrain.network.subnetworks.BackpropNetwork"/>
        </org.simbrain.network.update__actions.UpdateGroup>
      </java.util.concurrent.CopyOnWriteArrayList>
    </actionList>
    <network reference="../.."/>
  </updateManager>
  <time>0.0</time>
  <timeStep>0.1</timeStep>
  <timeType>DISCRETE</timeType>
  <prioritySortedNeuronList/>
  <priorityComparator>
    <outer-class reference="../.."/>
  </priorityComparator>
  <neuronIdGenerator>
    <rootName>Neuron</rootName>
    <index>12</index>
  </neuronIdGenerator>
  <synapseIdGenerator>
    <rootName>Synapse</rootName>
    <index>61</index>
  </synapseIdGenerator>
  <groupIdGenerator>
    <rootName>Group</rootName>
    <index>2</index>
  </groupIdGenerator>
  <fireUpdates>true</fireUpdates>
  <name>Network2</name>
</org.simbrain.network.core.Network>