<org.simbrain.network.core.Network>
  <neuronList/>
  <synapseList class="linked-hash-set"/>
  <groupList>
    <org.simbrain.network.subnetworks.BackpropNetwork>
      <parentNetwork reference="../../.."/>
      <id>Group_1</id>
      <label>Backprop</label>
      <stateInfo></stateInfo>
      <markedForDeletion>false</markedForDeletion>
      <neuronGroupList class="java.util.concurrent.CopyOnWriteArrayList" serialization="custom">
        <java.util.concurrent.CopyOnWriteArrayList>
          <default/>
          <int>3</int>
          <org.simbrain.network.groups.NeuronGroup>
            <parentNetwork reference="../../../../../.."/>
            <label>Layer 1</label>
            <stateInfo></stateInfo>
            <markedForDeletion>false</markedForDeletion>
            <parentGroup class="org.simbrain.network.subnetworks.BackpropNetwork" reference="../../../.."/>
            <neuronList class="java.util.concurrent.CopyOnWriteArrayList" serialization="custom">
              <java.util.concurrent.CopyOnWriteArrayList>
                <default/>
                <int>3</int>
                <org.simbrain.network.core.Neuron>
                  <updateRule class="org.simbrain.network.neuron_update_rules.LinearRule">
                    <inputType>WEIGHTED</inputType>
                    <increment>0.1</increment>
                    <slope>1.0</slope>
                    <bias>0.0</bias>
                    <noiseGenerator>
                      <pdf>UNIFORM</pdf>
                      <param1>0.0</param1>
                      <param2>1.0</param2>
                      <upperBound>1.0</upperBound>
                      <lowerBound>0.0</lowerBound>
                      <clipping>false</clipping>
                    </noiseGenerator>
                    <addNoise>false</addNoise>
                    <clipping>true</clipping>
                    <upperBound>1.0</upperBound>
                    <lowerBound>-1.0</lowerBound>
                  </updateRule>
                  <id>Neuron_1</id>
                  <label></label>
                  <activation>0.0</activation>
                  <buffer>0.0</buffer>
                  <inputValue>0.0</inputValue>
                  <parent reference="../../../../../../../../.."/>
                  <generator>false</generator>
                  <x>0.0</x>
                  <y>0.0</y>
                  <z>0.0</z>
                  <clamped>false</clamped>
                  <targetValue>0.0</targetValue>
                  <parentGroup class="org.simbrain.network.groups.NeuronGroup" reference="../../../.."/>
                  <updatePriority>0</updatePriority>
                  <auxValue>0.0</auxValue>
                </org.simbrain.network.core.Neuron>
                <org.simbrain.network.core.Neuron>
                  <updateRule class="org.simbrain.network.neuron_update_rules.LinearRule">
                    <inputType>WEIGHTED</inputType>
                    <increment>0.1</increment>
                    <slope>1.0</slope>
                    <bias>0.0</bias>
                    <noiseGenerator>
                      <pdf>UNIFORM</pdf>
                      <param1>0.0</param1>
                      <param2>1.0</param2>
                      <upperBound>1.0</upperBound>
                      <lowerBound>0.0</lowerBound>
                      <clipping>false</clipping>
                    </noiseGenerator>
                    <addNoise>false</addNoise>
                    <clipping>true</clipping>
                    <upperBound>1.0</upperBound>
                    <lowerBound>-1.0</lowerBound>
                  </updateRule>
                  <id>Neuron_2</id>
                  <label></label>
                  <activation>0.0</activation>
                  <buffer>0.0</buffer>
                  <inputValue>0.0</inputValue>
                  <parent reference="../../../../../../../../.."/>
                  <generator>false</generator>
                  <x>51.231073288690474</x>
                  <y>1.2310732886904763</y>
                  <z>0.0</z>
                  <clamped>false</clamped>
                  <targetValue>0.0</targetValue>
                  <parentGroup class="org.simbrain.network.groups.NeuronGroup" reference="../../../.."/>
                  <updatePriority>0</updatePriority>
                  <auxValue>0.0</auxValue>
                </org.simbrain.network.core.Neuron>
                <org.simbrain.network.core.Neuron>
                  <updateRule class="org.simbrain.network.neuron_update_rules.LinearRule">
                    <inputType>WEIGHTED</inputType>
                    <increment>0.1</increment>
                    <slope>1.0</slope>
                    <bias>0.0</bias>
                    <noiseGenerator>
                      <pdf>UNIFORM</pdf>
                      <param1>0.0</param1>
                      <param2>1.0</param2>
                      <upperBound>1.0</upperBound>
                      <lowerBound>0.0</lowerBound>
                      <clipping>false</clipping>
                    </noiseGenerator>
                    <addNoise>false</addNoise>
                    <clipping>true</clipping>
                    <upperBound>1.0</upperBound>
                    <lowerBound>-1.0</lowerBound>
                  </updateRule>
                  <id>Neuron_3</id>
                  <label></label>
                  <activation>0.0</activation>
                  <buffer>0.0</buffer>
                  <inputValue>0.0</inputValue>
                  <parent reference="../../../../../../../../.."/>
                  <generator>false</generator>
                  <x>100.0</x>
                  <y>0.0</y>
                  <z>0.0</z>
                  <clamped>false</clamped>
                  <targetValue>0.0</targetValue>
                  <parentGroup class="org.simbrain.network.groups.NeuronGroup" reference="../../../.."/>
                  <updatePriority>0</updatePriority>
                  <auxValue>0.0</auxValue>
                </org.simbrain.network.core.Neuron>
              </java.util.concurrent.CopyOnWriteArrayList>
            </neuronList>
            <layout class="org.simbrain.network.layouts.LineLayout">
              <orientation>HORIZONTAL</orientation>
              <spacing>50.0</spacing>
              <initialX>0.0</initialX>
              <initialY>0.0</initialY>
            </layout>
            <incomingSgs/>
            <outgoingSgs>
              <org.simbrain.network.groups.SynapseGroup>
                <parentNetwork reference="../../../../../../../.."/>
                <label>Weights: 1 → 2</label>
                <stateInfo></stateInfo>
                <markedForDeletion>false</markedForDeletion>
                <parentGroup class="org.simbrain.network.subnetworks.BackpropNetwork" reference="../../../../../.."/>
                <exSynapseSet>
                  <org.simbrain.network.core.Synapse>
                    <parentNetwork reference="../../../../../../../../../.."/>
                    <source reference="../../../../../neuronList/java.util.concurrent.CopyOnWriteArrayList/org.simbrain.network.core.Neuron[3]"/>
                    <target>
                      <updateRule class="org.simbrain.network.neuron_update_rules.SigmoidalRule">
                        <inputType>WEIGHTED</inputType>
                        <increment>0.1</increment>
                        <sFunction>LOGISTIC</sFunction>
                        <bias>0.615934676600461</bias>
                        <slope>1.0</slope>
                        <noiseGenerator>
                          <pdf>UNIFORM</pdf>
                          <param1>0.0</param1>
                          <param2>1.0</param2>
                          <upperBound>1.0</upperBound>
                          <lowerBound>0.0</lowerBound>
                          <clipping>false</clipping>
                        </noiseGenerator>
                        <addNoise>false</addNoise>
                        <upperBound>1.0</upperBound>
                        <lowerBound>0.0</lowerBound>
                      </updateRule>
                      <id>Neuron_4</id>
                      <label></label>
                      <activation>0.649293390527984</activation>
                      <buffer>0.649293390527984</buffer>
                      <inputValue>0.0</inputValue>
                      <parent reference="../../../../../../../../../../.."/>
                      <generator>false</generator>
                      <x>-50.0</x>
                      <y>-150.0</y>
                      <z>0.0</z>
                      <clamped>false</clamped>
                      <targetValue>0.0</targetValue>
                      <parentGroup class="org.simbrain.network.groups.NeuronGroup">
                        <parentNetwork reference="../../../../../../../../../../../.."/>
                        <label>Layer 2</label>
                        <stateInfo></stateInfo>
                        <markedForDeletion>false</markedForDeletion>
                        <parentGroup class="org.simbrain.network.subnetworks.BackpropNetwork" reference="../../../../../../../../../.."/>
                        <neuronList class="java.util.concurrent.CopyOnWriteArrayList" serialization="custom">
                          <java.util.concurrent.CopyOnWriteArrayList>
                            <default/>
                            <int>5</int>
                            <org.simbrain.network.core.Neuron reference="../../../.."/>
                            <org.simbrain.network.core.Neuron>
                              <updateRule class="org.simbrain.network.neuron_update_rules.SigmoidalRule">
                                <inputType>WEIGHTED</inputType>
                                <increment>0.1</increment>
                                <sFunction>LOGISTIC</sFunction>
                                <bias>0.20404605426462966</bias>
                                <slope>1.0</slope>
                                <noiseGenerator>
                                  <pdf>UNIFORM</pdf>
                                  <param1>0.0</param1>
                                  <param2>1.0</param2>
                                  <upperBound>1.0</upperBound>
                                  <lowerBound>0.0</lowerBound>
                                  <clipping>false</clipping>
                                </noiseGenerator>
                                <addNoise>false</addNoise>
                                <upperBound>1.0</upperBound>
                                <lowerBound>0.0</lowerBound>
                              </updateRule>
                              <id>Neuron_5</id>
                              <label></label>
                              <activation>0.550835259545568</activation>
                              <buffer>0.550835259545568</buffer>
                              <inputValue>0.0</inputValue>
                              <parent reference="../../../../../../../../../../../../../../.."/>
                              <generator>false</generator>
                              <x>0.0</x>
                              <y>-150.0</y>
                              <z>0.0</z>
                              <clamped>false</clamped>
                              <targetValue>0.0</targetValue>
                              <parentGroup class="org.simbrain.network.groups.NeuronGroup" reference="../../../.."/>
                              <updatePriority>1</updatePriority>
                              <auxValue>0.0</auxValue>
                            </org.simbrain.network.core.Neuron>
                            <org.simbrain.network.core.Neuron>
                              <updateRule class="org.simbrain.network.neuron_update_rules.SigmoidalRule">
                                <inputType>WEIGHTED</inputType>
                                <increment>0.1</increment>
                                <sFunction>LOGISTIC</sFunction>
                                <bias>0.4088321193408702</bias>
                                <slope>1.0</slope>
                                <noiseGenerator>
                                  <pdf>UNIFORM</pdf>
                                  <param1>0.0</param1>
                                  <param2>1.0</param2>
                                  <upperBound>1.0</upperBound>
                                  <lowerBound>0.0</lowerBound>
                                  <clipping>false</clipping>
                                </noiseGenerator>
                                <addNoise>false</addNoise>
                                <upperBound>1.0</upperBound>
                                <lowerBound>0.0</lowerBound>
                              </updateRule>
                              <id>Neuron_6</id>
                              <label></label>
                              <activation>0.6008078099421721</activation>
                              <buffer>0.6008078099421721</buffer>
                              <inputValue>0.0</inputValue>
                              <parent reference="../../../../../../../../../../../../../../.."/>
                              <generator>false</generator>
                              <x>50.0</x>
                              <y>-150.0</y>
                              <z>0.0</z>
                              <clamped>false</clamped>
                              <targetValue>0.0</targetValue>
                              <parentGroup class="org.simbrain.network.groups.NeuronGroup" reference="../../../.."/>
                              <updatePriority>1</updatePriority>
                              <auxValue>0.0</auxValue>
                            </org.simbrain.network.core.Neuron>
                            <org.simbrain.network.core.Neuron>
                              <updateRule class="org.simbrain.network.neuron_update_rules.SigmoidalRule">
                                <inputType>WEIGHTED</inputType>
                                <increment>0.1</increment>
                                <sFunction>LOGISTIC</sFunction>
                                <bias>0.3741914110561628</bias>
                                <slope>1.0</slope>
                                <noiseGenerator>
                                  <pdf>UNIFORM</pdf>
                                  <param1>0.0</param1>
                                  <param2>1.0</param2>
                                  <upperBound>1.0</upperBound>
                                  <lowerBound>0.0</lowerBound>
                                  <clipping>false</clipping>
                                </noiseGenerator>
                                <addNoise>false</addNoise>
                                <upperBound>1.0</upperBound>
                                <lowerBound>0.0</lowerBound>
                              </updateRule>
                              <id>Neuron_7</id>
                              <label></label>
                              <activation>0.5924713815342957</activation>
                              <buffer>0.5924713815342957</buffer>
                              <inputValue>0.0</inputValue>
                              <parent reference="../../../../../../../../../../../../../../.."/>
                              <generator>false</generator>
                              <x>100.0</x>
                              <y>-150.0</y>
                              <z>0.0</z>
                              <clamped>false</clamped>
                              <targetValue>0.0</targetValue>
                              <parentGroup class="org.simbrain.network.groups.NeuronGroup" reference="../../../.."/>
                              <updatePriority>1</updatePriority>
                              <auxValue>0.0</auxValue>
                            </org.simbrain.network.core.Neuron>
                            <org.simbrain.network.core.Neuron>
                              <updateRule class="org.simbrain.network.neuron_update_rules.SigmoidalRule">
                                <inputType>WEIGHTED</inputType>
                                <increment>0.1</increment>
                                <sFunction>LOGISTIC</sFunction>
                                <bias>0.36123619784586397</bias>
                                <slope>1.0</slope>
                                <noiseGenerator>
                                  <pdf>UNIFORM</pdf>
                                  <param1>0.0</param1>
                                  <param2>1.0</param2>
                                  <upperBound>1.0</upperBound>
                                  <lowerBound>0.0</lowerBound>
                                  <clipping>false</clipping>
                                </noiseGenerator>
                                <addNoise>false</addNoise>
                                <upperBound>1.0</upperBound>
                                <lowerBound>0.0</lowerBound>
                              </updateRule>
                              <id>Neuron_8</id>
                              <label></label>
                              <activation>0.5893396497244829</activation>
                              <buffer>0.5893396497244829</buffer>
                              <inputValue>0.0</inputValue>
                              <parent reference="../../../../../../../../../../../../../../.."/>
                              <generator>false</generator>
                              <x>150.0</x>
                              <y>-150.0</y>
                              <z>0.0</z>
                              <clamped>false</clamped>
                              <targetValue>0.0</targetValue>
                              <parentGroup class="org.simbrain.network.groups.NeuronGroup" reference="../../../.."/>
                              <updatePriority>1</updatePriority>
                              <auxValue>0.0</auxValue>
                            </org.simbrain.network.core.Neuron>
                          </java.util.concurrent.CopyOnWriteArrayList>
                        </neuronList>
                        <layout class="org.simbrain.network.layouts.LineLayout">
                          <orientation>HORIZONTAL</orientation>
                          <spacing>50.0</spacing>
                          <initialX>0.0</initialX>
                          <initialY>0.0</initialY>
                        </layout>
                        <incomingSgs>
                          <org.simbrain.network.groups.SynapseGroup reference="../../../../../.."/>
                        </incomingSgs>
                        <outgoingSgs>
                          <org.simbrain.network.groups.SynapseGroup>
                            <parentNetwork reference="../../../../../../../../../../../../../.."/>
                            <label>Weights: 2 → 3</label>
                            <stateInfo></stateInfo>
                            <markedForDeletion>false</markedForDeletion>
                            <parentGroup class="org.simbrain.network.subnetworks.BackpropNetwork" reference="../../../../../../../../../../../.."/>
                            <exSynapseSet>
                              <org.simbrain.network.core.Synapse>
                                <parentNetwork reference="../../../../../../../../../../../../../../../.."/>
                                <source reference="../../../../../neuronList/java.util.concurrent.CopyOnWriteArrayList/org.simbrain.network.core.Neuron[2]"/>
                                <target>
                                  <updateRule class="org.simbrain.network.neuron_update_rules.SigmoidalRule">
                                    <inputType>WEIGHTED</inputType>
                                    <increment>0.1</increment>
                                    <sFunction>LOGISTIC</sFunction>
                                    <bias>-0.10570319413578845</bias>
                                    <slope>1.0</slope>
                                    <noiseGenerator>
                                      <pdf>UNIFORM</pdf>
                                      <param1>0.0</param1>
                                      <param2>1.0</param2>
                                      <upperBound>1.0</upperBound>
                                      <lowerBound>0.0</lowerBound>
                                      <clipping>false</clipping>
                                    </noiseGenerator>
                                    <addNoise>false</addNoise>
                                    <upperBound>1.0</upperBound>
                                    <lowerBound>0.0</lowerBound>
                                  </updateRule>
                                  <id>Neuron_11</id>
                                  <label>Blue</label>
                                  <activation>0.004791950610298738</activation>
                                  <buffer>0.004791950610298738</buffer>
                                  <inputValue>0.0</inputValue>
                                  <parent reference="../../../../../../../../../../../../../../../../.."/>
                                  <generator>false</generator>
                                  <x>100.0</x>
                                  <y>-300.0</y>
                                  <z>0.0</z>
                                  <clamped>false</clamped>
                                  <targetValue>0.0</targetValue>
                                  <parentGroup class="org.simbrain.network.groups.NeuronGroup">
                                    <parentNetwork reference="../../../../../../../../../../../../../../../../../.."/>
                                    <label>Layer 3</label>
                                    <stateInfo></stateInfo>
                                    <markedForDeletion>false</markedForDeletion>
                                    <parentGroup class="org.simbrain.network.subnetworks.BackpropNetwork" reference="../../../../../../../../../../../../../../../.."/>
                                    <neuronList class="java.util.concurrent.CopyOnWriteArrayList" serialization="custom">
                                      <java.util.concurrent.CopyOnWriteArrayList>
                                        <default/>
                                        <int>3</int>
                                        <org.simbrain.network.core.Neuron>
                                          <updateRule class="org.simbrain.network.neuron_update_rules.SigmoidalRule">
                                            <inputType>WEIGHTED</inputType>
                                            <increment>0.1</increment>
                                            <sFunction>LOGISTIC</sFunction>
                                            <bias>-0.1444365469480952</bias>
                                            <slope>1.0</slope>
                                            <noiseGenerator>
                                              <pdf>UNIFORM</pdf>
                                              <param1>0.0</param1>
                                              <param2>1.0</param2>
                                              <upperBound>1.0</upperBound>
                                              <lowerBound>0.0</lowerBound>
                                              <clipping>false</clipping>
                                            </noiseGenerator>
                                            <addNoise>false</addNoise>
                                            <upperBound>1.0</upperBound>
                                            <lowerBound>0.0</lowerBound>
                                          </updateRule>
                                          <id>Neuron_9</id>
                                          <label>Fish</label>
                                          <activation>0.005010886104588663</activation>
                                          <buffer>0.005010886104588663</buffer>
                                          <inputValue>0.0</inputValue>
                                          <parent reference="../../../../../../../../../../../../../../../../../../../../.."/>
                                          <generator>false</generator>
                                          <x>0.0</x>
                                          <y>-300.0</y>
                                          <z>0.0</z>
                                          <clamped>false</clamped>
                                          <targetValue>0.0</targetValue>
                                          <parentGroup class="org.simbrain.network.groups.NeuronGroup" reference="../../../.."/>
                                          <updatePriority>2</updatePriority>
                                          <auxValue>0.0</auxValue>
                                        </org.simbrain.network.core.Neuron>
                                        <org.simbrain.network.core.Neuron>
                                          <updateRule class="org.simbrain.network.neuron_update_rules.SigmoidalRule">
                                            <inputType>WEIGHTED</inputType>
                                            <increment>0.1</increment>
                                            <sFunction>LOGISTIC</sFunction>
                                            <bias>-0.3912393607146126</bias>
                                            <slope>1.0</slope>
                                            <noiseGenerator>
                                              <pdf>UNIFORM</pdf>
                                              <param1>0.0</param1>
                                              <param2>1.0</param2>
                                              <upperBound>1.0</upperBound>
                                              <lowerBound>0.0</lowerBound>
                                              <clipping>false</clipping>
                                            </noiseGenerator>
                                            <addNoise>false</addNoise>
                                            <upperBound>1.0</upperBound>
                                            <lowerBound>0.0</lowerBound>
                                          </updateRule>
                                          <id>Neuron_10</id>
                                          <label>Gouda</label>
                                          <activation>0.004204806244253293</activation>
                                          <buffer>0.004204806244253293</buffer>
                                          <inputValue>0.0</inputValue>
                                          <parent reference="../../../../../../../../../../../../../../../../../../../../.."/>
                                          <generator>false</generator>
                                          <x>50.0</x>
                                          <y>-300.0</y>
                                          <z>0.0</z>
                                          <clamped>false</clamped>
                                          <targetValue>0.0</targetValue>
                                          <parentGroup class="org.simbrain.network.groups.NeuronGroup" reference="../../../.."/>
                                          <updatePriority>2</updatePriority>
                                          <auxValue>0.0</auxValue>
                                        </org.simbrain.network.core.Neuron>
                                        <org.simbrain.network.core.Neuron reference="../../../.."/>
                                      </java.util.concurrent.CopyOnWriteArrayList>
                                    </neuronList>
                                    <layout class="org.simbrain.network.layouts.LineLayout">
                                      <orientation>HORIZONTAL</orientation>
                                      <spacing>50.0</spacing>
                                      <initialX>0.0</initialX>
                                      <initialY>0.0</initialY>
                                    </layout>
                                    <incomingSgs>
                                      <org.simbrain.network.groups.SynapseGroup reference="../../../../../.."/>
                                    </incomingSgs>
                                    <outgoingSgs/>
                                    <gridThreshold>30</gridThreshold>
                                    <betweenNeuronInterval>50</betweenNeuronInterval>
                                  </parentGroup>
                                  <updatePriority>2</updatePriority>
                                  <auxValue>0.0</auxValue>
                                </target>
                                <learningRule class="org.simbrain.network.synapse_update_rules.StaticSynapseRule">
                                  <clipped>false</clipped>
                                </learningRule>
                                <id>Synapse_21</id>
                                <strength>7.2332763238641995</strength>
                                <psr>3.984343641220548</psr>
                                <increment>1.0</increment>
                                <upperBound>10.0</upperBound>
                                <lowerBound>-10.0</lowerBound>
                                <delay>0</delay>
                                <parentGroup reference="../../.."/>
                                <enabled>true</enabled>
                                <frozen>false</frozen>
                              </org.simbrain.network.core.Synapse>
                              <org.simbrain.network.core.Synapse>
                                <parentNetwork reference="../../../../../../../../../../../../../../../.."/>
                                <source reference="../../../../../neuronList/java.util.concurrent.CopyOnWriteArrayList/org.simbrain.network.core.Neuron[4]"/>
                                <target reference="../../org.simbrain.network.core.Synapse/target/parentGroup/neuronList/java.util.concurrent.CopyOnWriteArrayList/org.simbrain.network.core.Neuron[2]"/>
                                <learningRule class="org.simbrain.network.synapse_update_rules.StaticSynapseRule">
                                  <clipped>false</clipped>
                                </learningRule>
                                <id>Synapse_26</id>
                                <strength>5.03918615883822</strength>
                                <psr>2.985573585335381</psr>
                                <increment>1.0</increment>
                                <upperBound>10.0</upperBound>
                                <lowerBound>-10.0</lowerBound>
                                <delay>0</delay>
                                <parentGroup reference="../../.."/>
                                <enabled>true</enabled>
                                <frozen>false</frozen>
                              </org.simbrain.network.core.Synapse>
                              <org.simbrain.network.core.Synapse>
                                <parentNetwork reference="../../../../../../../../../../../../../../../.."/>
                                <source reference="../../../../../.."/>
                                <target reference="../../org.simbrain.network.core.Synapse/target/parentGroup/neuronList/java.util.concurrent.CopyOnWriteArrayList/org.simbrain.network.core.Neuron"/>
                                <learningRule class="org.simbrain.network.synapse_update_rules.StaticSynapseRule">
                                  <clipped>false</clipped>
                                </learningRule>
                                <id>Synapse_16</id>
                                <strength>2.691629512967561</strength>
                                <psr>1.747657252519894</psr>
                                <increment>1.0</increment>
                                <upperBound>10.0</upperBound>
                                <lowerBound>-10.0</lowerBound>
                                <delay>0</delay>
                                <parentGroup reference="../../.."/>
                                <enabled>true</enabled>
                                <frozen>false</frozen>
                              </org.simbrain.network.core.Synapse>
                              <org.simbrain.network.core.Synapse>
                                <parentNetwork reference="../../../../../../../../../../../../../../../.."/>
                                <source reference="../../../../../neuronList/java.util.concurrent.CopyOnWriteArrayList/org.simbrain.network.core.Neuron[5]"/>
                                <target reference="../../org.simbrain.network.core.Synapse/target/parentGroup/neuronList/java.util.concurrent.CopyOnWriteArrayList/org.simbrain.network.core.Neuron"/>
                                <learningRule class="org.simbrain.network.synapse_update_rules.StaticSynapseRule">
                                  <clipped>false</clipped>
                                </learningRule>
                                <id>Synapse_28</id>
                                <strength>3.8434217348100166</strength>
                                <psr>2.2650808189364</psr>
                                <increment>1.0</increment>
                                <upperBound>10.0</upperBound>
                                <lowerBound>-10.0</lowerBound>
                                <delay>0</delay>
                                <parentGroup reference="../../.."/>
                                <enabled>true</enabled>
                                <frozen>false</frozen>
                              </org.simbrain.network.core.Synapse>
                              <org.simbrain.network.core.Synapse>
                                <parentNetwork reference="../../../../../../../../../../../../../../../.."/>
                                <source reference="../../../../../neuronList/java.util.concurrent.CopyOnWriteArrayList/org.simbrain.network.core.Neuron[3]"/>
                                <target reference="../../org.simbrain.network.core.Synapse/target/parentGroup/neuronList/java.util.concurrent.CopyOnWriteArrayList/org.simbrain.network.core.Neuron[2]"/>
                                <learningRule class="org.simbrain.network.synapse_update_rules.StaticSynapseRule">
                                  <clipped>false</clipped>
                                </learningRule>
                                <id>Synapse_23</id>
                                <strength>2.2407251184324717</strength>
                                <psr>1.3462451510878275</psr>
                                <increment>1.0</increment>
                                <upperBound>10.0</upperBound>
                                <lowerBound>-10.0</lowerBound>
                                <delay>0</delay>
                                <parentGroup reference="../../.."/>
                                <enabled>true</enabled>
                                <frozen>false</frozen>
                              </org.simbrain.network.core.Synapse>
                            </exSynapseSet>
                            <inSynapseSet>
                              <org.simbrain.network.core.Synapse>
                                <parentNetwork reference="../../../../../../../../../../../../../../../.."/>
                                <source reference="../../../../../neuronList/java.util.concurrent.CopyOnWriteArrayList/org.simbrain.network.core.Neuron[4]"/>
                                <target reference="../../../exSynapseSet/org.simbrain.network.core.Synapse/target"/>
                                <learningRule class="org.simbrain.network.synapse_update_rules.StaticSynapseRule">
                                  <clipped>false</clipped>
                                </learningRule>
                                <id>Synapse_27</id>
                                <strength>-5.250917187263484</strength>
                                <psr>-3.1110181602601745</psr>
                                <increment>1.0</increment>
                                <upperBound>10.0</upperBound>
                                <lowerBound>-10.0</lowerBound>
                                <delay>0</delay>
                                <parentGroup reference="../../.."/>
                                <enabled>true</enabled>
                                <frozen>false</frozen>
                              </org.simbrain.network.core.Synapse>
                              <org.simbrain.network.core.Synapse>
                                <parentNetwork reference="../../../../../../../../../../../../../../../.."/>
                                <source reference="../../../../../.."/>
                                <target reference="../../../exSynapseSet/org.simbrain.network.core.Synapse/target"/>
                                <learningRule class="org.simbrain.network.synapse_update_rules.StaticSynapseRule">
                                  <clipped>false</clipped>
                                </learningRule>
                                <id>Synapse_18</id>
                                <strength>-4.473695064000794</strength>
                                <psr>-2.904740636293382</psr>
                                <increment>1.0</increment>
                                <upperBound>10.0</upperBound>
                                <lowerBound>-10.0</lowerBound>
                                <delay>0</delay>
                                <parentGroup reference="../../.."/>
                                <enabled>true</enabled>
                                <frozen>false</frozen>
                              </org.simbrain.network.core.Synapse>
                              <org.simbrain.network.core.Synapse>
                                <parentNetwork reference="../../../../../../../../../../../../../../../.."/>
                                <source reference="../../../../../neuronList/java.util.concurrent.CopyOnWriteArrayList/org.simbrain.network.core.Neuron[2]"/>
                                <target reference="../../../exSynapseSet/org.simbrain.network.core.Synapse/target/parentGroup/neuronList/java.util.concurrent.CopyOnWriteArrayList/org.simbrain.network.core.Neuron"/>
                                <learningRule class="org.simbrain.network.synapse_update_rules.StaticSynapseRule">
                                  <clipped>false</clipped>
                                </learningRule>
                                <id>Synapse_19</id>
                                <strength>-6.275484244061473</strength>
                                <psr>-3.456757992351724</psr>
                                <increment>1.0</increment>
                                <upperBound>10.0</upperBound>
                                <lowerBound>-10.0</lowerBound>
                                <delay>0</delay>
                                <parentGroup reference="../../.."/>
                                <enabled>true</enabled>
                                <frozen>false</frozen>
                              </org.simbrain.network.core.Synapse>
                              <org.simbrain.network.core.Synapse>
                                <parentNetwork reference="../../../../../../../../../../../../../../../.."/>
                                <source reference="../../../../../neuronList/java.util.concurrent.CopyOnWriteArrayList/org.simbrain.network.core.Neuron[4]"/>
                                <target reference="../../../exSynapseSet/org.simbrain.network.core.Synapse/target/parentGroup/neuronList/java.util.concurrent.CopyOnWriteArrayList/org.simbrain.network.core.Neuron"/>
                                <learningRule class="org.simbrain.network.synapse_update_rules.StaticSynapseRule">
                                  <clipped>false</clipped>
                                </learningRule>
                                <id>Synapse_25</id>
                                <strength>-4.724658481447652</strength>
                                <psr>-2.799224937781018</psr>
                                <increment>1.0</increment>
                                <upperBound>10.0</upperBound>
                                <lowerBound>-10.0</lowerBound>
                                <delay>0</delay>
                                <parentGroup reference="../../.."/>
                                <enabled>true</enabled>
                                <frozen>false</frozen>
                              </org.simbrain.network.core.Synapse>
                              <org.simbrain.network.core.Synapse>
                                <parentNetwork reference="../../../../../../../../../../../../../../../.."/>
                                <source reference="../../../../../neuronList/java.util.concurrent.CopyOnWriteArrayList/org.simbrain.network.core.Neuron[5]"/>
                                <target reference="../../../exSynapseSet/org.simbrain.network.core.Synapse/target"/>
                                <learningRule class="org.simbrain.network.synapse_update_rules.StaticSynapseRule">
                                  <clipped>false</clipped>
                                </learningRule>
                                <id>Synapse_30</id>
                                <strength>-2.5016458557890493</strength>
                                <psr>-1.4743190923854226</psr>
                                <increment>1.0</increment>
                                <upperBound>10.0</upperBound>
                                <lowerBound>-10.0</lowerBound>
                                <delay>0</delay>
                                <parentGroup reference="../../.."/>
                                <enabled>true</enabled>
                                <frozen>false</frozen>
                              </org.simbrain.network.core.Synapse>
                              <org.simbrain.network.core.Synapse>
                                <parentNetwork reference="../../../../../../../../../../../../../../../.."/>
                                <source reference="../../../../../neuronList/java.util.concurrent.CopyOnWriteArrayList/org.simbrain.network.core.Neuron[3]"/>
                                <target reference="../../../exSynapseSet/org.simbrain.network.core.Synapse/target/parentGroup/neuronList/java.util.concurrent.CopyOnWriteArrayList/org.simbrain.network.core.Neuron"/>
                                <learningRule class="org.simbrain.network.synapse_update_rules.StaticSynapseRule">
                                  <clipped>false</clipped>
                                </learningRule>
                                <id>Synapse_22</id>
                                <strength>-4.832556394871165</strength>
                                <psr>-2.9034376240245834</psr>
                                <increment>1.0</increment>
                                <upperBound>10.0</upperBound>
                                <lowerBound>-10.0</lowerBound>
                                <delay>0</delay>
                                <parentGroup reference="../../.."/>
                                <enabled>true</enabled>
                                <frozen>false</frozen>
                              </org.simbrain.network.core.Synapse>
                              <org.simbrain.network.core.Synapse>
                                <parentNetwork reference="../../../../../../../../../../../../../../../.."/>
                                <source reference="../../../../../neuronList/java.util.concurrent.CopyOnWriteArrayList/org.simbrain.network.core.Neuron[3]"/>
                                <target reference="../../../exSynapseSet/org.simbrain.network.core.Synapse/target"/>
                                <learningRule class="org.simbrain.network.synapse_update_rules.StaticSynapseRule">
                                  <clipped>false</clipped>
                                </learningRule>
                                <id>Synapse_24</id>
                                <strength>-2.870430087145497</strength>
                                <psr>-1.7245768142500042</psr>
                                <increment>1.0</increment>
                                <upperBound>10.0</upperBound>
                                <lowerBound>-10.0</lowerBound>
                                <delay>0</delay>
                                <parentGroup reference="../../.."/>
                                <enabled>true</enabled>
                                <frozen>false</frozen>
                              </org.simbrain.network.core.Synapse>
                              <org.simbrain.network.core.Synapse>
                                <parentNetwork reference="../../../../../../../../../../../../../../../.."/>
                                <source reference="../../../../../.."/>
                                <target reference="../../../exSynapseSet/org.simbrain.network.core.Synapse/target/parentGroup/neuronList/java.util.concurrent.CopyOnWriteArrayList/org.simbrain.network.core.Neuron[2]"/>
                                <learningRule class="org.simbrain.network.synapse_update_rules.StaticSynapseRule">
                                  <clipped>false</clipped>
                                </learningRule>
                                <id>Synapse_17</id>
                                <strength>-5.169306972553821</strength>
                                <psr>-3.3563968508894186</psr>
                                <increment>1.0</increment>
                                <upperBound>10.0</upperBound>
                                <lowerBound>-10.0</lowerBound>
                                <delay>0</delay>
                                <parentGroup reference="../../.."/>
                                <enabled>true</enabled>
                                <frozen>false</frozen>
                              </org.simbrain.network.core.Synapse>
                              <org.simbrain.network.core.Synapse>
                                <parentNetwork reference="../../../../../../../../../../../../../../../.."/>
                                <source reference="../../../../../neuronList/java.util.concurrent.CopyOnWriteArrayList/org.simbrain.network.core.Neuron[2]"/>
                                <target reference="../../../exSynapseSet/org.simbrain.network.core.Synapse/target/parentGroup/neuronList/java.util.concurrent.CopyOnWriteArrayList/org.simbrain.network.core.Neuron[2]"/>
                                <learningRule class="org.simbrain.network.synapse_update_rules.StaticSynapseRule">
                                  <clipped>false</clipped>
                                </learningRule>
                                <id>Synapse_20</id>
                                <strength>-4.8962134241292885</strength>
                                <psr>-2.697006992270751</psr>
                                <increment>1.0</increment>
                                <upperBound>10.0</upperBound>
                                <lowerBound>-10.0</lowerBound>
                                <delay>0</delay>
                                <parentGroup reference="../../.."/>
                                <enabled>true</enabled>
                                <frozen>false</frozen>
                              </org.simbrain.network.core.Synapse>
                              <org.simbrain.network.core.Synapse>
                                <parentNetwork reference="../../../../../../../../../../../../../../../.."/>
                                <source reference="../../../../../neuronList/java.util.concurrent.CopyOnWriteArrayList/org.simbrain.network.core.Neuron[5]"/>
                                <target reference="../../../exSynapseSet/org.simbrain.network.core.Synapse/target/parentGroup/neuronList/java.util.concurrent.CopyOnWriteArrayList/org.simbrain.network.core.Neuron[2]"/>
                                <learningRule class="org.simbrain.network.synapse_update_rules.StaticSynapseRule">
                                  <clipped>false</clipped>
                                </learningRule>
                                <id>Synapse_29</id>
                                <strength>-5.691945089560283</strength>
                                <psr>-3.354488925332448</psr>
                                <increment>1.0</increment>
                                <upperBound>10.0</upperBound>
                                <lowerBound>-10.0</lowerBound>
                                <delay>0</delay>
                                <parentGroup reference="../../.."/>
                                <enabled>true</enabled>
                                <frozen>false</frozen>
                              </org.simbrain.network.core.Synapse>
                            </inSynapseSet>
                            <sourceNeuronGroup reference="../../.."/>
                            <targetNeuronGroup reference="../exSynapseSet/org.simbrain.network.core.Synapse/target/parentGroup"/>
                            <connectionManager class="org.simbrain.network.connections.AllToAll">
                              <selfConnectionAllowed>false</selfConnectionAllowed>
                            </connectionManager>
                            <excitatoryRatio>0.3333333333333333</excitatoryRatio>
                            <excitatoryPrototype>
                              <learningRule class="org.simbrain.network.synapse_update_rules.StaticSynapseRule">
                                <clipped>false</clipped>
                              </learningRule>
                              <spikeResponder class="org.simbrain.network.synapse_update_rules.spikeresponders.JumpAndDecay">
                                <value>0.0</value>
                                <jumpHeight>1.0</jumpHeight>
                                <baseLine>0.0</baseLine>
                                <timeConstant>3.0</timeConstant>
                              </spikeResponder>
                              <id></id>
                              <strength>0.0</strength>
                              <psr>0.0</psr>
                              <increment>1.0</increment>
                              <upperBound>10.0</upperBound>
                              <lowerBound>-10.0</lowerBound>
                              <delay>0</delay>
                              <enabled>true</enabled>
                              <frozen>false</frozen>
                            </excitatoryPrototype>
                            <inhibitoryPrototype>
                              <learningRule class="org.simbrain.network.synapse_update_rules.StaticSynapseRule">
                                <clipped>false</clipped>
                              </learningRule>
                              <spikeResponder class="org.simbrain.network.synapse_update_rules.spikeresponders.JumpAndDecay" reference="../../excitatoryPrototype/spikeResponder"/>
                              <id></id>
                              <strength>0.0</strength>
                              <psr>0.0</psr>
                              <increment>1.0</increment>
                              <upperBound>10.0</upperBound>
                              <lowerBound>-10.0</lowerBound>
                              <delay>0</delay>
                              <enabled>true</enabled>
                              <frozen>false</frozen>
                            </inhibitoryPrototype>
                            <exciteRand>
                              <pdf>UNIFORM</pdf>
                              <param1>0.0</param1>
                              <param2>1.0</param2>
                              <upperBound>1.0</upperBound>
                              <lowerBound>0.0</lowerBound>
                              <clipping>false</clipping>
                              <polarity>EXCITATORY</polarity>
                            </exciteRand>
                            <inhibRand>
                              <pdf>UNIFORM</pdf>
                              <param1>0.0</param1>
                              <param2>1.0</param2>
                              <upperBound>1.0</upperBound>
                              <lowerBound>0.0</lowerBound>
                              <clipping>false</clipping>
                              <polarity>INHIBITORY</polarity>
                            </inhibRand>
                            <displaySynapses>false</displaySynapses>
                            <recurrent>false</recurrent>
                            <inStatic>true</inStatic>
                            <exStatic>false</exStatic>
                            <useGroupLevelSettings>true</useGroupLevelSettings>
                          </org.simbrain.network.groups.SynapseGroup>
                        </outgoingSgs>
                        <gridThreshold>30</gridThreshold>
                        <betweenNeuronInterval>50</betweenNeuronInterval>
                      </parentGroup>
                      <updatePriority>1</updatePriority>
                      <auxValue>0.0</auxValue>
                    </target>
                    <learningRule class="org.simbrain.network.synapse_update_rules.StaticSynapseRule">
                      <clipped>false</clipped>
                    </learningRule>
                    <id>Synapse_11</id>
                    <strength>3.324990026699355</strength>
                    <psr>0.0</psr>
                    <increment>1.0</increment>
                    <upperBound>10.0</upperBound>
                    <lowerBound>-10.0</lowerBound>
                    <delay>0</delay>
                    <parentGroup reference="../../.."/>
                    <enabled>true</enabled>
                    <frozen>false</frozen>
                  </org.simbrain.network.core.Synapse>
                  <org.simbrain.network.core.Synapse>
                    <parentNetwork reference="../../../../../../../../../.."/>
                    <source reference="../../../../../neuronList/java.util.concurrent.CopyOnWriteArrayList/org.simbrain.network.core.Neuron"/>
                    <target reference="../../org.simbrain.network.core.Synapse/target/parentGroup/neuronList/java.util.concurrent.CopyOnWriteArrayList/org.simbrain.network.core.Neuron[3]"/>
                    <learningRule class="org.simbrain.network.synapse_update_rules.StaticSynapseRule">
                      <clipped>false</clipped>
                    </learningRule>
                    <id>Synapse_3</id>
                    <strength>2.7202186511242314</strength>
                    <psr>0.0</psr>
                    <increment>1.0</increment>
                    <upperBound>10.0</upperBound>
                    <lowerBound>-10.0</lowerBound>
                    <delay>0</delay>
                    <parentGroup reference="../../.."/>
                    <enabled>true</enabled>
                    <frozen>false</frozen>
                  </org.simbrain.network.core.Synapse>
                  <org.simbrain.network.core.Synapse>
                    <parentNetwork reference="../../../../../../../../../.."/>
                    <source reference="../../../../../neuronList/java.util.concurrent.CopyOnWriteArrayList/org.simbrain.network.core.Neuron[2]"/>
                    <target reference="../../org.simbrain.network.core.Synapse/target/parentGroup/neuronList/java.util.concurrent.CopyOnWriteArrayList/org.simbrain.network.core.Neuron[2]"/>
                    <learningRule class="org.simbrain.network.synapse_update_rules.StaticSynapseRule">
                      <clipped>false</clipped>
                    </learningRule>
                    <id>Synapse_7</id>
                    <strength>4.955102912028651</strength>
                    <psr>0.0</psr>
                    <increment>1.0</increment>
                    <upperBound>10.0</upperBound>
                    <lowerBound>-10.0</lowerBound>
                    <delay>0</delay>
                    <parentGroup reference="../../.."/>
                    <enabled>true</enabled>
                    <frozen>false</frozen>
                  </org.simbrain.network.core.Synapse>
                  <org.simbrain.network.core.Synapse>
                    <parentNetwork reference="../../../../../../../../../.."/>
                    <source reference="../../../../../neuronList/java.util.concurrent.CopyOnWriteArrayList/org.simbrain.network.core.Neuron[3]"/>
                    <target reference="../../org.simbrain.network.core.Synapse/target/parentGroup/neuronList/java.util.concurrent.CopyOnWriteArrayList/org.simbrain.network.core.Neuron[5]"/>
                    <learningRule class="org.simbrain.network.synapse_update_rules.StaticSynapseRule">
                      <clipped>false</clipped>
                    </learningRule>
                    <id>Synapse_15</id>
                    <strength>3.490158956228385</strength>
                    <psr>0.0</psr>
                    <increment>1.0</increment>
                    <upperBound>10.0</upperBound>
                    <lowerBound>-10.0</lowerBound>
                    <delay>0</delay>
                    <parentGroup reference="../../.."/>
                    <enabled>true</enabled>
                    <frozen>false</frozen>
                  </org.simbrain.network.core.Synapse>
                  <org.simbrain.network.core.Synapse>
                    <parentNetwork reference="../../../../../../../../../.."/>
                    <source reference="../../../../../neuronList/java.util.concurrent.CopyOnWriteArrayList/org.simbrain.network.core.Neuron"/>
                    <target reference="../../org.simbrain.network.core.Synapse/target/parentGroup/neuronList/java.util.concurrent.CopyOnWriteArrayList/org.simbrain.network.core.Neuron[4]"/>
                    <learningRule class="org.simbrain.network.synapse_update_rules.StaticSynapseRule">
                      <clipped>false</clipped>
                    </learningRule>
                    <id>Synapse_4</id>
                    <strength>4.495266193694641</strength>
                    <psr>0.0</psr>
                    <increment>1.0</increment>
                    <upperBound>10.0</upperBound>
                    <lowerBound>-10.0</lowerBound>
                    <delay>0</delay>
                    <parentGroup reference="../../.."/>
                    <enabled>true</enabled>
                    <frozen>false</frozen>
                  </org.simbrain.network.core.Synapse>
                </exSynapseSet>
                <inSynapseSet>
                  <org.simbrain.network.core.Synapse>
                    <parentNetwork reference="../../../../../../../../../.."/>
                    <source reference="../../../../../neuronList/java.util.concurrent.CopyOnWriteArrayList/org.simbrain.network.core.Neuron"/>
                    <target reference="../../../exSynapseSet/org.simbrain.network.core.Synapse/target/parentGroup/neuronList/java.util.concurrent.CopyOnWriteArrayList/org.simbrain.network.core.Neuron[2]"/>
                    <learningRule class="org.simbrain.network.synapse_update_rules.StaticSynapseRule">
                      <clipped>false</clipped>
                    </learningRule>
                    <id>Synapse_2</id>
                    <strength>-3.2146106519398843</strength>
                    <psr>-0.0</psr>
                    <increment>1.0</increment>
                    <upperBound>10.0</upperBound>
                    <lowerBound>-10.0</lowerBound>
                    <delay>0</delay>
                    <parentGroup reference="../../.."/>
                    <enabled>true</enabled>
                    <frozen>false</frozen>
                  </org.simbrain.network.core.Synapse>
                  <org.simbrain.network.core.Synapse>
                    <parentNetwork reference="../../../../../../../../../.."/>
                    <source reference="../../../../../neuronList/java.util.concurrent.CopyOnWriteArrayList/org.simbrain.network.core.Neuron"/>
                    <target reference="../../../exSynapseSet/org.simbrain.network.core.Synapse/target"/>
                    <learningRule class="org.simbrain.network.synapse_update_rules.StaticSynapseRule">
                      <clipped>false</clipped>
                    </learningRule>
                    <id>Synapse_1</id>
                    <strength>-3.1418354713889416</strength>
                    <psr>-0.0</psr>
                    <increment>1.0</increment>
                    <upperBound>10.0</upperBound>
                    <lowerBound>-10.0</lowerBound>
                    <delay>0</delay>
                    <parentGroup reference="../../.."/>
                    <enabled>true</enabled>
                    <frozen>false</frozen>
                  </org.simbrain.network.core.Synapse>
                  <org.simbrain.network.core.Synapse>
                    <parentNetwork reference="../../../../../../../../../.."/>
                    <source reference="../../../../../neuronList/java.util.concurrent.CopyOnWriteArrayList/org.simbrain.network.core.Neuron[2]"/>
                    <target reference="../../../exSynapseSet/org.simbrain.network.core.Synapse/target/parentGroup/neuronList/java.util.concurrent.CopyOnWriteArrayList/org.simbrain.network.core.Neuron[5]"/>
                    <learningRule class="org.simbrain.network.synapse_update_rules.StaticSynapseRule">
                      <clipped>false</clipped>
                    </learningRule>
                    <id>Synapse_10</id>
                    <strength>-1.0542001204512657</strength>
                    <psr>-0.0</psr>
                    <increment>1.0</increment>
                    <upperBound>10.0</upperBound>
                    <lowerBound>-10.0</lowerBound>
                    <delay>0</delay>
                    <parentGroup reference="../../.."/>
                    <enabled>true</enabled>
                    <frozen>false</frozen>
                  </org.simbrain.network.core.Synapse>
                  <org.simbrain.network.core.Synapse>
                    <parentNetwork reference="../../../../../../../../../.."/>
                    <source reference="../../../../../neuronList/java.util.concurrent.CopyOnWriteArrayList/org.simbrain.network.core.Neuron[3]"/>
                    <target reference="../../../exSynapseSet/org.simbrain.network.core.Synapse/target/parentGroup/neuronList/java.util.concurrent.CopyOnWriteArrayList/org.simbrain.network.core.Neuron[4]"/>
                    <learningRule class="org.simbrain.network.synapse_update_rules.StaticSynapseRule">
                      <clipped>false</clipped>
                    </learningRule>
                    <id>Synapse_14</id>
                    <strength>-2.3716956701494314</strength>
                    <psr>-0.0</psr>
                    <increment>1.0</increment>
                    <upperBound>10.0</upperBound>
                    <lowerBound>-10.0</lowerBound>
                    <delay>0</delay>
                    <parentGroup reference="../../.."/>
                    <enabled>true</enabled>
                    <frozen>false</frozen>
                  </org.simbrain.network.core.Synapse>
                  <org.simbrain.network.core.Synapse>
                    <parentNetwork reference="../../../../../../../../../.."/>
                    <source reference="../../../../../neuronList/java.util.concurrent.CopyOnWriteArrayList/org.simbrain.network.core.Neuron[2]"/>
                    <target reference="../../../exSynapseSet/org.simbrain.network.core.Synapse/target/parentGroup/neuronList/java.util.concurrent.CopyOnWriteArrayList/org.simbrain.network.core.Neuron[4]"/>
                    <learningRule class="org.simbrain.network.synapse_update_rules.StaticSynapseRule">
                      <clipped>false</clipped>
                    </learningRule>
                    <id>Synapse_9</id>
                    <strength>-4.271305911790575</strength>
                    <psr>-0.0</psr>
                    <increment>1.0</increment>
                    <upperBound>10.0</upperBound>
                    <lowerBound>-10.0</lowerBound>
                    <delay>0</delay>
                    <parentGroup reference="../../.."/>
                    <enabled>true</enabled>
                    <frozen>false</frozen>
                  </org.simbrain.network.core.Synapse>
                  <org.simbrain.network.core.Synapse>
                    <parentNetwork reference="../../../../../../../../../.."/>
                    <source reference="../../../../../neuronList/java.util.concurrent.CopyOnWriteArrayList/org.simbrain.network.core.Neuron[3]"/>
                    <target reference="../../../exSynapseSet/org.simbrain.network.core.Synapse/target/parentGroup/neuronList/java.util.concurrent.CopyOnWriteArrayList/org.simbrain.network.core.Neuron[2]"/>
                    <learningRule class="org.simbrain.network.synapse_update_rules.StaticSynapseRule">
                      <clipped>false</clipped>
                    </learningRule>
                    <id>Synapse_12</id>
                    <strength>-4.56440511245579</strength>
                    <psr>-0.0</psr>
                    <increment>1.0</increment>
                    <upperBound>10.0</upperBound>
                    <lowerBound>-10.0</lowerBound>
                    <delay>0</delay>
                    <parentGroup reference="../../.."/>
                    <enabled>true</enabled>
                    <frozen>false</frozen>
                  </org.simbrain.network.core.Synapse>
                  <org.simbrain.network.core.Synapse>
                    <parentNetwork reference="../../../../../../../../../.."/>
                    <source reference="../../../../../neuronList/java.util.concurrent.CopyOnWriteArrayList/org.simbrain.network.core.Neuron[2]"/>
                    <target reference="../../../exSynapseSet/org.simbrain.network.core.Synapse/target"/>
                    <learningRule class="org.simbrain.network.synapse_update_rules.StaticSynapseRule">
                      <clipped>false</clipped>
                    </learningRule>
                    <id>Synapse_6</id>
                    <strength>-2.202570236684648</strength>
                    <psr>-0.0</psr>
                    <increment>1.0</increment>
                    <upperBound>10.0</upperBound>
                    <lowerBound>-10.0</lowerBound>
                    <delay>0</delay>
                    <parentGroup reference="../../.."/>
                    <enabled>true</enabled>
                    <frozen>false</frozen>
                  </org.simbrain.network.core.Synapse>
                  <org.simbrain.network.core.Synapse>
                    <parentNetwork reference="../../../../../../../../../.."/>
                    <source reference="../../../../../neuronList/java.util.concurrent.CopyOnWriteArrayList/org.simbrain.network.core.Neuron"/>
                    <target reference="../../../exSynapseSet/org.simbrain.network.core.Synapse/target/parentGroup/neuronList/java.util.concurrent.CopyOnWriteArrayList/org.simbrain.network.core.Neuron[5]"/>
                    <learningRule class="org.simbrain.network.synapse_update_rules.StaticSynapseRule">
                      <clipped>false</clipped>
                    </learningRule>
                    <id>Synapse_5</id>
                    <strength>-3.669127691410319</strength>
                    <psr>-0.0</psr>
                    <increment>1.0</increment>
                    <upperBound>10.0</upperBound>
                    <lowerBound>-10.0</lowerBound>
                    <delay>0</delay>
                    <parentGroup reference="../../.."/>
                    <enabled>true</enabled>
                    <frozen>false</frozen>
                  </org.simbrain.network.core.Synapse>
                  <org.simbrain.network.core.Synapse>
                    <parentNetwork reference="../../../../../../../../../.."/>
                    <source reference="../../../../../neuronList/java.util.concurrent.CopyOnWriteArrayList/org.simbrain.network.core.Neuron[3]"/>
                    <target reference="../../../exSynapseSet/org.simbrain.network.core.Synapse/target/parentGroup/neuronList/java.util.concurrent.CopyOnWriteArrayList/org.simbrain.network.core.Neuron[3]"/>
                    <learningRule class="org.simbrain.network.synapse_update_rules.StaticSynapseRule">
                      <clipped>false</clipped>
                    </learningRule>
                    <id>Synapse_13</id>
                    <strength>-2.732782120296796</strength>
                    <psr>-0.0</psr>
                    <increment>1.0</increment>
                    <upperBound>10.0</upperBound>
                    <lowerBound>-10.0</lowerBound>
                    <delay>0</delay>
                    <parentGroup reference="../../.."/>
                    <enabled>true</enabled>
                    <frozen>false</frozen>
                  </org.simbrain.network.core.Synapse>
                  <org.simbrain.network.core.Synapse>
                    <parentNetwork reference="../../../../../../../../../.."/>
                    <source reference="../../../../../neuronList/java.util.concurrent.CopyOnWriteArrayList/org.simbrain.network.core.Neuron[2]"/>
                    <target reference="../../../exSynapseSet/org.simbrain.network.core.Synapse/target/parentGroup/neuronList/java.util.concurrent.CopyOnWriteArrayList/org.simbrain.network.core.Neuron[3]"/>
                    <learningRule class="org.simbrain.network.synapse_update_rules.StaticSynapseRule">
                      <clipped>false</clipped>
                    </learningRule>
                    <id>Synapse_8</id>
                    <strength>-2.623198209976697</strength>
                    <psr>-0.0</psr>
                    <increment>1.0</increment>
                    <upperBound>10.0</upperBound>
                    <lowerBound>-10.0</lowerBound>
                    <delay>0</delay>
                    <parentGroup reference="../../.."/>
                    <enabled>true</enabled>
                    <frozen>false</frozen>
                  </org.simbrain.network.core.Synapse>
                </inSynapseSet>
                <sourceNeuronGroup reference="../../.."/>
                <targetNeuronGroup reference="../exSynapseSet/org.simbrain.network.core.Synapse/target/parentGroup"/>
                <connectionManager class="org.simbrain.network.connections.AllToAll">
                  <selfConnectionAllowed>false</selfConnectionAllowed>
                </connectionManager>
                <excitatoryRatio>0.3333333333333333</excitatoryRatio>
                <excitatoryPrototype>
                  <learningRule class="org.simbrain.network.synapse_update_rules.StaticSynapseRule">
                    <clipped>false</clipped>
                  </learningRule>
                  <spikeResponder class="org.simbrain.network.synapse_update_rules.spikeresponders.JumpAndDecay" reference="../../exSynapseSet/org.simbrain.network.core.Synapse/target/parentGroup/outgoingSgs/org.simbrain.network.groups.SynapseGroup/excitatoryPrototype/spikeResponder"/>
                  <id></id>
                  <strength>0.0</strength>
                  <psr>0.0</psr>
                  <increment>1.0</increment>
                  <upperBound>10.0</upperBound>
                  <lowerBound>-10.0</lowerBound>
                  <delay>0</delay>
                  <enabled>true</enabled>
                  <frozen>false</frozen>
                </excitatoryPrototype>
                <inhibitoryPrototype>
                  <learningRule class="org.simbrain.network.synapse_update_rules.StaticSynapseRule">
                    <clipped>false</clipped>
                  </learningRule>
                  <spikeResponder class="org.simbrain.network.synapse_update_rules.spikeresponders.JumpAndDecay" reference="../../exSynapseSet/org.simbrain.network.core.Synapse/target/parentGroup/outgoingSgs/org.simbrain.network.groups.SynapseGroup/excitatoryPrototype/spikeResponder"/>
                  <id></id>
                  <strength>0.0</strength>
                  <psr>0.0</psr>
                  <increment>1.0</increment>
                  <upperBound>10.0</upperBound>
                  <lowerBound>-10.0</lowerBound>
                  <delay>0</delay>
                  <enabled>true</enabled>
                  <frozen>false</frozen>
                </inhibitoryPrototype>
                <exciteRand reference="../exSynapseSet/org.simbrain.network.core.Synapse/target/parentGroup/outgoingSgs/org.simbrain.network.groups.SynapseGroup/exciteRand"/>
                <inhibRand reference="../exSynapseSet/org.simbrain.network.core.Synapse/target/parentGroup/outgoingSgs/org.simbrain.network.groups.SynapseGroup/inhibRand"/>
                <displaySynapses>false</displaySynapses>
                <recurrent>false</recurrent>
                <inStatic>true</inStatic>
                <exStatic>false</exStatic>
                <useGroupLevelSettings>true</useGroupLevelSettings>
              </org.simbrain.network.groups.SynapseGroup>
            </outgoingSgs>
            <gridThreshold>30</gridThreshold>
            <betweenNeuronInterval>50</betweenNeuronInterval>
          </org.simbrain.network.groups.NeuronGroup>
          <org.simbrain.network.groups.NeuronGroup reference="../org.simbrain.network.groups.NeuronGroup/outgoingSgs/org.simbrain.network.groups.SynapseGroup/exSynapseSet/org.simbrain.network.core.Synapse/target/parentGroup"/>
          <org.simbrain.network.groups.NeuronGroup reference="../org.simbrain.network.groups.NeuronGroup/outgoingSgs/org.simbrain.network.groups.SynapseGroup/exSynapseSet/org.simbrain.network.core.Synapse/target/parentGroup/outgoingSgs/org.simbrain.network.groups.SynapseGroup/exSynapseSet/org.simbrain.network.core.Synapse/target/parentGroup"/>
        </java.util.concurrent.CopyOnWriteArrayList>
      </neuronGroupList>
      <synapseGroupList class="java.util.concurrent.CopyOnWriteArrayList" serialization="custom">
        <java.util.concurrent.CopyOnWriteArrayList>
          <default/>
          <int>2</int>
          <org.simbrain.network.groups.SynapseGroup reference="../../../neuronGroupList/java.util.concurrent.CopyOnWriteArrayList/org.simbrain.network.groups.NeuronGroup/outgoingSgs/org.simbrain.network.groups.SynapseGroup"/>
          <org.simbrain.network.groups.SynapseGroup reference="../../../neuronGroupList/java.util.concurrent.CopyOnWriteArrayList/org.simbrain.network.groups.NeuronGroup/outgoingSgs/org.simbrain.network.groups.SynapseGroup/exSynapseSet/org.simbrain.network.core.Synapse/target/parentGroup/outgoingSgs/org.simbrain.network.groups.SynapseGroup"/>
        </java.util.concurrent.CopyOnWriteArrayList>
      </synapseGroupList>
      <displayNeuronGroups>true</displayNeuronGroups>
      <numMembers>41</numMembers>
      <betweenLayerInterval>150</betweenLayerInterval>
      <trainingSet>
        <inputData>
          <double-array>
            <double>0.2</double>
            <double>0.4</double>
            <double>1.0</double>
          </double-array>
          <double-array>
            <double>1.0</double>
            <double>0.4</double>
            <double>0.2</double>
          </double-array>
          <double-array>
            <double>0.4</double>
            <double>1.0</double>
            <double>0.2</double>
          </double-array>
          <double-array>
            <double>0.0</double>
            <double>0.0</double>
            <double>0.0</double>
          </double-array>
        </inputData>
        <targetData>
          <double-array>
            <double>1.0</double>
            <double>0.0</double>
            <double>0.0</double>
          </double-array>
          <double-array>
            <double>0.0</double>
            <double>1.0</double>
            <double>0.0</double>
          </double-array>
          <double-array>
            <double>0.0</double>
            <double>0.0</double>
            <double>1.0</double>
          </double-array>
          <double-array>
            <double>0.0</double>
            <double>0.0</double>
            <double>0.0</double>
          </double-array>
        </targetData>
        <percentValidation>0.25</percentValidation>
      </trainingSet>
    </org.simbrain.network.subnetworks.BackpropNetwork>
  </groupList>
  <textList/>
  <updateManager>
    <actionList class="java.util.concurrent.CopyOnWriteArrayList" serialization="custom">
      <java.util.concurrent.CopyOnWriteArrayList>
        <default/>
        <int>2</int>
        <org.simbrain.network.update__actions.BufferedUpdate>
          <network reference="../../../../.."/>
        </org.simbrain.network.update__actions.BufferedUpdate>
        <org.simbrain.network.update__actions.UpdateGroup>
          <group class="org.simbrain.network.subnetworks.BackpropNetwork" reference="../../../../../groupList/org.simbrain.network.subnetworks.BackpropNetwork"/>
        </org.simbrain.network.update__actions.UpdateGroup>
      </java.util.concurrent.CopyOnWriteArrayList>
    </actionList>
    <network reference="../.."/>
  </updateManager>
  <time>1062.0</time>
  <timeStep>0.1</timeStep>
  <timeType>DISCRETE</timeType>
  <prioritySortedNeuronList/>
  <priorityComparator>
    <outer-class reference="../.."/>
  </priorityComparator>
  <neuronIdGenerator>
    <rootName>Neuron</rootName>
    <index>12</index>
  </neuronIdGenerator>
  <synapseIdGenerator>
    <rootName>Synapse</rootName>
    <index>31</index>
  </synapseIdGenerator>
  <groupIdGenerator>
    <rootName>Group</rootName>
    <index>2</index>
  </groupIdGenerator>
</org.simbrain.network.core.Network>