<html>
<body>
<h1>SOM Net (Smell)</h1>
<br>
<a href ="http://en.wikipedia.org/wiki/Self-organizing_map">SOM 
networks</a> learn to classify inputs
in an unsupervised way,
by making nodes respond
to similar inputs. Nodes
near each other end up
representing similar 
inputs.
<br>
<h2>Using this sim</h2>
Begin by "training"
the network.
Press run and 
move the mouse around to
each object.  It will only learn
as long as learning rate
(in the SOM tab) is above 0,
so you have to expose the mouse
to all the smells quickly.
<br>
<br>
Now test the network.  Just
keep running it and move the mouse
to the different objects.
<br><br>
You can abel
the output nodes.  The cheese
and flower
response nodes should be near
each other.
</body>
</html>
