<org.simbrain.network.core.Network>
  <neuronList>
    <org.simbrain.network.core.Neuron>
      <updateRule class="org.simbrain.network.neuron_update_rules.LinearRule">
        <inputType>WEIGHTED</inputType>
        <increment>0.1</increment>
        <slope>1.0</slope>
        <bias>0.0</bias>
        <noiseGenerator>
          <pdf>UNIFORM</pdf>
          <param1>0.0</param1>
          <param2>1.0</param2>
          <upperBound>1.0</upperBound>
          <lowerBound>0.0</lowerBound>
          <clipping>false</clipping>
        </noiseGenerator>
        <addNoise>false</addNoise>
        <clipping>true</clipping>
        <upperBound>100.0</upperBound>
        <lowerBound>-1.0</lowerBound>
      </updateRule>
      <id>Neuron_6</id>
      <label>CS</label>
      <activation>1.0</activation>
      <spike>false</spike>
      <buffer>0.18427224203839399</buffer>
      <spkBuffer>false</spkBuffer>
      <inputValue>0.0</inputValue>
      <parent reference="../../.."/>
      <generator>false</generator>
      <x>164.7570813703868</x>
      <y>-37.642321709150316</y>
      <z>0.0</z>
      <clamped>false</clamped>
      <polarity>BOTH</polarity>
      <targetValue>0.0</targetValue>
      <updatePriority>0</updatePriority>
      <auxValue>0.0</auxValue>
    </org.simbrain.network.core.Neuron>
    <org.simbrain.network.core.Neuron>
      <updateRule class="org.simbrain.network.neuron_update_rules.LinearRule">
        <inputType>WEIGHTED</inputType>
        <increment>0.1</increment>
        <slope>1.0</slope>
        <bias>0.0</bias>
        <noiseGenerator>
          <pdf>UNIFORM</pdf>
          <param1>0.0</param1>
          <param2>1.0</param2>
          <upperBound>1.0</upperBound>
          <lowerBound>0.0</lowerBound>
          <clipping>false</clipping>
        </noiseGenerator>
        <addNoise>false</addNoise>
        <clipping>true</clipping>
        <upperBound>100.0</upperBound>
        <lowerBound>-1.0</lowerBound>
      </updateRule>
      <id>Neuron_7</id>
      <label>CR</label>
      <activation>0.0</activation>
      <spike>false</spike>
      <buffer>0.36</buffer>
      <spkBuffer>false</spkBuffer>
      <inputValue>0.0</inputValue>
      <parent reference="../../.."/>
      <generator>false</generator>
      <x>261.3961519446795</x>
      <y>-38.59638719537853</y>
      <z>0.0</z>
      <clamped>false</clamped>
      <polarity>BOTH</polarity>
      <targetValue>0.0</targetValue>
      <updatePriority>0</updatePriority>
      <auxValue>0.0</auxValue>
    </org.simbrain.network.core.Neuron>
  </neuronList>
  <synapseList class="linked-hash-set">
    <org.simbrain.network.core.Synapse>
      <parentNetwork reference="../../.."/>
      <source>
        <updateRule class="org.simbrain.network.neuron_update_rules.LinearRule">
          <inputType>WEIGHTED</inputType>
          <increment>0.1</increment>
          <slope>1.0</slope>
          <bias>0.0</bias>
          <noiseGenerator>
            <pdf>UNIFORM</pdf>
            <param1>0.0</param1>
            <param2>1.0</param2>
            <upperBound>1.0</upperBound>
            <lowerBound>0.0</lowerBound>
            <clipping>false</clipping>
          </noiseGenerator>
          <addNoise>false</addNoise>
          <clipping>true</clipping>
          <upperBound>100.0</upperBound>
          <lowerBound>-1.0</lowerBound>
        </updateRule>
        <id>Neuron_9</id>
        <label>Candle Right</label>
        <activation>0.0</activation>
        <spike>false</spike>
        <buffer>0.5652222134781726</buffer>
        <spkBuffer>false</spkBuffer>
        <inputValue>0.0</inputValue>
        <parent reference="../../../.."/>
        <generator>false</generator>
        <x>270.8264193104995</x>
        <y>162.88051556162196</y>
        <z>0.0</z>
        <clamped>false</clamped>
        <polarity>BOTH</polarity>
        <targetValue>0.0</targetValue>
        <parentGroup class="org.simbrain.network.groups.NeuronGroup">
          <parentNetwork reference="../../../../.."/>
          <id>Group_1</id>
          <label>Movement Network</label>
          <stateInfo></stateInfo>
          <markedForDeletion>false</markedForDeletion>
          <isSpikingNeuronGroup>false</isSpikingNeuronGroup>
          <neuronList>
            <org.simbrain.network.core.Neuron>
              <updateRule class="org.simbrain.network.neuron_update_rules.LinearRule">
                <inputType>WEIGHTED</inputType>
                <increment>0.1</increment>
                <slope>1.0</slope>
                <bias>0.0</bias>
                <noiseGenerator>
                  <pdf>UNIFORM</pdf>
                  <param1>0.0</param1>
                  <param2>1.0</param2>
                  <upperBound>1.0</upperBound>
                  <lowerBound>0.0</lowerBound>
                  <clipping>false</clipping>
                </noiseGenerator>
                <addNoise>false</addNoise>
                <clipping>true</clipping>
                <upperBound>100.0</upperBound>
                <lowerBound>-1.0</lowerBound>
              </updateRule>
              <id>Neuron_8</id>
              <label>Candle Left</label>
              <activation>0.0</activation>
              <spike>false</spike>
              <buffer>0.47717716980857156</buffer>
              <spkBuffer>false</spkBuffer>
              <inputValue>0.0</inputValue>
              <parent reference="../../../../../../.."/>
              <generator>false</generator>
              <x>154.4705243823386</x>
              <y>162.14306632633293</y>
              <z>0.0</z>
              <clamped>false</clamped>
              <polarity>BOTH</polarity>
              <targetValue>0.0</targetValue>
              <parentGroup class="org.simbrain.network.groups.NeuronGroup" reference="../../.."/>
              <updatePriority>0</updatePriority>
              <auxValue>0.0</auxValue>
            </org.simbrain.network.core.Neuron>
            <org.simbrain.network.core.Neuron reference="../../.."/>
            <org.simbrain.network.core.Neuron>
              <updateRule class="org.simbrain.network.neuron_update_rules.LinearRule">
                <inputType>WEIGHTED</inputType>
                <increment>0.1</increment>
                <slope>1.0</slope>
                <bias>1.0</bias>
                <noiseGenerator>
                  <pdf>UNIFORM</pdf>
                  <param1>0.0</param1>
                  <param2>1.0</param2>
                  <upperBound>1.0</upperBound>
                  <lowerBound>0.0</lowerBound>
                  <clipping>false</clipping>
                </noiseGenerator>
                <addNoise>false</addNoise>
                <clipping>true</clipping>
                <upperBound>10.0</upperBound>
                <lowerBound>-1.0</lowerBound>
              </updateRule>
              <id>Neuron_10</id>
              <label>Forward</label>
              <activation>1.0</activation>
              <spike>false</spike>
              <buffer>1.0</buffer>
              <spkBuffer>false</spkBuffer>
              <inputValue>0.0</inputValue>
              <parent reference="../../../../../../.."/>
              <generator>false</generator>
              <x>212.8429637136578</x>
              <y>90.36466535417517</y>
              <z>0.0</z>
              <clamped>true</clamped>
              <polarity>BOTH</polarity>
              <targetValue>0.0</targetValue>
              <parentGroup class="org.simbrain.network.groups.NeuronGroup" reference="../../.."/>
              <updatePriority>0</updatePriority>
              <auxValue>0.0</auxValue>
            </org.simbrain.network.core.Neuron>
            <org.simbrain.network.core.Neuron>
              <updateRule class="org.simbrain.network.neuron_update_rules.LinearRule">
                <inputType>WEIGHTED</inputType>
                <increment>0.1</increment>
                <slope>1.0</slope>
                <bias>0.0</bias>
                <noiseGenerator>
                  <pdf>UNIFORM</pdf>
                  <param1>0.0</param1>
                  <param2>1.0</param2>
                  <upperBound>1.0</upperBound>
                  <lowerBound>0.0</lowerBound>
                  <clipping>false</clipping>
                </noiseGenerator>
                <addNoise>false</addNoise>
                <clipping>true</clipping>
                <upperBound>100.0</upperBound>
                <lowerBound>-1.0</lowerBound>
              </updateRule>
              <id>Neuron_11</id>
              <label>Left</label>
              <activation>0.0</activation>
              <spike>false</spike>
              <buffer>0.4756128390780872</buffer>
              <spkBuffer>false</spkBuffer>
              <inputValue>0.0</inputValue>
              <parent reference="../../../../../../.."/>
              <generator>false</generator>
              <x>154.4705243823386</x>
              <y>91.48472363213102</y>
              <z>0.0</z>
              <clamped>false</clamped>
              <polarity>BOTH</polarity>
              <targetValue>0.0</targetValue>
              <parentGroup class="org.simbrain.network.groups.NeuronGroup" reference="../../.."/>
              <updatePriority>0</updatePriority>
              <auxValue>0.0</auxValue>
            </org.simbrain.network.core.Neuron>
            <org.simbrain.network.core.Neuron>
              <updateRule class="org.simbrain.network.neuron_update_rules.LinearRule">
                <inputType>WEIGHTED</inputType>
                <increment>0.1</increment>
                <slope>1.0</slope>
                <bias>0.0</bias>
                <noiseGenerator>
                  <pdf>UNIFORM</pdf>
                  <param1>0.0</param1>
                  <param2>1.0</param2>
                  <upperBound>1.0</upperBound>
                  <lowerBound>0.0</lowerBound>
                  <clipping>false</clipping>
                </noiseGenerator>
                <addNoise>false</addNoise>
                <clipping>true</clipping>
                <upperBound>100.0</upperBound>
                <lowerBound>-1.0</lowerBound>
              </updateRule>
              <id>Neuron_12</id>
              <label>Right</label>
              <activation>0.0</activation>
              <spike>false</spike>
              <buffer>0.5629140591098268</buffer>
              <spkBuffer>false</spkBuffer>
              <inputValue>0.0</inputValue>
              <parent reference="../../../../../../.."/>
              <generator>false</generator>
              <x>270.8264193104995</x>
              <y>91.48472363213102</y>
              <z>0.0</z>
              <clamped>false</clamped>
              <polarity>BOTH</polarity>
              <targetValue>0.0</targetValue>
              <parentGroup class="org.simbrain.network.groups.NeuronGroup" reference="../../.."/>
              <updatePriority>0</updatePriority>
              <auxValue>0.0</auxValue>
            </org.simbrain.network.core.Neuron>
          </neuronList>
          <layout class="org.simbrain.network.layouts.LineLayout">
            <orientation>HORIZONTAL</orientation>
            <spacing>50.0</spacing>
            <initialX>0.0</initialX>
            <initialY>0.0</initialY>
          </layout>
          <incomingSgs/>
          <outgoingSgs/>
          <gridThreshold>10</gridThreshold>
          <betweenNeuronInterval>50</betweenNeuronInterval>
          <recordAsSpikes>false</recordAsSpikes>
          <recording>false</recording>
          <inputMode>false</inputMode>
          <inputIndex>0</inputIndex>
          <writeCounter>0</writeCounter>
          <fileNum>0</fileNum>
        </parentGroup>
        <updatePriority>0</updatePriority>
        <auxValue>0.0</auxValue>
      </source>
      <target reference="../source/parentGroup/neuronList/org.simbrain.network.core.Neuron[5]"/>
      <learningRule class="org.simbrain.network.synapse_update_rules.StaticSynapseRule">
        <clipped>false</clipped>
      </learningRule>
      <id>Synapse_1</id>
      <strength>1.0</strength>
      <psr>0.5629140591098268</psr>
      <increment>1.0</increment>
      <upperBound>150.0</upperBound>
      <lowerBound>-10.0</lowerBound>
      <delay>0</delay>
      <enabled>true</enabled>
      <frozen>false</frozen>
      <dlyPtr>0</dlyPtr>
      <dlyVal>0.0</dlyVal>
      <isTemplate>false</isTemplate>
    </org.simbrain.network.core.Synapse>
    <org.simbrain.network.core.Synapse>
      <parentNetwork reference="../../.."/>
      <source reference="../../org.simbrain.network.core.Synapse/source"/>
      <target reference="../../org.simbrain.network.core.Synapse/source/parentGroup/neuronList/org.simbrain.network.core.Neuron[4]"/>
      <learningRule class="org.simbrain.network.synapse_update_rules.StaticSynapseRule">
        <clipped>false</clipped>
      </learningRule>
      <id>Synapse_2</id>
      <strength>0.0</strength>
      <psr>0.0</psr>
      <increment>1.0</increment>
      <upperBound>150.0</upperBound>
      <lowerBound>-10.0</lowerBound>
      <delay>0</delay>
      <enabled>true</enabled>
      <frozen>false</frozen>
      <dlyPtr>0</dlyPtr>
      <dlyVal>0.0</dlyVal>
      <isTemplate>false</isTemplate>
    </org.simbrain.network.core.Synapse>
    <org.simbrain.network.core.Synapse>
      <parentNetwork reference="../../.."/>
      <source reference="../../org.simbrain.network.core.Synapse/source/parentGroup/neuronList/org.simbrain.network.core.Neuron"/>
      <target reference="../../org.simbrain.network.core.Synapse/source/parentGroup/neuronList/org.simbrain.network.core.Neuron[5]"/>
      <learningRule class="org.simbrain.network.synapse_update_rules.StaticSynapseRule">
        <clipped>false</clipped>
      </learningRule>
      <id>Synapse_3</id>
      <strength>0.0</strength>
      <psr>0.0</psr>
      <increment>1.0</increment>
      <upperBound>150.0</upperBound>
      <lowerBound>-10.0</lowerBound>
      <delay>0</delay>
      <enabled>true</enabled>
      <frozen>false</frozen>
      <dlyPtr>0</dlyPtr>
      <dlyVal>0.0</dlyVal>
      <isTemplate>false</isTemplate>
    </org.simbrain.network.core.Synapse>
    <org.simbrain.network.core.Synapse>
      <parentNetwork reference="../../.."/>
      <source reference="../../org.simbrain.network.core.Synapse/source/parentGroup/neuronList/org.simbrain.network.core.Neuron"/>
      <target reference="../../org.simbrain.network.core.Synapse/source/parentGroup/neuronList/org.simbrain.network.core.Neuron[4]"/>
      <learningRule class="org.simbrain.network.synapse_update_rules.StaticSynapseRule">
        <clipped>false</clipped>
      </learningRule>
      <id>Synapse_4</id>
      <strength>1.0</strength>
      <psr>0.4756128390780872</psr>
      <increment>1.0</increment>
      <upperBound>150.0</upperBound>
      <lowerBound>-10.0</lowerBound>
      <delay>0</delay>
      <enabled>true</enabled>
      <frozen>false</frozen>
      <dlyPtr>0</dlyPtr>
      <dlyVal>0.0</dlyVal>
      <isTemplate>false</isTemplate>
    </org.simbrain.network.core.Synapse>
    <org.simbrain.network.core.Synapse>
      <learningRule class="org.simbrain.network.synapse_update_rules.StaticSynapseRule">
        <clipped>false</clipped>
      </learningRule>
      <spikeResponder class="org.simbrain.network.synapse_update_rules.spikeresponders.JumpAndDecay">
        <value>0.0</value>
        <jumpHeight>1.0</jumpHeight>
        <baseLine>0.0</baseLine>
        <timeConstant>3.0</timeConstant>
      </spikeResponder>
      <id>Synapse_5</id>
      <strength>0.0</strength>
      <psr>0.0</psr>
      <increment>1.0</increment>
      <upperBound>10.0</upperBound>
      <lowerBound>-10.0</lowerBound>
      <delay>0</delay>
      <enabled>true</enabled>
      <frozen>false</frozen>
      <dlyPtr>0</dlyPtr>
      <dlyVal>0.0</dlyVal>
      <isTemplate>false</isTemplate>
    </org.simbrain.network.core.Synapse>
    <org.simbrain.network.core.Synapse>
      <parentNetwork reference="../../.."/>
      <source reference="../../../neuronList/org.simbrain.network.core.Neuron"/>
      <target reference="../../../neuronList/org.simbrain.network.core.Neuron[2]"/>
      <learningRule class="org.simbrain.network.synapse_update_rules.StaticSynapseRule">
        <clipped>false</clipped>
      </learningRule>
      <id>Synapse_6</id>
      <strength>0.0</strength>
      <psr>0.36</psr>
      <increment>1.0</increment>
      <upperBound>10.0</upperBound>
      <lowerBound>-10.0</lowerBound>
      <delay>0</delay>
      <enabled>true</enabled>
      <frozen>false</frozen>
      <dlyPtr>0</dlyPtr>
      <dlyVal>0.0</dlyVal>
      <isTemplate>false</isTemplate>
    </org.simbrain.network.core.Synapse>
  </synapseList>
  <groupList>
    <org.simbrain.network.groups.NeuronGroup reference="../../synapseList/org.simbrain.network.core.Synapse/source/parentGroup"/>
  </groupList>
  <textList>
    <org.simbrain.network.core.NetworkTextObject>
      <parent reference="../../.."/>
      <x>236.23831566648786</x>
      <y>-18.796204900707668</y>
      <text>Current V
visible in CR node after
pressing reward or punish
</text>
      <fontName>Helvetica</fontName>
      <fontSize>10</fontSize>
      <italic>true</italic>
      <bold>false</bold>
    </org.simbrain.network.core.NetworkTextObject>
  </textList>
  <updateManager>
    <actionList class="java.util.concurrent.CopyOnWriteArrayList" serialization="custom">
      <java.util.concurrent.CopyOnWriteArrayList>
        <default/>
        <int>2</int>
        <org.simbrain.network.update__actions.BufferedUpdate>
          <network reference="../../../../.."/>
        </org.simbrain.network.update__actions.BufferedUpdate>
        <org.simbrain.network.update__actions.UpdateGroup>
          <group class="org.simbrain.network.groups.NeuronGroup" reference="../../../../../synapseList/org.simbrain.network.core.Synapse/source/parentGroup"/>
        </org.simbrain.network.update__actions.UpdateGroup>
      </java.util.concurrent.CopyOnWriteArrayList>
    </actionList>
    <network reference="../.."/>
  </updateManager>
  <time>0.0</time>
  <timeStep>0.1</timeStep>
  <timeType>DISCRETE</timeType>
  <prioritySortedNeuronList>
    <org.simbrain.network.core.Neuron reference="../../synapseList/org.simbrain.network.core.Synapse/source/parentGroup/neuronList/org.simbrain.network.core.Neuron"/>
    <org.simbrain.network.core.Neuron reference="../../synapseList/org.simbrain.network.core.Synapse/source"/>
    <org.simbrain.network.core.Neuron reference="../../synapseList/org.simbrain.network.core.Synapse/source/parentGroup/neuronList/org.simbrain.network.core.Neuron[3]"/>
    <org.simbrain.network.core.Neuron reference="../../synapseList/org.simbrain.network.core.Synapse/source/parentGroup/neuronList/org.simbrain.network.core.Neuron[4]"/>
    <org.simbrain.network.core.Neuron reference="../../synapseList/org.simbrain.network.core.Synapse/source/parentGroup/neuronList/org.simbrain.network.core.Neuron[5]"/>
    <org.simbrain.network.core.Neuron reference="../../neuronList/org.simbrain.network.core.Neuron"/>
    <org.simbrain.network.core.Neuron reference="../../neuronList/org.simbrain.network.core.Neuron[2]"/>
  </prioritySortedNeuronList>
  <priorityComparator>
    <outer-class reference="../.."/>
  </priorityComparator>
  <neuronIdGenerator>
    <rootName>Neuron</rootName>
    <index>13</index>
  </neuronIdGenerator>
  <synapseIdGenerator>
    <rootName>Synapse</rootName>
    <index>7</index>
  </synapseIdGenerator>
  <groupIdGenerator>
    <rootName>Group</rootName>
    <index>2</index>
  </groupIdGenerator>
  <fireUpdates>true</fireUpdates>
</org.simbrain.network.core.Network>