<html>

<body>
    <h1>Rescorla Wagner Model</h1> The <a href="http://www.scholarpedia.org/article/Rescorla-Wagner_model">rescorla-wagner model</a> describes how animals learn associations between an unconditioned stimulus (US) and a conditioned stimulus (CS). Whereas earlier models of condtioning only emphasized co-occurrence of stimuli in developing associations, the Rescorla Wagner model incorporates a sense of how expected a stimulus is, and can model a greater range of phenomena than previous models could.
    <br>
    <br> In this example, the CS is a candle. We assume that mice are ambivalent about candles. They're like, meh, whatever, a candle. So their response to the candle must be <b>conditioned</b>. The US is something that the mouse just naturally likes or does not like. Here it's implicit. We can either feed or spank (reward or punish) the mouse at any time during the simulation.
    <br>
    <br> In this way an association develops between the US and the CS, and thus an agent develops a particular response pattern to, a conditioned response or CR. We can make the mouse either like or hate candles, by the way we train it, by the way we administer rewards and punishments. The association is represented here by the synaptic connection between the US (the candle sensor) and the CR (the mouse's response to candles when it senses them).
    <br>
    <br> The Rescorla Wagner model was introduced in the 1970's, as an improvement on prior models, which went back to Pavlov's early models of conditioned response, and which were developed in great deal in Skinner's work and in the decades after Skinner.
    <h1>The rule</h1> Here's how the rule works. Let V be the strength of an association between the CS and US. The change in V at any time is alpha * beta * (lambda - V). Let's break this down.
    <ul>
        <li>alpha: Salience of the CS. How much does the mouse naturally notice the candle. Should be between 0 and 1.</li>
        <li>beta: Salience of the US. How much does the mouse care about the food and spanks. Should be between 0 and 1.</li>
        <li>lambda: The maximum possible strength of the associative link V. (by default set to 1 in this simulation).</li>
        <li>V: The current associative strength.
    </ul>
    alpha and beta determine how quickly the associatve strength rises or falls.
    <br>
    <br> The fact that change in V is updated according to lambda - V, means that increases will get smaller and smaller as V gets larger. When V is near 0, a single update will be relatively large, since lambda - V will be large. But when V is nearing its max value, change in V will be small. This creates the characteristic learning curves the Rescorla Wagner rule simulates.
    <br>
    <br> Let's now use Simbrain to get a more intuitive feel for these ideas.
    <h1>Running the simulation</h1> The first thing you can do in the simulation is repeatedly press the <b>Reward/Punish</b> key. Each time you do, observe V increasing (if you press reward) or decreasing (if you press punish). V is visible inthe CR node. Notice that if you repeatedly press reward the value will asymptoticaly approach 1 (lambda), as in classic graphs of animal learning. Similarly if you repeatedly press punish. (Also notice that as the value of V changes, other values in the movement network change as well.)
    <br>
    <br> To get a feel for how this can influence the animal's behavior:

    <p>
    	<ul>
    		<li>Press the <u>run button</u> in the button panel.The mouse will initially start to pursue the candle weakly. It will stop automatically when it gets near the candle (if it does not get near the candle, press the stop button to stop the simulation). </li>
    		<li>Press the <u>Reward / Punish</u> icon (repeatedly if you like), then run again.  Rewarding strengthens V; punishing weakens it.  Observe that the stronger V is, the more quickly and aggressively the mouse will pursue the candle (the strength of the forward movement neuron is proportional to V). If V is below 0, it will avoid the candle, and will avoid it more vigorously as it approaches -1.  </li>
    		<li>At any time you can run the workspace and pull the candle around to see how vigorously the mouse pursues the candle, based on the strength of the association between the candle and value.</li>
    	</ul>
    </p>

    <h1>Notes</h1> The movement network is not associated with Rescorla and Wagner. That network is based on ideas from Braitenberg, which are discussed and illustrated in more detail in other simulations.
    <h1>Credits</h1> Created by Jeff Yoshimi in consultation with Alex Holcombe, Evan Livesey, and Justin Harris.
</body>

</html>
