<Workspace>
  <archivedComponents>
    <Component>
      <className>org.simbrain.docviewer.DocViewerComponent</className>
      <name>DocViewer1</name>
      <uri>components/0_DocViewer1.xml</uri>
      <id>0</id>
      <format>xml</format>
      <desktopComponent>
        <className>org.simbrain.docviewer.DocViewerDesktopComponent</className>
        <uri>guis/0_DocViewer1.xml</uri>
        <format>xml</format>
      </desktopComponent>
    </Component>
    <Component>
      <className>org.simbrain.network.NetworkComponent</className>
      <name>Network1</name>
      <uri>components/1_Network1.xml</uri>
      <id>1</id>
      <format>xml</format>
      <desktopComponent>
        <className>org.simbrain.network.desktop.NetworkDesktopComponent</className>
        <uri>guis/1_Network1.xml</uri>
        <format>xml</format>
      </desktopComponent>
    </Component>
    <Component>
      <className>org.simbrain.world.odorworld.OdorWorldComponent</className>
      <name>flowersCheeses.xml</name>
      <uri>components/2_flowersCheeses.xml.xml</uri>
      <id>2</id>
      <format>xml</format>
      <desktopComponent>
        <className>org.simbrain.world.odorworld.OdorWorldDesktopComponent</className>
        <uri>guis/2_flowersCheeses.xml.xml</uri>
        <format>xml</format>
      </desktopComponent>
    </Component>
  </archivedComponents>
  <archivedCouplings>
    <Coupling>
      <archivedProducer>
        <parentComponentRef>components/2_flowersCheeses.xml.xml</parentComponentRef>
        <baseObjectKey>Agent_1:sensor:Sensor_2</baseObjectKey>
        <methodBaseName>getCurrentValue</methodBaseName>
        <dataType>[D</dataType>
        <description>Agent_1:Smell-Center</description>
      </archivedProducer>
      <archivedConsumer>
        <parentComponentRef>components/1_Network1.xml</parentComponentRef>
        <baseObjectKey>NeuronGroup:Group_3</baseObjectKey>
        <methodBaseName>setInputValues</methodBaseName>
        <dataType>[D</dataType>
        <argumentDataTypes>
          <java-class>[D</java-class>
        </argumentDataTypes>
        <description>Neuron Group: Input layer</description>
      </archivedConsumer>
    </Coupling>
  </archivedCouplings>
  <archivedActions>
    <UpdateAction>
      <updateAction class="org.simbrain.workspace.updater.UpdateAllBuffered"/>
    </UpdateAction>
  </archivedActions>
  <workspaceParameters>
    <savedTime>0</savedTime>
    <updateDelay>0</updateDelay>
  </workspaceParameters>
</Workspace>