<ArchivedWorkspace>
  <archivedComponents>
    <ArchivedWorkspaceComponent>
      <className>org.simbrain.network.NetworkComponent</className>
      <name>IAC_LetterPerception.xml</name>
      <uri>components/0_IAC_LetterPerception.xml.xml</uri>
      <id>0</id>
      <format>xml</format>
      <desktopComponent>
        <className>org.simbrain.network.desktop.NetworkDesktopComponent</className>
        <uri>guis/0_IAC_LetterPerception.xml.xml</uri>
        <format>xml</format>
      </desktopComponent>
    </ArchivedWorkspaceComponent>
  </archivedComponents>
  <archivedCouplings/>
  <archivedActions>
    <ArchivedUpdateAction>
      <updateAction class="org.simbrain.workspace.updater.UpdateAllAction"/>
    </ArchivedUpdateAction>
    <ArchivedUpdateAction>
      <updateAction class="org.simbrain.workspace.updater.SynchronizedTaskUpdateAction"/>
    </ArchivedUpdateAction>
  </archivedActions>
  <workspaceParameters>
    <savedTime>0</savedTime>
    <updateDelay>0</updateDelay>
  </workspaceParameters>
</ArchivedWorkspace>