<html>
<body>
<h1>Chasing Part 2</h1>
<br>
This is a continuation of the <i>Chasing Part 1</i> simulation. With this simulation, 
we will be configuring the network so that Blue does not approach both Brunette 
and Blonde simultaneously. <br><br>

<h2>Configuring This Simulation</h2>
To prevent Blue from approaching both Blonde and Brunette simultaneously 
(solving the XOR problem), we will connect a neuron such that it computes 
whether both Blonde and Brunette are nearby ('AND' operation in formal logic).
If indeed they are both nearby, this neuron will then prevent Blue from moving forward.
Connect each of the follwing neurons to the unconnected neuron in which we will call the
"intermediate:" <i>Blonde-Left, Blonde-Right, Brunette-Left, </i> and <i>Brunette-Right</i>.

<br><br>
We want the intermediate neuron to fire only if the incoming excitation is so large
that Blue must be near noth Brunette and Blonde. To do this, set the intermediate neuron's
<i>Threshold</i> to 50.

<br><br>
Thanks to these connections, the intermediate neuron will only fire when the sum of all
incoming activity exceeds 50. This only occurs when Blue is near <i>both</i>. In this situation, we want Blue to stop. 
For this, we must make the intermediate both-detector neuron inhibit the forward locomotion neuron. 
To do this, connect the intermediate neuron to the <i>Straight</i> neuron and then change the synapse's <i>Strength</i> to -2.

<br><br>
<h2>Running This Simulation</h2>
Drag Blonde and Brunette to the same location and then click the topmost play button.
Blue will stop himself before reaching the party!
<br><br>
<h3>Credits</h3>
Alex Holcombe, Jeff Yoshimi, Saraching Chao. 

</body>
</html>

