<org.simbrain.world.textworld.ReaderWorld>
  <text>./simulations/images/Caltech101Sample/image_0001.jpg&#xd;
./simulations/images/Caltech101Sample/image_0002.jpg&#xd;
./simulations/images/Caltech101Sample/image_0003.jpg&#xd;
./simulations/images/Caltech101Sample/image_0004.jpg&#xd;
./simulations/images/Caltech101Sample/image_0005.jpg&#xd;
./simulations/images/Caltech101Sample/image_0006.jpg&#xd;
./simulations/images/Caltech101Sample/image_0007.jpg&#xd;
./simulations/images/Caltech101Sample/image_0008.jpg&#xd;
./simulations/images/Caltech101Sample/image_0009.jpg&#xd;
./simulations/images/Caltech101Sample/image_0010.jpg&#xd;
./simulations/images/Caltech101Sample/image_0011.jpg&#xd;
./simulations/images/Caltech101Sample/image_0012.jpg&#xd;
./simulations/images/Caltech101Sample/image_0013.jpg&#xd;
./simulations/images/Caltech101Sample/image_0014.jpg&#xd;
./simulations/images/Caltech101Sample/image_0015.jpg&#xd;
./simulations/images/Caltech101Sample/image_0016.jpg&#xd;
./simulations/images/Caltech101Sample/image_0017.jpg&#xd;
./simulations/images/Caltech101Sample/image_0018.jpg&#xd;
./simulations/images/Caltech101Sample/image_0019.jpg&#xd;
./simulations/images/Caltech101Sample/image_0020.jpg&#xd;
./simulations/images/Caltech101Sample/image_0021.jpg&#xd;
./simulations/images/Caltech101Sample/image_0022.jpg&#xd;
./simulations/images/Caltech101Sample/image_0023.jpg&#xd;
./simulations/images/Caltech101Sample/image_0024.jpg&#xd;
./simulations/images/Caltech101Sample/image_0025.jpg&#xd;
./simulations/images/Caltech101Sample/image_0026.jpg&#xd;
./simulations/images/Caltech101Sample/image_0027.jpg&#xd;
./simulations/images/Caltech101Sample/image_0028.jpg&#xd;
./simulations/images/Caltech101Sample/image_0029.jpg&#xd;
./simulations/images/Caltech101Sample/image_0030.jpg&#xd;
./simulations/images/Caltech101Sample/image_0031.jpg&#xd;
./simulations/images/Caltech101Sample/image_0032.jpg&#xd;
./simulations/images/Caltech101Sample/image_0033.jpg&#xd;
./simulations/images/Caltech101Sample/image_0034.jpg&#xd;
./simulations/images/Caltech101Sample/image_0035.jpg&#xd;
./simulations/images/Caltech101Sample/image_0036.jpg&#xd;
./simulations/images/Caltech101Sample/image_0037.jpg&#xd;
./simulations/images/Caltech101Sample/image_0038.jpg&#xd;
./simulations/images/Caltech101Sample/image_0039.jpg&#xd;
./simulations/images/Caltech101Sample/image_0040.jpg&#xd;
</text>
  <currentItem>
    <beginPosition>540</beginPosition>
    <endPosition>592</endPosition>
    <text>./simulations/images/Caltech101Sample/image_0011.jpg</text>
    <outer-class class="org.simbrain.world.textworld.ReaderWorld" reference="../.."/>
  </currentItem>
  <position>592</position>
  <lastPosition>538</lastPosition>
  <highlightColor>
    <red>128</red>
    <green>128</green>
    <blue>128</blue>
    <alpha>255</alpha>
  </highlightColor>
  <tokenDictionary class="sorted-set">
    <string>cheese</string>
    <string>flower</string>
    <string>mouse</string>
    <string>poison</string>
    <string>yuck!</string>
    <string>yum!</string>
  </tokenDictionary>
  <tokenToVectorDictionary>
    <entry>
      <string>hello</string>
      <double-array>
        <double>0.2</double>
        <double>0.0</double>
        <double>0.0</double>
      </double-array>
    </entry>
    <entry>
      <string>how</string>
      <double-array>
        <double>1.0</double>
        <double>0.0</double>
        <double>1.0</double>
      </double-array>
    </entry>
    <entry>
      <string>are</string>
      <double-array>
        <double>0.0</double>
        <double>1.0</double>
        <double>0.0</double>
      </double-array>
    </entry>
    <entry>
      <string>you</string>
      <double-array>
        <double>1.0</double>
        <double>0.5</double>
        <double>0.0</double>
      </double-array>
    </entry>
  </tokenToVectorDictionary>
  <currentTextItem reference="../currentItem"/>
  <vectorLength>5</vectorLength>
  <parseStyle>WORD</parseStyle>
  <pattern>
    <pattern>(\S+)</pattern>
    <flags>0</flags>
  </pattern>
  <regularExpression>(\S+)</regularExpression>
  <matcher>
    <parentPattern reference="../../pattern"/>
    <groups>
      <int>540</int>
      <int>592</int>
      <int>540</int>
      <int>592</int>
      <int>-1</int>
      <int>-1</int>
      <int>-1</int>
      <int>-1</int>
      <int>-1</int>
      <int>-1</int>
      <int>-1</int>
      <int>-1</int>
      <int>-1</int>
      <int>-1</int>
      <int>-1</int>
      <int>-1</int>
      <int>-1</int>
      <int>-1</int>
      <int>-1</int>
      <int>-1</int>
    </groups>
    <from>0</from>
    <to>2160</to>
    <lookbehindTo>0</lookbehindTo>
    <text class="string">./simulations/images/Caltech101Sample/image_0001.jpg&#xd;
./simulations/images/Caltech101Sample/image_0002.jpg&#xd;
./simulations/images/Caltech101Sample/image_0003.jpg&#xd;
./simulations/images/Caltech101Sample/image_0004.jpg&#xd;
./simulations/images/Caltech101Sample/image_0005.jpg&#xd;
./simulations/images/Caltech101Sample/image_0006.jpg&#xd;
./simulations/images/Caltech101Sample/image_0007.jpg&#xd;
./simulations/images/Caltech101Sample/image_0008.jpg&#xd;
./simulations/images/Caltech101Sample/image_0009.jpg&#xd;
./simulations/images/Caltech101Sample/image_0010.jpg&#xd;
./simulations/images/Caltech101Sample/image_0011.jpg&#xd;
./simulations/images/Caltech101Sample/image_0012.jpg&#xd;
./simulations/images/Caltech101Sample/image_0013.jpg&#xd;
./simulations/images/Caltech101Sample/image_0014.jpg&#xd;
./simulations/images/Caltech101Sample/image_0015.jpg&#xd;
./simulations/images/Caltech101Sample/image_0016.jpg&#xd;
./simulations/images/Caltech101Sample/image_0017.jpg&#xd;
./simulations/images/Caltech101Sample/image_0018.jpg&#xd;
./simulations/images/Caltech101Sample/image_0019.jpg&#xd;
./simulations/images/Caltech101Sample/image_0020.jpg&#xd;
./simulations/images/Caltech101Sample/image_0021.jpg&#xd;
./simulations/images/Caltech101Sample/image_0022.jpg&#xd;
./simulations/images/Caltech101Sample/image_0023.jpg&#xd;
./simulations/images/Caltech101Sample/image_0024.jpg&#xd;
./simulations/images/Caltech101Sample/image_0025.jpg&#xd;
./simulations/images/Caltech101Sample/image_0026.jpg&#xd;
./simulations/images/Caltech101Sample/image_0027.jpg&#xd;
./simulations/images/Caltech101Sample/image_0028.jpg&#xd;
./simulations/images/Caltech101Sample/image_0029.jpg&#xd;
./simulations/images/Caltech101Sample/image_0030.jpg&#xd;
./simulations/images/Caltech101Sample/image_0031.jpg&#xd;
./simulations/images/Caltech101Sample/image_0032.jpg&#xd;
./simulations/images/Caltech101Sample/image_0033.jpg&#xd;
./simulations/images/Caltech101Sample/image_0034.jpg&#xd;
./simulations/images/Caltech101Sample/image_0035.jpg&#xd;
./simulations/images/Caltech101Sample/image_0036.jpg&#xd;
./simulations/images/Caltech101Sample/image_0037.jpg&#xd;
./simulations/images/Caltech101Sample/image_0038.jpg&#xd;
./simulations/images/Caltech101Sample/image_0039.jpg&#xd;
./simulations/images/Caltech101Sample/image_0040.jpg&#xd;
</text>
    <acceptMode>0</acceptMode>
    <first>540</first>
    <last>592</last>
    <oldLast>592</oldLast>
    <lastAppendPosition>0</lastAppendPosition>
    <locals>
      <int>-1</int>
    </locals>
    <hitEnd>false</hitEnd>
    <requireEnd>false</requireEnd>
    <transparentBounds>false</transparentBounds>
    <anchoringBounds>true</anchoringBounds>
  </matcher>
</org.simbrain.world.textworld.ReaderWorld>