<org.simbrain.network.core.Network>
  <looseNeurons>
    <org.simbrain.network.core.Neuron>
      <updateRule class="org.simbrain.network.neuron_update_rules.LinearRule">
        <slope>1.0</slope>
        <bias>0.0</bias>
        <noiseGenerator class="org.simbrain.util.math.ProbDistributions.UniformDistribution">
          <floor>0.0</floor>
          <ceil>1.0</ceil>
          <polarity>BOTH</polarity>
        </noiseGenerator>
        <addNoise>false</addNoise>
        <clipping>true</clipping>
        <upperBound>100.0</upperBound>
        <lowerBound>-1.0</lowerBound>
      </updateRule>
      <id>Neuron_1</id>
      <label>Turn Left</label>
      <activation>0.0</activation>
      <increment>0.1</increment>
      <spike>false</spike>
      <buffer>0.0</buffer>
      <spkBuffer>false</spkBuffer>
      <inputValue>0.0</inputValue>
      <parent reference="../../.."/>
      <x>114.7694576661508</x>
      <y>141.76714283303426</y>
      <z>0.0</z>
      <clamped>false</clamped>
      <polarity>BOTH</polarity>
      <targetValue>0.0</targetValue>
      <lastActivation>0.0</lastActivation>
      <updatePriority>0</updatePriority>
      <auxValue>0.0</auxValue>
    </org.simbrain.network.core.Neuron>
    <org.simbrain.network.core.Neuron>
      <updateRule class="org.simbrain.network.neuron_update_rules.LinearRule">
        <slope>1.0</slope>
        <bias>0.0</bias>
        <noiseGenerator class="org.simbrain.util.math.ProbDistributions.UniformDistribution">
          <floor>0.0</floor>
          <ceil>1.0</ceil>
          <polarity>BOTH</polarity>
        </noiseGenerator>
        <addNoise>false</addNoise>
        <clipping>true</clipping>
        <upperBound>1.0</upperBound>
        <lowerBound>-1.0</lowerBound>
      </updateRule>
      <id>Neuron_2</id>
      <label>Straight</label>
      <activation>2.75</activation>
      <increment>0.1</increment>
      <spike>false</spike>
      <buffer>0.0</buffer>
      <spkBuffer>false</spkBuffer>
      <inputValue>0.0</inputValue>
      <parent reference="../../.."/>
      <x>178.77947758377195</x>
      <y>140.93339570548233</y>
      <z>0.0</z>
      <clamped>true</clamped>
      <polarity>BOTH</polarity>
      <targetValue>0.0</targetValue>
      <lastActivation>2.75</lastActivation>
      <updatePriority>0</updatePriority>
      <auxValue>0.0</auxValue>
    </org.simbrain.network.core.Neuron>
    <org.simbrain.network.core.Neuron>
      <updateRule class="org.simbrain.network.neuron_update_rules.LinearRule">
        <slope>1.0</slope>
        <bias>0.0</bias>
        <noiseGenerator class="org.simbrain.util.math.ProbDistributions.UniformDistribution">
          <floor>0.0</floor>
          <ceil>1.0</ceil>
          <polarity>BOTH</polarity>
        </noiseGenerator>
        <addNoise>false</addNoise>
        <clipping>true</clipping>
        <upperBound>100.0</upperBound>
        <lowerBound>-1.0</lowerBound>
      </updateRule>
      <id>Neuron_3</id>
      <label>Turn Right</label>
      <activation>0.0</activation>
      <increment>0.1</increment>
      <spike>false</spike>
      <buffer>0.0</buffer>
      <spkBuffer>false</spkBuffer>
      <inputValue>0.0</inputValue>
      <parent reference="../../.."/>
      <x>240.05037091351056</x>
      <y>141.24322454982715</y>
      <z>0.0</z>
      <clamped>false</clamped>
      <polarity>BOTH</polarity>
      <targetValue>0.0</targetValue>
      <lastActivation>0.0</lastActivation>
      <updatePriority>0</updatePriority>
      <auxValue>0.0</auxValue>
    </org.simbrain.network.core.Neuron>
    <org.simbrain.network.core.Neuron>
      <updateRule class="org.simbrain.network.neuron_update_rules.LinearRule">
        <slope>1.0</slope>
        <bias>0.0</bias>
        <noiseGenerator class="org.simbrain.util.math.ProbDistributions.UniformDistribution">
          <floor>0.0</floor>
          <ceil>1.0</ceil>
          <polarity>BOTH</polarity>
        </noiseGenerator>
        <addNoise>false</addNoise>
        <clipping>true</clipping>
        <upperBound>1.0</upperBound>
        <lowerBound>-1.0</lowerBound>
      </updateRule>
      <id>Neuron_4</id>
      <label>Left Sensor</label>
      <activation>0.0</activation>
      <increment>0.1</increment>
      <spike>false</spike>
      <buffer>0.0</buffer>
      <spkBuffer>false</spkBuffer>
      <inputValue>0.0</inputValue>
      <parent reference="../../.."/>
      <x>116.11804671528395</x>
      <y>211.31989948163476</y>
      <z>0.0</z>
      <clamped>false</clamped>
      <polarity>BOTH</polarity>
      <targetValue>0.0</targetValue>
      <lastActivation>0.0</lastActivation>
      <updatePriority>0</updatePriority>
      <auxValue>0.0</auxValue>
    </org.simbrain.network.core.Neuron>
    <org.simbrain.network.core.Neuron>
      <updateRule class="org.simbrain.network.neuron_update_rules.LinearRule">
        <slope>1.0</slope>
        <bias>0.0</bias>
        <noiseGenerator class="org.simbrain.util.math.ProbDistributions.UniformDistribution">
          <floor>0.0</floor>
          <ceil>1.0</ceil>
          <polarity>BOTH</polarity>
        </noiseGenerator>
        <addNoise>false</addNoise>
        <clipping>true</clipping>
        <upperBound>1.0</upperBound>
        <lowerBound>-1.0</lowerBound>
      </updateRule>
      <id>Neuron_5</id>
      <label>Right Sensor</label>
      <activation>0.0</activation>
      <increment>0.1</increment>
      <spike>false</spike>
      <buffer>0.0</buffer>
      <spkBuffer>false</spkBuffer>
      <inputValue>0.0</inputValue>
      <parent reference="../../.."/>
      <x>237.07865276650665</x>
      <y>214.01769135350867</y>
      <z>0.0</z>
      <clamped>false</clamped>
      <polarity>BOTH</polarity>
      <targetValue>0.0</targetValue>
      <lastActivation>0.0</lastActivation>
      <updatePriority>0</updatePriority>
      <auxValue>0.0</auxValue>
    </org.simbrain.network.core.Neuron>
  </looseNeurons>
  <looseSynapses class="linked-hash-set">
    <org.simbrain.network.core.Synapse>
      <strength>10.0</strength>
      <parentNetwork reference="../../.."/>
      <source reference="../../../looseNeurons/org.simbrain.network.core.Neuron[4]"/>
      <target reference="../../../looseNeurons/org.simbrain.network.core.Neuron"/>
      <learningRule class="org.simbrain.network.synapse_update_rules.StaticSynapseRule">
        <clipped>false</clipped>
      </learningRule>
      <spikeResponder class="org.simbrain.network.synapse_update_rules.spikeresponders.NonResponder">
        <value>0.0</value>
      </spikeResponder>
      <id>Synapse_3</id>
      <psr>0.0</psr>
      <increment>1.0</increment>
      <upperBound>20.0</upperBound>
      <lowerBound>-10.0</lowerBound>
      <delay>0</delay>
      <enabled>true</enabled>
      <frozen>false</frozen>
      <dlyPtr>0</dlyPtr>
      <dlyVal>0.0</dlyVal>
      <isTemplate>false</isTemplate>
    </org.simbrain.network.core.Synapse>
    <org.simbrain.network.core.Synapse>
      <strength>10.0</strength>
      <parentNetwork reference="../../.."/>
      <source reference="../../../looseNeurons/org.simbrain.network.core.Neuron[5]"/>
      <target reference="../../../looseNeurons/org.simbrain.network.core.Neuron[3]"/>
      <learningRule class="org.simbrain.network.synapse_update_rules.StaticSynapseRule" reference="../../org.simbrain.network.core.Synapse/learningRule"/>
      <spikeResponder class="org.simbrain.network.synapse_update_rules.spikeresponders.NonResponder">
        <value>0.0</value>
      </spikeResponder>
      <id>Synapse_4</id>
      <psr>0.0</psr>
      <increment>1.0</increment>
      <upperBound>20.0</upperBound>
      <lowerBound>-10.0</lowerBound>
      <delay>0</delay>
      <enabled>true</enabled>
      <frozen>false</frozen>
      <dlyPtr>0</dlyPtr>
      <dlyVal>0.0</dlyVal>
      <isTemplate>false</isTemplate>
    </org.simbrain.network.core.Synapse>
  </looseSynapses>
  <weightMatrices/>
  <neuronCollectionSet/>
  <multiLayerNetworks/>
  <neuronGroups/>
  <synapseGroups/>
  <subnetworks/>
  <textList/>
  <naList/>
  <updateManager>
    <actionList>
      <org.simbrain.network.update__actions.BufferedUpdate>
        <network reference="../../../.."/>
      </org.simbrain.network.update__actions.BufferedUpdate>
    </actionList>
    <network reference="../.."/>
  </updateManager>
  <time>661.1000000000818</time>
  <timeStep>0.1</timeStep>
  <isRunning>
    <value>0</value>
  </isRunning>
  <timeType>DISCRETE</timeType>
  <prioritySortedNeuronList>
    <org.simbrain.network.core.Neuron reference="../../looseNeurons/org.simbrain.network.core.Neuron"/>
    <org.simbrain.network.core.Neuron reference="../../looseNeurons/org.simbrain.network.core.Neuron[2]"/>
    <org.simbrain.network.core.Neuron reference="../../looseNeurons/org.simbrain.network.core.Neuron[3]"/>
    <org.simbrain.network.core.Neuron reference="../../looseNeurons/org.simbrain.network.core.Neuron[4]"/>
    <org.simbrain.network.core.Neuron reference="../../looseNeurons/org.simbrain.network.core.Neuron[5]"/>
  </prioritySortedNeuronList>
  <priorityComparator>
    <outer-class reference="../.."/>
  </priorityComparator>
  <idManager>
    <idMap>
      <entry>
        <java-class>org.simbrain.network.groups.NeuronGroup</java-class>
        <org.simbrain.util.SimpleId>
          <rootName>NeuronGroup</rootName>
          <index>
            <value>1</value>
          </index>
        </org.simbrain.util.SimpleId>
      </entry>
      <entry>
        <java-class>org.simbrain.network.dl4j.NeuronArray</java-class>
        <org.simbrain.util.SimpleId>
          <rootName>NeuronArray</rootName>
          <index>
            <value>1</value>
          </index>
        </org.simbrain.util.SimpleId>
      </entry>
      <entry>
        <java-class>org.simbrain.network.dl4j.MultiLayerNet</java-class>
        <org.simbrain.util.SimpleId>
          <rootName>MultiLayerNet</rootName>
          <index>
            <value>1</value>
          </index>
        </org.simbrain.util.SimpleId>
      </entry>
      <entry>
        <java-class>org.simbrain.network.core.Synapse</java-class>
        <org.simbrain.util.SimpleId>
          <rootName>Synapse</rootName>
          <index>
            <value>5</value>
          </index>
        </org.simbrain.util.SimpleId>
      </entry>
      <entry>
        <java-class>org.simbrain.network.groups.NeuronCollection</java-class>
        <org.simbrain.util.SimpleId>
          <rootName>NeuronCollection</rootName>
          <index>
            <value>1</value>
          </index>
        </org.simbrain.util.SimpleId>
      </entry>
      <entry>
        <java-class>org.simbrain.network.groups.SynapseGroup</java-class>
        <org.simbrain.util.SimpleId>
          <rootName>SynapseGroup</rootName>
          <index>
            <value>1</value>
          </index>
        </org.simbrain.util.SimpleId>
      </entry>
      <entry>
        <java-class>org.simbrain.network.groups.Subnetwork</java-class>
        <org.simbrain.util.SimpleId>
          <rootName>Subnetwork</rootName>
          <index>
            <value>1</value>
          </index>
        </org.simbrain.util.SimpleId>
      </entry>
      <entry>
        <java-class>org.simbrain.network.core.Neuron</java-class>
        <org.simbrain.util.SimpleId>
          <rootName>Neuron</rootName>
          <index>
            <value>6</value>
          </index>
        </org.simbrain.util.SimpleId>
      </entry>
      <entry>
        <java-class>org.simbrain.network.dl4j.WeightMatrix</java-class>
        <org.simbrain.util.SimpleId>
          <rootName>WeightMatrix</rootName>
          <index>
            <value>1</value>
          </index>
        </org.simbrain.util.SimpleId>
      </entry>
    </idMap>
  </idManager>
  <name>Network1</name>
  <iterCount>28088</iterCount>
  <updateFreq>1</updateFreq>
  <oneOffRun>true</oneOffRun>
</org.simbrain.network.core.Network>