<org.simbrain.world.odorworld.OdorWorld>
  <entityList class="java.util.concurrent.CopyOnWriteArrayList" serialization="custom">
    <java.util.concurrent.CopyOnWriteArrayList>
      <default/>
      <int>2</int>
      <org.simbrain.world.odorworld.entities.OdorWorldEntity>
        <entityType>SWISS</entityType>
        <name>Entity_1</name>
        <id>Entity_1</id>
        <x>322.0</x>
        <y>83.0</y>
        <collisionBound>
          <collisionRadius>24.0</collisionRadius>
          <location>
            <x>322.0</x>
            <y>83.0</y>
          </location>
          <centerLocation>
            <x>338.0</x>
            <y>99.0</y>
          </centerLocation>
          <collisionBounds>
            <entry>
              <string>left</string>
              <java.awt.geom.Line2D_-Double>
                <x1>322.0</x1>
                <y1>83.0</y1>
                <x2>322.0</x2>
                <y2>115.0</y2>
              </java.awt.geom.Line2D_-Double>
            </entry>
            <entry>
              <string>up</string>
              <java.awt.geom.Line2D_-Double>
                <x1>322.0</x1>
                <y1>83.0</y1>
                <x2>354.0</x2>
                <y2>83.0</y2>
              </java.awt.geom.Line2D_-Double>
            </entry>
            <entry>
              <string>right</string>
              <java.awt.geom.Line2D_-Double>
                <x1>354.0</x1>
                <y1>83.0</y1>
                <x2>354.0</x2>
                <y2>115.0</y2>
              </java.awt.geom.Line2D_-Double>
            </entry>
            <entry>
              <string>down</string>
              <java.awt.geom.Line2D_-Double>
                <x1>322.0</x1>
                <y1>115.0</y1>
                <x2>354.0</x2>
                <y2>115.0</y2>
              </java.awt.geom.Line2D_-Double>
            </entry>
          </collisionBounds>
          <velocity>
            <x>0.0</x>
            <y>0.0</y>
          </velocity>
          <shape>
            <x>322.0</x>
            <y>83.0</y>
            <width>32.0</width>
            <height>32.0</height>
          </shape>
        </collisionBound>
        <dx>0.0</dx>
        <dy>0.0</dy>
        <manualStraightMovementIncrement>1.0</manualStraightMovementIncrement>
        <manualMovementVelocity>
          <x>0.0</x>
          <y>0.0</y>
        </manualMovementVelocity>
        <manualMode>false</manualMode>
        <heading>0.0</heading>
        <dtheta>0.0</dtheta>
        <manualMotionTurnIncrement>1.0</manualMotionTurnIncrement>
        <parentWorld reference="../../../.."/>
        <sensors/>
        <effectors/>
        <smellSource>
          <stimulusVector>
            <double>0.28165664656154377</double>
            <double>0.690726814854608</double>
            <double>0.41904843438048045</double>
            <double>0.9614904550698145</double>
            <double>0.6499072380052585</double>
            <double>0.2389297881510556</double>
            <double>0.35440897857925846</double>
            <double>0.2362219829529707</double>
            <double>0.9941157713456215</double>
            <double>0.6506620123544202</double>
          </stimulusVector>
          <returnVector reference="../stimulusVector"/>
          <decayFunction class="org.simbrain.util.math.DecayFunctions.LinearDecayFunction">
            <dispersion>500.0</dispersion>
            <peakDistance>0.0</peakDistance>
            <randomizer class="org.simbrain.util.math.ProbDistributions.UniformDistribution">
              <floor>0.0</floor>
              <ceil>1.0</ceil>
              <polarity>BOTH</polarity>
            </randomizer>
            <addNoise>false</addNoise>
          </decayFunction>
        </smellSource>
        <sensorsEnabled>false</sensorsEnabled>
        <effectorsEnabled>false</effectorsEnabled>
        <showSensors>true</showSensors>
        <currentlyHeardPhrases/>
        <updateHeadingBasedOnVelocity>false</updateHeadingBasedOnVelocity>
        <edible>false</edible>
        <energyLevel>0.0</energyLevel>
        <calories>0.0</calories>
        <tileCollision>
          <x>0</x>
          <y>0</y>
          <outer-class reference="../.."/>
        </tileCollision>
      </org.simbrain.world.odorworld.entities.OdorWorldEntity>
      <org.simbrain.world.odorworld.entities.OdorWorldEntity>
        <entityType>MOUSE</entityType>
        <name>Entity_2</name>
        <id>Entity_2</id>
        <x>58.119631784187874</x>
        <y>342.8454402921094</y>
        <collisionBound>
          <collisionRadius>30.0</collisionRadius>
          <location>
            <x>58.119631784187874</x>
            <y>342.8454402921094</y>
          </location>
          <centerLocation>
            <x>78.11963178418787</x>
            <y>362.8454402921094</y>
          </centerLocation>
          <collisionBounds>
            <entry>
              <string>left</string>
              <java.awt.geom.Line2D_-Double>
                <x1>58.119631784187874</x1>
                <y1>342.8454402921094</y1>
                <x2>58.119631784187874</x2>
                <y2>382.8454402921094</y2>
              </java.awt.geom.Line2D_-Double>
            </entry>
            <entry>
              <string>up</string>
              <java.awt.geom.Line2D_-Double>
                <x1>58.119631784187874</x1>
                <y1>342.8454402921094</y1>
                <x2>98.11963178418787</x2>
                <y2>342.8454402921094</y2>
              </java.awt.geom.Line2D_-Double>
            </entry>
            <entry>
              <string>right</string>
              <java.awt.geom.Line2D_-Double>
                <x1>98.11963178418787</x1>
                <y1>342.8454402921094</y1>
                <x2>98.11963178418787</x2>
                <y2>382.8454402921094</y2>
              </java.awt.geom.Line2D_-Double>
            </entry>
            <entry>
              <string>down</string>
              <java.awt.geom.Line2D_-Double>
                <x1>58.119631784187874</x1>
                <y1>382.8454402921094</y1>
                <x2>98.11963178418787</x2>
                <y2>382.8454402921094</y2>
              </java.awt.geom.Line2D_-Double>
            </entry>
          </collisionBounds>
          <velocity>
            <x>0.0</x>
            <y>-0.0</y>
          </velocity>
          <shape>
            <x>58.119631784187874</x>
            <y>342.8454402921094</y>
            <width>40.0</width>
            <height>40.0</height>
          </shape>
        </collisionBound>
        <dx>0.0</dx>
        <dy>-0.0</dy>
        <manualStraightMovementIncrement>1.0</manualStraightMovementIncrement>
        <manualMovementVelocity>
          <x>0.0</x>
          <y>0.0</y>
        </manualMovementVelocity>
        <manualMode>false</manualMode>
        <heading>41.908336333639994</heading>
        <dtheta>0.0</dtheta>
        <manualMotionTurnIncrement>1.0</manualMotionTurnIncrement>
        <parentWorld reference="../../../.."/>
        <sensors>
          <org.simbrain.world.odorworld.sensors.ObjectSensor>
            <theta>0.39269908169872414</theta>
            <radius>50.0</radius>
            <relativeLocation>
              <x>41.59772653901284</x>
              <y>-25.094769190517212</y>
            </relativeLocation>
            <parent reference="../../.."/>
            <id>Sensor_1</id>
            <label></label>
            <value>0.0</value>
            <baseValue>1.0</baseValue>
            <decayFunction class="org.simbrain.util.math.DecayFunctions.LinearDecayFunction">
              <dispersion>250.0</dispersion>
              <peakDistance>0.0</peakDistance>
              <randomizer class="org.simbrain.util.math.ProbDistributions.UniformDistribution">
                <floor>0.0</floor>
                <ceil>1.0</ceil>
                <polarity>BOTH</polarity>
              </randomizer>
              <addNoise>false</addNoise>
            </decayFunction>
            <objectType>SWISS</objectType>
            <showLabel>false</showLabel>
          </org.simbrain.world.odorworld.sensors.ObjectSensor>
          <org.simbrain.world.odorworld.sensors.ObjectSensor>
            <theta>-0.39269908169872414</theta>
            <radius>50.0</radius>
            <relativeLocation>
              <x>67.15871598460556</x>
              <y>3.385081803291726</y>
            </relativeLocation>
            <parent reference="../../.."/>
            <id>Sensor_3</id>
            <label></label>
            <value>0.0</value>
            <baseValue>1.0</baseValue>
            <decayFunction class="org.simbrain.util.math.DecayFunctions.LinearDecayFunction">
              <dispersion>250.0</dispersion>
              <peakDistance>0.0</peakDistance>
              <randomizer class="org.simbrain.util.math.ProbDistributions.UniformDistribution">
                <floor>0.0</floor>
                <ceil>1.0</ceil>
                <polarity>BOTH</polarity>
              </randomizer>
              <addNoise>false</addNoise>
            </decayFunction>
            <objectType>SWISS</objectType>
            <showLabel>false</showLabel>
          </org.simbrain.world.odorworld.sensors.ObjectSensor>
        </sensors>
        <effectors>
          <org.simbrain.world.odorworld.effectors.StraightMovement>
            <parent reference="../../.."/>
            <id>Effector_1</id>
            <label></label>
            <amount>0.0</amount>
            <scalingFactor>1.0</scalingFactor>
          </org.simbrain.world.odorworld.effectors.StraightMovement>
          <org.simbrain.world.odorworld.effectors.Turning>
            <parent reference="../../.."/>
            <id>Effector_2</id>
            <label></label>
            <direction>1.0</direction>
            <amount>0.0</amount>
          </org.simbrain.world.odorworld.effectors.Turning>
          <org.simbrain.world.odorworld.effectors.Turning>
            <parent reference="../../.."/>
            <id>Effector_3</id>
            <label></label>
            <direction>-1.0</direction>
            <amount>0.0</amount>
          </org.simbrain.world.odorworld.effectors.Turning>
        </effectors>
        <smellSource>
          <stimulusVector>
            <double>0.4790843293175292</double>
            <double>0.14374956363856206</double>
            <double>0.19555199202358808</double>
            <double>0.24579595101946006</double>
            <double>0.6193814607191478</double>
            <double>0.6445666839326721</double>
            <double>0.10920784709060782</double>
            <double>0.9907013232768664</double>
            <double>0.051530345247790654</double>
            <double>0.9870802760153533</double>
          </stimulusVector>
          <returnVector reference="../stimulusVector"/>
          <decayFunction class="org.simbrain.util.math.DecayFunctions.LinearDecayFunction">
            <dispersion>70.0</dispersion>
            <peakDistance>0.0</peakDistance>
            <randomizer class="org.simbrain.util.math.ProbDistributions.UniformDistribution">
              <floor>0.0</floor>
              <ceil>1.0</ceil>
              <polarity>BOTH</polarity>
            </randomizer>
            <addNoise>false</addNoise>
          </decayFunction>
        </smellSource>
        <sensorsEnabled>true</sensorsEnabled>
        <effectorsEnabled>true</effectorsEnabled>
        <showSensors>true</showSensors>
        <currentlyHeardPhrases/>
        <updateHeadingBasedOnVelocity>false</updateHeadingBasedOnVelocity>
        <edible>false</edible>
        <energyLevel>-43331.106143976824</energyLevel>
        <calories>0.0</calories>
        <tileCollision>
          <x>4</x>
          <y>10</y>
          <eightNeighborCollisionBounds/>
          <outer-class reference="../.."/>
        </tileCollision>
      </org.simbrain.world.odorworld.entities.OdorWorldEntity>
    </java.util.concurrent.CopyOnWriteArrayList>
  </entityList>
  <tileMap version="1.0" tiledversion="1.1.6" width="14" height="14" tilewidth="32" tileheight="32">
    <tileset firstgid="1" name="RoguelikeTileSet" tilewidth="32" tileheight="32" spacing="2" margin="0" tilecount="1767" columns="57" offsetX="0" offsetY="0">
      <image source="tileset_kenney.png" width="1936" height="1052"/>
      <tile id="5">
        <properties>
          <property name="type" value="Grass"/>
        </properties>
      </tile>
      <tile id="62">
        <properties>
          <property name="type" value="Grass"/>
        </properties>
      </tile>
      <tile id="293">
        <properties>
          <property name="smell" value="1, 0.45, 0.22, 0.45, 0.02"/>
        </properties>
      </tile>
      <tile id="406">
        <properties>
          <property name="label" value="DirtRoadTurnDownRight"/>
          <property name="type" value="DirtRoad"/>
        </properties>
      </tile>
    </tileset>
    <layer name="Tile Layer 1" width="14" height="14">
      <data encoding="csv">
0,0,0,0,0,0,0,0,0,0,0,0,0,0,
0,0,0,0,0,0,0,0,0,0,0,0,0,0,
0,0,0,0,0,0,0,0,0,0,0,0,0,0,
0,0,0,0,0,0,0,0,0,0,0,0,0,0,
0,0,0,0,0,0,0,0,0,0,0,0,0,0,
0,0,0,0,0,0,0,0,0,0,0,0,0,0,
0,0,0,0,0,0,0,0,0,0,0,0,0,0,
0,0,0,0,0,0,0,0,0,0,0,0,0,0,
0,0,0,0,0,0,0,0,0,0,0,0,0,0,
0,0,0,0,0,0,0,0,0,0,0,0,0,0,
0,0,0,0,0,0,0,0,0,0,0,0,0,0,
0,0,0,0,0,0,0,0,0,0,0,0,0,0,
0,0,0,0,0,0,0,0,0,0,0,0,0,0,
0,0,0,0,0,0,0,0,0,0,0,0,0,0
</data>
    </layer>
  </tileMap>
  <totalSmellVectorLength>3.696944096219907</totalSmellVectorLength>
  <wrapAround>true</wrapAround>
  <objectsBlockMovement>true</objectsBlockMovement>
  <entityIDGenerator>
    <rootName>Entity</rootName>
    <index>3</index>
  </entityIDGenerator>
  <sensorIDGenerator>
    <rootName>Sensor</rootName>
    <index>4</index>
  </sensorIDGenerator>
  <effectorIDGenerator>
    <rootName>Effector</rootName>
    <index>4</index>
  </effectorIDGenerator>
  <agentIdGenerator>
    <rootName>Agent</rootName>
    <index>1</index>
  </agentIdGenerator>
  <lastClickedPosition class="java.awt.geom.Point2D$Double">
    <x>78.0</x>
    <y>284.0</y>
  </lastClickedPosition>
  <worldBoundary>
    <collisionRadius>336.0</collisionRadius>
    <location>
      <x>0.0</x>
      <y>0.0</y>
    </location>
    <centerLocation>
      <x>224.0</x>
      <y>224.0</y>
    </centerLocation>
    <collisionBounds>
      <entry>
        <string>left</string>
        <java.awt.geom.Line2D_-Double>
          <x1>0.0</x1>
          <y1>0.0</y1>
          <x2>0.0</x2>
          <y2>448.0</y2>
        </java.awt.geom.Line2D_-Double>
      </entry>
      <entry>
        <string>up</string>
        <java.awt.geom.Line2D_-Double>
          <x1>0.0</x1>
          <y1>0.0</y1>
          <x2>448.0</x2>
          <y2>0.0</y2>
        </java.awt.geom.Line2D_-Double>
      </entry>
      <entry>
        <string>right</string>
        <java.awt.geom.Line2D_-Double>
          <x1>448.0</x1>
          <y1>0.0</y1>
          <x2>448.0</x2>
          <y2>448.0</y2>
        </java.awt.geom.Line2D_-Double>
      </entry>
      <entry>
        <string>down</string>
        <java.awt.geom.Line2D_-Double>
          <x1>0.0</x1>
          <y1>448.0</y1>
          <x2>448.0</x2>
          <y2>448.0</y2>
        </java.awt.geom.Line2D_-Double>
      </entry>
    </collisionBounds>
    <velocity>
      <x>0.0</x>
      <y>0.0</y>
    </velocity>
    <shape>
      <x>0.0</x>
      <y>0.0</y>
      <width>448.0</width>
      <height>448.0</height>
    </shape>
  </worldBoundary>
</org.simbrain.world.odorworld.OdorWorld>