<org.simbrain.world.odorworld.OdorWorld>
  <entityList class="java.util.concurrent.CopyOnWriteArrayList" serialization="custom">
    <java.util.concurrent.CopyOnWriteArrayList>
      <default/>
      <int>2</int>
      <org.simbrain.world.odorworld.entities.OdorWorldEntity>
        <entityType>MOUSE</entityType>
        <name>Entity_1</name>
        <id>Entity_1</id>
        <x>148.04521252689773</x>
        <y>240.5778380771377</y>
        <collisionBound>
          <collisionRadius>30.0</collisionRadius>
          <location>
            <x>148.04521252689773</x>
            <y>240.5778380771377</y>
          </location>
          <centerLocation>
            <x>168.04521252689773</x>
            <y>260.5778380771377</y>
          </centerLocation>
          <collisionBounds>
            <entry>
              <string>left</string>
              <java.awt.geom.Line2D_-Double>
                <x1>148.04521252689773</x1>
                <y1>240.5778380771377</y1>
                <x2>148.04521252689773</x2>
                <y2>280.5778380771377</y2>
              </java.awt.geom.Line2D_-Double>
            </entry>
            <entry>
              <string>up</string>
              <java.awt.geom.Line2D_-Double>
                <x1>148.04521252689773</x1>
                <y1>240.5778380771377</y1>
                <x2>188.04521252689773</x2>
                <y2>240.5778380771377</y2>
              </java.awt.geom.Line2D_-Double>
            </entry>
            <entry>
              <string>right</string>
              <java.awt.geom.Line2D_-Double>
                <x1>188.04521252689773</x1>
                <y1>240.5778380771377</y1>
                <x2>188.04521252689773</x2>
                <y2>280.5778380771377</y2>
              </java.awt.geom.Line2D_-Double>
            </entry>
            <entry>
              <string>down</string>
              <java.awt.geom.Line2D_-Double>
                <x1>148.04521252689773</x1>
                <y1>280.5778380771377</y1>
                <x2>188.04521252689773</x2>
                <y2>280.5778380771377</y2>
              </java.awt.geom.Line2D_-Double>
            </entry>
          </collisionBounds>
          <velocity>
            <x>0.0</x>
            <y>-0.0</y>
          </velocity>
          <shape>
            <x>148.04521252689773</x>
            <y>240.5778380771377</y>
            <width>40.0</width>
            <height>40.0</height>
          </shape>
        </collisionBound>
        <dx>0.0</dx>
        <dy>-0.0</dy>
        <manualStraightMovementIncrement>1.0</manualStraightMovementIncrement>
        <manualMovementVelocity>
          <x>0.0</x>
          <y>0.0</y>
        </manualMovementVelocity>
        <manualMode>false</manualMode>
        <heading>42.8074647482796</heading>
        <dtheta>0.0</dtheta>
        <manualMotionTurnIncrement>1.0</manualMotionTurnIncrement>
        <parentWorld reference="../../../.."/>
        <sensors>
          <org.simbrain.world.odorworld.sensors.ObjectSensor>
            <theta>0.39269908169872414</theta>
            <radius>50.0</radius>
            <relativeLocation>
              <x>40.88743528900408</x>
              <y>-25.42813056958945</y>
            </relativeLocation>
            <parent reference="../../.."/>
            <id>Sensor_1</id>
            <label>Left Swiss Detector</label>
            <events>
              <changeSupport serialization="custom">
                <java.beans.PropertyChangeSupport>
                  <default>
                    <children>
                      <entry>
                        <string>Update</string>
                        <java.beans.PropertyChangeSupport serialization="custom">
                          <java.beans.PropertyChangeSupport>
                            <default>
                              <source class="org.simbrain.world.odorworld.sensors.ObjectSensor" reference="../../../../../../../../../.."/>
                              <propertyChangeSupportSerializedDataVersion>2</propertyChangeSupportSerializedDataVersion>
                            </default>
                            <null/>
                          </java.beans.PropertyChangeSupport>
                        </java.beans.PropertyChangeSupport>
                      </entry>
                    </children>
                    <source class="org.simbrain.world.odorworld.sensors.ObjectSensor" reference="../../../../.."/>
                    <propertyChangeSupportSerializedDataVersion>2</propertyChangeSupportSerializedDataVersion>
                  </default>
                  <null/>
                </java.beans.PropertyChangeSupport>
              </changeSupport>
              <attribute class="org.simbrain.world.odorworld.sensors.ObjectSensor" reference="../.."/>
            </events>
            <value>0.0</value>
            <baseValue>1.0</baseValue>
            <decayFunction class="org.simbrain.util.math.DecayFunctions.LinearDecayFunction">
              <dispersion>170.0</dispersion>
              <peakDistance>0.0</peakDistance>
              <randomizer class="org.simbrain.util.math.ProbDistributions.UniformDistribution">
                <floor>0.0</floor>
                <ceil>1.0</ceil>
                <polarity>BOTH</polarity>
              </randomizer>
              <addNoise>false</addNoise>
            </decayFunction>
            <objectType>SWISS</objectType>
            <showLabel>false</showLabel>
          </org.simbrain.world.odorworld.sensors.ObjectSensor>
          <org.simbrain.world.odorworld.sensors.ObjectSensor>
            <theta>-0.39269908169872414</theta>
            <radius>50.0</radius>
            <relativeLocation>
              <x>66.89218631683457</x>
              <y>2.647107952065383</y>
            </relativeLocation>
            <parent reference="../../.."/>
            <id>Sensor_3</id>
            <label>Right Swiss Detector</label>
            <events>
              <changeSupport serialization="custom">
                <java.beans.PropertyChangeSupport>
                  <default>
                    <children>
                      <entry>
                        <string>Update</string>
                        <java.beans.PropertyChangeSupport serialization="custom">
                          <java.beans.PropertyChangeSupport>
                            <default>
                              <source class="org.simbrain.world.odorworld.sensors.ObjectSensor" reference="../../../../../../../../../.."/>
                              <propertyChangeSupportSerializedDataVersion>2</propertyChangeSupportSerializedDataVersion>
                            </default>
                            <null/>
                          </java.beans.PropertyChangeSupport>
                        </java.beans.PropertyChangeSupport>
                      </entry>
                    </children>
                    <source class="org.simbrain.world.odorworld.sensors.ObjectSensor" reference="../../../../.."/>
                    <propertyChangeSupportSerializedDataVersion>2</propertyChangeSupportSerializedDataVersion>
                  </default>
                  <null/>
                </java.beans.PropertyChangeSupport>
              </changeSupport>
              <attribute class="org.simbrain.world.odorworld.sensors.ObjectSensor" reference="../.."/>
            </events>
            <value>0.0</value>
            <baseValue>1.0</baseValue>
            <decayFunction class="org.simbrain.util.math.DecayFunctions.LinearDecayFunction">
              <dispersion>170.0</dispersion>
              <peakDistance>0.0</peakDistance>
              <randomizer class="org.simbrain.util.math.ProbDistributions.UniformDistribution">
                <floor>0.0</floor>
                <ceil>1.0</ceil>
                <polarity>BOTH</polarity>
              </randomizer>
              <addNoise>false</addNoise>
            </decayFunction>
            <objectType>SWISS</objectType>
            <showLabel>false</showLabel>
          </org.simbrain.world.odorworld.sensors.ObjectSensor>
          <org.simbrain.world.odorworld.sensors.ObjectSensor>
            <theta>0.393</theta>
            <radius>50.0</radius>
            <relativeLocation>
              <x>40.87376418763158</x>
              <y>-25.434413924239735</y>
            </relativeLocation>
            <parent reference="../../.."/>
            <id>Sensor_4</id>
            <label>Left Gouda Detector</label>
            <events>
              <changeSupport serialization="custom">
                <java.beans.PropertyChangeSupport>
                  <default>
                    <children>
                      <entry>
                        <string>Update</string>
                        <java.beans.PropertyChangeSupport serialization="custom">
                          <java.beans.PropertyChangeSupport>
                            <default>
                              <source class="org.simbrain.world.odorworld.sensors.ObjectSensor" reference="../../../../../../../../../.."/>
                              <propertyChangeSupportSerializedDataVersion>2</propertyChangeSupportSerializedDataVersion>
                            </default>
                            <null/>
                          </java.beans.PropertyChangeSupport>
                        </java.beans.PropertyChangeSupport>
                      </entry>
                    </children>
                    <source class="org.simbrain.world.odorworld.sensors.ObjectSensor" reference="../../../../.."/>
                    <propertyChangeSupportSerializedDataVersion>2</propertyChangeSupportSerializedDataVersion>
                  </default>
                  <null/>
                </java.beans.PropertyChangeSupport>
              </changeSupport>
              <attribute class="org.simbrain.world.odorworld.sensors.ObjectSensor" reference="../.."/>
            </events>
            <value>0.0</value>
            <baseValue>1.0</baseValue>
            <decayFunction class="org.simbrain.util.math.DecayFunctions.LinearDecayFunction">
              <dispersion>70.0</dispersion>
              <peakDistance>0.0</peakDistance>
              <randomizer class="org.simbrain.util.math.ProbDistributions.UniformDistribution">
                <floor>0.0</floor>
                <ceil>1.0</ceil>
                <polarity>BOTH</polarity>
              </randomizer>
              <addNoise>false</addNoise>
            </decayFunction>
            <objectType>GOUDA</objectType>
            <showLabel>false</showLabel>
          </org.simbrain.world.odorworld.sensors.ObjectSensor>
          <org.simbrain.world.odorworld.sensors.ObjectSensor>
            <theta>-0.393</theta>
            <radius>50.0</radius>
            <relativeLocation>
              <x>66.89740599646657</x>
              <y>2.6612194545700056</y>
            </relativeLocation>
            <parent reference="../../.."/>
            <id>Sensor_6</id>
            <label>Right Gouda Detector</label>
            <events>
              <changeSupport serialization="custom">
                <java.beans.PropertyChangeSupport>
                  <default>
                    <children>
                      <entry>
                        <string>Update</string>
                        <java.beans.PropertyChangeSupport serialization="custom">
                          <java.beans.PropertyChangeSupport>
                            <default>
                              <source class="org.simbrain.world.odorworld.sensors.ObjectSensor" reference="../../../../../../../../../.."/>
                              <propertyChangeSupportSerializedDataVersion>2</propertyChangeSupportSerializedDataVersion>
                            </default>
                            <null/>
                          </java.beans.PropertyChangeSupport>
                        </java.beans.PropertyChangeSupport>
                      </entry>
                    </children>
                    <source class="org.simbrain.world.odorworld.sensors.ObjectSensor" reference="../../../../.."/>
                    <propertyChangeSupportSerializedDataVersion>2</propertyChangeSupportSerializedDataVersion>
                  </default>
                  <null/>
                </java.beans.PropertyChangeSupport>
              </changeSupport>
              <attribute class="org.simbrain.world.odorworld.sensors.ObjectSensor" reference="../.."/>
            </events>
            <value>0.0</value>
            <baseValue>1.0</baseValue>
            <decayFunction class="org.simbrain.util.math.DecayFunctions.LinearDecayFunction">
              <dispersion>70.0</dispersion>
              <peakDistance>0.0</peakDistance>
              <randomizer class="org.simbrain.util.math.ProbDistributions.UniformDistribution">
                <floor>0.0</floor>
                <ceil>1.0</ceil>
                <polarity>BOTH</polarity>
              </randomizer>
              <addNoise>false</addNoise>
            </decayFunction>
            <objectType>GOUDA</objectType>
            <showLabel>false</showLabel>
          </org.simbrain.world.odorworld.sensors.ObjectSensor>
          <org.simbrain.world.odorworld.sensors.ObjectSensor>
            <theta>0.393</theta>
            <radius>50.0</radius>
            <relativeLocation>
              <x>40.87376418763158</x>
              <y>-25.434413924239735</y>
            </relativeLocation>
            <parent reference="../../.."/>
            <id>Sensor_7</id>
            <label>Left Blue Cheese Detector</label>
            <events>
              <changeSupport serialization="custom">
                <java.beans.PropertyChangeSupport>
                  <default>
                    <children>
                      <entry>
                        <string>Update</string>
                        <java.beans.PropertyChangeSupport serialization="custom">
                          <java.beans.PropertyChangeSupport>
                            <default>
                              <source class="org.simbrain.world.odorworld.sensors.ObjectSensor" reference="../../../../../../../../../.."/>
                              <propertyChangeSupportSerializedDataVersion>2</propertyChangeSupportSerializedDataVersion>
                            </default>
                            <null/>
                          </java.beans.PropertyChangeSupport>
                        </java.beans.PropertyChangeSupport>
                      </entry>
                    </children>
                    <source class="org.simbrain.world.odorworld.sensors.ObjectSensor" reference="../../../../.."/>
                    <propertyChangeSupportSerializedDataVersion>2</propertyChangeSupportSerializedDataVersion>
                  </default>
                  <null/>
                </java.beans.PropertyChangeSupport>
              </changeSupport>
              <attribute class="org.simbrain.world.odorworld.sensors.ObjectSensor" reference="../.."/>
            </events>
            <value>0.0</value>
            <baseValue>1.0</baseValue>
            <decayFunction class="org.simbrain.util.math.DecayFunctions.LinearDecayFunction">
              <dispersion>70.0</dispersion>
              <peakDistance>0.0</peakDistance>
              <randomizer class="org.simbrain.util.math.ProbDistributions.UniformDistribution">
                <floor>0.0</floor>
                <ceil>1.0</ceil>
                <polarity>BOTH</polarity>
              </randomizer>
              <addNoise>false</addNoise>
            </decayFunction>
            <objectType>BLUECHEESE</objectType>
            <showLabel>false</showLabel>
          </org.simbrain.world.odorworld.sensors.ObjectSensor>
          <org.simbrain.world.odorworld.sensors.ObjectSensor>
            <theta>-0.393</theta>
            <radius>50.0</radius>
            <relativeLocation>
              <x>66.89740599646657</x>
              <y>2.6612194545700056</y>
            </relativeLocation>
            <parent reference="../../.."/>
            <id>Sensor_9</id>
            <label>Right Blue Cheese Detector</label>
            <events>
              <changeSupport serialization="custom">
                <java.beans.PropertyChangeSupport>
                  <default>
                    <children>
                      <entry>
                        <string>Update</string>
                        <java.beans.PropertyChangeSupport serialization="custom">
                          <java.beans.PropertyChangeSupport>
                            <default>
                              <source class="org.simbrain.world.odorworld.sensors.ObjectSensor" reference="../../../../../../../../../.."/>
                              <propertyChangeSupportSerializedDataVersion>2</propertyChangeSupportSerializedDataVersion>
                            </default>
                            <null/>
                          </java.beans.PropertyChangeSupport>
                        </java.beans.PropertyChangeSupport>
                      </entry>
                    </children>
                    <source class="org.simbrain.world.odorworld.sensors.ObjectSensor" reference="../../../../.."/>
                    <propertyChangeSupportSerializedDataVersion>2</propertyChangeSupportSerializedDataVersion>
                  </default>
                  <null/>
                </java.beans.PropertyChangeSupport>
              </changeSupport>
              <attribute class="org.simbrain.world.odorworld.sensors.ObjectSensor" reference="../.."/>
            </events>
            <value>0.0</value>
            <baseValue>1.0</baseValue>
            <decayFunction class="org.simbrain.util.math.DecayFunctions.LinearDecayFunction">
              <dispersion>70.0</dispersion>
              <peakDistance>0.0</peakDistance>
              <randomizer class="org.simbrain.util.math.ProbDistributions.UniformDistribution">
                <floor>0.0</floor>
                <ceil>1.0</ceil>
                <polarity>BOTH</polarity>
              </randomizer>
              <addNoise>false</addNoise>
            </decayFunction>
            <objectType>BLUECHEESE</objectType>
            <showLabel>false</showLabel>
          </org.simbrain.world.odorworld.sensors.ObjectSensor>
        </sensors>
        <effectors>
          <org.simbrain.world.odorworld.effectors.StraightMovement>
            <parent reference="../../.."/>
            <id>Effector_1</id>
            <label></label>
            <events>
              <changeSupport serialization="custom">
                <java.beans.PropertyChangeSupport>
                  <default>
                    <source class="org.simbrain.world.odorworld.effectors.StraightMovement" reference="../../../../.."/>
                    <propertyChangeSupportSerializedDataVersion>2</propertyChangeSupportSerializedDataVersion>
                  </default>
                  <null/>
                </java.beans.PropertyChangeSupport>
              </changeSupport>
              <attribute class="org.simbrain.world.odorworld.effectors.StraightMovement" reference="../.."/>
            </events>
            <amount>0.0</amount>
            <scalingFactor>1.0</scalingFactor>
          </org.simbrain.world.odorworld.effectors.StraightMovement>
          <org.simbrain.world.odorworld.effectors.Turning>
            <parent reference="../../.."/>
            <id>Effector_2</id>
            <label></label>
            <events>
              <changeSupport serialization="custom">
                <java.beans.PropertyChangeSupport>
                  <default>
                    <source class="org.simbrain.world.odorworld.effectors.Turning" reference="../../../../.."/>
                    <propertyChangeSupportSerializedDataVersion>2</propertyChangeSupportSerializedDataVersion>
                  </default>
                  <null/>
                </java.beans.PropertyChangeSupport>
              </changeSupport>
              <attribute class="org.simbrain.world.odorworld.effectors.Turning" reference="../.."/>
            </events>
            <direction>1.0</direction>
            <amount>0.0</amount>
          </org.simbrain.world.odorworld.effectors.Turning>
          <org.simbrain.world.odorworld.effectors.Turning>
            <parent reference="../../.."/>
            <id>Effector_3</id>
            <label></label>
            <events>
              <changeSupport serialization="custom">
                <java.beans.PropertyChangeSupport>
                  <default>
                    <source class="org.simbrain.world.odorworld.effectors.Turning" reference="../../../../.."/>
                    <propertyChangeSupportSerializedDataVersion>2</propertyChangeSupportSerializedDataVersion>
                  </default>
                  <null/>
                </java.beans.PropertyChangeSupport>
              </changeSupport>
              <attribute class="org.simbrain.world.odorworld.effectors.Turning" reference="../.."/>
            </events>
            <direction>-1.0</direction>
            <amount>0.0</amount>
          </org.simbrain.world.odorworld.effectors.Turning>
        </effectors>
        <smellSource>
          <stimulusVector>
            <double>0.514198011065101</double>
            <double>0.37947773927728856</double>
            <double>0.5251324344032066</double>
            <double>0.46421078611644473</double>
            <double>0.49376991527953307</double>
            <double>0.0748535588532463</double>
            <double>0.3792917764482785</double>
            <double>0.550467421516605</double>
            <double>0.9235981710686748</double>
            <double>0.4884622954930339</double>
          </stimulusVector>
          <returnVector reference="../stimulusVector"/>
          <decayFunction class="org.simbrain.util.math.DecayFunctions.LinearDecayFunction">
            <dispersion>70.0</dispersion>
            <peakDistance>0.0</peakDistance>
            <randomizer class="org.simbrain.util.math.ProbDistributions.UniformDistribution">
              <floor>0.0</floor>
              <ceil>1.0</ceil>
              <polarity>BOTH</polarity>
            </randomizer>
            <addNoise>false</addNoise>
          </decayFunction>
        </smellSource>
        <sensorsEnabled>true</sensorsEnabled>
        <effectorsEnabled>true</effectorsEnabled>
        <showSensors>true</showSensors>
        <currentlyHeardPhrases/>
        <updateHeadingBasedOnVelocity>false</updateHeadingBasedOnVelocity>
        <edible>false</edible>
        <energyLevel>-45647.35635437084</energyLevel>
        <calories>0.0</calories>
        <tileCollision>
          <x>4</x>
          <y>8</y>
          <eightNeighborCollisionBounds/>
          <outer-class reference="../.."/>
        </tileCollision>
      </org.simbrain.world.odorworld.entities.OdorWorldEntity>
      <org.simbrain.world.odorworld.entities.OdorWorldEntity>
        <entityType>SWISS</entityType>
        <name>Entity_2</name>
        <id>Entity_2</id>
        <x>289.5</x>
        <y>90.5</y>
        <collisionBound>
          <collisionRadius>24.0</collisionRadius>
          <location>
            <x>289.5</x>
            <y>90.5</y>
          </location>
          <centerLocation>
            <x>305.5</x>
            <y>106.5</y>
          </centerLocation>
          <collisionBounds>
            <entry>
              <string>left</string>
              <java.awt.geom.Line2D_-Double>
                <x1>289.5</x1>
                <y1>90.5</y1>
                <x2>289.5</x2>
                <y2>122.5</y2>
              </java.awt.geom.Line2D_-Double>
            </entry>
            <entry>
              <string>up</string>
              <java.awt.geom.Line2D_-Double>
                <x1>289.5</x1>
                <y1>90.5</y1>
                <x2>321.5</x2>
                <y2>90.5</y2>
              </java.awt.geom.Line2D_-Double>
            </entry>
            <entry>
              <string>right</string>
              <java.awt.geom.Line2D_-Double>
                <x1>321.5</x1>
                <y1>90.5</y1>
                <x2>321.5</x2>
                <y2>122.5</y2>
              </java.awt.geom.Line2D_-Double>
            </entry>
            <entry>
              <string>down</string>
              <java.awt.geom.Line2D_-Double>
                <x1>289.5</x1>
                <y1>122.5</y1>
                <x2>321.5</x2>
                <y2>122.5</y2>
              </java.awt.geom.Line2D_-Double>
            </entry>
          </collisionBounds>
          <velocity>
            <x>0.0</x>
            <y>0.0</y>
          </velocity>
          <shape>
            <x>289.5</x>
            <y>90.5</y>
            <width>32.0</width>
            <height>32.0</height>
          </shape>
        </collisionBound>
        <dx>0.0</dx>
        <dy>0.0</dy>
        <manualStraightMovementIncrement>1.0</manualStraightMovementIncrement>
        <manualMovementVelocity>
          <x>0.0</x>
          <y>0.0</y>
        </manualMovementVelocity>
        <manualMode>false</manualMode>
        <heading>0.0</heading>
        <dtheta>0.0</dtheta>
        <manualMotionTurnIncrement>1.0</manualMotionTurnIncrement>
        <parentWorld reference="../../../.."/>
        <sensors/>
        <effectors/>
        <smellSource>
          <stimulusVector>
            <double>0.288784322570634</double>
            <double>0.26929911772513493</double>
            <double>0.2878711651486219</double>
            <double>0.6455346555845145</double>
            <double>0.6618955119714398</double>
            <double>0.03703465205670775</double>
            <double>0.33654074599747674</double>
            <double>0.864963400293835</double>
            <double>0.6741015074836607</double>
            <double>0.972246524022338</double>
          </stimulusVector>
          <returnVector reference="../stimulusVector"/>
          <decayFunction class="org.simbrain.util.math.DecayFunctions.LinearDecayFunction">
            <dispersion>70.0</dispersion>
            <peakDistance>0.0</peakDistance>
            <randomizer class="org.simbrain.util.math.ProbDistributions.UniformDistribution">
              <floor>0.0</floor>
              <ceil>1.0</ceil>
              <polarity>BOTH</polarity>
            </randomizer>
            <addNoise>false</addNoise>
          </decayFunction>
        </smellSource>
        <sensorsEnabled>false</sensorsEnabled>
        <effectorsEnabled>false</effectorsEnabled>
        <showSensors>true</showSensors>
        <currentlyHeardPhrases/>
        <updateHeadingBasedOnVelocity>false</updateHeadingBasedOnVelocity>
        <edible>false</edible>
        <energyLevel>0.0</energyLevel>
        <calories>0.0</calories>
        <tileCollision>
          <x>0</x>
          <y>0</y>
          <outer-class reference="../.."/>
        </tileCollision>
      </org.simbrain.world.odorworld.entities.OdorWorldEntity>
    </java.util.concurrent.CopyOnWriteArrayList>
  </entityList>
  <tileMap version="1.0" tiledversion="1.1.6" width="14" height="14" tilewidth="32" tileheight="32">
    <tileset firstgid="1" name="RoguelikeTileSet" tilewidth="32" tileheight="32" spacing="2" margin="0" tilecount="1767" columns="57" offsetX="0" offsetY="0">
      <image source="tileset_kenney.png" width="1936" height="1052"/>
      <tile id="5">
        <properties>
          <property name="type" value="Grass"/>
        </properties>
      </tile>
      <tile id="62">
        <properties>
          <property name="type" value="Grass"/>
        </properties>
      </tile>
      <tile id="293">
        <properties>
          <property name="smell" value="1, 0.45, 0.22, 0.45, 0.02"/>
        </properties>
      </tile>
      <tile id="406">
        <properties>
          <property name="label" value="DirtRoadTurnDownRight"/>
          <property name="type" value="DirtRoad"/>
        </properties>
      </tile>
    </tileset>
    <layer name="Tile Layer 1" width="14" height="14">
      <data encoding="csv">
0,0,0,0,0,0,0,0,0,0,0,0,0,0,
0,0,0,0,0,0,0,0,0,0,0,0,0,0,
0,0,0,0,0,0,0,0,0,0,0,0,0,0,
0,0,0,0,0,0,0,0,0,0,0,0,0,0,
0,0,0,0,0,0,0,0,0,0,0,0,0,0,
0,0,0,0,0,0,0,0,0,0,0,0,0,0,
0,0,0,0,0,0,0,0,0,0,0,0,0,0,
0,0,0,0,0,0,0,0,0,0,0,0,0,0,
0,0,0,0,0,0,0,0,0,0,0,0,0,0,
0,0,0,0,0,0,0,0,0,0,0,0,0,0,
0,0,0,0,0,0,0,0,0,0,0,0,0,0,
0,0,0,0,0,0,0,0,0,0,0,0,0,0,
0,0,0,0,0,0,0,0,0,0,0,0,0,0,
0,0,0,0,0,0,0,0,0,0,0,0,0,0
</data>
    </layer>
    <guiEnabled>true</guiEnabled>
  </tileMap>
  <wrapAround>true</wrapAround>
  <objectsBlockMovement>false</objectsBlockMovement>
  <entityIDGenerator>
    <rootName>Entity</rootName>
    <index>
      <value>0</value>
    </index>
  </entityIDGenerator>
  <sensorIDGenerator>
    <rootName>Sensor</rootName>
    <index>
      <value>0</value>
    </index>
  </sensorIDGenerator>
  <effectorIDGenerator>
    <rootName>Effector</rootName>
    <index>
      <value>0</value>
    </index>
  </effectorIDGenerator>
  <agentIdGenerator>
    <rootName>Agent</rootName>
    <index>
      <value>0</value>
    </index>
  </agentIdGenerator>
  <lastClickedPosition class="java.awt.geom.Point2D$Double">
    <x>270.0</x>
    <y>108.0</y>
  </lastClickedPosition>
  <worldBoundary>
    <collisionRadius>336.0</collisionRadius>
    <location>
      <x>0.0</x>
      <y>0.0</y>
    </location>
    <centerLocation>
      <x>224.0</x>
      <y>224.0</y>
    </centerLocation>
    <collisionBounds>
      <entry>
        <string>left</string>
        <java.awt.geom.Line2D_-Double>
          <x1>0.0</x1>
          <y1>0.0</y1>
          <x2>0.0</x2>
          <y2>448.0</y2>
        </java.awt.geom.Line2D_-Double>
      </entry>
      <entry>
        <string>up</string>
        <java.awt.geom.Line2D_-Double>
          <x1>0.0</x1>
          <y1>0.0</y1>
          <x2>448.0</x2>
          <y2>0.0</y2>
        </java.awt.geom.Line2D_-Double>
      </entry>
      <entry>
        <string>right</string>
        <java.awt.geom.Line2D_-Double>
          <x1>448.0</x1>
          <y1>0.0</y1>
          <x2>448.0</x2>
          <y2>448.0</y2>
        </java.awt.geom.Line2D_-Double>
      </entry>
      <entry>
        <string>down</string>
        <java.awt.geom.Line2D_-Double>
          <x1>0.0</x1>
          <y1>448.0</y1>
          <x2>448.0</x2>
          <y2>448.0</y2>
        </java.awt.geom.Line2D_-Double>
      </entry>
    </collisionBounds>
    <velocity>
      <x>0.0</x>
      <y>0.0</y>
    </velocity>
    <shape>
      <x>0.0</x>
      <y>0.0</y>
      <width>448.0</width>
      <height>448.0</height>
    </shape>
  </worldBoundary>
</org.simbrain.world.odorworld.OdorWorld>