<ArchivedWorkspace>
  <archivedComponents>
    <ArchivedWorkspaceComponent>
      <className>org.simbrain.network.NetworkComponent</className>
      <name>Network1</name>
      <uri>components/0_Network1.xml</uri>
      <id>0</id>
      <format>xml</format>
      <desktopComponent>
        <className>org.simbrain.network.desktop.NetworkDesktopComponent</className>
        <uri>guis/0_Network1.xml</uri>
        <format>xml</format>
      </desktopComponent>
    </ArchivedWorkspaceComponent>
    <ArchivedWorkspaceComponent>
      <className>org.simbrain.world.imageworld.ImageWorldComponent</className>
      <name>ImageWorld1</name>
      <uri>components/1_ImageWorld1.xml</uri>
      <id>1</id>
      <format>xml</format>
      <desktopComponent>
        <className>org.simbrain.world.imageworld.ImageDesktopComponent</className>
        <uri>guis/1_ImageWorld1.xml</uri>
        <format>xml</format>
      </desktopComponent>
    </ArchivedWorkspaceComponent>
  </archivedComponents>
  <archivedCouplings>
    <org.simbrain.workspace.serialization.ArchivedCoupling>
      <producer>
        <componentId>Network1</componentId>
        <id>Group_1</id>
        <methodName>getExternalActivations</methodName>
      </producer>
      <consumer>
        <componentId>ImageWorld1</componentId>
        <id>EmitterMatrix</id>
        <methodName>setBrightness</methodName>
      </consumer>
    </org.simbrain.workspace.serialization.ArchivedCoupling>
  </archivedCouplings>
  <archivedActions>
    <ArchivedUpdateAction>
      <updateAction class="org.simbrain.workspace.updater.UpdateAllAction"/>
    </ArchivedUpdateAction>
    <ArchivedUpdateAction>
      <updateAction class="org.simbrain.workspace.updater.SynchronizedTaskUpdateAction"/>
    </ArchivedUpdateAction>
  </archivedActions>
  <workspaceParameters>
    <savedTime>1</savedTime>
    <updateDelay>0</updateDelay>
  </workspaceParameters>
</ArchivedWorkspace>